timestamp,system_id,subsystem,voltage_v,current_a,temperature_c,capacity_ah,state_of_charge,operating_state,hi_soh,hi_internal_resistance_ohm,hi_solar_health_factor,meta_is_sunlight,meta_orbit_fraction,meta_solar_power_w,meta_load_power_w,meta_operating_mode,meta_fault_active,meta_dataset,power_w,dv_dt,di_dt,dt_dt,est_r_int,voltage_v_rolling_mean,voltage_v_rolling_std,current_a_rolling_mean,current_a_rolling_std,temperature_c_rolling_mean,temperature_c_rolling_std,power_w_rolling_mean,power_w_rolling_std,dq_dv
0.0,ASTRA-SC-01,EPS,32.44846306525166,2.9193462934141996,19.926584071692073,40.0,0.9497970793266496,NOMINAL,1.0,0.045,1.0,False,0.0,0.0,95.0,STANDBY,False,ASTRA_SIMULATED_EPS,94.72830037652999,0.015617045605400648,-0.00017748981264968932,-0.014958065576355395,3.7172660802458353,32.44846306525166,0.0,2.9193462934141996,0.0,19.926584071692073,0.0,94.72830037652999,0.0,-1.0394830324195667e-05
10.0,ASTRA-SC-01,EPS,32.604633521305665,2.9175713952877027,19.77700341592852,39.99999837663461,0.9495941513090947,NOMINAL,0.9999999594158652,0.0450000021915432,1.0,False,0.0017421602787456,0.0,95.0,STANDBY,False,ASTRA_SIMULATED_EPS,95.12634611559997,0.015617045605400648,-0.00017748981264968932,-0.014958065576355395,3.7172660802458353,32.526548293278665,0.11042918849678118,2.918458844350951,0.0012550425011612519,19.851793743810298,0.10576949602474088,94.92732324606499,0.28146084131879273,-1.0394830324195667e-05
20.0,ASTRA-SC-01,EPS,32.60537601169986,2.937319414331878,19.660064541318164,39.99999675321054,0.9493912159462932,NOMINAL,0.9999999188302636,0.0450000043831657,1.0,False,0.0034843205574912,0.0,95.0,STANDBY,False,ASTRA_SIMULATED_EPS,95.7724039707569,7.424903941952721e-05,0.0019748019044175447,-0.011693887461035501,3.7172660802458353,32.552824199419064,0.09038015582264661,2.92474570101126,0.01092525815904018,19.787884009646252,0.13359249794588118,95.20901682096229,0.5269382440222098,-0.0021864580089447166
30.0,ASTRA-SC-01,EPS,32.43068361911366,2.913286166046239,19.55539812088122,39.99999512972777,0.9491882732372008,NOMINAL,0.9999998782431944,0.0450000065748675,1.0,False,0.0052264808362369,0.0,95.0,STANDBY,False,ASTRA_SIMULATED_EPS,94.47986194298619,-0.017469239258620206,-0.0024033248285639354,-0.010466642043694208,3.7172660802458353,32.52228905434271,0.09578776218121998,2.921880817270005,0.010602094728468514,19.729762537454995,0.15940637520813505,95.02672810146827,0.5639379259823064,9.293379882510139e-06
40.0,ASTRA-SC-01,EPS,32.37612378424525,2.8849563174059374,19.3879013069254,39.99999350618629,0.948985323180773,NOMINAL,0.9999998376546572,0.0450000087666485,1.0,False,0.0069686411149825,0.0,95.0,STANDBY,False,ASTRA_SIMULATED_EPS,93.40370284447496,-0.005455983486840665,-0.0028329848640301415,-0.016749681395582174,3.7172660802458353,32.49305600032322,0.10561405576104584,2.914495917297191,0.018894100865504724,19.661390291349075,0.20598935538175095,94.7021230500696,0.8748495214827247,2.975708198073296e-05
50.0,ASTRA-SC-01,EPS,32.241023950294036,2.902721450106047,19.38563467883089,39.9999918825861,0.948782365775964,NOMINAL,0.9999997970646526,0.0450000109585087,1.0,False,0.0087108013937282,0.0,95.0,STANDBY,False,ASTRA_SIMULATED_EPS,93.5867117939013,-0.013509983395121595,0.001776513270010982,-0.00022666280945102813,3.7172660802458353,32.45105065865169,0.13967875784488518,2.9125335060986672,0.017569746278340147,19.615431022596045,0.21591391323940065,94.51622117404156,0.9053432460980376,1.2017780804726683e-05
60.0,ASTRA-SC-01,EPS,32.18077940161359,2.8949915888708655,19.339287964937075,39.9999902589272,0.9485794010217272,NOMINAL,0.99999975647318,0.0450000131504482,1.0,False,0.0104529616724738,0.0,95.0,STANDBY,False,ASTRA_SIMULATED_EPS,93.16308569098015,-0.006024454868044415,-0.0007729861235181712,-0.004634671389381495,3.7172660802458353,32.41244047907482,0.16338202041926958,2.9100275179232673,0.017355301516186927,19.57598201435905,0.2230304568845641,94.32291610503277,0.9719087451903642,2.695113398457566e-05
70.0,ASTRA-SC-01,EPS,32.2872660990937,2.9241219747791467,19.09115484320473,39.99998863520956,0.9483764289170156,NOMINAL,0.999999715880239,0.045000015342467,1.0,False,0.0121951219512195,0.0,95.0,STANDBY,False,ASTRA_SIMULATED_EPS,94.41190430590166,0.010648669748010774,0.002913038590828121,-0.024813312173234438,3.7172660802458353,32.39679368157718,0.15760355090538145,2.9117893250302522,0.016822862607225233,19.51537861796476,0.2683629527450082,94.33403963014139,0.9003625215332667,-1.524807957437874e-05
80.0,ASTRA-SC-01,EPS,32.23246113504576,2.925078913598872,19.00152836231952,39.999987011433184,0.9481734494607804,NOMINAL,0.9999996752858296,0.0450000175345652,1.0,False,0.0139372822299651,0.0,95.0,STANDBY,False,ASTRA_SIMULATED_EPS,94.28249239951752,-0.005480496404793911,9.569388197254725e-05,-0.008962648088521163,3.7172660802458353,32.378534509740355,0.15727236106906112,2.913265945982321,0.016347975499696594,19.458284145115286,0.30389858435816747,94.32831216007207,0.8423872753250603,2.962827191962194e-05
90.0,ASTRA-SC-01,EPS,32.37820898739842,2.9112274241566425,18.941474055308053,39.99998538759806,0.9479704626519728,NOMINAL,0.9999996346899516,0.0450000197267426,1.0,False,0.0156794425087108,0.0,95.0,STANDBY,False,ASTRA_SIMULATED_EPS,94.26032994918937,0.014574785235266318,-0.0013851489442229692,-0.006005430701146608,3.7172660802458353,32.37850195750616,0.14827783973871206,2.913062093799753,0.015426493940331755,19.406603136134564,0.3298515151857632,94.3215139389838,0.794501240886625,-1.1141400019409379e-05
100.0,ASTRA-SC-01,EPS,32.21766407464118,2.9594482518389507,18.852655715535633,39.99998376370418,0.9477674684895426,NOMINAL,0.9999995940926044,0.0450000219189993,1.0,False,0.0174216027874564,0.0,95.0,STANDBY,False,ASTRA_SIMULATED_EPS,95.3465096240314,-0.01605449127572456,0.004822082768230818,-0.008881833977241982,3.7172660802458353,32.36388033179116,0.14879313595010263,2.917279017257862,0.020243169754982086,19.356244279716478,0.3547083005519036,94.41469536489721,0.8146284791739021,1.0114888425428284e-05
110.0,ASTRA-SC-01,EPS,32.14164124187974,2.9393556665364917,18.689847965567857,39.999982139751545,0.9475644669724388,NOMINAL,0.9999995534937886,0.0450000241113354,1.0,False,0.019163763066202,0.0,95.0,STANDBY,False,ASTRA_SIMULATED_EPS,94.47571531610221,-0.0076022832761438505,-0.0020092585302458944,-0.016280774996777582,3.7172660802458353,32.34536040763188,0.15570027589539542,2.919118738031081,0.0203260307585682,19.30071125353743,0.38908480360454123,94.41978036083096,0.7769174952717807,2.1361380201188764e-05
120.0,ASTRA-SC-01,EPS,32.34412611115273,2.8848842176539296,18.582325130760022,39.99998051574013,0.947361458099609,NOMINAL,0.9999995128935032,0.0450000263037508,1.0,False,0.0209059233449477,0.0,95.0,STANDBY,False,ASTRA_SIMULATED_EPS,93.30905895187288,0.020248486927299324,-0.005447144888256217,-0.010752283480783475,3.7172660802458353,32.345265461748866,0.14907205789744607,2.916485313386685,0.02165346613166931,19.24545078255455,0.4224568118224968,94.33434025244956,0.8051092384374555,-8.02040875261395e-06
130.0,ASTRA-SC-01,EPS,32.340215239456185,2.937918781294041,18.555429164608537,39.99997889166994,0.947158441870001,NOMINAL,0.9999994722917483,0.0450000284962455,1.0,False,0.0226480836236933,0.0,95.0,STANDBY,False,ASTRA_SIMULATED_EPS,95.01292574309008,-0.00039108716965472465,0.0053034563640111275,-0.0026895966151485595,0.0737419416342546,32.3449047315851,0.14323016021211477,2.9180162753800674,0.021578213492686252,19.196163524129837,0.4458145228070003,94.38281064463818,0.7945002102459441,0.00041527063856697423
140.0,ASTRA-SC-01,EPS,32.28790544734334,2.917631038702761,18.37134062414374,39.99997726754096,0.9469554182825608,NOMINAL,0.999999431688524,0.0450000306888197,1.0,False,0.024390243902439,0.0,95.0,STANDBY,False,ASTRA_SIMULATED_EPS,94.20419510786888,-0.005230979211284392,-0.0020287742591279744,-0.018408854046479562,0.11210600784681417,32.34110477930232,0.13880246708667007,2.9179905929349137,0.020793524715718964,19.141175330797427,0.47948893544103477,94.37090294218689,0.7669873440174598,3.104827818051787e-05
150.0,ASTRA-SC-01,EPS,32.18860331575239,2.9146069344560823,18.396806354393437,39.99997564335318,0.946752387336234,NOMINAL,0.9999993910838296,0.0450000328814732,1.0,False,0.0261324041811846,0.0,95.0,STANDBY,False,ASTRA_SIMULATED_EPS,93.81712643454796,-0.009930213159095303,-0.00030241042466787603,0.0025465730249695897,0.15047007405937374,32.32378079600237,0.14065023412531366,2.9176746356710392,0.020807456025370062,19.039190149644188,0.4629053107495097,94.31015801272143,0.7727206342279344,1.63560213217963e-05
160.0,ASTRA-SC-01,EPS,32.3587604122203,2.889161069732185,18.259113627973935,39.9999740191066,0.9465493490299648,NOMINAL,0.999999350477665,0.045000035074206,1.0,False,0.0278745644599303,0.0,95.0,STANDBY,False,ASTRA_SIMULATED_EPS,93.48967084777787,0.017015709646791066,-0.0025445864723897317,-0.013769272641950181,0.1888341402719333,32.30738925539667,0.11810102159414147,2.9157806139673377,0.02207213203862861,18.93799749711388,0.4559519275996431,94.20104632819996,0.7647509525951489,-9.545570609328919e-06
170.0,ASTRA-SC-01,EPS,32.23952927760966,2.910574869939278,18.17272641437249,39.999972394801205,0.9463463033626968,NOMINAL,0.9999993098700302,0.0450000372670183,1.0,False,0.0296167247386759,0.0,95.0,STANDBY,False,ASTRA_SIMULATED_EPS,93.83556373408229,-0.01192311346106365,0.0021413800207092937,-0.00863872136014443,0.22719820648449288,32.282999473124,0.08542158713682797,2.9139976443411646,0.02127372846234373,18.83884162198417,0.4493861642053538,94.07192364575498,0.632576305498097,1.3623164813828727e-05
180.0,ASTRA-SC-01,EPS,32.46675801341558,2.942233022209733,17.999687361319662,39.99997077043699,0.9461432503333728,NOMINAL,0.9999992692609248,0.04500003945991,1.0,False,0.0313588850174216,0.0,95.0,STANDBY,False,ASTRA_SIMULATED_EPS,95.52476755116379,0.022722873580591597,0.0031658152270455098,-0.017303905305282898,0.26556227269705246,32.28540443274412,0.09024795303473102,2.9159274347520645,0.022483121151877786,18.735127571346734,0.45171487029938406,94.14158401963348,0.7306402376237735,-7.148586250356964e-06
190.0,ASTRA-SC-01,EPS,32.24889360116831,2.930566895784144,17.990202221363244,39.99996914601394,0.9459401899409344,NOMINAL,0.9999992286503484,0.0450000416528811,1.0,False,0.0331010452961672,0.0,95.0,STANDBY,False,ASTRA_SIMULATED_EPS,94.50754001324897,-0.021786441224726616,-0.0011666126425589063,-0.0009485139956417754,0.303926338909612,32.276922420538995,0.08703430132395214,2.918968139977278,0.02103277323583847,18.641947632309257,0.4516012185463394,94.21517316421841,0.706192857272997,7.456119302142109e-06
200.0,ASTRA-SC-01,EPS,32.220071210991016,2.9205305308756273,17.78615477367609,39.99996752153206,0.9457371221843228,NOMINAL,0.9999991880383012,0.0450000438459317,1.0,False,0.0348432055749128,0.0,95.0,STANDBY,False,ASTRA_SIMULATED_EPS,94.0997016786861,-0.0028822390177296597,-0.001003636490851667,-0.020404744768715587,0.34229040512217157,32.27552557125213,0.08781623122808627,2.9201554120285835,0.020547206291772195,18.535315638632266,0.4522930869379534,94.24937248987074,0.6857083399746813,5.636180317983526e-05
210.0,ASTRA-SC-01,EPS,32.10294488148041,2.940222152572626,17.809598748551274,39.99996589699132,0.9455340470624776,NOMINAL,0.999999147424783,0.0450000460390617,1.0,False,0.0365853658536585,0.0,95.0,STANDBY,False,ASTRA_SIMULATED_EPS,94.3897897033467,-0.011712632951060443,0.0019691621696998674,0.002344397487518535,0.3806544713347312,32.270336603243244,0.09575528464544247,2.923170782942034,0.019899204513025175,18.433336357539883,0.42997204289425073,94.33115275736185,0.6165642584565079,1.3869987588511665e-05
220.0,ASTRA-SC-01,EPS,32.28316715696053,2.9440764655249714,17.66045135935703,39.99996427239173,0.9453309645743376,NOMINAL,0.9999991068097932,0.0450000482322711,1.0,False,0.0383275261324041,0.0,95.0,STANDBY,False,ASTRA_SIMULATED_EPS,95.0441126594162,0.018022227548011926,0.00038543129523453955,-0.014914738919424408,0.4190185375472907,32.27006334043437,0.09570935866910407,2.9245010823250888,0.02062123405468959,18.33795612528337,0.43230516975390315,94.37329998092947,0.6434985830716563,-9.014421699686215e-06
230.0,ASTRA-SC-01,EPS,32.18933845392361,2.9315826575782222,17.620120770110923,39.99996264773328,0.9451278747188416,NOMINAL,0.999999066193332,0.04500005042556,1.0,False,0.0400696864111498,0.0,95.0,STANDBY,False,ASTRA_SIMULATED_EPS,94.36570637043825,-0.009382870303691958,-0.0012493807946749147,-0.0040330589246107,0.4573826037598503,32.267188495026225,0.09754945600133648,2.9249346652570463,0.020702465384306347,18.245862285802794,0.4279660359904761,94.37884757899086,0.6430183277896659,1.7315154101360388e-05
240.0,ASTRA-SC-01,EPS,32.2864484652617,2.9553001549310443,17.31334668558253,39.99996102301595,0.9449247774949264,NOMINAL,0.9999990255753988,0.0450000526189284,1.0,False,0.0418118466898954,0.0,95.0,STANDBY,False,ASTRA_SIMULATED_EPS,95.41614615156108,0.00971100113380885,0.0023717497352822026,-0.030677408452839217,0.4957466699724099,32.26107112688378,0.09285419175023274,2.9278728473086724,0.021720579148861403,18.137320461154427,0.4450648978976954,94.45590199248231,0.6949561722425723,-1.673068827198131e-05
250.0,ASTRA-SC-01,EPS,32.42367750692064,2.926411345752141,17.330763276812412,39.99995939823974,0.9447216729015284,NOMINAL,0.9999989849559936,0.0450000548123763,1.0,False,0.0435540069686411,0.0,95.0,STANDBY,False,ASTRA_SIMULATED_EPS,94.88501772726106,0.013722904165894079,-0.002888880917890324,0.0017416591229881817,0.5341107361849694,32.27480535570241,0.10086548325932063,2.925670386902885,0.019887787275163892,18.035860965239543,0.44381287985504353,94.42513586603097,0.662153261345221,-1.183988600970299e-05
260.0,ASTRA-SC-01,EPS,32.304549189135294,2.8858050494520087,17.23637358598555,39.999957773404645,0.944518560937583,NOMINAL,0.999998944335116,0.0450000570059037,1.0,False,0.0452961672473867,0.0,95.0,STANDBY,False,ASTRA_SIMULATED_EPS,93.22463117027742,-0.011912831778534638,-0.004060629630013235,-0.0094389690826862,0.572474802397529,32.28566588551944,0.09404276678436237,2.9221003457639196,0.02195468954662883,17.93896267326739,0.449461590662681,94.3417302563093,0.7305850389977451,1.3639369071482181e-05
270.0,ASTRA-SC-01,EPS,32.34615539151602,2.9539182696788067,17.123350198110735,39.99995614851065,0.9443154416020246,NOMINAL,0.9999989037127662,0.0450000591995106,1.0,False,0.0470383275261324,0.0,95.0,STANDBY,False,ASTRA_SIMULATED_EPS,95.54789936486881,0.004160620238072709,0.0068113220226798,-0.011302338787481502,0.6108388686100886,32.285801170877,0.09413428690861454,2.9267026158989116,0.020801346519030303,17.84169767775744,0.4580721534229348,94.49098628384237,0.7332333704711789,-3.905412905179337e-05
280.0,ASTRA-SC-01,EPS,32.15675824337269,2.9151742377796612,17.097202523039638,39.99995452355775,0.944112314893787,NOMINAL,0.9999988630889436,0.045000061393197,1.0,False,0.048780487804878,0.0,95.0,STANDBY,False,ASTRA_SIMULATED_EPS,93.74255320158883,-0.01893971481433283,-0.0038744031899145435,-0.002614767507109761,0.8165789676833597,32.27357070447143,0.09838158845506428,2.925186312997953,0.020754272807311746,17.744482568319516,0.4504537478961429,94.40629478107562,0.7419558120214466,8.579605960566222e-06
290.0,ASTRA-SC-01,EPS,32.33913223366212,2.914730454839506,16.97952588561185,39.99995289854593,0.9439091808118026,NOMINAL,0.999998822463648,0.045000063586963,1.0,False,0.0505226480836236,0.0,95.0,STANDBY,False,ASTRA_SIMULATED_EPS,94.25985360453693,0.018237399028942745,-4.437829401551241e-05,-0.011767663742778822,1.0223190667566306,32.27698582355935,0.09979371614128765,2.9249929407404025,0.02084301812589357,17.651694919084054,0.4554263773353578,94.41000534752015,0.7410114802281762,-8.910326613732031e-06
300.0,ASTRA-SC-01,EPS,32.30052154393138,2.9442442029110145,16.821450572565563,39.99995127347518,0.9437060393550034,NOMINAL,0.9999987818368796,0.0450000657808085,1.0,False,0.0522648083623693,0.0,95.0,STANDBY,False,ASTRA_SIMULATED_EPS,95.1006233067223,-0.0038610689730738555,0.0029513748071508415,-0.015807531304628596,1.2280591658299018,32.28444703877128,0.09685424151735562,2.9269687586373982,0.021189997282311256,17.546671200295528,0.45296243093139216,94.49557180566511,0.7417640976729927,4.208862250248085e-05
310.0,ASTRA-SC-01,EPS,32.230753936538804,2.9176437201171153,16.686328053110888,39.999949648345506,0.9435028905223202,NOMINAL,0.9999987412086376,0.0450000679747335,1.0,False,0.0540069686411149,0.0,95.0,STANDBY,False,ASTRA_SIMULATED_EPS,94.03785681758244,-0.00697676073925777,-0.002660048279389926,-0.013512251945467568,1.4337992649031728,32.275913273725855,0.09546821159978068,2.9288676019963935,0.018688565448007493,17.441818828637995,0.4582696737427495,94.53211753698541,0.7010516634937969,2.329347010436342e-05
320.0,ASTRA-SC-01,EPS,32.33023952120411,2.9305694087575107,16.662969163157324,39.9999480231569,0.9432997343126828,NOMINAL,0.9999987005789224,0.0450000701687381,1.0,False,0.0557491289198606,0.0,95.0,STANDBY,False,ASTRA_SIMULATED_EPS,94.74601091864385,0.009948558466530954,0.001292568864039545,-0.0023358889953563277,1.6395393639764437,32.281960623298815,0.09587100761054962,2.9302005712509422,0.017990661652443115,17.341168345223647,0.45202547491216993,94.5928140159562,0.6753798047030749,-1.6335920575166276e-05
330.0,ASTRA-SC-01,EPS,32.243378889871344,2.8977711865314646,16.54514929824198,39.999946397909326,0.9430965707250204,NOMINAL,0.9999986599477332,0.0450000723628224,1.0,False,0.0574912891986062,0.0,95.0,STANDBY,False,ASTRA_SIMULATED_EPS,93.43393430348607,-0.008686063133276889,-0.0032798222226046113,-0.011781986491534368,1.8452794630497147,32.2670686817292,0.08136752041916165,2.927236448872391,0.019468636845633734,17.244199141018466,0.45665961453869297,94.45342513277767,0.6849898963432665,1.871098039889047e-05
340.0,ASTRA-SC-01,EPS,32.22473165232878,2.9099105514904147,16.461843014225586,39.99994477260281,0.942893399758261,NOMINAL,0.9999986193150702,0.0450000745569862,1.0,False,0.0592334494773519,0.0,95.0,STANDBY,False,ASTRA_SIMULATED_EPS,93.77108665405865,-0.0018647237542566586,0.0012139364958950072,-0.008330628401639473,2.0510195621229856,32.265457885139895,0.08198980678307054,2.9258593592528093,0.01994105365989199,17.142308527209295,0.448757578942693,94.404328242165,0.7068772384088639,8.716071285185888e-05
350.0,ASTRA-SC-01,EPS,32.34406253543736,2.962787641222392,16.38261887243307,39.99994314723732,0.942690221411332,NOMINAL,0.9999985786809328,0.0450000767512296,1.0,False,0.0609756097560975,0.0,95.0,STANDBY,False,ASTRA_SIMULATED_EPS,95.828588746918,0.011933088310858153,0.005287708973197747,-0.007922414179251547,2.2567596611962566,32.27372397343632,0.08332655872734326,2.928676499942593,0.022011841078472035,17.048739467126424,0.4512387673815171,94.5195873800471,0.7897516170005702,-1.362066088538174e-05
360.0,ASTRA-SC-01,EPS,32.31922352346553,2.924408883174773,16.182190341669415,39.99994152181285,0.9424870356831594,NOMINAL,0.9999985380453212,0.0450000789455526,1.0,False,0.0627177700348432,0.0,95.0,STANDBY,False,ASTRA_SIMULATED_EPS,94.51462436933369,-0.002483901197182803,-0.0038378758047619144,-0.020042853076365573,2.2689040631046513,32.28814254956866,0.06917508644689394,2.927622281982736,0.02179701141525573,16.940245573334302,0.4508774475935946,94.5279096911129,0.7889434577534062,6.543837044990811e-05
370.0,ASTRA-SC-01,EPS,32.27218723973496,2.9271587064228073,16.30578546546842,39.9999398963294,0.9422838425726688,NOMINAL,0.999998497408235,0.0450000811399553,1.0,False,0.0644599303135888,0.0,95.0,STANDBY,False,ASTRA_SIMULATED_EPS,94.46581385409722,-0.004703628373057001,0.00027498232480343,0.01235951237990065,2.2810484650130456,32.28741055508696,0.06928949432353627,2.9264944313759256,0.021317212921392836,16.849934513741726,0.4315725862190163,94.48935643742497,0.7759390624723784,3.4558075601500805e-05
380.0,ASTRA-SC-01,EPS,32.24423288572781,2.9320020951703167,16.085637068882757,39.99993827078696,0.9420806420787844,NOMINAL,0.999998456769674,0.0450000833344376,1.0,False,0.0662020905923344,0.0,95.0,STANDBY,False,ASTRA_SIMULATED_EPS,94.54015837811357,-0.0027954354007150074,0.0004843388747509447,-0.022014839658566387,2.29319286692144,32.291070183873906,0.06506027819995613,2.926522393882065,0.02132463786388886,16.747635600326515,0.41760851967651663,94.50098657127,0.7752604446848039,5.814988384338366e-05
390.0,ASTRA-SC-01,EPS,32.08549549033338,2.948623504342437,16.029972754604618,39.999936645185514,0.94187743420043,NOMINAL,0.999998416129638,0.0450000855289995,1.0,False,0.0679442508710801,0.0,95.0,STANDBY,False,ASTRA_SIMULATED_EPS,94.60804615127027,-0.01587373953944322,0.0016621409172120406,-0.005566431427813967,2.3053372688298346,32.27767331887868,0.0840098683226423,2.9260772838428246,0.02074279604507818,16.66207733826132,0.4248330718330642,94.44711323791726,0.7341084123359398,1.024082223957057e-05
400.0,ASTRA-SC-01,EPS,32.40054088881342,2.908442429081527,15.96777272426756,39.99993501952507,0.9416742189365284,NOMINAL,0.9999983754881266,0.0450000877236411,1.0,False,0.0696864111498257,0.0,95.0,STANDBY,False,ASTRA_SIMULATED_EPS,94.23510784621584,0.03150453984800379,-0.004018107526090997,-0.006220003033705801,2.3174816707382293,32.276130877671534,0.0813066249281693,2.924879356064784,0.021235148203962786,16.571211301425,0.41728993070642556,94.40378591251425,0.7255460673716144,-5.1600831283786065e-06
410.0,ASTRA-SC-01,EPS,32.04550720806225,2.9379224769406633,15.912665471665186,39.9999333938056,0.9414709962860008,NOMINAL,0.99999833484514,0.0450000899183624,1.0,False,0.0714285714285714,0.0,95.0,STANDBY,False,ASTRA_SIMULATED_EPS,94.14721591153011,-0.03550336807511698,0.002948004785913616,-0.005510725260237414,2.3296260726466236,32.25886141226667,0.10016304623248556,2.9283538512306944,0.018468662811182996,16.482964093803638,0.4064006299263398,94.46529156193111,0.6540269450494736,4.579057025563233e-06
420.0,ASTRA-SC-01,EPS,32.110694096777095,2.9153896969251942,15.71388703528218,39.999931768027096,0.9412677662477684,NOMINAL,0.9999982942006774,0.0450000921131634,1.0,False,0.073170731707317,0.0,95.0,STANDBY,False,ASTRA_SIMULATED_EPS,93.6151867308606,0.006518688871484812,-0.0022532780015469102,-0.01987784363830052,2.341770474555018,32.243163992617404,0.10388664201203668,2.925785279713786,0.017301625638255852,16.388999882948404,0.4106794608235988,94.33644405299722,0.6147084551906965,-2.4940268420502e-05
430.0,ASTRA-SC-01,EPS,32.18809779464444,2.8961695554398172,15.618345809573189,39.99993014218957,0.941064528820751,NOMINAL,0.9999982535547391,0.045000094308044,1.0,False,0.0749128919860627,0.0,95.0,STANDBY,False,ASTRA_SIMULATED_EPS,93.22218888036875,0.007740369786734647,-0.0019220141485376985,-0.009554122570899182,2.3539148764634126,32.24525329603552,0.10232823108038934,2.92451830089113,0.018767878865339867,16.290409435383975,0.40600512397420874,94.30175309824922,0.6633754108229802,-2.100464928196461e-05
440.0,ASTRA-SC-01,EPS,32.096751529831174,2.936018457453722,15.475210385055153,39.99992851629299,0.9408612840038676,NOMINAL,0.9999982129073248,0.0450000965030044,1.0,False,0.0766550522648083,0.0,95.0,STANDBY,False,ASTRA_SIMULATED_EPS,94.23665491589031,-0.00913462648132679,0.003984890201390456,-0.014313542451803584,2.3660592783718073,32.22909458244679,0.1055319503169717,2.925937501065411,0.018779748996251032,16.19012173534686,0.409404263857666,94.30020651900612,0.6635071011971465,1.779926725368824e-05
450.0,ASTRA-SC-01,EPS,32.51701538176132,2.9114479445814103,15.411592526628718,39.99992689033736,0.940658031796036,NOMINAL,0.999998172258434,0.0450000986980445,1.0,False,0.078397212543554,0.0,95.0,STANDBY,False,ASTRA_SIMULATED_EPS,94.67159759715109,0.04202638519301445,-0.002457051287231149,-0.006361785842643464,2.3782036802802016,32.24352750496879,0.12833823408449094,2.9237510838434373,0.01840149687948878,16.09613119895107,0.4158969851719452,94.2716048050347,0.6351814619788793,-3.868892408117791e-06
460.0,ASTRA-SC-01,EPS,32.39701366218998,2.9027651622571873,15.345832004663537,39.99992526432267,0.9404547721961736,NOMINAL,0.9999981316080668,0.0450001008931643,1.0,False,0.0801393728222996,0.0,95.0,STANDBY,False,ASTRA_SIMULATED_EPS,94.0409226197752,-0.012000171957134143,-0.0008682782324223037,-0.006576052196518134,2.390348082188596,32.25461148667886,0.13420183340263753,2.9227591799861092,0.01914038762461565,16.006764795721246,0.42396137591483823,94.27180919184754,0.6351013629633881,1.3549928279067932e-05
470.0,ASTRA-SC-01,EPS,32.475454867487244,2.895475863352046,15.250702838604951,39.99992363824891,0.9402515052031964,NOMINAL,0.9999980909562228,0.0450001030883639,1.0,False,0.0818815331010452,0.0,95.0,STANDBY,False,ASTRA_SIMULATED_EPS,94.03189572018803,0.007844120529726694,-0.0007289298905141184,-0.009512916605858558,2.4024924840969906,32.26429250976441,0.14486156331422817,2.9204196102924116,0.02023123122392942,15.912613707417755,0.4246397275903259,94.2242015119505,0.6236783858540224,-2.0729841603170503e-05
480.0,ASTRA-SC-01,EPS,32.305319290809315,2.942497129023268,15.086883814795817,39.999922012116066,0.9400482308160198,NOMINAL,0.9999980503029016,0.0450001052836433,1.0,False,0.0836236933797909,0.0,95.0,STANDBY,False,ASTRA_SIMULATED_EPS,95.05830926538641,-0.017013557667792868,0.004702126567122189,-0.016381902380913436,2.4146368860053853,32.26842186982694,0.1451054440274811,2.923401339791865,0.019948761343650045,15.815396008521343,0.43625221593388913,94.33249317607718,0.6176541693906228,9.557864817897055e-06
490.0,ASTRA-SC-01,EPS,32.04920458419521,2.937500821046174,15.07108819239324,39.99992038592414,0.9398449490335584,NOMINAL,0.9999980096481036,0.0450001074790024,1.0,False,0.0853658536585365,0.0,95.0,STANDBY,False,ASTRA_SIMULATED_EPS,94.14456477995023,-0.025611470661410608,-0.0004996307977093827,-0.001579562240257637,2.4267812879137796,32.2567200652847,0.15557994228538022,2.925240691095582,0.01988788021529612,15.72267902039919,0.4368374770004738,94.35739171780328,0.6007016230996242,6.349467181052201e-06
500.0,ASTRA-SC-01,EPS,32.301427649050055,2.934161360829982,14.929992073663978,39.999918759673115,0.9396416598547253,NOMINAL,0.999997968991828,0.0450001096744412,1.0,False,0.0871080139372822,0.0,95.0,STANDBY,False,ASTRA_SIMULATED_EPS,94.77760090748791,0.02522230648548458,-0.0003339460216192247,-0.014109611872926208,2.438925689822174,32.25387773952555,0.1542540892950104,2.923332272402755,0.017222416597665356,15.625837233814583,0.44108103816146704,94.28732586184128,0.462161912101881,-6.447669756577363e-06
510.0,ASTRA-SC-01,EPS,32.29729725369249,2.9332197927359775,14.836276173375188,39.99991713336299,0.939438363278433,NOMINAL,0.9999979283340747,0.0450001118699599,1.0,False,0.0888501742160278,0.0,95.0,STANDBY,False,ASTRA_SIMULATED_EPS,94.73507155640814,-0.00041303953575635435,-9.415680940043636e-05,-0.009371590028879061,2.4510700917305686,32.25241598820734,0.153693495744262,2.9239196663735023,0.017410980445278116,15.536109622594967,0.4564495728268302,94.30202234097959,0.47327752806332984,0.0003937419985806174
520.0,ASTRA-SC-01,EPS,32.5595847736579,2.9368761160173227,14.720674430338075,39.99991550699375,0.9392350593035934,NOMINAL,0.9999978876748438,0.0450001140655584,1.0,False,0.0905923344947735,0.0,95.0,STANDBY,False,ASTRA_SIMULATED_EPS,95.62346686919719,0.026228751996541178,0.00036563232813451306,-0.011560174303711257,2.4632144936389633,32.2715758238022,0.17303157014692563,2.924567493679803,0.017718179454552264,15.430435553586278,0.4489571640581899,94.3791992086529,0.5834580782960758,-6.200711495481219e-06
530.0,ASTRA-SC-01,EPS,32.36335472337132,2.908536312920892,14.728084467481493,39.99991388056539,0.939031747929117,NOMINAL,0.9999978470141346,0.0450001162612367,1.0,False,0.0923344947735191,0.0,95.0,STANDBY,False,ASTRA_SIMULATED_EPS,94.12999242086536,-0.019623005028658012,-0.0028339803096430584,0.000741003714341737,2.4753588955473576,32.279517279645106,0.17441507738625572,2.923003108196508,0.018047734904708616,15.339932046826194,0.44425059238613895,94.35185481150303,0.5849851668338526,8.28837561859943e-06
540.0,ASTRA-SC-01,EPS,32.44313380514993,2.9116666262350464,14.64563379369852,39.99991225407789,0.9388284291539136,NOMINAL,0.9999978063519472,0.0450001184569948,1.0,False,0.0940766550522648,0.0,95.0,STANDBY,False,ASTRA_SIMULATED_EPS,94.46358995093307,0.007977908177860371,0.0003130313314154254,-0.008245067378297222,2.487503297455752,32.30335983396621,0.170396087064682,2.920539316322682,0.016778275412172593,15.247642782765785,0.43434305941672363,94.34222439814722,0.581645854555936,-2.0387393030067635e-05
550.0,ASTRA-SC-01,EPS,32.321658258344456,2.9440352183574157,14.60128285268298,39.99991062753126,0.9386251029768924,NOMINAL,0.9999977656882816,0.0450001206528328,1.0,False,0.0958188153310104,0.0,95.0,STANDBY,False,ASTRA_SIMULATED_EPS,95.15610022827889,-0.012147554680547045,0.003236859212236931,-0.004435094101554071,2.4996476993641465,32.298100991934945,0.16838803283704806,2.922912168941074,0.017448728258131374,15.15654345799348,0.4154053293942874,94.40362389028475,0.6170632086379095,1.3389909961672628e-05
560.0,ASTRA-SC-01,EPS,32.2143260711544,2.9131935233284194,14.371188515110894,39.99990900092548,0.9384217693969606,NOMINAL,0.9999977250231368,0.0450001228487506,1.0,False,0.0975609756097561,0.0,95.0,STANDBY,False,ASTRA_SIMULATED_EPS,93.84656606887685,-0.010733218719005322,-0.003084169502899625,-0.02300943375720852,2.5117921012725413,32.309355582807754,0.15544361515702002,2.921263572033592,0.017093834100167942,15.053778327556529,0.4055432013180217,94.3835805674412,0.6307184334056039,1.5154874063707381e-05
570.0,ASTRA-SC-01,EPS,32.12115200784662,2.926589070772739,14.342185037266642,39.99990737426054,0.9382184284130258,NOMINAL,0.9999976843565136,0.0450001250447482,1.0,False,0.0993031358885017,0.0,95.0,STANDBY,False,ASTRA_SIMULATED_EPS,94.00541240679374,-0.00931740633077851,0.00133955474443197,-0.00290034778442525,2.5239365031809355,32.310052776879054,0.15450958206666537,2.9220101969567613,0.017063505534599035,14.962331527688825,0.4006867123695693,94.40959561250341,0.6042534190703723,1.7458344971628897e-05
580.0,ASTRA-SC-01,EPS,32.29614370499011,2.9444566494187687,14.235482257898392,39.99990574753643,0.9380150800239938,NOMINAL,0.9999976436884108,0.0450001272408258,1.0,False,0.1010452961672473,0.0,95.0,STANDBY,False,ASTRA_SIMULATED_EPS,95.09459508274223,0.017499169714348995,0.0017867578646029614,-0.010670277936825023,2.53608090508933,32.317255837568766,0.1508942715577674,2.925229336555358,0.016381493638518343,14.870140624243838,0.39804571375678416,94.53442269266164,0.5303148155315517,-9.29600737111216e-06
590.0,ASTRA-SC-01,EPS,32.48472267959777,2.9231181531547565,14.28078622498449,39.99990412075316,0.9378117242287698,NOMINAL,0.9999976030188288,0.0450001294369832,1.0,False,0.102787456445993,0.0,95.0,STANDBY,False,ASTRA_SIMULATED_EPS,94.95668256493028,0.018857897460766538,-0.0021338496264012184,0.004530396708609885,2.5482253069977245,32.34312058088654,0.14346611244725677,2.9243693162687605,0.016111008028661764,14.790512346905794,0.3876932437565625,94.58242453593098,0.5340109914932137,-8.626535788559698e-06
600.0,ASTRA-SC-01,EPS,32.350036631500984,2.911586590474302,14.00141898116062,39.99990249391069,0.937608361026258,NOMINAL,0.9999975623477672,0.0450001316332205,1.0,False,0.1045296167247386,0.0,95.0,STANDBY,False,ASTRA_SIMULATED_EPS,94.18993285763072,-0.013468604809678908,-0.0011531562680454411,-0.027936724382387014,2.5603697089061193,32.33198866420252,0.13525240751465056,2.9243785593282867,0.01610310322075458,14.69650077720792,0.3971901163373712,94.55031355329628,0.5426771929911779,1.2078774986174801e-05
610.0,ASTRA-SC-01,EPS,32.32575668913807,2.924140138274907,14.001089065468785,39.99990086700904,0.9374049904153616,NOMINAL,0.999997521675226,0.0450001338295378,1.0,False,0.1062717770034843,0.0,95.0,STANDBY,False,ASTRA_SIMULATED_EPS,94.5250426348172,-0.002427994236291653,0.0012553547800604914,-3.2991569183593585e-05,2.5725141108145135,32.32723819933239,0.13405144954239134,2.9258035577294677,0.014958986003954546,14.60685124792827,0.39188652453770056,94.58258822096576,0.5243032236535249,6.700599307548227e-05
620.0,ASTRA-SC-01,EPS,32.32307727956945,2.9272055247151623,13.833713745823315,39.99989924004818,0.9372016123949836,NOMINAL,0.9999974810012046,0.0450001360259349,1.0,False,0.1080139372822299,0.0,95.0,STANDBY,False,ASTRA_SIMULATED_EPS,94.61629038855084,-0.00026794095686142325,0.00030653864402552244,-0.016737531964546904,2.584658512722908,32.3170796934712,0.12763739925949819,2.927918868487009,0.012386271325530926,14.512385308409497,0.3963575400719172,94.62154786552327,0.5016843046745592,0.0006072087218119156
630.0,ASTRA-SC-01,EPS,32.00135198178341,2.91997149734972,13.829776081364594,39.99989761302812,0.9369982269640246,NOMINAL,0.9999974403257028,0.045000138222412,1.0,False,0.1097560975609756,0.0,95.0,STANDBY,False,ASTRA_SIMULATED_EPS,93.44303566346352,-0.03217252977860454,-0.0007234027365442319,-0.0003937664458721457,2.5968029146313025,32.296815206202815,0.15153128362752635,2.9264171597087723,0.01184628975010009,14.428578126180748,0.3991009861565607,94.51386295872841,0.569950491867308,5.05717167094399e-06
640.0,ASTRA-SC-01,EPS,32.27891654842456,2.904377718190132,13.706755581237006,39.99989598594884,0.9367948341213856,NOMINAL,0.9999973996487208,0.045000140418969,1.0,False,0.1114982578397212,0.0,95.0,STANDBY,False,ASTRA_SIMULATED_EPS,93.75016599056302,0.02775645666411535,-0.0015593779159587928,-0.01230205001275877,2.6089473165396972,32.31212933715144,0.13547686190634625,2.924208952851703,0.012689790335889482,14.33762261877033,0.39767695040755485,94.4875697061026,0.5966748200203484,-5.8619848279292765e-06
650.0,ASTRA-SC-01,EPS,32.30533144174704,2.9115927579301193,13.617160233037469,39.99989435881032,0.936591433865966,NOMINAL,0.999997358970258,0.045000142615606,1.0,False,0.1132404181184669,0.0,95.0,STANDBY,False,ASTRA_SIMULATED_EPS,94.05996906832287,0.0026414893322481703,0.0007215039739987272,-0.008959534819953773,2.6210917184480915,32.3123895899979,0.13545858377284425,2.9227043793250456,0.012763208088766341,14.250100496061895,0.4024318970876925,94.43972758349159,0.6005166197927324,-6.159928402906817e-05
660.0,ASTRA-SC-01,EPS,32.251408004863336,2.9066085738706753,13.538977205881292,39.999892731612576,0.9363880261966644,NOMINAL,0.9999973182903144,0.045000144812323,1.0,False,0.1149825783972125,0.0,95.0,STANDBY,False,ASTRA_SIMULATED_EPS,93.7422190263371,-0.005392343688370715,-0.0004984184059444007,-0.007818302715617698,2.633236120356486,32.30933030674262,0.13633911967387324,2.920930298067359,0.013043562450028206,14.16361389822897,0.406835828612834,94.37353741482019,0.6200377867284899,3.017607632690033e-05
670.0,ASTRA-SC-01,EPS,32.33123697186485,2.9504466974927843,13.48562758744151,39.99989110435559,0.9361846111123788,NOMINAL,0.9999972776088898,0.0450001470091199,1.0,False,0.1167247386759581,0.0,95.0,STANDBY,False,ASTRA_SIMULATED_EPS,95.39159134949524,0.007982896700151088,0.004383812362210904,-0.005334961843978192,2.6453805222648805,32.29410711995642,0.1179023204288404,2.921835003499056,0.014605660951456876,14.081277442035866,0.41099835775725235,94.35807904684005,0.5887505992399323,-2.0384292147092694e-05
680.0,ASTRA-SC-01,EPS,32.017570187192916,2.9108510448481093,13.370774053242204,39.999889477039346,0.935981188612006,NOMINAL,0.9999972369259836,0.0450001492059968,1.0,False,0.1184668989547038,0.0,95.0,STANDBY,False,ASTRA_SIMULATED_EPS,93.19837763288818,-0.03136667846719306,-0.003959565264467502,-0.011485353419930533,2.6575249241732752,32.271054817544524,0.13583596072923362,2.9219893189608706,0.014466684937741846,13.99079008108658,0.40782624110346954,94.29597139430824,0.6594264394426116,5.188041335411463e-06
690.0,ASTRA-SC-01,EPS,32.32127821863527,2.9395016967048075,13.449978200420189,39.99988784966384,0.9357777586944418,NOMINAL,0.999997196241596,0.0450001514029538,1.0,False,0.1202090592334494,0.0,95.0,STANDBY,False,ASTRA_SIMULATED_EPS,95.00845216334652,0.03037080314423548,0.002865065185669824,0.007920414717798429,2.6696693260816695,32.262931111776886,0.12824112564454263,2.923844990325521,0.014828693876499969,13.91107970820136,0.3870089008016868,94.33229554180248,0.6838727125120462,-5.35835518066182e-06
700.0,ASTRA-SC-01,EPS,32.32929136763412,2.9518002687859273,13.217594955606923,39.999886222229065,0.935574321358581,NOMINAL,0.9999971555557264,0.0450001535999907,1.0,False,0.1219512195121951,0.0,95.0,STANDBY,False,ASTRA_SIMULATED_EPS,95.42961094864096,0.0008013148998848862,0.001229857208111973,-0.02323832448132652,2.681813727990064,32.263439985729526,0.12850567797769116,2.924362660354089,0.015694163658377388,13.818833848396288,0.37547719084778625,94.35052958982662,0.7105333082508524,-0.00020309553427704297
710.0,ASTRA-SC-01,EPS,32.34107475430656,2.923401619646177,13.12062985178874,39.999884594735,0.9353708766033176,NOMINAL,0.9999971148683752,0.0450001557971077,1.0,False,0.1236933797909407,0.0,95.0,STANDBY,False,ASTRA_SIMULATED_EPS,94.54595031783789,0.0011783386672441054,-0.00283986491397501,-0.009696510381818336,2.6939581298984585,32.27188989793967,0.1292107622830715,2.9250432001086057,0.015393694866695543,13.735463270841477,0.38283687657009535,94.39715520642402,0.6979360878699417,-0.0001381176829794622
720.0,ASTRA-SC-01,EPS,32.11033508977518,2.925049625654871,12.971432396406415,39.999882967181655,0.9351674244275452,NOMINAL,0.9999970741795414,0.0450001579943047,1.0,False,0.1254355400696864,0.0,95.0,STANDBY,False,ASTRA_SIMULATED_EPS,93.92432363399935,-0.023073966453138438,0.00016480060086938587,-0.014919745538232476,2.7061025318068532,32.27116877006824,0.13013897500284366,2.9249405704340816,0.015387782991504798,13.644079761450795,0.3911763144008122,94.39174928823772,0.7014920768346281,7.053634877794078e-06
730.0,ASTRA-SC-01,EPS,32.24690177741006,2.9752903473277272,12.81558853648104,39.999881339569015,0.9349639648301552,NOMINAL,0.9999970334892252,0.0450001601915818,1.0,False,0.127177700348432,0.0,95.0,STANDBY,False,ASTRA_SIMULATED_EPS,95.94389558955348,0.013656668763488256,0.00502407216728562,-0.015584385992537619,2.7182469337152475,32.26788597489624,0.13008503477211458,2.9269961502946784,0.01965018298963333,13.549420180022972,0.4092239150410144,94.44836932202514,0.7908564245942916,-1.1918079499532683e-05
740.0,ASTRA-SC-01,EPS,32.343117075685534,2.8982270870136633,12.79883784564684,39.999879711897066,0.9347604978100392,NOMINAL,0.9999969927974266,0.0450001623889389,1.0,False,0.1289198606271777,0.0,95.0,STANDBY,False,ASTRA_SIMULATED_EPS,93.73769798720596,0.009621529827547447,-0.007706326031406396,-0.0016750690834198777,1.2485235880672347,32.25844560130209,0.11778138951326715,2.9253367458852724,0.021005324965530384,13.450623621400464,0.3987986536373116,94.36710368351018,0.7974944788739052,-1.691697659723858e-05
750.0,ASTRA-SC-01,EPS,32.40682050517615,2.931286172257318,12.682260646264554,39.9998780841658,0.9345570233660878,NOMINAL,0.999996952104145,0.0450001645863761,1.0,False,0.1306620209059233,0.0,95.0,STANDBY,False,ASTRA_SIMULATED_EPS,94.99366483364776,0.00637034294906158,0.0033059085243654527,-0.011657719938228617,1.2327656778321991,32.262231192880435,0.12178013406845598,2.9266500513374734,0.020697806662394985,13.362679732407393,0.413828755565379,94.42068581524467,0.8116160208577663,-2.5551705431650184e-05
760.0,ASTRA-SC-01,EPS,32.114868369806395,2.9434843991664086,12.613573187732332,39.999876456375205,0.93435354149719,NOMINAL,0.9999969114093802,0.0450001667838934,1.0,False,0.1324041811846689,0.0,95.0,STANDBY,False,ASTRA_SIMULATED_EPS,94.52961402780788,-0.029195213536975472,0.0012198226909090782,-0.0068687458532222575,1.2170077675971636,32.24817197159165,0.12602182411706753,2.92793966873024,0.02112841302407464,13.270178673891628,0.4160019571035811,94.42099057477736,0.811658862669852,5.575539269774363e-06
770.0,ASTRA-SC-01,EPS,32.26383232100704,2.9311322183665967,12.531684710203605,39.99987482852528,0.9341500522022342,NOMINAL,0.999996870713132,0.0450001689814908,1.0,False,0.1341463414634146,0.0,95.0,STANDBY,False,ASTRA_SIMULATED_EPS,94.56955840408126,0.014896395120064198,-0.0012352180799811928,-0.008188847752872697,1.201249857362128,32.2442223076875,0.12442480398656415,2.9282014483070022,0.021142988020966057,13.183376738183647,0.4257421849683674,94.41787510914607,0.8109450536988075,-1.0927811143881425e-05
780.0,ASTRA-SC-01,EPS,32.573234754628764,2.9428011070181213,12.37740976843935,39.999873200616015,0.933946555480108,NOMINAL,0.9999968300154004,0.0450001711791683,1.0,False,0.1358885017421602,0.0,95.0,STANDBY,False,ASTRA_SIMULATED_EPS,95.85655129508267,0.030940243362172735,0.0011668888651524601,-0.015427494176425504,1.1854919471270924,32.28234782587718,0.13207176453903618,2.9297234222848956,0.021329113343448017,13.086552317321965,0.43331907010135184,94.57877615125402,0.842529624935329,-5.261462375506441e-06
790.0,ASTRA-SC-01,EPS,32.25661697908836,2.917444762890612,12.43591908607053,39.9998715726474,0.933743051329698,NOMINAL,0.9999967893161852,0.045000173376926,1.0,False,0.1376306620209059,0.0,95.0,STANDBY,False,ASTRA_SIMULATED_EPS,94.10689827420974,-0.03166177755404007,-0.002535634412750909,0.005850931763118084,1.1697340368920568,32.28086118792144,0.13223854669922022,2.9305945585982607,0.020469511557369025,13.001829884310865,0.4275945162348004,94.60255830349712,0.8222606658073442,5.141747371091094e-06
800.0,ASTRA-SC-01,EPS,32.09768745128667,2.9283023300967437,12.333405047284828,39.99986994461943,0.9335395397498898,NOMINAL,0.9999967486154856,0.0450001755747637,1.0,False,0.1393728222996515,0.0,95.0,STANDBY,False,ASTRA_SIMULATED_EPS,93.99173295431976,-0.015892952780169622,0.0010857567206131514,-0.010251403878570287,1.153976126657021,32.26701825522408,0.14012695466948363,2.9317085300760364,0.01980545477465677,12.916246205260688,0.42409658749004836,94.59800922923026,0.8256586355058563,1.024370987748153e-05
810.0,ASTRA-SC-01,EPS,32.36368591876181,2.907074290614775,12.20651602069631,39.99986831653208,0.933336020739568,NOMINAL,0.999996707913302,0.0450001777726816,1.0,False,0.1411149825783972,0.0,95.0,STANDBY,False,ASTRA_SIMULATED_EPS,94.08363928396388,0.026599846747514276,-0.002122803948196861,-0.012688902658851831,1.1382182164219854,32.27450344948398,0.1422167418339497,2.931739577858976,0.01976361743291551,12.82741545958169,0.42389101803322526,94.6207705797387,0.8048246897158257,-6.1206643864173915e-06
820.0,ASTRA-SC-01,EPS,32.146484403961665,2.917930558431442,12.226825723123287,39.99986668838536,0.9331324942976164,NOMINAL,0.999996667209634,0.0450001799706797,1.0,False,0.1428571428571428,0.0,95.0,STANDBY,False,ASTRA_SIMULATED_EPS,93.80120918845951,-0.021720151480014493,0.0010856267816667041,0.002030970242697805,1.1224603061869498,32.26218661162377,0.14492683849882068,2.929571835254887,0.019343980438881435,12.743495335293808,0.4086035757604749,94.51474510233632,0.800771686900366,7.496019174478726e-06
830.0,ASTRA-SC-01,EPS,32.2870619987353,2.90609600391579,12.099983962487608,39.999865060179246,0.932928960422918,NOMINAL,0.9999966265044812,0.045000182168758,1.0,False,0.1445993031358885,0.0,95.0,STANDBY,False,ASTRA_SIMULATED_EPS,93.82930185270601,0.014057759477363162,-0.0011834554515651962,-0.012684176063567953,1.1067023959519142,32.28015273239326,0.1281720123761523,2.929254832526065,0.01970821694430597,12.658775995910169,0.40092430258942063,94.55680671699085,0.7410304392249052,-1.158225901187775e-05
840.0,ASTRA-SC-01,EPS,32.56251222174384,2.951277862722,11.893885543815186,39.999863431913745,0.9327254191143544,NOMINAL,0.9999965857978436,0.0450001843669164,1.0,False,0.1463414634146341,0.0,95.0,STANDBY,False,ASTRA_SIMULATED_EPS,96.10102147464717,0.027545022300854073,0.004518185880621006,-0.020609841867242195,1.0909444857168786,32.29623499926716,0.14739376139694577,2.930039910260545,0.02036903083378826,12.555036485469836,0.3824724392109794,94.62964467107756,0.8361818266564324,-5.911287648681125e-06
850.0,ASTRA-SC-01,EPS,32.14142782143687,2.955993500417046,11.850458467916804,39.99986180358883,0.9325218703708068,NOMINAL,0.9999965450897208,0.045000186565155,1.0,False,0.1480836236933798,0.0,95.0,STANDBY,False,ASTRA_SIMULATED_EPS,95.009851734291,-0.04210844003069667,0.00047156376950456823,-0.0043427075898382125,1.075186575481843,32.283710762854014,0.15228464511624748,2.9303194590359527,0.020714845031661284,12.46389405295716,0.37614915791360554,94.60166072345422,0.8142334478793423,3.866979910662514e-06
860.0,ASTRA-SC-01,EPS,32.289742245465014,2.946424942668763,11.75570743956749,39.99986017520451,0.9323183141911552,NOMINAL,0.9999965043801128,0.0450001887634739,1.0,False,0.1498257839721254,0.0,95.0,STANDBY,False,ASTRA_SIMULATED_EPS,95.13930194438339,0.014831442402814332,-0.0009568557748282913,-0.009475102834931448,1.0594286652468075,32.28028859559791,0.15147811411240913,2.9318543472374587,0.021016420688794647,12.372899225475745,0.3709890387752518,94.64121749855727,0.8256663483573567,-1.0979271427734695e-05
870.0,ASTRA-SC-01,EPS,32.2074683336501,2.8675936528009274,11.667270128247257,39.99985854676077,0.9321147505742784,NOMINAL,0.9999964636690192,0.0450001909618729,1.0,False,0.151567944250871,0.0,95.0,STANDBY,False,ASTRA_SIMULATED_EPS,92.35793176636189,-0.008227391181491583,-0.00788312898678356,-0.008843731132023257,1.0436707550117719,32.28676414518957,0.14565817912440582,2.9280239490471955,0.026788473666281346,12.285955074265136,0.3735105010174759,94.5367913740481,1.0028542677543202,1.979295386374087e-05
880.0,ASTRA-SC-01,EPS,32.17518355594232,2.906884956091248,11.716768551846076,39.99985691825759,0.9319111795190548,NOMINAL,0.9999964229564398,0.0450001931603522,1.0,False,0.1533101045296167,0.0,95.0,STANDBY,False,ASTRA_SIMULATED_EPS,93.52955703824324,-0.003228477770777971,0.003929130329032082,0.004949842359881984,1.0059228656533687,32.28198293042505,0.1482147552308898,2.9234635896314303,0.023826012114508764,12.212700408622803,0.36995263438269205,94.37583547062741,0.9534152986644598,5.044182717880499e-05
890.0,ASTRA-SC-01,EPS,31.984319332720133,2.922869500136533,11.5585658265559,39.99985528969498,0.9317076010243612,NOMINAL,0.9999963822423744,0.0450001953589117,1.0,False,0.1550522648083623,0.0,95.0,STANDBY,False,ASTRA_SIMULATED_EPS,93.48599146023494,-0.01908642232221851,0.0015984544045284821,-0.015820272529017566,0.9681749762949658,32.258063080894026,0.16557916471159517,2.9251064171729553,0.022788613367383977,12.130015607350073,0.3681898418096869,94.35905503549601,0.9675591312391655,8.532571411489706e-06
900.0,ASTRA-SC-01,EPS,32.445629123572,2.903400372649558,11.527289538171996,39.999853661072905,0.9315040150890744,NOMINAL,0.9999963415268228,0.0450001975575515,1.0,False,0.156794425087108,0.0,95.0,STANDBY,False,ASTRA_SIMULATED_EPS,94.20265168822829,0.046130979085186395,-0.0019469127486975157,-0.0031276288383905284,0.9304270869365627,32.26065032212042,0.16834961047127553,2.923247363865771,0.023378278069423893,12.053017533477236,0.3652070073773322,94.30632082580138,0.9519306837109115,-3.530430320480492e-06
910.0,ASTRA-SC-01,EPS,32.213944877052135,2.9124386301772565,11.409560227685697,39.99985203239139,0.9313004217120696,NOMINAL,0.9999963008097846,0.0450001997562716,1.0,False,0.1585365853658536,0.0,95.0,STANDBY,False,ASTRA_SIMULATED_EPS,93.82113749032737,-0.023168424651986187,0.0009038257527698601,-0.011772931048629864,0.8926791975781597,32.26725542260347,0.1641116539638031,2.9211776459331613,0.02282644071225259,11.97275000280746,0.36551702432375516,94.25908905663601,0.9576193990063684,7.029746481375827e-06
920.0,ASTRA-SC-01,EPS,32.24316608931073,2.9200410548067564,11.307489422447889,39.99985040365039,0.931096820892221,NOMINAL,0.99999626009126,0.0450002019550719,1.0,False,0.1602787456445993,0.0,95.0,STANDBY,False,ASTRA_SIMULATED_EPS,94.15136871774035,0.002922121225859797,0.0007602424629499893,-0.010207080523780832,0.8549313082197567,32.26587767382371,0.16422915066906157,2.9204382350291715,0.02265998193487141,11.891136983623747,0.3684611910297652,94.23120974421327,0.9540156633087344,-5.573831030286509e-05
930.0,ASTRA-SC-01,EPS,32.147861436294136,2.9341796357885777,11.25487008882246,39.99984877484992,0.930893212628402,NOMINAL,0.9999962193712482,0.0450002041539525,1.0,False,0.1620209059233449,0.0,95.0,STANDBY,False,ASTRA_SIMULATED_EPS,94.32760036052719,-0.009530465301659774,0.0014138580981821302,-0.00526193336254277,0.8171834188613537,32.237519452601404,0.14267686306300334,2.9198634702805353,0.02215597254455994,11.816301004982622,0.3765500417143548,94.12927968190958,0.8431976692351327,1.7090461138754044e-05
940.0,ASTRA-SC-01,EPS,32.464143442137996,2.907719210818408,11.24639884682245,39.999847145989975,0.9306895969194854,NOMINAL,0.9999961786497494,0.0450002063529135,1.0,False,0.1637630662020905,0.0,95.0,STANDBY,False,ASTRA_SIMULATED_EPS,94.39661354946908,0.03162820058438598,-0.002646042497016987,-0.0008471242000011259,0.7794355295029507,32.25135455013805,0.1542530828140224,2.9192151001423885,0.02237304948631421,11.736999655699416,0.3617013782413471,94.14859403359354,0.8459619688458219,-5.150024086603076e-06
950.0,ASTRA-SC-01,EPS,31.893175277302976,2.9291778917928504,11.087365462489602,39.999845517070526,0.9304859737643424,NOMINAL,0.9999961379267632,0.0450002085519547,1.0,False,0.1655052264808362,0.0,95.0,STANDBY,False,ASTRA_SIMULATED_EPS,93.42078392135019,-0.057096816483501914,0.002145868097444259,-0.01590333843328473,0.7416876401445476,32.2377204052058,0.17627224386596219,2.919273470922129,0.022399577751835247,11.653930350046402,0.3580111699228883,94.1105307647289,0.8661282119298735,2.8529076565492586e-06
960.0,ASTRA-SC-01,EPS,32.25159288448224,2.920026121069496,10.96596413135313,39.999843888091576,0.9302823431618438,NOMINAL,0.9999960972022894,0.0450002107510763,1.0,False,0.1672473867595819,0.0,95.0,STANDBY,False,ASTRA_SIMULATED_EPS,94.17549366878725,0.03584176071792662,-0.0009151770723354157,-0.012140133113647167,0.7039397507861447,32.23024753625383,0.1728942975854294,2.920136926285777,0.022143909712613024,11.571226890756856,0.3644718910416262,94.11665439038379,0.8662492077221817,-4.5449188804434135e-06
970.0,ASTRA-SC-01,EPS,32.12576765484799,2.920788350018789,10.937488626160835,39.99984225905312,0.9300787051108592,NOMINAL,0.999996056476328,0.0450002129502782,1.0,False,0.1689895470383275,0.0,95.0,STANDBY,False,ASTRA_SIMULATED_EPS,93.83256790169044,-0.01258252296342519,7.622289492927869e-05,-0.002847550519229536,0.6661918614277416,32.22886641964625,0.17369211368040904,2.9203274457249333,0.022135863195866842,11.485271084292693,0.3505857323386323,94.11874497126585,0.8654710343434382,1.2946834769479838e-05
980.0,ASTRA-SC-01,EPS,32.261449209551685,2.918859247031421,10.85884384790845,39.99984062995513,0.9298750596102574,NOMINAL,0.9999960157488784,0.0450002151495605,1.0,False,0.1707317073170731,0.0,95.0,STANDBY,False,ASTRA_SIMULATED_EPS,94.16662934793446,0.013568155470369447,-0.00019291029873680365,-0.00786447782523858,0.6284439720693386,32.22715890036734,0.17320435564631015,2.9211783285993085,0.02179238366037531,11.402528409987415,0.34148717688425584,94.14123347094775,0.8617876421967802,-1.2006775650047595e-05
990.0,ASTRA-SC-01,EPS,32.252251163550795,2.9485739658199352,10.764417105650852,39.99983900079762,0.929671406658906,NOMINAL,0.9999959750199404,0.0450002173489232,1.0,False,0.1724738675958188,0.0,95.0,STANDBY,False,ASTRA_SIMULATED_EPS,95.0981481199316,-0.0009198046000889803,0.002971471878851428,-0.009442674225759794,0.5906960827109355,32.20647482982114,0.14681056630569284,2.920998068805838,0.021535292261172904,11.327230514109793,0.349826129728758,94.07437524730003,0.7272923099885586,0.00017711995669344253
1000.0,ASTRA-SC-01,EPS,32.06810587817168,2.9216827690653435,10.689588052565744,39.99983737158057,0.9294677462556722,NOMINAL,0.9999959342895142,0.0450002195483662,1.0,False,0.1742160278745644,0.0,95.0,STANDBY,False,ASTRA_SIMULATED_EPS,93.69283238081725,-0.01841452853791168,-0.0026891196754591728,-0.007482905308510724,0.5529481933525324,32.20158670027013,0.15030997486841105,2.918710686715724,0.019254072309951662,11.24983915308639,0.35418675161529184,93.98657395706847,0.6845321739863544,8.847454603406936e-06
1010.0,ASTRA-SC-01,EPS,32.29866027766691,2.9323940770898567,10.577592773852476,39.999835742303965,0.9292640783994216,NOMINAL,0.9999958935575992,0.0450002217478896,1.0,False,0.1759581881533101,0.0,95.0,STANDBY,False,ASTRA_SIMULATED_EPS,94.71240009616788,0.023055439949523304,0.0010711308024513144,-0.011199527871326786,0.5152003039941294,32.20218123575025,0.15070070073366276,2.9177752956771306,0.018118855708132944,11.171298175372055,0.36447200203053326,93.95811383385409,0.640651022307718,-7.066777328807911e-06
1020.0,ASTRA-SC-01,EPS,32.40489715730801,2.9212793144656204,10.51879905556632,39.99983411296781,0.929060403089019,NOMINAL,0.9999958528241952,0.0450002239474934,1.0,False,0.1777003484320557,0.0,95.0,STANDBY,False,ASTRA_SIMULATED_EPS,94.66375575302966,0.010623687964109507,-0.0011114762624236274,-0.005879371828615554,0.4774524146357264,32.215343157327446,0.15955676678522737,2.9213543397881097,0.011643632733019825,11.094733437193325,0.37336235750472413,94.11183543296528,0.48763021497924075,-1.5336822386924202e-05
1030.0,ASTRA-SC-01,EPS,32.16545588859849,2.928738820532362,10.466314987723225,39.99983248357208,0.9288567203233288,NOMINAL,0.999995812089302,0.0450002261471776,1.0,False,0.1794425087108014,0.0,95.0,STANDBY,False,ASTRA_SIMULATED_EPS,94.20421934105966,-0.023944126870951977,0.0007459506066741728,-0.005248406784309623,0.4397045252773234,32.214694646171196,0.15975130294000342,2.922811264084184,0.011056241386423814,11.011369866251803,0.3640380758531718,94.15681291981971,0.4604428935049136,6.804991227229204e-06
1040.0,ASTRA-SC-01,EPS,32.32969434439776,2.9491249779827973,10.39679564977192,39.99983085411678,0.9286530301012138,NOMINAL,0.9999957713529196,0.0450002283469423,1.0,False,0.181184668989547,0.0,95.0,STANDBY,False,ASTRA_SIMULATED_EPS,95.34430912161261,0.016423845579927134,0.002038615745043515,-0.006951933795130394,0.4019566359189204,32.23771964694971,0.1486814881132935,2.9245616292739354,0.012977502796229765,10.93391852113287,0.36288816410550373,94.28070076391154,0.5139503897984656,-9.921277510024426e-06
1050.0,ASTRA-SC-01,EPS,32.199005083078966,2.9466454674827927,10.236366971951192,39.999829224601896,0.9284493324215364,NOMINAL,0.9999957306150472,0.0450002305467874,1.0,False,0.1829268292682926,0.0,95.0,STANDBY,False,ASTRA_SIMULATED_EPS,94.87905238551004,-0.013068926131879266,-0.0002479510500004611,-0.016042867782072888,0.3642087465605174,32.22127804425017,0.13724434966318252,2.9274446355961508,0.012742054526727572,10.847857016718148,0.36518290298365086,94.32579414373032,0.5358212558932524,1.2468621120608886e-05
1060.0,ASTRA-SC-01,EPS,32.24661405618116,2.930781864252282,10.17730117639446,39.99982759502741,0.9282456272831572,NOMINAL,0.9999956898756852,0.0450002327467129,1.0,False,0.1846689895470383,0.0,95.0,STANDBY,False,ASTRA_SIMULATED_EPS,94.50779165939845,0.004760897310219292,-0.0015863603230510837,-0.005906579555673197,0.32646085720211426,32.22345598952543,0.13737881612473168,2.928667517867819,0.012061048967012435,10.765706413298735,0.3683867872214015,94.37157108833506,0.5186847159446188,-3.422830567555106e-05
1070.0,ASTRA-SC-01,EPS,32.289040742240665,2.917356506062302,10.19785371172623,39.99982596539333,0.9280419146849368,NOMINAL,0.9999956491348332,0.045000234946719,1.0,False,0.1864111498257839,0.0,95.0,STANDBY,False,ASTRA_SIMULATED_EPS,94.19864308388655,0.0042426686059506835,-0.0013425358189979697,0.002055253533177037,0.28871296784371125,32.22651429972076,0.13835609349843472,2.9284885479515226,0.012217105397883668,10.691730699250623,0.3631966525212374,94.37472271274483,0.517393170714249,-3.841059097285917e-05
1080.0,ASTRA-SC-01,EPS,32.030119955044164,2.9096755751000662,10.072134197793988,39.99982433569963,0.9278381946257348,NOMINAL,0.9999956083924908,0.0450002371468054,1.0,False,0.1881533101045296,0.0,95.0,STANDBY,False,ASTRA_SIMULATED_EPS,93.19725770071723,-0.025892078719650158,-0.0007680930962235877,-0.012571951393224267,0.25096507848530825,32.218664867637436,0.14625173563056845,2.9268549439056217,0.013014049645069681,10.612881639848725,0.36058301576735846,94.29936653542414,0.6004025280705507,6.294178682008786e-06
1090.0,ASTRA-SC-01,EPS,32.318278346733926,2.945938690116932,9.96685100859267,39.999822705946315,0.9276344671044088,NOMINAL,0.999995567648658,0.0450002393469724,1.0,False,0.1898954703832752,0.0,95.0,STANDBY,False,ASTRA_SIMULATED_EPS,95.20766657961175,0.028815839168976252,0.0036263115016865743,-0.010528318920131775,0.21321718912690524,32.208940527943824,0.13301413871977413,2.92940290919219,0.0127384345765372,10.527578450633406,0.3512369541322205,94.35343673743367,0.6446739445719571,-5.655755170202751e-06
1100.0,ASTRA-SC-01,EPS,32.13470274633971,3.992136518662474,9.861443073571856,39.99982107613337,0.9273556718623353,NOMINAL,0.9999955269033344,0.0450002415472199,1.0,False,0.1916376306620209,0.0,130.0,STANDBY,False,ASTRA_SIMULATED_EPS,128.28612035002607,-0.01835756003942137,0.10461978285455423,-0.010540793502081414,0.17546929976850212,32.22504235921294,0.10337628062534192,3.0002668176501643,0.2746880073377089,10.445850291372222,0.35429265878445837,96.67779249934539,8.764115932863106,8.878156677048462e-06
1110.0,ASTRA-SC-01,EPS,32.023036793018534,4.039284906854925,9.772772465208623,39.99981884578141,0.9270768626422852,NOMINAL,0.9999954711445352,0.045000244558195,1.0,False,0.1933797909407665,0.0,130.0,STANDBY,False,ASTRA_SIMULATED_EPS,129.3501691896997,-0.01116659533211788,0.00471483881924506,-0.008867060836323225,0.19227427963036164,32.2098052864487,0.11533552547989355,3.0748840700358597,0.38228196626642713,10.366304180295922,0.3630159018243498,99.02277086740624,12.112788516817997,1.9973428728034997e-05
1120.0,ASTRA-SC-01,EPS,31.99496243684793,4.006976879015118,9.723490510821586,39.999816615317755,0.9267980394413252,NOMINAL,0.9999954153829438,0.045000247569321,1.0,False,0.1951219512195122,0.0,130.0,STANDBY,False,ASTRA_SIMULATED_EPS,128.20307472940686,-0.0028074356170602497,-0.0032308027839806465,-0.004928195438703753,0.20907925949222114,32.20108493858202,0.1265437325941154,3.1472966386356154,0.44819884271145394,10.28537097260664,0.36190296751484957,101.314137989254,14.141811150150534,7.944843485537505e-05
1130.0,ASTRA-SC-01,EPS,32.03323893577729,3.994618678860716,9.637986408580987,39.99981438474237,0.926519202256518,NOMINAL,0.9999953596185592,0.0450002505805978,1.0,False,0.1968641114982578,0.0,130.0,STANDBY,False,ASTRA_SIMULATED_EPS,127.96057459726434,0.00382764989293598,-0.0012358200154402254,-0.008550410224059845,0.22588423935408064,32.1858709203304,0.13235311745514536,3.219013934090902,0.4928757650961346,10.203980476651475,0.36100079670461327,103.56706767254263,15.544134948707097,-5.827532416648294e-05
1140.0,ASTRA-SC-01,EPS,32.15973056883538,4.0027253034187416,9.525441859947378,39.99981215405524,0.9262403510849232,NOMINAL,0.999995303851381,0.0450002535920254,1.0,False,0.1986062717770035,0.0,130.0,STANDBY,False,ASTRA_SIMULATED_EPS,128.72656729900658,0.012649163305808741,0.0008106624558025466,-0.01125445486336094,0.24268921921594017,32.179702880682704,0.13118938828796645,3.289290689930822,0.5256257954145138,10.12138212693791,0.3653266817621292,105.80896228448097,16.623065493357885,-1.763505677168511e-05
1150.0,ASTRA-SC-01,EPS,32.15457608981269,3.979323897773492,9.40204075738608,39.99980992325635,0.9259614859235972,NOMINAL,0.9999952480814088,0.0450002566036039,1.0,False,0.2003484320557491,0.0,130.0,STANDBY,False,ASTRA_SIMULATED_EPS,127.95347305696777,-0.0005154479022685621,-0.0023401405645249616,-0.012340110256129754,0.2594941990777997,32.18546756145877,0.12779117169217297,3.359800098511365,0.5434276972040467,10.035545640592598,0.3734554551665429,108.09300499622434,17.183659755761397,0.0004327884314925653
1160.0,ASTRA-SC-01,EPS,31.99913414529888,4.010487426291351,9.41160343478586,39.999807692345655,0.9256826067695932,NOMINAL,0.9999951923086414,0.0450002596153333,1.0,False,0.2020905923344947,0.0,130.0,STANDBY,False,ASTRA_SIMULATED_EPS,128.33212514193139,-0.015544194451381443,0.0031163528517859085,0.0009562677399779674,0.27629917893965916,32.16549915263424,0.1321672805265337,3.431672988458131,0.554051549689422,9.957813017988157,0.37391930471773976,110.33431999927525,17.50331250090817,1.4352050871897367e-05
1170.0,ASTRA-SC-01,EPS,32.34877712078096,4.03755210542555,9.311925280427149,39.99980546132315,0.9254037136199608,NOMINAL,0.9999951365330788,0.0450002626272137,1.0,False,0.2038327526132404,0.0,130.0,STANDBY,False,ASTRA_SIMULATED_EPS,130.60987317195102,0.034964297548208026,0.0027064679134198855,-0.009967815435871153,0.2931041588015187,32.161757816865766,0.12553431677978275,3.506091174522127,0.5555653800830361,9.877354766312214,0.3744311620312653,112.73072782720334,17.664559342201564,-6.380858941089051e-06
1180.0,ASTRA-SC-01,EPS,32.106414781707905,3.9910985218834463,9.243077374014494,39.9998032301888,0.925124806471746,NOMINAL,0.99999508075472,0.0450002656392451,1.0,False,0.205574912891986,0.0,130.0,STANDBY,False,ASTRA_SIMULATED_EPS,128.13986457825123,-0.024236233907305404,-0.00464535835421036,-0.006884790641265503,0.3099091386633782,32.157821743073065,0.12633314554993016,3.576915154612199,0.5443079699198186,9.795805592064966,0.3701796264817695,114.99310417634942,17.29150900649953,9.205779884175406e-06
1190.0,ASTRA-SC-01,EPS,32.060843940751475,4.0245390732967845,9.126936076311711,39.9998009989426,0.924845885321992,NOMINAL,0.9999950249735648,0.0450002686514274,1.0,False,0.2073170731707317,0.0,130.0,STANDBY,False,ASTRA_SIMULATED_EPS,129.03011916242477,-0.00455708409564295,0.003344055141333824,-0.011614129770278226,0.32671411852523774,32.139898382829976,0.11906981497199835,3.6486094276331316,0.5262360931723007,9.711148287167617,0.3681183692223305,117.23882484573691,16.735893195781564,4.896214683851493e-05
1200.0,ASTRA-SC-01,EPS,32.188385577176895,4.055092056961478,9.08736546818274,39.9997987675845,0.924566950167738,NOMINAL,0.9999949691896124,0.0450002716637609,1.0,False,0.2090592334494773,0.0,130.0,STANDBY,False,ASTRA_SIMULATED_EPS,130.52686668042344,0.012754163642541982,0.003055298366469383,-0.003957060812897062,0.34351909838709727,32.13919041576984,0.11872434443625576,3.722505866931711,0.4976736187418174,9.634548186916389,0.3705587075776041,119.61534579873114,15.84107804000965,-1.749513459420525e-05
1210.0,ASTRA-SC-01,EPS,32.16742739503559,4.034159232324293,8.997457389511734,39.99979653611449,0.9242880010060208,NOMINAL,0.9999949134028624,0.0450002746762454,1.0,False,0.2108013937282229,0.0,130.0,STANDBY,False,ASTRA_SIMULATED_EPS,129.7685242058042,-0.0020958182141306734,-0.0020932824637185377,-0.008990807867100692,0.36032407824895674,32.1339113050268,0.11531820349138909,3.7960643581365114,0.45171455749960926,9.55589193445754,0.3723376315781779,121.96606130182487,14.399817347141507,0.00010647249833830718
1220.0,ASTRA-SC-01,EPS,32.136922453015146,4.017364905062353,8.947324349244154,39.99979430453255,0.924009037833873,NOMINAL,0.9999948576133136,0.045000277688881,1.0,False,0.2125435540069686,0.0,130.0,STANDBY,False,ASTRA_SIMULATED_EPS,129.10574441945337,-0.0030504942020442628,-0.001679432726194019,-0.005013304026758014,0.37712905811081626,32.1237700857451,0.1070971830311376,3.8693982514031813,0.3829232601828658,9.472523310292068,0.35805815931406726,124.29320139086263,12.252341468513231,7.315476739508248e-05
1230.0,ASTRA-SC-01,EPS,31.974962250235937,4.017865457837539,8.892468128684712,39.99979207283865,0.9237300606483242,NOMINAL,0.9999948018209662,0.0450002807016678,1.0,False,0.2142857142857142,0.0,130.0,STANDBY,False,ASTRA_SIMULATED_EPS,128.47109634088224,-0.016196020277920907,5.0055277518623595e-05,-0.005485622055944184,0.3939340379726758,32.12009290542455,0.11140270985638523,3.943277576919013,0.2767058391070281,9.393878905684781,0.34631072938057617,126.64479063354032,8.739179894480277,1.3779273301893611e-05
1240.0,ASTRA-SC-01,EPS,32.33003900192829,4.041517677583184,8.9005590876423,39.999789841032765,0.9234510694464004,NOMINAL,0.9999947460258192,0.0450002837146057,1.0,False,0.2160278745644599,0.0,130.0,STANDBY,False,ASTRA_SIMULATED_EPS,130.662424143247,0.035507675169235496,0.002365221974564502,0.0008090958957588157,0.41073901783453526,32.12087694910418,0.1129280953621235,4.016316176083429,0.022155952562511624,9.322792777621425,0.32931796902241617,129.00844113778265,0.9736407314958775,-6.285418226139154e-06
1250.0,ASTRA-SC-01,EPS,31.972177354416715,4.0395388684515865,8.72760160291621,39.999787609114875,0.9231720642251248,NOMINAL,0.999994690227872,0.0450002867276949,1.0,False,0.2177700348432055,0.0,130.0,STANDBY,False,ASTRA_SIMULATED_EPS,129.15285313219394,-0.03578616475115766,-0.00019788091315975365,-0.017295748472609063,0.4275439976963948,32.110041922975974,0.11913318358419428,4.019476332736037,0.02183909671099016,9.247203346244381,0.32696728835680394,129.06622332326052,0.9532161209638533,6.2368177901619126e-06
1260.0,ASTRA-SC-01,EPS,32.44491382941927,3.9975759295618736,8.602184578159953,39.999785377084955,0.9228930449815166,NOMINAL,0.999994634427124,0.0450002897409353,1.0,False,0.2195121951219512,0.0,130.0,STANDBY,False,ASTRA_SIMULATED_EPS,129.70100656119564,0.047273647500255575,-0.004196293888971292,-0.012541702475625627,0.4443489775582543,32.13816705873602,0.1442720565449432,4.016695734249834,0.021792066321047437,9.169164153774469,0.33221992351534707,129.08961248136023,0.9649134801725413,-4.721509845158304e-06
1270.0,ASTRA-SC-01,EPS,31.99557505982156,3.9647681368959353,8.543819671942652,39.99978314494299,0.9226140117125916,NOMINAL,0.9999945786235748,0.0450002927543269,1.0,False,0.2212543554006968,0.0,130.0,STANDBY,False,ASTRA_SIMULATED_EPS,126.85503651884278,-0.04493387695977091,-0.0032807792665938253,-0.005836490621730128,0.46115395742011384,32.1382079002676,0.14422870172050475,4.013881818108555,0.025539556885483785,9.09051943118254,0.33125133003448115,128.99974326732266,1.1058624866464983,4.96761489860407e-06
1280.0,ASTRA-SC-01,EPS,31.968204975835224,4.022032646148516,8.513331608317433,39.999780912688934,0.9223349644153632,NOMINAL,0.9999945228172232,0.0450002957678699,1.0,False,0.2229965156794425,0.0,130.0,STANDBY,False,ASTRA_SIMULATED_EPS,128.57716405157672,-0.0027370083986337336,0.005726450925258098,-0.0030488063625218943,0.47795893728197336,32.13387230293812,0.14852306394873907,4.015709415927741,0.025038586336066215,9.015542444498303,0.32571752383149044,129.04084923094348,1.0755198715132905,8.155817335470618e-05
1290.0,ASTRA-SC-01,EPS,32.389297527103565,4.042309220833147,8.393733772711698,39.999778680322784,0.92205590308684,NOMINAL,0.9999944670080696,0.0450002987815642,1.0,False,0.2247386759581881,0.0,130.0,STANDBY,False,ASTRA_SIMULATED_EPS,130.927556050119,0.0421092551268341,0.002027657468463051,-0.011959783560573456,1.6608668452617845,32.14917676682267,0.16254392886428812,4.018348343755369,0.025650862728583457,8.940095238682591,0.3302110874756157,129.18758181435098,1.175108950558559,-5.301366986874074e-06
1300.0,ASTRA-SC-01,EPS,31.94243668389703,4.031006646990468,8.283100389978463,39.99977644784451,0.9217768277240284,NOMINAL,0.9999944111961128,0.0450003017954099,1.0,False,0.2264808362369338,0.0,130.0,STANDBY,False,ASTRA_SIMULATED_EPS,128.76017459386108,-0.044686084320653664,-0.0011302573842678853,-0.011063338273323531,2.843774753241596,32.13503413976163,0.17104709126968545,4.021793860369834,0.0234075477869545,8.865499214188752,0.34448005727108516,129.24136191681052,1.132273397554307,4.995913844982889e-06
1310.0,ASTRA-SC-01,EPS,32.37868524647632,4.048461928116739,8.252383553432738,39.999774215254085,0.9214977383239308,NOMINAL,0.999994355381352,0.0450003048094069,1.0,False,0.2282229965156794,0.0,130.0,STANDBY,False,ASTRA_SIMULATED_EPS,131.08387450283453,0.043624856257929424,0.0017455281126270705,-0.0030716836545725103,4.026682661221407,32.16033754650679,0.1774607846942381,4.024325493824859,0.024139474154089208,8.78821788876521,0.3432435706220144,129.42481187420404,1.1955851964975681,-5.117702651492112e-06
1320.0,ASTRA-SC-01,EPS,31.808373700599336,4.053042509248737,8.197042105821025,39.999771982551486,0.9212186348835466,NOMINAL,0.9999942995637872,0.0450003078235554,1.0,False,0.229965156794425,0.0,130.0,STANDBY,False,ASTRA_SIMULATED_EPS,128.92069075859868,-0.057031154587698654,0.00045805811319983293,-0.005534144761171334,5.209590569201218,32.12431065182802,0.19082389788017007,4.0253581874130715,0.02505953746839124,8.713892343791468,0.3424471969255759,129.3121997133139,1.1548494276390013,3.914882339213512e-06
1330.0,ASTRA-SC-01,EPS,32.28006455473971,3.9792543252039314,8.09992290670747,39.99976974973669,0.9209395173998716,NOMINAL,0.9999942437434172,0.0450003108378554,1.0,False,0.2317073170731707,0.0,130.0,STANDBY,False,ASTRA_SIMULATED_EPS,128.4505864973101,0.047169085414037325,-0.007378818404480558,-0.009711919911355515,6.39249847718103,32.13588730336347,0.19488483288192276,4.024568574301104,0.02636856211098819,8.637682045971,0.3434678908473135,129.33291450791782,1.134933979565445,-4.73364020926484e-06
1340.0,ASTRA-SC-01,EPS,32.080679201248095,4.02064975856253,8.034706092893268,39.99976751680968,0.9206603858698978,NOMINAL,0.999994187920242,0.0450003138523069,1.0,False,0.2334494773519163,0.0,130.0,STANDBY,False,ASTRA_SIMULATED_EPS,128.98517508502013,-0.019938535349161412,0.004139543335859841,-0.00652168138142013,5.777032099083443,32.13720965406325,0.19440597659836154,4.024309286652154,0.02638798799294963,8.564866713743102,0.34808271731186174,129.32991823609086,1.1358494289021777,1.1199052339667066e-05
1350.0,ASTRA-SC-01,EPS,32.17807184830243,3.99287722856876,7.977602625412766,39.999765283770415,0.9203812402906149,NOMINAL,0.9999941320942604,0.0450003168669099,1.0,False,0.235191637630662,0.0,130.0,STANDBY,False,ASTRA_SIMULATED_EPS,128.48309034233625,0.00973926470543347,-0.002777252999376989,-0.005710346748050199,5.161565720985857,32.13652207213828,0.19423020667647956,4.020161631425973,0.026091750767705597,8.490882524225105,0.34703142610359355,129.19366648021838,1.1041518639241024,-2.2928212095073578e-05
1360.0,ASTRA-SC-01,EPS,32.0958046215235,4.032786975232422,7.948008497534867,39.99976305061888,0.920102080659008,NOMINAL,0.999994076265472,0.0450003198816645,1.0,False,0.2369337979094076,0.0,130.0,STANDBY,False,ASTRA_SIMULATED_EPS,129.43554283728454,-0.00822672267789315,0.003990974666366176,-0.0029594127877898835,4.5460993428882706,32.13174722057081,0.19429653483547868,4.020070147619848,0.0260415236411795,8.42091926475998,0.3433763657145731,129.17146772231706,1.0950789187201921,2.7145093147671114e-05
1370.0,ASTRA-SC-01,EPS,31.894490264115632,3.981570196863346,7.9042110826502,39.99976081735506,0.91982290697206,NOMINAL,0.9999940204338764,0.0450003228965706,1.0,False,0.2386759581881533,0.0,130.0,STANDBY,False,ASTRA_SIMULATED_EPS,126.99015187975095,-0.020131435740786685,-0.005121677836907557,-0.00437974148846676,3.930632964790684,32.11558507464417,0.20369126922664357,4.017683833739914,0.027882103594180113,8.351378380320384,0.3346691983775791,129.03042821967023,1.2318455048086772,1.1093415540445408e-05
1380.0,ASTRA-SC-01,EPS,32.12649142126479,4.0014912111226515,7.8459770895832,39.99975858397892,0.9195437192267492,NOMINAL,0.999993964599473,0.0450003259116284,1.0,False,0.2404181184668989,0.0,130.0,STANDBY,False,ASTRA_SIMULATED_EPS,128.5538730663983,0.023200115714915627,0.001992101425930537,-0.005823399306699973,4.06654989806589,32.125687019379434,0.1999420084797447,4.0165922172922555,0.028193283717165875,8.281612311046949,0.32267756964892896,129.03594666803798,1.2293436905356843,-9.626573293955669e-06
1390.0,ASTRA-SC-01,EPS,32.09009694675525,4.050084725226049,7.700079864689737,39.99975635049043,0.9192645174200512,NOMINAL,0.9999939087622608,0.0450003289268379,1.0,False,0.2421602787456446,0.0,130.0,STANDBY,False,ASTRA_SIMULATED_EPS,129.96761147507652,-0.003639447450953526,0.004859351410339751,-0.014589722489346268,4.202466831341096,32.10969088236789,0.19186008091411078,4.01716335380178,0.028814225179693835,8.201580362850112,0.30667567539308654,128.98962582349327,1.1755967711932627,6.136888957980869e-05
1400.0,ASTRA-SC-01,EPS,32.40033752978282,4.064748885322229,7.612731832766439,39.99975411688959,0.9189853015489384,NOMINAL,0.9999938529222396,0.045000331942199,1.0,False,0.2439024390243902,0.0,130.0,STANDBY,False,ASTRA_SIMULATED_EPS,131.69923585824867,0.03102405830275643,0.0014664160096179656,-0.008734803192329822,4.338383764616302,32.13823489405897,0.20154548641326256,4.018844021593155,0.03087414950679473,8.127255711506795,0.3051792819347271,129.15938467189693,1.3688227774554538,-7.199576588952446e-06
1410.0,ASTRA-SC-01,EPS,32.22403215191063,4.037087969770804,7.622278825003288,39.99975188317635,0.9187060716103792,NOMINAL,0.9999937970794088,0.0450003349577119,1.0,False,0.2456445993031359,0.0,130.0,STANDBY,False,ASTRA_SIMULATED_EPS,130.09125253798598,-0.01763053778721897,-0.0027660915551424915,0.0009546992236848517,4.4743006978915085,32.123509448891724,0.18492175610634312,4.021478157607084,0.030614437918722318,8.06192866129635,0.30110645873595554,129.18540107034963,1.3834824537889683,1.2669569506171734e-05
1420.0,ASTRA-SC-01,EPS,31.91189302202449,4.038312188665044,7.535626250506769,39.9997496493507,0.918426827601339,NOMINAL,0.9999937412337676,0.0450003379733765,1.0,False,0.2473867595818815,0.0,130.0,STANDBY,False,ASTRA_SIMULATED_EPS,128.87018655421647,-0.031213912988613757,0.0001224218894240181,-0.008665257449651876,4.610217631166714,32.117930646371924,0.19024274737261496,4.026381094391692,0.026495538226819212,7.9947157665339565,0.298367352199699,129.3197444060412,1.2303997918730578,7.156506315131529e-06
1430.0,ASTRA-SC-01,EPS,31.78298642410839,3.991583569214315,7.30979123923422,39.99974741541261,0.9181475695187796,NOMINAL,0.9999936853853152,0.0450003409891929,1.0,False,0.2491289198606271,0.0,130.0,STANDBY,False,ASTRA_SIMULATED_EPS,126.86444639103269,-0.012890659791609948,-0.0046728619450728814,-0.022583501127254914,4.74613456444192,32.10558274292347,0.20601231513237236,4.024351155929412,0.02797746369457884,7.914479741928409,0.31051972540308537,129.2055632286716,1.375185018992588,1.7329897201742133e-05
1440.0,ASTRA-SC-01,EPS,32.02012018406377,4.039509141145993,7.416108041648245,39.99974518136205,0.9178682973596596,NOMINAL,0.9999936295340514,0.0450003440051612,1.0,False,0.2508710801393728,0.0,130.0,STANDBY,False,ASTRA_SIMULATED_EPS,129.34556818411892,0.023713375995538043,0.004792557193167823,0.010631680241402552,4.882051497717127,32.08097092005415,0.19121765433980084,4.024164483950268,0.027858171885543827,7.849304693190846,0.3052970589735604,129.10009737093824,1.2918251239922105,-9.421056519480356e-06
1450.0,ASTRA-SC-01,EPS,32.07354378302282,4.062588053572358,7.20141145658001,39.99974294719901,0.917589011120934,NOMINAL,0.9999935736799752,0.0450003470212813,1.0,False,0.2526132404181184,0.0,130.0,STANDBY,False,ASTRA_SIMULATED_EPS,130.3015958086385,0.005342359895904991,0.0023078912426364616,-0.021469658506823565,5.017968430992333,32.0897113933292,0.18739114331826823,4.026269911055727,0.029554008102904844,7.777192097630949,0.32276391880682365,129.20285878525675,1.3237668787812142,-4.18197778653877e-05
1460.0,ASTRA-SC-01,EPS,31.786969054164334,4.02050378249453,7.219234626416336,39.99974071292346,0.9173097107995544,NOMINAL,0.9999935178230864,0.0450003500375533,1.0,False,0.2543554006968641,0.0,130.0,STANDBY,False,ASTRA_SIMULATED_EPS,127.79962931630429,-0.028657472885848634,-0.004208427107782775,0.0017823169836326258,5.153885364267539,32.050263647175065,0.18447247845226153,4.024406034680913,0.028929475353856093,7.708315502496522,0.3243478623800439,128.98390910615473,1.2605206088328487,7.796484908050335e-06
1470.0,ASTRA-SC-01,EPS,32.05313674615825,3.9701866483140034,7.125378148477665,39.99973847853538,0.9170303963924692,NOMINAL,0.9999934619633843,0.0450003530539772,1.0,False,0.2560975609756097,0.0,130.0,STANDBY,False,ASTRA_SIMULATED_EPS,127.25693554618044,0.026616769199391755,-0.0050317134180526855,-0.009385647793867058,5.289802297542745,32.06658118354566,0.17194785605645474,4.018882310618598,0.0309132714092101,7.636871238673632,0.32702331994638206,128.87299209199352,1.3373393957251354,-8.394663032143492e-06
1480.0,ASTRA-SC-01,EPS,31.84764854089017,4.039120312337178,7.078154322301688,39.99973624403473,0.9167510678966228,NOMINAL,0.9999934061008682,0.0450003560705531,1.0,False,0.2578397212543554,0.0,130.0,STANDBY,False,ASTRA_SIMULATED_EPS,128.63648412168496,-0.020548820526808242,0.006893366402317458,-0.00472238261759772,2.9809557954006336,32.03775344928902,0.16983514930281327,4.022873376427481,0.029251489925724253,7.568753333046579,0.3300829478445623,128.88538526695186,1.3340025407674188,1.087410659700559e-05
1490.0,ASTRA-SC-01,EPS,31.9044504531057,4.009602013791331,6.937040950321273,39.999734009421495,0.9164717253089572,NOMINAL,0.9999933502355374,0.0450003590872809,1.0,False,0.259581881533101,0.0,130.0,STANDBY,False,ASTRA_SIMULATED_EPS,127.92414878567836,0.005680191221552988,-0.002951829854584709,-0.014111337198041519,2.8518487459889976,32.02600486607953,0.17272445472499753,4.022136860109401,0.029449888461776878,7.495575656875114,0.34090117023439337,128.81465018032904,1.3562775917083523,-3.934045786222709e-05
1500.0,ASTRA-SC-01,EPS,32.04340121318359,4.046696264548945,6.871078993708585,39.999731774695654,0.9161923686264098,NOMINAL,0.9999932943673914,0.0450003621041608,1.0,False,0.2613240418118467,0.0,130.0,STANDBY,False,ASTRA_SIMULATED_EPS,129.6699119928332,0.013895076007789341,0.003709425075761441,-0.006596195661268745,2.7227416965773616,32.01702682373828,0.16768199255619748,4.0257247958414135,0.028903882700167405,7.421807414761502,0.34877441449422647,128.8937716236955,1.3701012079544428,-1.608286158038279e-05
1510.0,ASTRA-SC-01,EPS,32.13258117141399,4.00959485112727,6.811271275812816,39.99972953985718,0.9159129978459156,NOMINAL,0.9999932384964296,0.0450003651211928,1.0,False,0.2630662020905923,0.0,130.0,STANDBY,False,ASTRA_SIMULATED_EPS,128.8386320183306,0.008917995823039603,-0.003710141342167539,-0.0059807717895769665,2.593634647165726,32.01947859373097,0.16917830977742437,4.024178654234404,0.029118629925980855,7.346024933313364,0.34976852763292293,128.8539775690986,1.3618855969107744,-2.5059873545606688e-05
1520.0,ASTRA-SC-01,EPS,32.033008027799745,3.997114160966943,6.753967526058286,39.99972730490605,0.9156336129644052,NOMINAL,0.9999931826226512,0.0450003681383768,1.0,False,0.2648083623693379,0.0,130.0,STANDBY,False,ASTRA_SIMULATED_EPS,128.03959000628615,-0.009957314361424352,-0.0012480690160326714,-0.005730374975452967,2.46452759775409,32.02871311130992,0.1656114267344963,4.025214918507976,0.02773783262768443,7.26934202954057,0.3447036513051848,128.92394011086762,1.2840286170167698,2.244532053903979e-05
1530.0,ASTRA-SC-01,EPS,31.856565204205587,4.072664932205719,6.714333197994053,39.999725069842235,0.9153542139788068,NOMINAL,0.999993126746056,0.0450003711557129,1.0,False,0.2665505226480836,0.0,130.0,STANDBY,False,ASTRA_SIMULATED_EPS,129.74111596769302,-0.017644282359415796,0.0075550771238776186,-0.003963432806423306,2.335420548342454,32.01071803017263,0.1688610978535336,4.029959833246847,0.029425935224807603,7.193899103434628,0.33312811620163,129.00308963762058,1.2961225113019053,1.2667354625430247e-05
1540.0,ASTRA-SC-01,EPS,31.934752636026015,4.028895318580747,6.638058106664961,39.99972283466571,0.9150748008860444,NOMINAL,0.9999930708666428,0.0450003741732012,1.0,False,0.2682926829268293,0.0,130.0,STANDBY,False,ASTRA_SIMULATED_EPS,128.66177539531938,0.00781874318204281,-0.004376961362497234,-0.007627509132909172,2.374359859823295,32.00036174279069,0.16840807656683396,4.02854720613716,0.028894621939037343,7.123097652899642,0.3307122567725064,128.9160338989701,1.2703088042125352,-2.8587414522089345e-05
1550.0,ASTRA-SC-01,EPS,32.00982397041463,4.039150636089437,6.6128383493487926,39.99972059937646,0.9147953736830392,NOMINAL,0.9999930149844116,0.0450003771908417,1.0,False,0.2700348432055749,0.0,130.0,STANDBY,False,ASTRA_SIMULATED_EPS,129.29250085121117,0.007507133438861402,0.0010255317508690355,-0.0025219757316168765,2.4132991713041356,31.97432750549947,0.12733535712630603,4.026840656188308,0.027316628815762394,7.056438087338465,0.3257035041335485,128.75558489850093,1.021236589580164,-2.9775536423823426e-05
1560.0,ASTRA-SC-01,EPS,31.95858954647213,4.0094622799558195,6.492682307550559,39.99971836397445,0.914515932366708,NOMINAL,0.9999929590993611,0.0450003802086344,1.0,False,0.2717770034843205,0.0,130.0,STANDBY,False,ASTRA_SIMULATED_EPS,128.13675930717037,-0.005123442394249977,-0.0029688356133617867,-0.012015604179823391,2.4522384827849764,31.956631331803575,0.10697064313755503,4.0249989435339755,0.027507008042519196,6.981131652841617,0.31597216979189985,128.6252853497799,0.9615911623794247,4.363086057157053e-05
1570.0,ASTRA-SC-01,EPS,31.67315136357056,3.9860670910196223,6.5064335177247745,39.99971612845966,0.914236476933965,NOMINAL,0.9999929032114916,0.0450003832265794,1.0,False,0.2735191637630662,0.0,130.0,STANDBY,False,ASTRA_SIMULATED_EPS,126.25130631921189,-0.028543818290156862,-0.0023395188936197187,0.0013751210174215878,2.491177794265817,31.94071522123998,0.12949285592569038,4.02151593702428,0.028969655934390996,6.912518803989485,0.29820845829619663,128.45069333411294,1.1359002140702958,7.831870176665508e-06
1580.0,ASTRA-SC-01,EPS,32.30382375684174,4.018076567680185,6.398755058890668,39.99971389283206,0.9139570073817208,NOMINAL,0.9999928473208016,0.0450003862446767,1.0,False,0.2752613240418118,0.0,130.0,STANDBY,False,ASTRA_SIMULATED_EPS,129.79923728383628,0.06306723932711762,0.0032009476660562973,-0.010767845883410666,2.530117105746658,31.975437710088865,0.15204375850520288,4.023282136922005,0.027798335249475264,6.851783058633247,0.3042310354348384,128.64634606029983,1.0951830156738918,-3.5448318676474e-06
1590.0,ASTRA-SC-01,EPS,32.08851351620003,4.101885642170681,6.357925369688219,39.99971165709164,0.9136775237068824,NOMINAL,0.9999927914272908,0.0450003892629262,1.0,False,0.2770034843205575,0.0,130.0,STANDBY,False,ASTRA_SIMULATED_EPS,131.62341287070075,-0.021531024064170623,0.008380907449049601,-0.004082968920244845,2.5690564172274986,31.97999726556462,0.15448532853606955,4.027440570323652,0.03430355150599801,6.781237547169245,0.28617851740828515,128.79820237273861,1.3314887438563972,1.0383809047497115e-05
1600.0,ASTRA-SC-01,EPS,32.016518550002935,4.0007323827937205,6.153825242483528,39.99970942123836,0.9133980259063532,NOMINAL,0.9999927355309588,0.0450003922813282,1.0,False,0.2787456445993031,0.0,130.0,STANDBY,False,ASTRA_SIMULATED_EPS,128.08952254731258,-0.007199496619709578,-0.010115325937696085,-0.02041001272046916,0.7117414371077962,31.976195583363292,0.1527102989640449,4.02331685893841,0.033484727661097,6.711398466229481,0.30361061070860534,128.65073082198356,1.2743594819094517,3.1055689007143996e-05
1610.0,ASTRA-SC-01,EPS,32.0679547276545,4.005939223588506,6.09541684382933,39.99970718527219,0.913118513977034,NOMINAL,0.9999926796318048,0.0450003952998825,1.0,False,0.2804878048780488,0.0,130.0,STANDBY,False,ASTRA_SIMULATED_EPS,128.46227766377163,0.005143617765156705,0.0005206840794785173,-0.005840839865419767,0.949080289343126,31.994927961595973,0.14487325175334206,4.022345888344675,0.03378197412864313,6.63647728072368,0.30797143583518877,128.6949073784814,1.2540721255621012,-4.3470690597732634e-05
1620.0,ASTRA-SC-01,EPS,31.930159258749388,3.997970909781618,6.1834491351367875,39.99970494919313,0.9128389879158209,NOMINAL,0.9999926237298282,0.0450003983185892,1.0,False,0.2822299651567944,0.0,130.0,STANDBY,False,ASTRA_SIMULATED_EPS,127.65584786117425,-0.01377954689051144,-0.0007968313806887561,0.008803229130745738,1.1864191415784557,31.98672946243538,0.14482356716046363,4.024198172442515,0.03139516998575446,6.5736820131676215,0.29699824817390924,128.7215015328143,1.2252996572241666,1.6227522429611415e-05
1630.0,ASTRA-SC-01,EPS,32.17327887458855,4.025148581634651,6.105831855865,39.999702713001135,0.9125594477196072,NOMINAL,0.9999925678250284,0.0450004013374484,1.0,False,0.28397212543554,0.0,130.0,STANDBY,False,ASTRA_SIMULATED_EPS,129.50222782858617,0.02431196158391593,0.0027177671853033216,-0.0077617279271787075,1.4237579938137856,32.00843815134861,0.14687757080862532,4.023266723729013,0.031126943824660806,6.508860515405176,0.28489039148914586,128.77921777994104,1.2412944744122636,-9.197908561596223e-06
1640.0,ASTRA-SC-01,EPS,32.04282082884608,4.00391012650893,6.040913039341832,39.99970047669619,0.9122798933852828,NOMINAL,0.9999925119174048,0.0450004043564601,1.0,False,0.2857142857142857,0.0,130.0,STANDBY,False,ASTRA_SIMULATED_EPS,128.2965747985281,-0.013045804574246488,-0.0021238455125721424,-0.006491881652316867,1.6610968460491153,32.017662843064635,0.1442009001260295,4.022887264576853,0.031339393928896134,6.449118654673213,0.2826375138043577,128.8040461807977,1.2266074622746834,1.7141947291675038e-05
1650.0,ASTRA-SC-01,EPS,32.1150881222014,3.999690948653164,5.888341200048199,39.999698240278256,0.9120003249097344,NOMINAL,0.9999924560069564,0.0450004073756243,1.0,False,0.2874564459930314,0.0,130.0,STANDBY,False,ASTRA_SIMULATED_EPS,128.45042727756768,0.007226729335531701,-0.00042191778557656436,-0.015257183929363283,1.898435698284445,32.02244197033249,0.1462876849657797,4.0197535768504675,0.031138064873457067,6.38360280176252,0.2915979889322639,128.72274719978,1.2053482600080796,-3.094647427021096e-05
1660.0,ASTRA-SC-01,EPS,31.88692185105734,3.9912096546130136,5.877446943939446,39.99969600374733,0.9117207422898445,NOMINAL,0.9999924000936832,0.0450004103949411,1.0,False,0.289198606271777,0.0,130.0,STANDBY,False,ASTRA_SIMULATED_EPS,127.26739034783073,-0.022816627114405817,-0.0008481294040150634,-0.0010894256108753275,2.1357745505197747,32.00606468230871,0.14682668122783715,4.01852789708285,0.03191856669924516,6.321347846304295,0.29344866387451224,128.61799775508,1.2615225940316794,9.802197816923864e-06
1670.0,ASTRA-SC-01,EPS,32.33124409720682,3.9910154857002578,5.792744618677172,39.999693767103366,0.9114411455224922,NOMINAL,0.999992344177584,0.0450004134144104,1.0,False,0.2909407665505226,0.0,130.0,STANDBY,False,ASTRA_SIMULATED_EPS,129.03449586390747,0.04443222461494791,-1.9416891275580993e-05,-0.008470232526227407,2.3731134027551044,32.02594708693585,0.16922071350040394,4.018121318731739,0.032247960841609476,6.257266319145555,0.2971573188107067,128.68432481225474,1.2550775601140012,-5.033832954641944e-06
1680.0,ASTRA-SC-01,EPS,31.919667905361074,4.01412381503359,5.6686122334147155,39.99969153034635,0.911161534604554,NOMINAL,0.9999922882586588,0.0450004164340324,1.0,False,0.2926829268292683,0.0,130.0,STANDBY,False,ASTRA_SIMULATED_EPS,128.12949910687323,-0.041157619184574654,0.0023108329333331847,-0.012413238526245606,2.610452254990434,32.03015393367955,0.16545147694636772,4.014218577586929,0.02850004653699816,6.187551588173599,0.30483437598012547,128.57688368820013,1.2268119438112637,5.434612263580038e-06
1690.0,ASTRA-SC-01,EPS,31.883867930145087,4.027789241242579,5.590497405222233,39.99968929347625,0.9108819095329024,NOMINAL,0.9999922323369064,0.045000419453807,1.0,False,0.2944250871080139,0.0,130.0,STANDBY,False,ASTRA_SIMULATED_EPS,128.42150021823767,-0.003579997521598699,0.0013665426208989474,-0.007811482819248284,2.847791107225764,32.02676161995415,0.16804851499369736,4.014144839097718,0.028460764674420217,6.117714208077417,0.3141081062997211,128.56086534306135,1.2271929131959405,6.248244815472741e-05
1700.0,ASTRA-SC-01,EPS,32.063857128929826,4.025510708328787,5.554087226160387,39.99968705649306,0.910602270304406,NOMINAL,0.9999921764123264,0.0450004224737343,1.0,False,0.2961672473867596,0.0,130.0,STANDBY,False,ASTRA_SIMULATED_EPS,129.07340022283134,0.017998919878473886,-0.00022785329137917643,-0.0036410179061845405,3.0851299594610935,32.030363830521836,0.16823852146831986,4.0132355105803414,0.027815337093611284,6.047130799864857,0.3138575462754275,128.54625863450266,1.21914007732465,-1.242843019228083e-05
1710.0,ASTRA-SC-01,EPS,31.873613920351907,4.012479981922372,5.537970171990969,39.999684819396734,0.9103226169159304,NOMINAL,0.9999921204849184,0.0450004254938144,1.0,False,0.2979094076655052,0.0,130.0,STANDBY,False,ASTRA_SIMULATED_EPS,127.89223780693428,-0.01902432085779182,-0.001303072640641556,-0.0016117054169418666,3.322468811696423,32.02469878878048,0.1722117462188241,4.013436690711445,0.027797004128614678,5.9834833241608845,0.31385337938052776,128.52995720115362,1.2266185484265633,1.1759138955853033e-05
1720.0,ASTRA-SC-01,EPS,32.09745338439963,4.002609050488985,5.4395090028634465,39.999682582187255,0.910042949364338,NOMINAL,0.9999920645546814,0.0450004285140472,1.0,False,0.2996515679442508,0.0,130.0,STANDBY,False,ASTRA_SIMULATED_EPS,128.47355741404627,0.022383946404772103,-0.0009870931433386687,-0.009846116912752213,3.5598076639317533,32.05298559016909,0.14265389923074837,4.014539488009403,0.026948798696599392,5.912355023170128,0.3077101885280016,128.67810727414255,1.0537689947154303,-9.994705305981184e-06
1730.0,ASTRA-SC-01,EPS,32.135897290594436,3.985420840831122,5.396227500025981,39.99968034486459,0.9097632676464872,NOMINAL,0.9999920086216147,0.0450004315344328,1.0,False,0.3013937282229965,0.0,130.0,STANDBY,False,ASTRA_SIMULATED_EPS,128.07507480074347,0.00384439061948072,-0.0017188209657863051,-0.004328150283746534,3.797146516167083,32.04179049241927,0.12732873666324704,4.012362439552799,0.02794333564531921,5.84551985257915,0.30336168497053306,128.56316310860305,1.01610392348822,-5.819706899764329e-05
1740.0,ASTRA-SC-01,EPS,31.907903680093018,4.04193204106673,5.26558849380352,39.999678107428736,0.9094835717592328,NOMINAL,0.9999919526857184,0.0450004345549712,1.0,False,0.3031358885017421,0.0,130.0,STANDBY,False,ASTRA_SIMULATED_EPS,128.969578247839,-0.022799361050141798,0.005651120023560763,-0.013063900622246116,4.034485368402413,32.0297498366788,0.13107916834258726,4.008365532812535,0.01592829618767573,5.772697394186837,0.3026797785670187,128.38624080041225,0.5846282505356774,9.81359018351718e-06
1750.0,ASTRA-SC-01,EPS,31.723430310262255,3.9868774966648513,5.241022052336539,39.999675869879646,0.9092038616994268,NOMINAL,0.9999918967469912,0.0450004375756624,1.0,False,0.3048780487804878,0.0,130.0,STANDBY,False,ASTRA_SIMULATED_EPS,126.47743042100025,-0.018447336983076212,-0.00550545444018784,-0.002456644146698128,3.350738287545761,32.010210620696085,0.15317458482912674,4.007441873737277,0.016781414462684337,5.711843848177037,0.3121908297365343,128.27876799199143,0.7637932570458595,1.2129388063244454e-05
1760.0,ASTRA-SC-01,EPS,32.0522448007637,4.0052616234271765,5.205587708454603,39.999673632217295,0.9089241374639172,NOMINAL,0.9999918408054324,0.0450004405965066,1.0,False,0.3066202090592334,0.0,130.0,STANDBY,False,ASTRA_SIMULATED_EPS,128.3776260451921,0.032881449050144694,0.001838412676232526,-0.0035434343881935782,3.4043671046125277,32.0091632922367,0.15280482066957626,4.007396700393189,0.01678665950696166,5.6525219058187215,0.31857542745991685,128.2731245507528,0.7626523895370797,-6.805242515654762e-06
1770.0,ASTRA-SC-01,EPS,31.743109613887437,4.026538762168877,5.04832101941489,39.99967139444167,0.9086443990495487,NOMINAL,0.9999917848610418,0.0450004436175037,1.0,False,0.3083623693379791,0.0,130.0,STANDBY,False,ASTRA_SIMULATED_EPS,127.8148612920933,-0.030913518687626505,0.002127713874170034,-0.01572666890397132,3.4579959216792946,31.996693315912573,0.16671207062544027,4.0093012238856724,0.01725492057771785,5.576846698103929,0.3182696716058632,128.2837254461474,0.754521151825321,7.238825343238705e-06
1780.0,ASTRA-SC-01,EPS,31.903062278228393,4.029595766768758,5.00123790587771,39.99966915655274,0.9083646464531624,NOMINAL,0.9999917289138184,0.0450004466386538,1.0,False,0.3101045296167247,0.0,130.0,STANDBY,False,ASTRA_SIMULATED_EPS,128.55644470330918,0.01599526643409561,0.00030570045998814523,-0.004708311353717942,3.511624738746061,31.97867887615523,0.1607609836237487,4.009597702894613,0.01758177466293483,5.503207101438109,0.3149032170703448,128.2206732377956,0.6813969045944465,-1.399094499370818e-05
1790.0,ASTRA-SC-01,EPS,31.9441922835894,4.053909368809377,4.950973264969818,39.99966691855048,0.908084879671596,NOMINAL,0.999991672963762,0.0450004496599568,1.0,False,0.3118466898954704,0.0,130.0,STANDBY,False,ASTRA_SIMULATED_EPS,129.49886037749127,0.004113000536100486,0.00243136020406185,-0.00502646409078924,3.565253555812828,31.972103639804782,0.15996516204547612,4.012930985714643,0.020860380765938095,5.430544449813309,0.3076330288397809,128.30082560972647,0.7574326777506037,-5.441288519936777e-05
1800.0,ASTRA-SC-01,EPS,32.137811877437365,4.000406774942558,4.942039431157551,39.99966468043486,0.9078050987016836,NOMINAL,0.9999916170108716,0.0450004526814129,1.0,False,0.313588850174216,0.0,130.0,STANDBY,False,ASTRA_SIMULATED_EPS,128.56432036632984,0.019361959384796634,-0.005350259386681877,-0.0008933833812267089,3.6188823728795945,31.97361855682051,0.16151607088656958,4.012978707467268,0.02082872315095542,5.3674576652205985,0.30405512645577004,128.30841848231063,0.7596072157262652,-1.1559344668924424e-05
1810.0,ASTRA-SC-01,EPS,32.233104289865196,3.9668666209415098,4.8116074439916074,39.99966244220587,0.9075253035402556,NOMINAL,0.9999915610551467,0.045000455703022,1.0,False,0.3153310104529617,0.0,130.0,STANDBY,False,ASTRA_SIMULATED_EPS,127.86442549679283,0.009529241242783116,-0.003354015400104826,-0.01304319871659434,3.0320433223721093,31.99669738607437,0.17259598108889002,4.0113558385558346,0.02343170505109387,5.296401698557409,0.3008843426339921,128.34822082557477,0.7155253068819128,-2.3488008511064008e-05
1820.0,ASTRA-SC-01,EPS,32.093121042755214,4.024114699852821,4.806083648025872,39.99966020386346,0.9072454941841394,NOMINAL,0.9999915050965866,0.0450004587247843,1.0,False,0.3170731707317073,0.0,130.0,STANDBY,False,ASTRA_SIMULATED_EPS,129.14640015230717,-0.013998324710998133,0.005724807891131123,-0.0005523795965735268,2.4452042718646245,31.980822515777596,0.1489599813628263,4.013562452832673,0.022932585380422973,5.230624300513989,0.29235435102868834,128.35568111146807,0.7237280704024657,1.59900734558055e-05
1830.0,ASTRA-SC-01,EPS,31.90250347653367,4.031602206050176,4.7159873468919065,39.99965796540763,0.9069656706301586,NOMINAL,0.9999914491351908,0.0450004617466996,1.0,False,0.3188153310104529,0.0,130.0,STANDBY,False,ASTRA_SIMULATED_EPS,128.61820339451657,-0.01906175662215439,0.0007487506197355387,-0.009009630113396571,2.366734350215348,31.979678220522434,0.1495281648159159,4.014727678900445,0.023402380683258242,5.167115974745802,0.2938796017995776,128.38826139731097,0.7238187422547318,1.1743177081127359e-05
1840.0,ASTRA-SC-01,EPS,32.18432004673896,4.036027201980725,4.677066447623054,39.99965572683835,0.9066858328751336,NOMINAL,0.9999913931709586,0.0450004647687682,1.0,False,0.3205574912891986,0.0,130.0,STANDBY,False,ASTRA_SIMULATED_EPS,129.89679118589203,0.028181657020529015,0.0004424995930548903,-0.003892089926885234,2.2882644285660714,31.99970836162869,0.1557704299898251,4.0152768762829885,0.023823669066667025,5.106220577572524,0.29451971160832474,128.48661412848793,0.8222029820123318,-7.943355774061155e-06
1850.0,ASTRA-SC-01,EPS,31.929948692922988,4.0175704131916685,4.575143308596101,39.99965348815557,0.9064059809158804,NOMINAL,0.9999913372038892,0.0450004677909899,1.0,False,0.3222996515679442,0.0,130.0,STANDBY,False,ASTRA_SIMULATED_EPS,128.28081716341538,-0.025437135381597288,-0.0018456788789056767,-0.010192313902695283,2.209794506916795,31.99078113256157,0.15566857921752347,4.014747523273846,0.0236677397726745,5.040957649734905,0.2966426219037448,128.4337752578602,0.8071291137375893,8.800844676783376e-06
1860.0,ASTRA-SC-01,EPS,32.05729198956148,4.019449823781906,4.548014209177564,39.99965124935929,0.9061261147492128,NOMINAL,0.9999912812339824,0.0450004708133649,1.0,False,0.3240418118466899,0.0,130.0,STANDBY,False,ASTRA_SIMULATED_EPS,128.85267663836797,0.012734329663848954,0.00018794105902371073,-0.0027129099418536917,2.1313245852675182,32.00302633717554,0.15299492398669837,4.015212179397817,0.023688451058695267,4.974960585547345,0.2881707619881383,128.49780451328908,0.7991568351337522,-1.7580794148239812e-05
1870.0,ASTRA-SC-01,EPS,32.3245282923953,4.052151908743761,4.454147431423813,39.99964901044948,0.9058462343719402,NOMINAL,0.999991225261237,0.0450004738358932,1.0,False,0.3257839721254355,0.0,130.0,STANDBY,False,ASTRA_SIMULATED_EPS,130.98389901927132,0.02672363028338225,0.003270208496185578,-0.00938667777537514,2.052854663618242,32.018164664375256,0.17293965925934185,4.018515036614802,0.02521064082140827,4.909269814118035,0.2870173440030743,128.6651606203041,1.0247327188972335,-8.378015202390572e-06
1880.0,ASTRA-SC-01,EPS,32.18303133643515,4.0201825126964685,4.305633966007206,39.99964677142611,0.9055663397808684,NOMINAL,0.9999911692856528,0.0450004768585747,1.0,False,0.3275261324041811,0.0,130.0,STANDBY,False,ASTRA_SIMULATED_EPS,129.38165978429905,-0.014149695596015022,-0.0031969396047292877,-0.014851346541660693,1.9743847419689655,32.021306934097964,0.1756387731398099,4.020832481405824,0.023490220115868723,4.836563578516784,0.2929237930454932,128.7522662858745,1.0265211310691713,1.5823827153203554e-05
1890.0,ASTRA-SC-01,EPS,31.828002276293283,3.983594510307124,4.327224097214385,39.99964453228915,0.9052864309728004,NOMINAL,0.9999911133072288,0.0450004798814096,1.0,False,0.3292682926829268,0.0,130.0,STANDBY,False,ASTRA_SIMULATED_EPS,126.78985514188457,-0.035502906014186666,-0.003658800238934434,0.002159013120717912,1.895914820319689,32.01598017384465,0.18046892845127838,4.016943312688517,0.02455265005958205,4.774005952077507,0.2949483440659103,128.60695141214418,1.1414128361932885,6.3069117586584125e-06
1900.0,ASTRA-SC-01,EPS,31.990537499731396,4.073025129940775,4.298573264751595,39.99964229303859,0.9050065079445352,NOMINAL,0.9999910573259648,0.0450004829043979,1.0,False,0.3310104529616725,0.0,130.0,STANDBY,False,ASTRA_SIMULATED_EPS,130.2982631567187,0.016253522343811257,0.008943061963365074,-0.00286508324627901,1.8174448986704124,32.033787319809264,0.16174759176432396,4.022686488240245,0.02697368122177203,4.711176032905178,0.2886720309661747,128.8616735945254,1.0553249529827606,-1.3777017162097351e-05
1910.0,ASTRA-SC-01,EPS,31.950900653818564,4.051924096387147,4.109264354531475,39.99964005367439,0.9047265706928678,NOMINAL,0.9999910013418596,0.0450004859275395,1.0,False,0.3327526132404181,0.0,130.0,STANDBY,False,ASTRA_SIMULATED_EPS,129.4626242604793,-0.003963684591283112,-0.0021101033553628133,-0.01893089102201202,1.6383806968534285,32.02703104334625,0.1630330334413022,4.02579731977091,0.027506058326651383,4.638087809310304,0.2933023814731111,128.93400680887788,1.0569602254257746,5.649703320937083e-05
1920.0,ASTRA-SC-01,EPS,32.02197058879552,4.050656919709431,4.083652685349463,39.999637814196525,0.9044466192145906,NOMINAL,0.9999909453549132,0.0450004889508346,1.0,False,0.3344947735191638,0.0,130.0,STANDBY,False,ASTRA_SIMULATED_EPS,129.71001674823646,0.007106993497695413,-0.00012671766777154757,-0.0025611669182011632,1.4593164950364448,32.045621775006786,0.14301517912501147,4.027405196940281,0.02824742259135596,4.573776587039275,0.3025411469120543,129.06035050595412,1.0264562006253308,-3.1510903536067256e-05
1930.0,ASTRA-SC-01,EPS,32.165541357406646,4.039985138733261,4.074744688993029,39.99963557460498,0.904166653506492,NOMINAL,0.9999908893651244,0.0450004919742832,1.0,False,0.3362369337979094,0.0,130.0,STANDBY,False,ASTRA_SIMULATED_EPS,129.94830906323293,0.014357076861112716,-0.0010671780976170275,-0.0008907996356434467,1.280252293219461,32.06312038028534,0.14035955328142463,4.028097821737914,0.028431743785338512,4.5120103725802965,0.30361156051344584,129.15314146328237,1.0404658832982987,-1.5599216795807368e-05
1940.0,ASTRA-SC-01,EPS,32.082173953176294,4.088801128438389,4.042695250723723,39.99963333489972,0.903886673565357,NOMINAL,0.9999908333724932,0.0450004949978853,1.0,False,0.337979094076655,0.0,130.0,STANDBY,False,ASTRA_SIMULATED_EPS,131.1776290625039,-0.008336740423035139,0.004881598970512791,-0.003204943826930595,1.1011880914024772,32.0723191582578,0.1364763565280625,4.030423939046515,0.03190901117866315,4.45145850496389,0.30036763760842367,129.26505937561654,1.1633422830531264,2.6865479152698564e-05
1950.0,ASTRA-SC-01,EPS,32.019027461465235,4.020321727325113,3.929367897035458,39.99963109508072,0.9036066793879668,NOMINAL,0.999990777377018,0.045000498021641,1.0,False,0.3397212543554007,0.0,130.0,STANDBY,False,ASTRA_SIMULATED_EPS,128.72679179114814,-0.006314649171105913,-0.006847940111327588,-0.011332735368826485,0.9221238895854934,32.064400197192995,0.13584949707902988,4.0317516025386855,0.03097138553475508,4.3839470693557505,0.2960009769275036,129.27589080393776,1.15709151327526,3.5470204856187485e-05
1960.0,ASTRA-SC-01,EPS,32.110447503546254,4.010544362645064,3.913861488363585,39.99962885514796,0.9033266709710996,NOMINAL,0.999990721378699,0.0450005010455502,1.0,False,0.3414634146341463,0.0,130.0,STANDBY,False,ASTRA_SIMULATED_EPS,128.7803742173577,0.009142004208101896,-0.0009777364680049415,-0.001550640867187303,0.8344893313011142,32.05622307810506,0.1284599733052286,4.034663451985589,0.026106481524452597,4.324097338980549,0.29410752416928726,129.3369540519754,1.1000461792806573,-2.450155032693099e-05
1970.0,ASTRA-SC-01,EPS,31.89966684821958,4.044340481287703,3.865553786593374,39.99962661510141,0.9030466483115296,NOMINAL,0.9999906653775352,0.045000504069613,1.0,False,0.343205574912892,0.0,130.0,STANDBY,False,ASTRA_SIMULATED_EPS,129.01311397384578,-0.021078065532667268,0.0033796118642639428,-0.0048307701770211155,0.7468547730167352,32.04332613180269,0.13407911612814222,4.036011837414581,0.026044980132991193,4.261395348218382,0.2840985233364712,129.32806830674465,1.1022314902116663,1.0627382027920276e-05
1980.0,ASTRA-SC-01,EPS,32.14025648546634,4.0196602999931095,3.774128444772212,39.99962437494104,0.9027666114060272,NOMINAL,0.999990609373526,0.0450005070938295,1.0,False,0.3449477351916376,0.0,130.0,STANDBY,False,ASTRA_SIMULATED_EPS,129.1929130262251,0.024058963724675662,-0.0024680181294593597,-0.009142534182116168,0.659220214732356,32.0591763323982,0.13024070344789448,4.03521571034411,0.026369888826871066,4.1986047547437355,0.2805101047288757,129.3663822821919,1.0856577649951757,-9.311125764719446e-06
1990.0,ASTRA-SC-01,EPS,31.816262218091538,4.0215185612340445,3.7454022944967047,39.99962213466683,0.90248656025136,NOMINAL,0.999990553366671,0.0450005101181997,1.0,False,0.3466898954703832,0.0,130.0,STANDBY,False,ASTRA_SIMULATED_EPS,127.94968905914457,-0.032399426737480044,0.00018582612409350218,-0.00287261502755074,0.5715856564479769,32.03463914382171,0.1393331529172936,4.034248467627664,0.026603053681272026,4.136493811201979,0.2699475084922465,129.23657547374208,1.133076656340886,6.914548925207768e-06
2000.0,ASTRA-SC-01,EPS,32.09208744233414,4.009697692561524,3.709095776141543,39.999619894278766,0.9022064948442918,NOMINAL,0.9999904973569692,0.0450005131427236,1.0,False,0.3484320557491289,0.0,130.0,STANDBY,False,ASTRA_SIMULATED_EPS,128.67956896700986,0.027582522424260247,-0.0011820868672520746,-0.003630651835516163,0.4839510981635978,32.04544839378244,0.13689928603803406,4.033723619585654,0.02702983217924121,4.078757309038342,0.26192370022509176,129.26315892731503,1.1135612122744685,-8.122491587433347e-06
2010.0,ASTRA-SC-01,EPS,32.18612110883027,4.043512905366232,3.698696178087752,39.9996176537768,0.9019264151815826,NOMINAL,0.99999044134442,0.0450005161674013,1.0,False,0.3501742160278746,0.0,130.0,STANDBY,False,ASTRA_SIMULATED_EPS,130.1449960772357,0.009403366649613077,0.003381521280470867,-0.001039959805379098,0.39631653987921867,32.054037001733704,0.1416539753988006,4.03532782502461,0.026835547227540953,4.022136106965688,0.24445440174036492,129.34931355657287,1.129413937025163,-2.3826593676480628e-05
2020.0,ASTRA-SC-01,EPS,31.8440920432117,4.001990003794961,3.4553235455775653,39.99961541316092,0.9016463212599888,NOMINAL,0.999990385329023,0.0450005191922327,1.0,False,0.3519163763066202,0.0,130.0,STANDBY,False,ASTRA_SIMULATED_EPS,127.43973803685988,-0.034202906561857205,-0.0041522901571271476,-0.024337263251018683,0.3086819815948396,32.0220079184548,0.1299574922530122,4.031983698028023,0.027700780134493917,3.9555478479092714,0.2542136496065877,129.11303615774546,1.133744291802447,6.550951688206926e-06
2030.0,ASTRA-SC-01,EPS,32.205234435856326,4.049987647649382,3.481045325643955,39.99961317243109,0.9013662130762636,NOMINAL,0.9999903293107772,0.045000522217218,1.0,False,0.3536585365853658,0.0,130.0,STANDBY,False,ASTRA_SIMULATED_EPS,130.43080165487063,0.03611423926446271,0.0047997643854420955,0.002572178006638959,0.22104742331046046,32.02348812508287,0.13203242228000955,4.033970707024884,0.027862309713851837,3.9005752718850544,0.26213501249743476,129.1829789491169,1.1828003397030604,-6.204560508818086e-06
2040.0,ASTRA-SC-01,EPS,32.0092129375851,4.00539702556959,3.545838558458999,39.99961093158729,0.9010860906271568,NOMINAL,0.9999902732896824,0.0450005252423571,1.0,False,0.3554006968641115,0.0,130.0,STANDBY,False,ASTRA_SIMULATED_EPS,128.209606291027,-0.019602149827122873,-0.004459062207979159,0.006479323281504401,0.1334128650260813,32.03556883583566,0.1206694889180775,4.0354242080423814,0.025516549719618167,3.8484829026346956,0.24858332873708383,129.27762902572638,1.0237279992461,1.1431622644865003e-05
2050.0,ASTRA-SC-01,EPS,32.34678758099835,-3.368721141753056,3.518834712201308,39.99960869062949,0.90132019791919,NOMINAL,0.9999902172657372,0.0450005282676501,1.0,True,0.3571428571428571,203.6396249999948,95.0,STANDBY,False,ASTRA_SIMULATED_EPS,-108.96730719190434,0.03375746434132552,-0.7374118167322645,-0.00270038462576907,0.04577830674170223,32.05931884125346,0.1439801827955175,3.5393077899294596,1.911190678740915,3.796500332464676,0.22845211751002736,113.32659100248483,61.503627067991594,-6.638406769346458e-06
2060.0,ASTRA-SC-01,EPS,33.28972705405136,-20.89841303404238,3.5442923735491605,39.99960681778949,0.9027731951202496,NOMINAL,0.999990170444737,0.0450005307959842,1.0,True,0.3588850174216028,769.3052499999949,95.0,STANDBY,False,ASTRA_SIMULATED_EPS,-695.7024657661002,0.09429394730530091,-1.7529691892289325,0.002545766134785232,0.05379098953061314,32.14857393460231,0.345675001570718,1.8759519812341579,6.582309802715918,3.758835533732522,0.21960567664653444,58.31558500071288,217.42522974279794,-1.986172024519227e-06
2070.0,ASTRA-SC-01,EPS,33.878279487902084,-31.023325353480693,3.808505061510924,39.999595193926126,0.9049487401498284,NOMINAL,0.9999898798481532,0.0450005464881997,1.0,True,0.3606271777003484,1104.8905025577556,95.0,STANDBY,False,ASTRA_SIMULATED_EPS,-1051.0168869693377,0.05885524338507224,-1.0124912319438313,0.026421268796176366,0.05812913882926078,32.27232786120941,0.5618212903863462,-0.462313503645184,10.697783676188676,3.7404923588099526,0.2012615469672209,-20.399541913792063,358.01162469225676,-1.9749919797496774e-05
2080.0,ASTRA-SC-01,EPS,34.131359886518496,-30.63375534717449,3.847422562893771,39.99957778974203,0.907070505819383,NOMINAL,0.9999894447435508,0.0450005699838482,1.0,True,0.3623693379790941,1080.3144472218776,95.0,STANDBY,False,ASTRA_SIMULATED_EPS,-1045.5717284299728,0.025308039861641162,0.03895700063062044,0.0038917501382846886,0.64964035865094,32.40338242981687,0.7370777961981452,-2.773896202705701,13.126010299588847,3.725337550403336,0.18192450731630433,-98.76754441333911,441.6416538878771,-6.876938788773459e-05
2090.0,ASTRA-SC-01,EPS,33.88783869122391,-29.8343040633826,4.106452021055407,39.99956081579584,0.9091429520220944,NOMINAL,0.999989020394896,0.0450005928986756,1.0,True,0.3641114982578397,1057.7810373520033,95.0,STANDBY,False,ASTRA_SIMULATED_EPS,-1011.0200835648357,-0.02435211952945835,0.0799451283791889,0.025902945816163613,0.30461042496490165,32.52376007902004,0.823279388318709,-5.035436548827099,14.688529628977852,3.729588001758781,0.19041546752314462,-174.9140585884951,494.4707447905127,6.970213072265009e-05
2100.0,ASTRA-SC-01,EPS,33.657259518863576,-28.96062199694308,4.198165957580411,39.999544236408255,0.9111701639561908,NOMINAL,0.9999886059102064,0.0450006152808488,1.0,True,0.3658536585365853,1037.119988649643,95.0,STANDBY,False,ASTRA_SIMULATED_EPS,-974.7351703788223,-0.02305791723603363,0.0873682066439521,0.00917139365250037,0.26391656784258566,32.63297554951327,0.8594097225588708,-7.234166130444979,15.671703803428336,3.7475078724617785,0.22078579978985413,-248.47818939982645,527.0781501465972,7.190323138897634e-05
2110.0,ASTRA-SC-01,EPS,33.89778276973342,-28.74378791915406,4.277122426374498,39.99952801889757,0.9131558836853312,NOMINAL,0.9999882004724392,0.0450006371744882,1.0,True,0.367595818815331,1018.1751834594144,95.0,STANDBY,False,ASTRA_SIMULATED_EPS,-974.350678862772,0.024052325086984183,0.021683407778902007,0.007895646879408691,1.1092502309709424,32.752131233925745,0.9045094007954905,-9.41778828256492,16.26374019385483,3.771725268329172,0.25724779433976297,-322.02025960516846,547.2528519049062,-6.742595830154742e-05
2120.0,ASTRA-SC-01,EPS,34.12852207227175,-28.0352468190076,4.448479392945111,39.99951213332718,0.915103539020012,NOMINAL,0.9999878033331796,0.0450006586200083,1.0,True,0.3693379790940767,1000.8034930304764,95.0,STANDBY,False,ASTRA_SIMULATED_EPS,-956.8015398640872,0.023073930253833197,0.07085411001464585,0.017135696657061317,0.3256540834266878,32.90072158219589,0.9369590409855407,-11.556427435917941,16.4748804924838,3.8105869754192883,0.31087536063200055,-394.407903194364,555.0879068330325,-6.884640031761194e-05
2130.0,ASTRA-SC-01,EPS,33.781065779314325,-27.590900217620117,4.7486383000120265,39.99949655227454,0.9170162699509544,NOMINAL,0.9999874138068636,0.0450006796544293,1.0,True,0.3710801393728223,984.8736976457664,95.0,STANDBY,False,ASTRA_SIMULATED_EPS,-932.050015161923,-0.03474562929574247,0.044434660138748326,0.03001589070669155,0.7819488027420124,33.01010886845242,0.9376150020481794,-13.663798137092156,16.36149281638917,3.8755542991019425,0.3935469316530108,-465.1574317402405,551.2022554214687,4.4843201727411885e-05
2140.0,ASTRA-SC-01,EPS,33.96533495464542,-27.292534868422905,4.8039920049918035,39.99948125061968,0.9188969528449265,NOMINAL,0.999987031265492,0.0450007003116634,1.0,True,0.3728222996515679,970.265496489792,95.0,STANDBY,False,ASTRA_SIMULATED_EPS,-927.0000885673235,0.01842691753310959,0.029836534919721203,0.0055353704979776985,0.6175957624667018,33.15338038422268,0.9058142600374377,-15.751401699069286,15.935985713433732,3.9461269464682824,0.45815298247106356,-535.4874169153384,537.245816978013,-8.303968818878427e-05
2150.0,ASTRA-SC-01,EPS,33.96806039126774,-27.030880139898667,4.963350405589695,39.99946620535165,0.9207482225948864,NOMINAL,0.9999866551337914,0.0450007206227752,1.0,True,0.3745644599303135,956.868599800738,95.0,STANDBY,False,ASTRA_SIMULATED_EPS,-918.1865690211977,0.0002725436622320387,0.02616547285242383,0.015935840059789187,0.01041615658043771,33.27844524748492,0.8778925713912372,-17.82077355456663,15.184273010042451,4.029743921764825,0.5218333742389237,-605.2784927812189,512.217998503564,-0.005520314765546775
2160.0,ASTRA-SC-01,EPS,33.97772291722984,-26.17420738010282,5.206843496850327,39.9994513953913,0.92257249289946,NOMINAL,0.9999862848847824,0.0450007406162217,1.0,True,0.3763066202090592,944.5818964716526,95.0,STANDBY,False,ASTRA_SIMULATED_EPS,-889.3399659392461,0.0009662525962099266,0.08566727597958454,0.02434930912606319,0.011279132961344484,33.39788536804489,0.8397092709546401,-19.83528824026457,14.037523308214388,4.130287076348997,0.5938180276001367,-673.2441569156509,473.86670307191196,-0.0015327214036017082
2170.0,ASTRA-SC-01,EPS,34.20945708853428,-25.948356870649672,5.205835756439113,39.99943680142901,0.924371974831463,NOMINAL,0.9999859200357254,0.0450007603180708,1.0,True,0.3780487804878049,933.3126908330576,95.0,STANDBY,False,ASTRA_SIMULATED_EPS,-887.6792008844636,0.023173417130443852,0.022585050945314933,-0.00010077404112145416,1.0260511338474962,33.5555763710664,0.7436849088382901,-21.831978031894213,12.444393662943696,4.246987890406434,0.622989388466605,-740.9187528437393,420.873670930783,-6.297716992635167e-05
2180.0,ASTRA-SC-01,EPS,34.45519873081123,-25.576512872791376,5.406990106780085,39.99942240577625,0.9261486938412532,NOMINAL,0.9999855601444064,0.045000779752202,1.0,True,0.3797909407665505,922.9760028698124,95.0,STANDBY,False,ASTRA_SIMULATED_EPS,-881.2438338731786,0.024574164227695407,0.03718439978582957,0.020115435034097205,0.6608729566494242,33.70557399073006,0.675666293926012,-23.807078066590257,10.19002019648973,4.375384209148843,0.6516612728506005,-808.3637285456092,345.5940814006417,-5.8580436872253656e-05
2190.0,ASTRA-SC-01,EPS,34.01230789468178,-25.257279715565332,5.542535144363884,39.99940819222942,0.9279045053280442,NOMINAL,0.9999852048057356,0.0450007989404902,1.0,True,0.3815331010452961,913.4939266023248,95.0,STANDBY,False,ASTRA_SIMULATED_EPS,-859.0583742679088,-0.044289083612945035,0.03192331572260443,0.013554503758379965,1.3873585061712306,33.839113654536504,0.48845978109997523,-25.757923182665923,6.682565410588397,4.508497314875835,0.6736670775218855,-874.1815939162049,228.74100012536175,3.209266409290911e-05
2200.0,ASTRA-SC-01,EPS,33.917331141738096,-25.077822698100523,5.689893328516909,39.999394145945345,0.9296411089007862,NOMINAL,0.9999848536486337,0.0450008179029737,1.0,True,0.3832752613240418,904.795041799837,95.0,STANDBY,False,ASTRA_SIMULATED_EPS,-850.5728167652713,-0.00949767529436869,0.017945701746480934,0.014735818415302493,0.5292451322630021,33.94381655858582,0.2611706888946995,-27.205196619755757,2.5768292968269173,4.653234555963541,0.6790547042062821,-923.6219612210961,88.98372760545044,0.00014789181180151702
2210.0,ASTRA-SC-01,EPS,33.920793571831965,-24.84432097023783,5.836961126706112,39.99938025332719,0.9313600614397306,NOMINAL,0.9999845063331796,0.0450008366580082,1.0,True,0.3850174216027874,896.8138745948304,95.0,STANDBY,False,ASTRA_SIMULATED_EPS,-842.7390830637735,0.0003462430093868818,0.023350172786269142,0.014706779818920258,0.014828284679353074,33.985887659771194,0.18918794830631433,-27.468257148835452,2.0304976722093255,4.806079139507339,0.6695759803161856,-933.4244023742742,67.61597374774666,-0.004012389500923051
2220.0,ASTRA-SC-01,EPS,33.96818870548158,-24.326988258617483,5.8375600948089055,39.99936650191994,0.9330627890602352,NOMINAL,0.9999841625479984,0.045000855222408,1.0,True,0.3867595818815331,889.4904029355727,95.0,STANDBY,False,ASTRA_SIMULATED_EPS,-826.3437278047534,0.004739513364961567,0.05173327116203481,5.9896810279358445e-05,0.09161441483405994,33.99188160760983,0.18694612290147136,-27.02183467584457,1.9265171403888244,4.9413494750605365,0.6585143383122022,-918.446191763302,64.52018245612733,-0.000290143864846506
2230.0,ASTRA-SC-01,EPS,34.1956650753937,-24.146401516176667,6.0033106044252555,39.99935288031472,0.9347505980716494,NOMINAL,0.9999838220078678,0.0450008736115751,1.0,True,0.3885017421602787,882.7696031512764,95.0,STANDBY,False,ASTRA_SIMULATED_EPS,-825.7022590231559,0.022747636991211805,0.01805867424408163,0.01657505096163501,1.259651549374777,33.99616862020151,0.1910650178138259,-26.589344420444718,1.7803888759695752,5.08507534449597,0.6376409838852931,-903.7882271361809,58.24679715325754,-5.9881407572333296e-05
2240.0,ASTRA-SC-01,EPS,33.950558462848456,-24.15308167812174,6.171929814797981,39.999339378061066,0.9364246850161756,NOMINAL,0.9999834844515266,0.0450008918396175,1.0,True,0.3902439024390244,876.6010342137502,95.0,STANDBY,False,ASTRA_SIMULATED_EPS,-820.0106115710261,-0.02451066125452428,-0.0006680161945073592,0.01686192103727251,1.0455317210164115,34.00034993830981,0.1892021662658008,-26.210596261427327,1.6394869459118782,5.222773864078808,0.6342228166722106,-891.0542623365935,53.84193880800452,5.508726798899358e-05
2250.0,ASTRA-SC-01,EPS,33.87569388064185,-24.06303655985038,6.463755115254542,39.999325985586694,0.9380861458653452,NOMINAL,0.9999831496396674,0.0450009099194579,1.0,True,0.39198606271777,870.9384565631555,95.0,STANDBY,False,ASTRA_SIMULATED_EPS,-815.1520603401847,-0.007486458220660808,0.009004511827135886,0.02918253004565612,0.831411892658046,34.014912229095025,0.16814356709567982,-25.884090565621143,1.5371849462653313,5.3738131412570835,0.6425040462117967,-880.4153883340176,51.85572467430339,0.00017888932225913783
2260.0,ASTRA-SC-01,EPS,34.16657450812289,-23.599866182123183,6.544633016184437,39.99931269412387,0.9397359844451316,NOMINAL,0.9999828173530968,0.0450009278629327,1.0,True,0.3937282229965156,865.7394826256603,95.0,STANDBY,False,ASTRA_SIMULATED_EPS,-806.3265862932415,0.029088062748104448,0.04631703777271987,0.008087790092989522,0.6280207920644902,34.032831678320996,0.16908940257837873,-25.541162449819087,1.4231991758408407,5.524980513911079,0.6327194892270263,-869.2137821627158,48.12884389830362,-4.569387427458111e-05
2270.0,ASTRA-SC-01,EPS,33.8154433052818,-23.66766508769887,6.664059977922263,39.99929949564202,0.9413751201546832,NOMINAL,0.9999824873910506,0.0450009456808832,1.0,True,0.3954703832752613,860.9652563893391,95.0,STANDBY,False,ASTRA_SIMULATED_EPS,-800.3325869414787,-0.035113120284108845,-0.006779890557568891,0.011942696173782607,5.179009894917771,34.01195976052166,0.17563022515851467,-25.249990334398504,1.3194901621151172,5.672685886242889,0.6219824030195549,-858.7825186345418,44.617608218425566,3.75884619354125e-05
2280.0,ASTRA-SC-01,EPS,33.80001077090238,-23.373935986053368,6.757313452757943,39.99928638278599,0.9430043950381268,NOMINAL,0.9999821595696498,0.0450009633832389,1.0,True,0.397212543554007,856.5801596234373,95.0,STANDBY,False,ASTRA_SIMULATED_EPS,-790.0392880869866,-0.001543253437942127,0.029372910164550348,0.009325347483567992,0.05254002512167326,34.01322275996087,0.17391091315020543,-24.96885938562739,1.2314034302397139,5.806597563092617,0.6250507118739802,-849.315136829546,42.997732007432646,0.0008496890859814455
2290.0,ASTRA-SC-01,EPS,33.9449332381449,-23.243754273718206,6.920039759014086,39.99927334881946,0.9446245802638616,NOMINAL,0.9999818337204864,0.0450009809790937,1.0,True,0.3989547038327526,852.5515425267114,95.0,STANDBY,False,ASTRA_SIMULATED_EPS,-789.0076870252096,0.0144922467242516,0.013018171233516184,0.016272630625614327,1.1132321479180045,34.0118626455275,0.17439129815307014,-24.698940679313743,1.1248060146914705,5.94766741336077,0.6213845469423172,-840.1156433934051,39.835237444951936,-8.993751472667723e-05
2300.0,ASTRA-SC-01,EPS,33.94858548078515,-23.06918265049285,6.971088807719628,39.99926038757312,0.9462363820611468,NOMINAL,0.999981509689328,0.0450009984767763,1.0,True,0.4006968641114982,848.8494767744953,95.0,STANDBY,False,ASTRA_SIMULATED_EPS,-783.1661191821022,0.0003652242640249881,0.01745716232253578,0.0051049048705541725,0.020921170192334936,34.01056431816199,0.17481268045939008,-24.434827513353355,0.9958654924871779,6.081516640169431,0.6103535110542061,-831.1142800707987,36.004619491978204,-0.0035488459039238356
2310.0,ASTRA-SC-01,EPS,34.11645263074535,-23.026639796669834,7.135856444254346,39.99924749339716,0.9478404471595744,NOMINAL,0.9999811873349288,0.0450010158839138,1.0,True,0.4024390243902439,845.4465291028072,95.0,STANDBY,False,ASTRA_SIMULATED_EPS,-785.5872658683221,0.01678671499602018,0.004254285382301504,0.01647676365347177,0.20894448282444286,34.01981296572969,0.17661162807346675,-24.22498967445782,0.9327970477797981,6.210117503329699,0.6160905721411721,-824.1974333994038,33.92585798038924,-7.681178819087428e-05
2320.0,ASTRA-SC-01,EPS,34.069340191029696,-23.145320556809256,7.322658635333268,39.99923466111778,0.9494373677731665,NOMINAL,0.9999808665279446,0.0450010332074909,1.0,True,0.4041811846689895,842.3175537224735,95.0,STANDBY,False,ASTRA_SIMULATED_EPS,-788.5457998803674,-0.004711243971565438,-0.011868076013942287,0.01868021910789226,0.39696779545655075,34.01047183922939,0.169423928032154,-24.03812058686846,0.838937879749513,6.351239028589309,0.6120447563598049,-817.5885399991307,30.11814337593052,0.0002723756071996573
2330.0,ASTRA-SC-01,EPS,33.98500468920604,-22.96260515931949,7.453015483565208,39.999221885997315,0.9510276861673116,NOMINAL,0.9999805471499328,0.0450010504539036,1.0,True,0.4059233449477352,839.4395019980598,95.0,STANDBY,False,ASTRA_SIMULATED_EPS,-780.3842440158597,-0.008433550182365223,0.01827153974897655,0.013035684823193972,0.461567568920272,33.97912556978904,0.11649349521223526,-23.863860072637003,0.7647603000896983,6.487640720374984,0.614561805597921,-810.8645673419761,25.84766074354916,0.00015147974685655885
2340.0,ASTRA-SC-01,EPS,33.8996166872119,-22.97990440204094,7.445875069920889,39.99920916369765,0.9526118988435348,NOMINAL,0.9999802290924412,0.0450010676290081,1.0,True,0.4076655052264808,836.7912479564359,95.0,STANDBY,False,ASTRA_SIMULATED_EPS,-779.0099507379614,-0.008538800199413998,-0.001729924272144956,-0.0007140413644319387,1.3952049060098362,33.97161282262439,0.11782682727165408,-23.712035051735374,0.6908593615413083,6.6145300487454515,0.601847273853271,-805.5280057733129,23.3273477690324,0.00014899399644210246
2350.0,ASTRA-SC-01,EPS,34.12585609288726,-22.88275767329805,7.733668074919059,39.99919649024681,0.954190460374146,NOMINAL,0.9999799122561702,0.0450010847381668,1.0,True,0.4094076655052265,834.3534283090505,95.0,STANDBY,False,ASTRA_SIMULATED_EPS,-780.893695367381,0.022623940567535784,0.009714672874288866,0.02877930049981705,2.3288422430994005,33.985514486034326,0.12314622522106336,-23.565697383415213,0.6084592709630947,6.750781698505595,0.6088708020896377,-800.8827310134535,20.480736145878186,-5.601787540968787e-05
2360.0,ASTRA-SC-01,EPS,33.67225454622402,-22.454787837046077,7.777825004208256,39.999183862008245,0.9557637869161124,NOMINAL,0.999979596550206,0.0450011017862888,1.0,True,0.4111498257839721,832.1082957813136,95.0,STANDBY,False,ASTRA_SIMULATED_EPS,-756.1033318304706,-0.04536015466632435,0.04279698362519753,0.004415692928919679,1.0598913947668431,33.96894521766047,0.1469049212306206,-23.40639517453576,0.5607202905332697,6.880172623672404,0.6070273524393709,-795.1070142645668,20.045135797311524,2.7839937182679835e-05
2370.0,ASTRA-SC-01,EPS,34.01402396061241,-22.64979732000945,7.907741326389215,39.999171275652714,0.9573322594310328,NOMINAL,0.999979281891318,0.0450011187778688,1.0,True,0.4128919860627177,830.0395846427575,95.0,STANDBY,False,ASTRA_SIMULATED_EPS,-770.4107487458162,0.034176941438839495,-0.019500948296337483,0.012991632218095895,1.752578434621989,33.97200090133585,0.14736404025877037,-23.294582445295227,0.5304390910053028,7.018184705777759,0.5880899727014461,-791.3781489939709,18.994193252797,-3.68270389369534e-05
2380.0,ASTRA-SC-01,EPS,34.02840581132215,-22.390902179780415,8.013208812332843,39.99915872813256,0.9588962266358366,NOMINAL,0.999978968203314,0.045001135717021,1.0,True,0.4146341463414634,828.132387423562,95.0,STANDBY,False,ASTRA_SIMULATED_EPS,-761.9267058551857,0.0014381850709739297,0.025889514022903626,0.010546748594362842,0.05555087166571042,33.960850283731084,0.13504418644029714,-23.17754915620214,0.5226791723662024,7.152177919638264,0.5690021487850129,-787.1264454494395,17.86656796275266,-0.0008724551805155624
2390.0,ASTRA-SC-01,EPS,34.065009279828026,-22.503020385296995,8.123600788788716,39.99914621665808,0.9604560077067524,NOMINAL,0.9999786554164518,0.0450011526075116,1.0,True,0.4163763066202091,826.3730418873357,95.0,STANDBY,False,ASTRA_SIMULATED_EPS,-766.5655982493014,0.0036603468505873593,-0.011211820551658036,0.011039197645587251,0.32647212232147765,33.968480338196386,0.13762966898845308,-23.06754507001382,0.4740796435455568,7.282289317904313,0.5517200143183233,-783.5634445613246,16.08005627409306,-0.00034181117211159025
2400.0,ASTRA-SC-01,EPS,34.09670873046059,-22.604414687458615,8.177259831094153,39.999133738675845,0.9620118947572048,NOMINAL,0.9999783434668962,0.0450011694527876,1.0,True,0.4181184668989547,824.74902740733,95.0,STANDBY,False,ASTRA_SIMULATED_EPS,-770.7361436208217,0.0031699450632565627,-0.010139430216161927,0.005365904230543705,0.3126354238528879,33.983214661517636,0.13881221915731934,-22.970303611854373,0.39894226623786394,7.3965229656269535,0.5475114952011246,-780.6023834467003,13.771439637415543,-0.0003936340217126681
2410.0,ASTRA-SC-01,EPS,34.17598738981947,-22.33210772730107,8.352991611765841,39.999121291849,0.9635641551085664,NOMINAL,0.9999780322962252,0.0450011862560038,1.0,True,0.4198606271777003,823.248869964141,95.0,STANDBY,False,ASTRA_SIMULATED_EPS,-763.2218320763313,0.007927865935887724,0.02723069601575432,0.017573178067168804,0.29113710245603186,33.98384218696408,0.139718654862026,-22.8857863815329,0.39023496300609434,7.51708020533238,0.545623417208495,-777.728733165573,12.454536351961012,-0.00015700097535108868
2420.0,ASTRA-SC-01,EPS,34.057952370371396,-22.262851001121625,8.452053101973146,39.99910887403899,0.9651130333710928,NOMINAL,0.9999777218509748,0.0450012030200473,1.0,True,0.4216027874564459,821.8620550479369,95.0,STANDBY,False,ASTRA_SIMULATED_EPS,-758.2271190248755,-0.011803501944807237,0.006925672617944656,0.009906149020730481,1.7043112771781845,34.00000945797005,0.13269504818688513,-22.792132109094418,0.3562817810140694,7.636279746935773,0.5412466849778352,-774.9217019711327,11.719349223351658,0.00010520445601933662
2430.0,ASTRA-SC-01,EPS,33.92784453366176,-22.235090227013487,8.546327251331595,39.99909648328894,0.9666587533509298,NOMINAL,0.9999774120822236,0.0450012197475599,1.0,True,0.4233449477351916,820.578947807837,95.0,STANDBY,False,ASTRA_SIMULATED_EPS,-754.3886844140555,-0.013010783670963377,0.0027760774108138266,0.009427414935844957,1.4364628717117744,34.008531708820676,0.12265821603856705,-22.716209058491756,0.3445959505308255,7.75554733350735,0.530734329009623,-772.5449950596042,12.044964599792673,9.523446368981138e-05
2440.0,ASTRA-SC-01,EPS,34.135703786257636,-22.41295834228995,8.762286859424465,39.999084117808415,0.9682015197977416,NOMINAL,0.9999771029452104,0.0450012364409586,1.0,True,0.4250871080139373,819.3907198457082,95.0,STANDBY,False,ASTRA_SIMULATED_EPS,-765.0821069461417,0.0207859252595874,-0.017786811527646405,0.021595960809287006,1.1686144662453644,34.02124974536152,0.12545126443313553,-22.660822663063207,0.319608177360687,7.878363806868041,0.5367027819358096,-770.9499563876662,11.26831416504018,-5.948968048217271e-05
2450.0,ASTRA-SC-01,EPS,34.15263336094723,-22.14582032490487,8.874947241343373,39.99907177595944,0.9697415200062875,NOMINAL,0.999976794398986,0.0450012531024547,1.0,True,0.4268292682926829,818.289282101741,95.0,STANDBY,False,ASTRA_SIMULATED_EPS,-756.3380820338892,0.0016929574689591221,0.026713801738507924,0.011266038191890714,0.06337388760801968,34.03485293737233,0.12804523003190324,-22.599265174690675,0.3242266713554721,8.005287702442958,0.5319159274801585,-769.1614205777854,11.319824554643303,-0.0007290111652792879
2460.0,ASTRA-SC-01,EPS,34.36202597810841,-22.020762384267968,8.848173356195943,39.999059456243664,0.9712789252841691,NOMINAL,0.9999764864060916,0.045001269734071,1.0,True,0.4285714285714285,817.2672233251044,95.0,STANDBY,False,ASTRA_SIMULATED_EPS,-756.6780091059685,0.02093926171611855,0.012505794063690345,-0.002677388514742951,1.6743648271735228,34.0512244938632,0.1525734960535052,-22.532206680530553,0.3334114648261406,8.119442163239064,0.5154859464269375,-767.2341367936284,10.771154660105054,-5.8835483056224945e-05
2470.0,ASTRA-SC-01,EPS,33.866450619077796,-22.175174367380272,9.05536550597868,39.99904715729064,0.9728138922969312,NOMINAL,0.999976178932266,0.0450012863376576,1.0,True,0.4303135888501742,816.3177536651024,95.0,STANDBY,False,ASTRA_SIMULATED_EPS,-750.9944476823237,-0.049557535903061736,-0.01544119831123041,0.02071921497827365,3.209435880829175,34.03769852239974,0.15968055869023776,-22.467530267901953,0.29822124341975614,8.234955954615426,0.5183144127610866,-764.7307133137589,9.78257342742845,2.481752330881102e-05
2480.0,ASTRA-SC-01,EPS,34.17917328257696,-22.153658684621952,9.176699970724442,39.99903487784706,0.9743465643007791,NOMINAL,0.9999758719461764,0.0450013029149064,1.0,True,0.4320557491289198,815.4346529568712,95.0,STANDBY,False,ASTRA_SIMULATED_EPS,-757.1937390247597,0.031272266349916575,0.002151568275832005,0.012133446474576282,2.2713721807371425,34.050643095291136,0.16294069248200674,-22.413600502922115,0.27449859091395595,8.349868253759375,0.5236189979947812,-763.1846796476855,8.92709381851664,-3.926624135157206e-05
2490.0,ASTRA-SC-01,EPS,33.96869809290185,-22.109219377782793,9.209801979407526,39.999022616766865,0.9758770722723044,NOMINAL,0.9999755654191717,0.0450013194673647,1.0,True,0.4337979094076655,814.6122233110709,95.0,STANDBY,False,ASTRA_SIMULATED_EPS,-751.0213981136391,-0.021047518967510826,0.004443930683915909,0.0033102008683083993,1.3333084806451099,34.05524852233713,0.15930277278466343,-22.355554834638244,0.23547837918321207,8.467463381058483,0.5037948205844494,-761.3187761393975,8.285030953845638,5.825427791625123e-05
2500.0,ASTRA-SC-01,EPS,33.94671467526071,-22.164839132230615,9.34360217661476,39.99901037300227,0.9774055359438292,NOMINAL,0.9999752593250568,0.0450013359964469,1.0,True,0.4355400696864111,813.8452456494952,95.0,STANDBY,False,ASTRA_SIMULATED_EPS,-752.4234698448859,-0.0021983417641145307,-0.005561975444782164,0.013380019720723446,0.3952447805530773,34.04330576116203,0.1603429252774193,-22.307693598567077,0.1890521689448471,8.57479232117153,0.5077752747066441,-759.4207611045643,6.562318981943491,0.0005569545552040355
2510.0,ASTRA-SC-01,EPS,34.29062039803941,-22.090557155152258,9.63577668061092,39.99899814559542,0.9789320647522592,NOMINAL,0.9999749536398856,0.0450013525034461,1.0,True,0.4372822299651568,813.1289398582946,95.0,STANDBY,False,ASTRA_SIMULATED_EPS,-757.4989097885194,0.034390572277870034,0.007428197707835693,0.029217450399615964,4.629733029533243,34.084530151283055,0.13573391038702648,-22.283411553107488,0.19217502629636346,8.698655766265041,0.5257714621431839,-759.5137996351009,6.521693244531581,-3.5554531486166606e-05
2520.0,ASTRA-SC-01,EPS,34.20194229630675,-21.933821762029076,9.57251483008691,39.99898593367083,0.9804567587086772,NOMINAL,0.9999746483417709,0.0450013689895443,1.0,True,0.4390243902439024,812.4589282578042,95.0,STANDBY,False,ASTRA_SIMULATED_EPS,-750.1793062423957,-0.008867810173266122,0.01567353931231814,-0.006326185052401101,0.5657822395160444,34.097058040329344,0.1374232229340617,-22.23567984924213,0.18338817705653465,8.809640666511553,0.5225909433251863,-758.1650368015397,6.190756981868662,0.00013771071271202436
2530.0,ASTRA-SC-01,EPS,34.24423826571108,-21.995921004854416,9.732333251378792,39.9989737364284,0.9819797091952968,NOMINAL,0.99997434341071,0.0450013854558216,1.0,True,0.440766550522648,811.8312021129994,95.0,STANDBY,False,ASTRA_SIMULATED_EPS,-753.2335597639938,0.0042295969404335665,-0.006209924282534018,0.015981842129188274,0.6811028199377077,34.11144687062194,0.14097499891321086,-22.20934777091373,0.18781198522262002,8.924248962447951,0.5239581568621844,-757.5854937287934,6.220288619997304,-0.000288378363366984
2540.0,ASTRA-SC-01,EPS,34.568693560728484,-21.917016234693673,9.89403196901821,39.9989615531371,0.9835009996958514,NOMINAL,0.9999740388284276,0.0450014019032649,1.0,True,0.4425087108013937,811.2420909315481,95.0,STANDBY,False,ASTRA_SIMULATED_EPS,-757.6426179826368,0.03244552950174011,0.007890477016074371,0.016169871763941756,4.111985807149876,34.14502582268197,0.18288173382056455,-22.17028082754018,0.18325382801837742,9.042277707796584,0.5300896091978758,-756.9906283776825,5.705516637536033,-3.754998449340921e-05
2550.0,ASTRA-SC-01,EPS,34.01888229148674,-21.88720593240258,10.034989155179533,39.99894938312905,0.9850207064649796,NOMINAL,0.9999737345782264,0.0450014183327757,1.0,True,0.4442508710801394,810.688234317479,95.0,STANDBY,False,ASTRA_SIMULATED_EPS,-744.5782823039336,-0.05498112692417436,0.002981030229109294,0.014095718616132302,2.099284477757748,34.13983739341705,0.1854365605809199,-22.12246691053644,0.1529505393462486,9.166126329402276,0.5305706353647973,-755.2467709565567,5.177233448982835,2.2134882875741602e-05
2560.0,ASTRA-SC-01,EPS,34.03905510408435,-21.654218186191013,10.091271842530428,39.99893722579423,0.986538899141706,NOMINAL,0.9999734306448556,0.0450014347451777,1.0,True,0.445993031358885,810.1665561677628,95.0,STANDBY,False,ASTRA_SIMULATED_EPS,-737.0891260756213,0.0020172812597607503,0.023298774621156683,0.00562826873508957,0.08658314836561998,34.130708574368036,0.18689459778670048,-22.077274274462436,0.18365070208646583,9.282011678119915,0.5301170846604116,-753.5045905565094,6.523709648861828,-0.0006026593844353922
2570.0,ASTRA-SC-01,EPS,34.05729584322579,-21.768277766671545,10.21350972247313,39.99892508057551,0.9880556413116854,NOMINAL,0.9999731270143878,0.045001451141223,1.0,True,0.4477351916376306,809.6742410168129,95.0,STANDBY,False,ASTRA_SIMULATED_EPS,-741.3686758970472,0.0018240739141440088,-0.011405958048053222,0.012223787994270197,0.1599229022638167,34.13066480589166,0.18691292943975396,-22.044302725499097,0.19215310116261045,9.399442119486581,0.5282279316196655,-752.3806943479874,7.080425911984536,-0.000665829307932853
2580.0,ASTRA-SC-01,EPS,34.26685903617812,-21.999608937269592,10.237093222132753,39.998912946964225,0.9895709910224962,NOMINAL,0.9999728236741056,0.0450014675215982,1.0,True,0.4494773519163763,809.2087123501118,95.0,STANDBY,False,ASTRA_SIMULATED_EPS,-753.8574983044614,0.02095631929523307,-0.023133117059804677,0.0023583499659622477,0.9059012341940752,34.15326577272609,0.18104083096927956,-22.028603972849506,0.18493634068059708,9.512159850873324,0.5133657534467481,-752.3452819406812,7.070987759717216,-5.789953433402774e-05
2590.0,ASTRA-SC-01,EPS,34.12572240537616,-21.809634100652634,10.41262920579344,39.99890082449599,0.9910850012559028,NOMINAL,0.9999725206123998,0.0450014838869304,1.0,True,0.4512195121951219,808.7676127230592,95.0,STANDBY,False,ASTRA_SIMULATED_EPS,-744.2695190816975,-0.014113663080195949,0.018997483661695826,0.017553598366068714,0.7429227644844876,34.15260034733399,0.18112831413602698,-21.988382356740352,0.15918837651529974,9.622182673964591,0.5180031568573441,-750.9577760830515,6.403669693082688,8.589172184204661e-05
2600.0,ASTRA-SC-01,EPS,34.20577657406503,-21.93466267286144,10.508335031139827,39.99888871274696,0.9925977203606826,NOMINAL,0.999972217818674,0.0450015002377916,1.0,True,0.4529616724738676,808.3487855347521,95.0,STANDBY,False,ASTRA_SIMULATED_EPS,-750.2921706153824,0.008005416868886783,-0.012502857220880514,0.009570582534638739,0.6402869942013943,34.156143228208514,0.18164800271614748,-21.974305179937456,0.15350656944091293,9.731075193284351,0.5213734118449589,-750.5547153218176,6.228713845620612,-0.00015129442011394784
2610.0,ASTRA-SC-01,EPS,34.28721443828687,-21.700869815611576,10.650683819929691,39.99887661133033,0.994109192449312,NOMINAL,0.9999719152832584,0.045001516574704,1.0,True,0.4547038327526132,807.9502583189337,95.0,STANDBY,False,ASTRA_SIMULATED_EPS,-744.0623768652209,0.008143786422184007,0.02337928572498633,0.01423487887898638,0.3483334143728965,34.15115579222041,0.17654679551846517,-21.9529790086937,0.16811694037873295,9.85124255753327,0.5109644050303563,-749.7136731724346,6.194477493249119,-0.000148596930252211
2620.0,ASTRA-SC-01,EPS,34.332900059468145,-21.69497782782017,10.700051892536267,39.99886451989322,0.9956194577615314,NOMINAL,0.9999716129973304,0.0450015328981441,1.0,True,0.4564459930313589,807.5702274257826,95.0,STANDBY,False,ASTRA_SIMULATED_EPS,-744.8515055549273,0.004568562118127772,0.0005891987791404318,0.004936807260657617,0.86713327593297,34.18225242157976,0.16340828179097486,-21.920965906056356,0.1685033975485198,9.960888316637108,0.504402676692759,-749.3041436972748,6.305815312252716,-0.0002646661422376942
2630.0,ASTRA-SC-01,EPS,33.91385043928922,-21.681521099829144,10.82046093849825,39.998852438113694,0.9971285529975552,NOMINAL,0.9999713109528424,0.0450015492085465,1.0,True,0.4581881533101045,807.207043978746,95.0,STANDBY,False,ASTRA_SIMULATED_EPS,-735.3038638758991,-0.04190496201789244,0.001345672799102715,0.01204090459619831,1.3859331374930433,34.164564232027246,0.17751635620135903,-21.889490067070167,0.1660108622155829,10.070472381155362,0.5004064466589939,-747.8448186873508,6.8582795265904855,2.883138163528173e-05
2640.0,ASTRA-SC-01,EPS,34.25185247631823,-21.85897486221843,10.862145941864796,39.998840365698165,0.998636511623461,NOMINAL,0.999971009142454,0.0450015655063074,1.0,True,0.4599303135888501,806.8592010002443,95.0,STANDBY,False,ASTRA_SIMULATED_EPS,-748.7103822642542,0.03380020370290069,-0.017745376238928755,0.004168500336654546,1.9047329990531168,34.18344119092168,0.1701006831146728,-21.87280709936588,0.15452921032224096,10.18062864531918,0.4788132661870485,-747.6907509640585,6.807592732759308,-3.571699045245033e-05
2650.0,ASTRA-SC-01,EPS,34.391729467805355,-21.702529913067902,11.056006371258006,39.9988283023789,1.0,NOMINAL,0.9999707075594724,0.0450015817917884,1.0,True,0.4616724738675958,806.5253216089089,95.0,STANDBY,False,ASTRA_SIMULATED_EPS,-746.3875375371846,0.013987699148712807,0.01564449491505293,0.01938604293932098,0.894097203180016,34.21310884375798,0.16458202736522207,-21.84198648475503,0.13726221868041866,10.294788924962063,0.46903048380293516,-747.2883554768783,6.685150755438458,-8.62423415009045e-05
2660.0,ASTRA-SC-01,EPS,33.160847161801726,-21.68005922493176,11.120259847346258,39.99881624791178,1.0,NOMINAL,0.9999704061977946,0.045001598065319,1.0,True,0.4634146341463415,806.2041481991195,95.0,STANDBY,False,ASTRA_SIMULATED_EPS,-718.9291304167717,-0.12308823060036289,0.002247068813614206,0.006425347608825227,0.7384763126988352,34.1377906280088,0.31570505156313405,-21.814619956073663,0.1244909604836865,10.393754469411085,0.476598569252206,-744.7170368520951,9.359839754915127,9.793354778593714e-06
2670.0,ASTRA-SC-01,EPS,33.00610516814876,-21.663097204127588,11.096847608303616,39.99881624791178,1.0,NOMINAL,0.9999704061977946,0.045001598065319,1.0,True,0.4651567944250871,805.8945325210307,95.0,STANDBY,False,ASTRA_SIMULATED_EPS,-715.0144645872645,-0.015474199365296926,0.0016962020804172084,-0.002341223904264211,0.5828554222176544,34.05806815279827,0.4290052415482789,-21.796571652213565,0.12559456998072024,10.495376654625534,0.45079660727503285,-742.3727140750864,11.941706854373113,-0.0
2680.0,ASTRA-SC-01,EPS,32.96677065870433,-21.69991190832184,11.174434771467393,39.99881624791178,1.0,NOMINAL,0.9999704061977946,0.045001598065319,1.0,True,0.4668989547038327,805.5954265860842,95.0,STANDBY,False,ASTRA_SIMULATED_EPS,-715.3760191957331,-0.003933450944442996,-0.003681470419425281,0.007758716316377701,0.42723453173647363,33.97290364566449,0.5087879836579565,-21.776837712444724,0.11482827555275364,10.591516755964772,0.42972474914241393,-739.8488780372024,13.394504247424463,-0.0
2690.0,ASTRA-SC-01,EPS,32.916218727440864,-21.513794852382265,11.159754236344808,39.99881624791178,1.0,NOMINAL,0.9999704061977946,0.045001598065319,1.0,True,0.4686411149825784,805.3058743292497,95.0,STANDBY,False,ASTRA_SIMULATED_EPS,-708.152777018306,-0.005055193126346324,0.018611705593957594,-0.0014680535122584715,0.2716136412552928,33.862738656778646,0.5479628177083499,-21.749956286957296,0.12629325926935162,10.675898240453213,0.4066318379229886,-736.5495553062469,14.727333911058086,-0.0
2700.0,ASTRA-SC-01,EPS,32.9289162771026,-21.697277941802056,11.31647624667492,39.99881624791178,1.0,NOMINAL,0.9999704061977946,0.045001598065319,1.0,True,0.470383275261324,805.0250039649572,95.0,STANDBY,False,ASTRA_SIMULATED_EPS,-714.4678487866249,0.001269754966173764,-0.01834830894197914,0.015672201033011212,0.06920283336131802,33.790074255819704,0.5959462564991784,-21.737294420917262,0.12095823447297192,10.761330713219573,0.39686156618440743,-734.5421930717598,15.582086455510176,0.0
2710.0,ASTRA-SC-01,EPS,32.96302047722079,-21.522360659282747,11.208445230163004,39.99881624791178,1.0,NOMINAL,0.9999704061977946,0.045001598065319,1.0,True,0.4721254355400697,804.7520209789335,95.0,STANDBY,False,ASTRA_SIMULATED_EPS,-709.4420151300683,0.0034104200118186155,0.017491728251930995,-0.010803101651191582,0.19497330182008307,33.718338614028795,0.6277490185598665,-21.72850391912338,0.13173791354230152,10.835808939061744,0.36573945128857305,-732.6990523420561,16.843384468674042,0.0
2720.0,ASTRA-SC-01,EPS,32.95080750426043,-21.530390319622157,11.324699556808048,39.99881624791178,1.0,NOMINAL,0.9999704061977946,0.045001598065319,1.0,True,0.4738675958188153,804.4862017029596,95.0,STANDBY,False,ASTRA_SIMULATED_EPS,-709.443746913462,-0.0012212972960355729,-0.0008029660339410327,0.011625432664504309,0.46697889829712336,33.644572724764444,0.649700729412793,-21.712644755986755,0.14062681964037607,10.909888261350739,0.3424863269946195,-730.5707237431506,17.66654328637724,-0.0
2730.0,ASTRA-SC-01,EPS,33.06259652343736,-21.681664155497547,11.428390990510852,39.99881624791178,1.0,NOMINAL,0.9999704061977946,0.045001598065319,1.0,True,0.4756097560975609,804.2268874239898,95.0,STANDBY,False,ASTRA_SIMULATED_EPS,-716.8521139298896,0.011178901917692486,-0.015127383587539001,0.010369143370280475,0.7389844947741637,33.56428855724839,0.6416678803502927,-21.69144843720195,0.11610793345210858,10.989308112575944,0.3121052480810571,-728.103698118179,16.742008067555727,0.0
2740.0,ASTRA-SC-01,EPS,33.24928677519687,-21.65645342062843,11.3726037187787,39.99881624791178,1.0,NOMINAL,0.9999704061977946,0.045001598065319,1.0,True,0.4773519163763066,803.9734789830987,95.0,STANDBY,False,ASTRA_SIMULATED_EPS,-720.0616303161679,0.018669025175951502,0.002521073486911618,-0.0055787271732151925,0.704336841390137,33.50585951523644,0.6266199705016539,-21.681236391867003,0.11162028842660081,11.053306413441629,0.2824201309115508,-726.4898388671437,16.23136434665212,0.0
2750.0,ASTRA-SC-01,EPS,33.09717020222763,-21.429308387240415,11.405402509549583,39.99881624791178,1.0,NOMINAL,0.9999704061977946,0.045001598065319,1.0,True,0.4790940766550522,803.7254318234475,95.0,STANDBY,False,ASTRA_SIMULATED_EPS,-709.2494670085201,-0.015211657296924131,0.022714503338801605,0.00327987907708831,0.6696891880061103,33.43195242378061,0.6031077501963942,-21.647546106158934,0.1057775807964922,11.113110912002279,0.25213162767866587,-723.7536586266864,15.368752691974883,-0.0
2760.0,ASTRA-SC-01,EPS,32.77869109720969,-21.632290259717767,11.400764504102654,39.99881624791178,1.0,NOMINAL,0.9999704061977946,0.045001598065319,1.0,True,0.4808362369337979,803.4822514498451,95.0,STANDBY,False,ASTRA_SIMULATED_EPS,-709.0781601484666,-0.03184791050179427,-0.0202981872477352,-0.00046380054469299383,1.5690026953193936,33.331384201042134,0.575444744326488,-21.64297413576601,0.10478560818232584,11.163116290947142,0.2269963360586523,-721.421377512236,14.706929905511881,-0.0
2770.0,ASTRA-SC-01,EPS,32.688112815586756,-21.706602112774355,11.46585611441023,39.99881624791178,1.0,NOMINAL,0.9999704061977946,0.045001598065319,1.0,True,0.4825783972125435,803.2434892656069,95.0,STANDBY,False,ASTRA_SIMULATED_EPS,-709.547858705422,-0.009057828162293191,-0.007431185305658871,0.006509161030757582,1.2188941319220805,33.22173171811671,0.5255148637501629,-21.643749088096293,0.10523967840606105,11.214169905738741,0.19991219537983979,-719.0678010556022,13.461672412922,-0.0
2780.0,ASTRA-SC-01,EPS,32.82609184578733,-21.559561468563977,11.61787605892785,39.99881624791178,1.0,NOMINAL,0.9999704061977946,0.045001598065319,1.0,True,0.4843205574912892,803.0087387552609,95.0,STANDBY,False,ASTRA_SIMULATED_EPS,-707.7161449219788,0.01379790302005759,0.0147040644210378,0.015201994451762069,0.9383734064927163,33.149214478549915,0.497489665519113,-21.63561844601195,0.10681247889100251,11.267330913767381,0.19366556550626549,-717.2286197920076,12.960225646750443,0.0
2790.0,ASTRA-SC-01,EPS,32.662060055246556,-21.46784038338162,11.565621990619803,39.99881624791178,1.0,NOMINAL,0.9999704061977946,0.045001598065319,1.0,True,0.4860627177700348,802.7776319842793,95.0,STANDBY,False,ASTRA_SIMULATED_EPS,-701.1838918584577,-0.016403179054077555,0.009172108518235689,-0.0052254068308046795,1.788376033871087,33.043228317145136,0.40690086753920474,-21.609542814089494,0.09553869447687019,11.314229317017716,0.17256462957865604,-714.0601870982878,10.237507102697286,-0.0
2800.0,ASTRA-SC-01,EPS,32.812999411186716,-21.495859984139702,11.55603409376845,39.99881624791178,1.0,NOMINAL,0.9999704061977946,0.045001598065319,1.0,True,0.4878048780487805,802.5498363894055,95.0,STANDBY,False,ASTRA_SIMULATED_EPS,-705.3436410025281,0.015093935594016016,-0.0028019600758081966,-0.0009587896851353861,1.5565408532107776,32.937979646703894,0.16612112199501694,-21.595764818827615,0.09607165404019127,11.347564498518413,0.1673366292409316,-711.3239273293108,5.250207819555878,0.0
2810.0,ASTRA-SC-01,EPS,32.879932521583775,-21.546386762867986,11.672528685771624,39.99881624791178,1.0,NOMINAL,0.9999704061977946,0.045001598065319,1.0,True,0.4895470383275261,802.3250518353582,95.0,STANDBY,False,ASTRA_SIMULATED_EPS,-708.4437428470452,0.006693311039705918,-0.005052677872828326,0.01164945920031748,1.3247056725504684,32.919252004022695,0.15463917699490903,-21.586853321356696,0.09386848765409758,11.384382421080103,0.1743605853286913,-710.624901491329,4.84791812384625,0.0
2820.0,ASTRA-SC-01,EPS,32.86140888800214,-21.28145894351643,11.651648200572488,39.99881624791178,1.0,NOMINAL,0.9999704061977946,0.045001598065319,1.0,True,0.4912891986062718,802.1030079156982,95.0,STANDBY,False,ASTRA_SIMULATED_EPS,-699.3387240761234,-0.0018523633581637,0.026492781935155564,-0.002088048519913599,0.06991954875473606,32.909605585346256,0.15334191578586762,-21.561410770649285,0.11985135055008814,11.421369127231362,0.16772789909270858,-709.5798521239196,5.482178631495169,-0.0
2830.0,ASTRA-SC-01,EPS,32.72421561617473,-21.621967917045097,11.691287664818894,39.99881624791178,1.0,NOMINAL,0.9999704061977946,0.045001598065319,1.0,True,0.4930313588850174,801.8834614775114,95.0,STANDBY,False,ASTRA_SIMULATED_EPS,-707.5619401633962,-0.01371932718274067,-0.034050897352866726,0.003963946424640596,0.4029064796903406,32.893435249177614,0.15954663500874777,-21.55621450456417,0.11500945064463299,11.45582598678813,0.16646050307931257,-709.0589135217638,5.25877305227403,-0.0
2840.0,ASTRA-SC-01,EPS,32.704610432755935,-21.41104704045155,11.825513125449296,39.99881624791178,1.0,NOMINAL,0.9999704061977946,0.045001598065319,1.0,True,0.494773519163763,801.6661943512389,95.0,STANDBY,False,ASTRA_SIMULATED_EPS,-700.2399524153798,-0.0019605183418796913,0.021092087659354775,0.013422546063040209,0.09295041693087981,32.879328029531955,0.16658809812561842,-21.549364650435457,0.12063841799479293,11.500209912728426,0.1705848119701832,-708.5313918815687,5.7317693705125565,-0.0
2850.0,ASTRA-SC-01,EPS,32.71378076872386,-21.632319134688935,11.813387132552798,39.99881624791178,1.0,NOMINAL,0.9999704061977946,0.045001598065319,1.0,True,0.4965156794425087,801.4510112685548,95.0,STANDBY,False,ASTRA_SIMULATED_EPS,-707.6749456912839,0.0009170335967922938,-0.02212720942373849,-0.0012125992896498516,0.04144370757428104,32.8649856623067,0.17121074543195622,-21.545034063294583,0.11602727064546345,11.533337305120284,0.18032689406500216,-708.0785316752125,5.492594141388424,0.0
2860.0,ASTRA-SC-01,EPS,32.71537667998513,-21.460710325756676,11.835194405427483,39.99881624791178,1.0,NOMINAL,0.9999704061977946,0.045001598065319,1.0,True,0.4982578397212543,801.2377379526105,95.0,STANDBY,False,ASTRA_SIMULATED_EPS,-702.0952221271759,0.0001595911261269123,0.017160880893225892,0.0021807272874685424,0.009299704783214797,32.84847607582433,0.17301263308290052,-21.54092404105951,0.11796355692978854,11.57512058347125,0.1720930511408048,-707.5887454750198,5.68646773248111,0.0
2870.0,ASTRA-SC-01,EPS,32.55615513760324,-21.351275460531077,11.94997852219965,39.99881624791178,1.0,NOMINAL,0.9999704061977946,0.045001598065319,1.0,True,0.5,801.0262193662711,95.0,STANDBY,False,ASTRA_SIMULATED_EPS,-695.1154362787508,-0.015922154238188567,0.010943486522559808,0.011478411677216726,1.4549434684609261,32.82216591804718,0.18586931671217294,-21.528983050453437,0.1277644111661043,11.616805847830692,0.1825155805825151,-706.633524766039,6.498123502441871,-0.0
2880.0,ASTRA-SC-01,EPS,32.70329467621291,-21.56282166775071,11.909519546997595,39.99881624791178,1.0,NOMINAL,0.9999704061977946,0.045001598065319,1.0,True,0.5017421602787456,800.8163181051706,95.0,STANDBY,False,ASTRA_SIMULATED_EPS,-705.1753110510803,0.014713953860967166,-0.02115462072196337,-0.004045897520205522,0.6955432599975991,32.798212461565555,0.1755360393391733,-21.52106021793698,0.12113286380356514,11.648881084929807,0.18919301536334637,-705.8550712407852,5.854030974563385,0.0
2890.0,ASTRA-SC-01,EPS,32.85786572164786,-21.43868573255731,12.03068399630345,39.99881624791178,1.0,NOMINAL,0.9999704061977946,0.045001598065319,1.0,True,0.5034843205574913,800.6079129235075,95.0,STANDBY,False,ASTRA_SIMULATED_EPS,-704.4294570489759,0.015457104543494892,0.012413593519340082,0.012116444930585502,1.2451756632286286,32.77211772466229,0.12571426248955264,-21.50654237206557,0.11671611116626736,11.692753103431455,0.19670299018111811,-704.8129263563058,4.33993553913562,0.0
2900.0,ASTRA-SC-01,EPS,32.77333835079036,-21.596336991426416,11.896061635561264,39.99881624791178,1.0,NOMINAL,0.9999704061977946,0.045001598065319,1.0,True,0.5052264808362369,800.4008973815126,95.0,STANDBY,False,ASTRA_SIMULATED_EPS,-707.7840593577079,-0.008452737085750072,-0.015765125886910526,-0.013462236074218658,0.5361667991987438,32.75052893456647,0.08807800925309736,-21.51767761234464,0.1167889396958612,11.725463711832237,0.18601136020414902,-704.7152325129181,4.248463115575424,-0.0
2910.0,ASTRA-SC-01,EPS,32.68194841041079,-21.503957394952742,12.089516058476963,39.99881624791178,1.0,NOMINAL,0.9999704061977946,0.045001598065319,1.0,True,0.5069686411149826,800.1951786044401,95.0,STANDBY,False,ASTRA_SIMULATED_EPS,-702.7912262015171,-0.009138994037957104,0.009237959647367334,0.01934544229156998,0.9892870706099661,32.74407942211321,0.08940059832066238,-21.509122088026974,0.11241168615410298,11.771380482123856,0.18514134647365013,-704.2961035831215,4.094628630099856,-0.0
2920.0,ASTRA-SC-01,EPS,32.716500058863474,-21.46882620567109,12.033634682355844,39.99881624791178,1.0,NOMINAL,0.9999704061977946,0.045001598065319,1.0,True,0.5087108013937283,799.9906761437821,95.0,STANDBY,False,ASTRA_SIMULATED_EPS,-702.3848538215678,0.0034551648452683993,0.0035131189281653263,-0.005588137612111943,1.0215739663449244,32.74597190499832,0.08842639214155604,-21.493270360886754,0.09847612463972158,11.809232386653566,0.17603227799827562,-703.8185699241981,3.8487023649298515,0.0
2930.0,ASTRA-SC-01,EPS,32.99593783954987,-21.203669968504354,12.04248746141256,39.99881624791178,1.0,NOMINAL,0.9999704061977946,0.045001598065319,1.0,True,0.5104529616724739,799.7873209321797,95.0,STANDBY,False,ASTRA_SIMULATED_EPS,-699.6349762510999,0.027943778068639347,0.02651562371667353,0.0008852779056715221,1.0538608620798826,32.75729497124916,0.1081037073716036,-21.46954426088278,0.12153647857060329,11.837539813485877,0.17719926436759037,-703.2798253461393,3.8297036239849573,0.0
2940.0,ASTRA-SC-01,EPS,32.72047324468182,-21.36425670891431,12.137608252152296,39.99881624791178,1.0,NOMINAL,0.9999704061977946,0.045001598065319,1.0,True,0.5121951219512195,799.5850543242193,95.0,STANDBY,False,ASTRA_SIMULATED_EPS,-699.0485900365449,-0.027546459486804765,-0.016058674040995768,0.009512079073973645,1.7153632620278692,32.76118918387817,0.10544749492593528,-21.46263868258496,0.12454571133103856,11.875672230921376,0.17604477042038935,-703.1374718913452,3.950942612076336,-0.0
2950.0,ASTRA-SC-01,EPS,33.10336866876481,-21.409873443502136,12.119939832928138,39.99881624791178,1.0,NOMINAL,0.9999704061977946,0.045001598065319,1.0,True,0.5139372822299652,799.3838272159464,95.0,STANDBY,False,ASTRA_SIMULATED_EPS,-708.7389337518483,0.03828954240829887,-0.004561673458782422,-0.0017668419224158073,2.442709077251954,32.780547134383376,0.1374382939756883,-21.456906246542456,0.12488579988679835,11.913265946865355,0.16260896724164517,-703.3638247412998,4.177148069917176,0.0
2960.0,ASTRA-SC-01,EPS,32.897176542538666,-21.34482973504285,12.213227554903357,39.99881624791178,1.0,NOMINAL,0.9999704061977946,0.045001598065319,1.0,True,0.5156794425087108,799.1835992365383,95.0,STANDBY,False,ASTRA_SIMULATED_EPS,-702.1846320641334,-0.020619212622614215,0.00650437084592852,0.009328772197521928,3.1700548924760383,32.78169673578038,0.13839775107079935,-21.443469111354112,0.12541260895372114,11.949312538140806,0.16533853873247256,-702.9465506891057,3.9392991296628233,-0.0
2970.0,ASTRA-SC-01,EPS,32.88334127054736,-21.34350880940293,12.264875741078187,39.99881624791178,1.0,NOMINAL,0.9999704061977946,0.045001598065319,1.0,True,0.5174216027874564,798.9843380061097,95.0,STANDBY,False,ASTRA_SIMULATED_EPS,-701.8458840905306,-0.001383527199130441,0.00013209256399200343,0.005164818617483036,3.098188988599505,32.78315889461672,0.13941219474985503,-21.44760576907988,0.12061882203583714,11.990194374174518,0.16226562502101244,-703.1136946900662,3.826870076908137,-0.0
2980.0,ASTRA-SC-01,EPS,33.026690913359474,-21.384426360375414,12.232171334011774,39.99881624791178,1.0,NOMINAL,0.9999704061977946,0.045001598065319,1.0,True,0.519163763066202,798.7860184541473,95.0,STANDBY,False,ASTRA_SIMULATED_EPS,-706.2568397636155,0.014334964281211171,-0.004091755097248395,-0.003270440706641331,3.026323084722971,32.803323914429036,0.15161858968867853,-21.4317696653019,0.11132717211270843,12.026253285454041,0.15078978149414451,-703.0266879967475,3.7321767383662747,0.0
2990.0,ASTRA-SC-01,EPS,32.82397025849369,-21.315811165618147,12.23370574134337,39.99881624791178,1.0,NOMINAL,0.9999704061977946,0.045001598065319,1.0,True,0.5209059233449478,798.5886221935043,95.0,STANDBY,False,ASTRA_SIMULATED_EPS,-699.6695517359177,-0.020272065486578582,0.006861519475726751,0.00015344073315954888,2.9544571808464375,32.811281236144886,0.14918035342555871,-21.425420606979674,0.11524031965949276,12.05346612651365,0.1487945956392968,-702.9886612847835,3.765356965629537,-0.0
3000.0,ASTRA-SC-01,EPS,32.860283407021576,-21.489401781906025,12.309924310179705,39.99881624791178,1.0,NOMINAL,0.9999704061977946,0.045001598065319,1.0,True,0.5226480836236934,798.3921369453363,95.0,STANDBY,False,ASTRA_SIMULATED_EPS,-706.1478328007864,0.0036313148527888474,-0.017359061628787843,0.007621856883633526,0.20918843025286366,32.82104807869807,0.1471226148673953,-21.415892783460812,0.10206774239084918,12.086568605022109,0.14678796881835213,-702.8868537587501,3.648428376361619,0.0
3010.0,ASTRA-SC-01,EPS,33.00941379557576,-21.41785524392114,12.344652942680725,39.99881624791178,1.0,NOMINAL,0.9999704061977946,0.045001598065319,1.0,True,0.524390243902439,798.1965560107192,95.0,STANDBY,False,ASTRA_SIMULATED_EPS,-706.9908463603351,0.014913038855418392,0.007154653798488652,0.0034728632501019874,2.08438301495016,32.84065055307078,0.15155909668739703,-21.41303577800511,0.10132068554337569,12.12053250750566,0.1433699625099841,-703.2132287076274,3.7888245460366585,0.0
3020.0,ASTRA-SC-01,EPS,32.57667602527456,-21.349655594340422,12.40835911590378,39.99881624791178,1.0,NOMINAL,0.9999704061977946,0.045001598065319,1.0,True,0.5261324041811847,798.0018777850657,95.0,STANDBY,False,ASTRA_SIMULATED_EPS,-695.5008135480185,-0.043273777030120184,0.0068199649580716224,0.006370617322305527,6.345161198944936,32.842018612248864,0.14887652437896934,-21.41292778692573,0.10139205181637855,12.1510912137526,0.15295125805943363,-703.2389205255786,3.7308547900241646,-0.0
3030.0,ASTRA-SC-01,EPS,33.1544119526162,-21.4619660784681,12.420706202094594,39.99881624791178,1.0,NOMINAL,0.9999704061977946,0.045001598065319,1.0,True,0.5278745644599303,797.808105311771,95.0,STANDBY,False,ASTRA_SIMULATED_EPS,-711.5588646786063,0.05777359273416423,-0.01123104841276792,0.0012347086190814594,5.144096135182252,32.872093097342415,0.16368026803763483,-21.40620408097356,0.09380196830258386,12.1851703240924,0.1522291055622727,-703.6644907674138,4.289731064502864,0.0
3040.0,ASTRA-SC-01,EPS,32.84050095219691,-21.244727788243356,12.438557916138071,39.99881624791178,1.0,NOMINAL,0.9999704061977946,0.045001598065319,1.0,True,0.5296167247386759,797.6152458718152,95.0,STANDBY,False,ASTRA_SIMULATED_EPS,-697.6875031589701,-0.03139110004192887,0.02172382902247456,0.0017851714043477073,1.4450076922191273,32.87093544604569,0.16384940060400308,-21.39327355135263,0.10201361466709828,12.21236191874804,0.1589430068911228,-703.2150271747466,4.549207475116828,-0.0
3050.0,ASTRA-SC-01,EPS,32.84532909309904,-21.34758872502069,12.486137624108324,39.99881624791178,1.0,NOMINAL,0.9999704061977946,0.045001598065319,1.0,True,0.5313588850174216,797.4233106063341,95.0,STANDBY,False,ASTRA_SIMULATED_EPS,-701.168577017435,0.00048281409021271314,-0.010286093677733277,0.004757970797025201,0.046938527427363444,32.87573482886627,0.16182833635702476,-21.376690333592247,0.08553286005027365,12.251700317984511,0.14769053916851907,-702.7739950187284,4.3925936354035215,0.0
3060.0,ASTRA-SC-01,EPS,32.72632957330084,-21.38815006872235,12.56388393792015,39.99881624791178,1.0,NOMINAL,0.9999704061977946,0.045001598065319,1.0,True,0.5331010452961672,797.232314169402,95.0,STANDBY,False,ASTRA_SIMULATED_EPS,-699.9556481122246,-0.011899951979820144,-0.00405613437016612,0.007774631381182573,0.7070143255577332,32.87869357305893,0.15840165677749163,-21.36896984517689,0.07813107739957414,12.283324843280724,0.16069673180056587,-702.5849564794422,4.4524074761601575,-0.0
3070.0,ASTRA-SC-01,EPS,32.6311759195466,-21.389208424423753,12.508502437812334,39.99881624791178,1.0,NOMINAL,0.9999704061977946,0.045001598065319,1.0,True,0.5348432055749129,797.042274408522,95.0,STANDBY,False,ASTRA_SIMULATED_EPS,-697.9550228772197,-0.009515365375423811,-0.00010583557014030021,-0.005538150010781529,1.367090123688103,32.87300529710448,0.1659922747086065,-21.363661993093732,0.0734254828922245,12.31498269364449,0.15465506199994114,-702.2896344164857,4.610725616483874,-0.0
3080.0,ASTRA-SC-01,EPS,32.995488899689626,-21.56892384693649,12.548779697634522,39.99881624791178,1.0,NOMINAL,0.9999704061977946,0.045001598065319,1.0,True,0.5365853658536586,796.8532120705081,95.0,STANDBY,False,ASTRA_SIMULATED_EPS,-711.6771873698438,0.03643129801430263,-0.017971542251273575,0.0040277259822188325,2.0271659218184728,32.87297536778046,0.16596856482797492,-21.388012251655876,0.0770524755611857,12.34873550939262,0.14593864507107507,-703.0924484910687,5.134159785543028,0.0
3090.0,ASTRA-SC-01,EPS,32.86135145918232,-21.21732506231208,12.60656700865038,39.99881624791178,1.0,NOMINAL,0.9999704061977946,0.045001598065319,1.0,True,0.5383275261324042,796.6651505306519,95.0,STANDBY,False,ASTRA_SIMULATED_EPS,-697.2299758963547,-0.013413744050730259,0.03515987846244073,0.005778731101585777,0.381507122246153,32.882367248747165,0.16062222970038614,-21.378216808549055,0.08874107845369762,12.379999426492494,0.14770001192711782,-702.9712075483893,5.256490254095708,-0.0
3100.0,ASTRA-SC-01,EPS,32.708426496509844,-21.176337080039794,12.570494214946596,39.99881624791178,1.0,NOMINAL,0.9999704061977946,0.045001598065319,1.0,True,0.5400696864111498,796.4781155432327,95.0,STANDBY,False,ASTRA_SIMULATED_EPS,-692.6446648477975,-0.015292496267247912,0.004098798227228783,-0.0036072793703784355,1.0566279193464423,32.856037770596835,0.154042699502198,-21.362647717651566,0.10224866029424905,12.410036385293724,0.13641797591506644,-701.8982562881192,5.62476735750664,-0.0
3110.0,ASTRA-SC-01,EPS,32.438869693880164,-21.331992920907265,12.650744479205208,39.99881624791178,1.0,NOMINAL,0.9999704061977946,0.045001598065319,1.0,True,0.5418118466898955,796.2921350116026,95.0,STANDBY,False,ASTRA_SIMULATED_EPS,-691.9857386720848,-0.026955680262967973,-0.015565584086747108,0.008025026425861271,1.7317487164467316,32.825483980686265,0.18718629762981936,-21.361791930042532,0.10246194064148742,12.43920418024718,0.1380950410190777,-701.2183300619828,6.176994234792856,-0.0
3120.0,ASTRA-SC-01,EPS,32.63198061712999,-21.296346583069887,12.720901633747957,39.99881624791178,1.0,NOMINAL,0.9999704061977946,0.045001598065319,1.0,True,0.5435540069686411,796.1072387762135,95.0,STANDBY,False,ASTRA_SIMULATED_EPS,-694.941968914419,0.01931109232498258,0.0035646337837377472,0.0070157154542748405,1.0387268224116402,32.80872660379177,0.19280372714180039,-21.358647781620327,0.10377820643110922,12.469605906425166,0.1468921959522757,-700.7580690502419,6.380746099932614,0.0
3130.0,ASTRA-SC-01,EPS,32.70694615430286,-21.513194915330914,12.785111233642004,39.99881624791178,1.0,NOMINAL,0.9999704061977946,0.045001598065319,1.0,True,0.5452961672473867,795.9234584191017,95.0,STANDBY,False,ASTRA_SIMULATED_EPS,-703.6309077027503,0.0074965537172872136,-0.02168483322610264,0.006420959989404729,0.34570492837654854,32.787410286521336,0.18448014212142774,-21.367232351950694,0.1111285242153621,12.506468566400516,0.15233141526237418,-700.5830069128509,6.253866874474817,0.0
3140.0,ASTRA-SC-01,EPS,32.90607935830842,-21.37551484312613,12.8665095814493,39.99881624791178,1.0,NOMINAL,0.9999704061977946,0.045001598065319,1.0,True,0.5470383275261324,795.7408270834611,95.0,STANDBY,False,ASTRA_SIMULATED_EPS,-703.384387752608,0.019913320400555535,0.013768007220478395,0.008139834780729594,1.4463473240293383,32.79288422650898,0.1868454625932042,-21.371212597117893,0.11022072351887485,12.548655489074243,0.1588804510531045,-700.8306626472969,6.2885681210214255,0.0
3150.0,ASTRA-SC-01,EPS,32.62395285389369,-21.52943801423307,12.77218452091194,39.99881624791178,1.0,NOMINAL,0.9999704061977946,0.045001598065319,1.0,True,0.5487804878048781,795.5593793070558,95.0,STANDBY,False,ASTRA_SIMULATED_EPS,-702.3753707471662,-0.028212650441472677,-0.01539231711069391,-0.009432506053735957,1.8329047042483135,32.77712885630046,0.19068089653493767,-21.37388167927303,0.11371651775026989,12.579472836456393,0.1540243457051422,-700.5791651770556,6.13427319124602,-0.0
3160.0,ASTRA-SC-01,EPS,32.791964214753165,-21.326200562222237,12.827233375077247,39.99881624791178,1.0,NOMINAL,0.9999704061977946,0.045001598065319,1.0,True,0.5505226480836237,795.379150868325,95.0,STANDBY,False,ASTRA_SIMULATED_EPS,-699.3280056730404,0.016801136085947375,0.0203237452010832,0.0055048854165306695,0.8266751978888184,32.76263221757895,0.1797101569353304,-21.36777136715977,0.11364733217690623,12.611644865282825,0.15185714560103,-700.068309131236,5.8758065841633815,0.0
3170.0,ASTRA-SC-01,EPS,32.85717335254854,-21.487787961821063,12.943911954385342,39.99881624791178,1.0,NOMINAL,0.9999704061977946,0.045001598065319,1.0,True,0.5522648083623694,795.2001786441327,95.0,STANDBY,False,ASTRA_SIMULATED_EPS,-706.0279740243603,0.006520913779537807,-0.016158739959882595,0.011667857930809511,0.4035533584751856,32.78133203939721,0.17346334272787203,-21.37698019165848,0.11760217156417117,12.647348387848265,0.16318339751151775,-700.7701198296587,5.91981514004498,0.0
3180.0,ASTRA-SC-01,EPS,32.785962293404104,-21.217708155631215,12.921202061582507,39.99881624791178,1.0,NOMINAL,0.9999704061977946,0.045001598065319,1.0,True,0.554006968641115,795.0225004781947,95.0,STANDBY,False,ASTRA_SIMULATED_EPS,-695.6429795429777,-0.007121105914443859,0.027007980618984816,-0.0022709892802835084,0.2636667292866093,32.75676872878308,0.1396515848113085,-21.36069633013602,0.12182871726460201,12.680714778480793,0.16469298515387434,-699.7090608206167,5.23464978284038,-0.0
3190.0,ASTRA-SC-01,EPS,32.874339119427255,-21.273512842750225,12.958707046821898,39.99881624791178,1.0,NOMINAL,0.9999704061977946,0.045001598065319,1.0,True,0.5557491289198606,794.8461550593073,95.0,STANDBY,False,ASTRA_SIMULATED_EPS,-699.3526754540618,0.008837682602315055,-0.005580468711901076,0.003750498523939072,1.583681059525976,32.75902460659843,0.14136358611547328,-21.362615333769813,0.12008578125792811,12.715391387193048,0.1648236413403142,-699.8200723069563,5.206296179932479,0.0
3200.0,ASTRA-SC-01,EPS,32.904835980430974,-21.183401148993095,12.978317486328466,39.99881624791178,1.0,NOMINAL,0.9999704061977946,0.045001598065319,1.0,True,0.5574912891986062,794.6711818085648,95.0,STANDBY,False,ASTRA_SIMULATED_EPS,-697.0363403152909,0.003049686100371929,0.009011169375713024,0.0019610439506568154,0.33843400042967425,32.76299173242056,0.1447529199684387,-21.35166949536797,0.12872536724817196,12.748203378007723,0.16491536856071734,-699.5445898601466,5.239067658019279,0.0
3210.0,ASTRA-SC-01,EPS,32.91570455179113,-21.336538919948516,13.072581311478896,39.99881624791178,1.0,NOMINAL,0.9999704061977946,0.045001598065319,1.0,True,0.5592334494773519,794.497620774834,95.0,STANDBY,False,ASTRA_SIMULATED_EPS,-702.3072112468179,0.0010868571360155954,-0.015313777095542136,0.009426382515042953,0.0709725059490373,32.77561673098658,0.14950727220926313,-21.34822875211638,0.12836989071565363,12.782116536244974,0.1762212400506188,-699.7013607357862,5.287208758490421,0.0
3220.0,ASTRA-SC-01,EPS,32.68850247034516,-21.120277769849533,13.03056601864163,39.99881624791178,1.0,NOMINAL,0.9999704061977946,0.045001598065319,1.0,True,0.5609756097560976,794.3255125377956,95.0,STANDBY,False,ASTRA_SIMULATED_EPS,-690.3902520541025,-0.022720208144596653,0.021626115009898327,-0.00420152928372648,1.0505912936372324,32.77943850103982,0.14624846756484852,-21.330300041811434,0.14044936575376957,12.816920774966926,0.16975768469382593,-699.1970426809116,5.801453443754982,-0.0
3230.0,ASTRA-SC-01,EPS,32.564784967463424,-21.301778508408667,13.03043446952541,39.99881624791178,1.0,NOMINAL,0.9999704061977946,0.045001598065319,1.0,True,0.5627177700348432,794.1548981179467,95.0,STANDBY,False,ASTRA_SIMULATED_EPS,-693.687836550862,-0.012371750288173899,-0.018150073855913364,-1.3154911622059728e-05,0.6816363606224741,32.75072490555807,0.1430464225219661,-21.312490352576244,0.12400424036654763,12.849031093092986,0.16072820306236293,-697.997752626313,4.812327622453505,-0.0
3240.0,ASTRA-SC-01,EPS,32.93729040291158,-21.383720699286833,13.07400591526654,39.99881624791178,1.0,NOMINAL,0.9999704061977946,0.045001598065319,1.0,True,0.5644599303135889,793.9858188929833,95.0,STANDBY,False,ASTRA_SIMULATED_EPS,-704.3218185671619,0.037250543544815426,-0.008194219087816635,0.004357144574112936,4.545954061711683,32.75578750180669,0.14848181903447183,-21.32358339504123,0.12231406260667084,12.880193686867395,0.15559287608585898,-698.4705421377001,5.072829163632304,0.0
3250.0,ASTRA-SC-01,EPS,32.48954741220394,-21.356255926659266,13.00686428036482,39.99881624791178,1.0,NOMINAL,0.9999704061977946,0.045001598065319,1.0,True,0.5662020905923345,793.8183165200488,95.0,STANDBY,False,ASTRA_SIMULATED_EPS,-693.8550894763576,-0.04477429907076384,0.0027464772627567415,-0.006714163490171998,2.4516161950234143,32.74119556285296,0.16346750625681306,-21.335577984815863,0.11547361573777729,12.909285024561944,0.13265559345739078,-698.5512371129374,4.982356169626683,-0.0
3260.0,ASTRA-SC-01,EPS,32.539670671447894,-21.21596401621085,13.199006765971486,39.99881624791178,1.0,NOMINAL,0.9999704061977946,0.045001598065319,1.0,True,0.5679442508710801,793.6524328633717,95.0,STANDBY,False,ASTRA_SIMULATED_EPS,-690.3604820647901,0.005012325924395355,0.014029191044841483,0.01921424856066665,0.35727832833514533,32.74791562802414,0.1518073779716059,-21.327842724502766,0.11954536439071542,12.945835843679696,0.13186062144681998,-698.4428866724512,5.150179076129642,0.0
3270.0,ASTRA-SC-01,EPS,32.86919961152494,-21.403543502477035,13.188905278877431,39.99881624791178,1.0,NOMINAL,0.9999704061977946,0.045001598065319,1.0,True,0.5696864111498258,793.4882099268524,95.0,STANDBY,False,ASTRA_SIMULATED_EPS,-703.5173437768754,0.032952894007704715,-0.018757948626618413,-0.0010101487094054562,1.756742950076268,32.76373022765048,0.1512221815209306,-21.334989185796577,0.12072632577377945,12.977036086688326,0.13019399067477744,-699.0145783299482,5.20941484727552,0.0
3280.0,ASTRA-SC-01,EPS,32.79883466154507,-21.41989558724227,13.297950652848638,39.99881624791178,1.0,NOMINAL,0.9999704061977946,0.045001598065319,1.0,True,0.5714285714285714,793.3256897912019,95.0,STANDBY,False,ASTRA_SIMULATED_EPS,-702.5476138335181,-0.007036494997986864,-0.001635208476523431,0.010904537397120606,1.5387751620319043,32.769856128133284,0.1506175537620103,-21.32876923059067,0.11304845282755481,13.011225381302102,0.14290957292580908,-698.9423587386661,5.147993025476884,-0.0
3290.0,ASTRA-SC-01,EPS,32.94331009540382,-21.310511405487915,13.255530947742804,39.99881624791178,1.0,NOMINAL,0.9999704061977946,0.045001598065319,1.0,True,0.573170731707317,793.1649145552653,95.0,STANDBY,False,ASTRA_SIMULATED_EPS,-702.0387855226282,0.01444754338587444,0.010938418175435416,-0.004241970510583393,1.3208073739875408,32.77233817727298,0.15330552287626092,-21.324435668081453,0.11237241560343122,13.037160139055004,0.1498993511481867,-698.8526519233341,5.0762836380987295,0.0
3300.0,ASTRA-SC-01,EPS,32.833599164620665,-21.50850210492509,13.273149955585042,39.99881624791178,1.0,NOMINAL,0.9999704061977946,0.045001598065319,1.0,True,0.5749128919860628,793.0059262811958,95.0,STANDBY,False,ASTRA_SIMULATED_EPS,-706.2015367445102,-0.010971093078315165,-0.019799069943717384,0.0017619007842238688,0.5541216385164848,32.78631459798811,0.14828562355839944,-21.323039940794256,0.10974356716078938,13.070557834699878,0.1422586780744406,-699.1077296564904,5.354449208007512,-0.0
3310.0,ASTRA-SC-01,EPS,32.68758134941194,-21.38781236581564,13.302692453200953,39.99881624791178,1.0,NOMINAL,0.9999704061977946,0.045001598065319,1.0,True,0.5766550522648084,792.8487669431714,95.0,STANDBY,False,ASTRA_SIMULATED_EPS,-699.1158565935575,-0.014601781520872237,0.012068973910944792,0.0029542497615910436,1.20986105601161,32.7793557402987,0.15043525348067507,-21.32714739436715,0.11101593108230078,13.102255106574793,0.1370438859886355,-699.0935863845248,5.354105984711724,-0.0
3320.0,ASTRA-SC-01,EPS,33.09424007753668,-21.20015347236135,13.319343858441902,39.99881624791178,1.0,NOMINAL,0.9999704061977946,0.045001598065319,1.0,True,0.578397212543554,792.6934783793737,95.0,STANDBY,False,ASTRA_SIMULATED_EPS,-701.6029686949495,0.040665872812473934,0.01876588934542909,0.0016651405240949656,2.1670101567757114,32.795160188631236,0.17033172951463163,-21.3079717617365,0.1060155003389683,13.127283900178561,0.1403039400523903,-698.7985860292307,5.058487930720141,0.0
3330.0,ASTRA-SC-01,EPS,32.89332646753088,-21.111043881379,13.425206751255564,39.99881624791178,1.0,NOMINAL,0.9999704061977946,0.045001598065319,1.0,True,0.5801393728222997,792.5401022469708,95.0,STANDBY,False,ASTRA_SIMULATED_EPS,-694.4124584605698,-0.020091361000579865,0.008910959098234982,0.010586289281366134,2.254679970931458,32.80231780023969,0.1721635682154736,-21.300860810119687,0.11564248951933863,13.160884212823431,0.14758685679150835,-698.7165512904036,5.1228864583374945,-0.0
3340.0,ASTRA-SC-01,EPS,32.80920364997186,-21.334234641125853,13.444875632611666,39.99881624791178,1.0,NOMINAL,0.9999704061977946,0.045001598065319,1.0,True,0.5818815331010453,792.3886799798718,95.0,STANDBY,False,ASTRA_SIMULATED_EPS,-699.9592490569825,-0.008412281755902029,-0.022319075974685278,0.001966888135610212,0.3769099475911727,32.79797543560933,0.1710350051137914,-21.304908930011393,0.11567957206628575,13.193295451876082,0.15328883054392886,-698.7569895305983,5.130654611037652,-0.0
3350.0,ASTRA-SC-01,EPS,32.86395483137459,-21.158043031920595,13.472629818436618,39.99881624791178,1.0,NOMINAL,0.9999704061977946,0.045001598065319,1.0,True,0.5836236933797909,792.2392527490348,95.0,STANDBY,False,ASTRA_SIMULATED_EPS,-695.3369705213183,0.005475118140272883,0.0176191609205258,0.0027754185824951706,0.31074795019861207,32.79525002567224,0.16952966625678906,-21.303218388873226,0.11774890649843328,13.22624960734996,0.1568636885959955,-698.6436982110001,5.1897839673172275,0.0
3360.0,ASTRA-SC-01,EPS,32.97154791916774,-21.31272729186694,13.537565275025305,39.99881624791178,1.0,NOMINAL,0.9999704061977946,0.045001598065319,1.0,True,0.5853658536585366,792.091861425131,95.0,STANDBY,False,ASTRA_SIMULATED_EPS,-702.7136091919449,0.010759308779314835,-0.015468425994634317,0.006493545658868704,0.6955658438064107,32.798972916830685,0.17294261310489661,-21.301630947001122,0.11742767732025537,13.257248538253055,0.16974277372087318,-698.6707914073419,5.2112916125454305,0.0
3370.0,ASTRA-SC-01,EPS,32.83183000757015,-21.017883737200453,13.467978325981132,39.99881624791178,1.0,NOMINAL,0.9999704061977946,0.045001598065319,1.0,True,0.5871080139372822,791.9465465433888,95.0,STANDBY,False,ASTRA_SIMULATED_EPS,-690.0555859786384,-0.013971791159759306,0.029484355466648536,-0.006958694904417228,0.47387134426471045,32.80852808597901,0.17034301822018236,-21.294804678157853,0.13092368732081547,13.286409358742354,0.16553879696113738,-698.6484803356444,5.249849042953648,-0.0
3380.0,ASTRA-SC-01,EPS,33.08411726308127,-21.22236558249481,13.500526982793197,39.99881624791178,1.0,NOMINAL,0.9999704061977946,0.045001598065319,1.0,True,0.5888501742160279,791.8033482704459,95.0,STANDBY,False,ASTRA_SIMULATED_EPS,-702.1232315312383,0.025228725551112063,-0.020448184529435663,0.0032548656812064537,1.2337880419063458,32.843150239020204,0.17004047805557576,-21.289510483096926,0.1322207373446464,13.317748859626873,0.15794077879177892,-699.2108400010027,5.130963379652366,0.0
3390.0,ASTRA-SC-01,EPS,32.72006827759931,-21.27570020486089,13.58488458593942,39.99881624791178,1.0,NOMINAL,0.9999704061977946,0.045001598065319,1.0,True,0.5905923344947736,791.6623063730675,95.0,STANDBY,False,ASTRA_SIMULATED_EPS,-696.142363356782,-0.03640489854819577,-0.0053334622366079994,0.008435760314622343,6.8257535036657035,32.82866876399939,0.17069894142930475,-21.282309116801866,0.12963955282081754,13.351807437671733,0.15670379855580657,-698.6655429869774,4.981452795524082,-0.0
3400.0,ASTRA-SC-01,EPS,32.885167646289275,-21.299627790126788,13.592955422236626,39.99881624791178,1.0,NOMINAL,0.9999704061977946,0.045001598065319,1.0,True,0.5923344947735192,791.5234601885847,95.0,STANDBY,False,ASTRA_SIMULATED_EPS,-700.4418306818814,0.016509936868996534,-0.0023927585265898443,0.000807083629720573,3.9236528379401947,32.85504344627174,0.14285064001885103,-21.278533907699696,0.12814829965967298,13.390880180463187,0.13629052660548205,-699.1046590673456,4.814639864689111,0.0
3410.0,ASTRA-SC-01,EPS,33.15075027773839,-21.03964828181314,13.646404873595111,39.99881624791178,1.0,NOMINAL,0.9999704061977946,0.045001598065319,1.0,True,0.5940766550522648,791.3868485969318,95.0,STANDBY,False,ASTRA_SIMULATED_EPS,-697.4801261218349,0.026558263144911366,0.025997950831364847,0.005344945135848533,1.021552172214686,32.895782086691106,0.13330316298917075,-21.266779525406516,0.1416703120092537,13.420706720971427,0.14020001804175058,-699.579302004482,4.20314325786223,0.0
3420.0,ASTRA-SC-01,EPS,32.805656548718474,-21.21424341701617,13.685599018907634,39.99881624791178,1.0,NOMINAL,0.9999704061977946,0.045001598065319,1.0,True,0.5958188153310104,791.252509994164,95.0,STANDBY,False,ASTRA_SIMULATED_EPS,-695.9471834795443,-0.0345093729019915,-0.017459513520303106,0.003919414531252307,1.9765369099122756,32.891545882504005,0.13520436090309879,-21.254159519709123,0.13697063589658726,13.45381963697344,0.1401972268121422,-699.0746246513265,4.150674721070208,-0.0
3430.0,ASTRA-SC-01,EPS,32.63168903612126,-21.252157254629253,13.601747454923178,39.99881624791178,1.0,NOMINAL,0.9999704061977946,0.045001598065319,1.0,True,0.5975609756097561,791.1204822673552,95.0,STANDBY,False,ASTRA_SIMULATED_EPS,-693.4937868798103,-0.017396751259721555,-0.0037913837613082536,-0.00838515639844566,2.104569417419691,32.88040284080908,0.14952084621695425,-21.242976964201592,0.12909387313660314,13.474072757111744,0.13799801749679266,-698.471036187746,4.266252285032966,-0.0
3440.0,ASTRA-SC-01,EPS,32.864895500738555,-21.1477022409461,13.691190197745778,39.99881624791178,1.0,NOMINAL,0.9999704061977946,0.045001598065319,1.0,True,0.5993031358885017,790.9908027707722,95.0,STANDBY,False,ASTRA_SIMULATED_EPS,-695.0170242294281,0.023320646461729665,0.010445501368315391,0.00894427428225999,2.2326019249271063,32.87517520116474,0.14853186286828504,-21.2321230198988,0.12985223571081778,13.503116707111941,0.13451886080547393,-698.0029187681994,4.231911712116545,0.0
3450.0,ASTRA-SC-01,EPS,33.057553343892494,-21.351879787560677,13.67222317812796,39.99881624791178,1.0,NOMINAL,0.9999704061977946,0.045001598065319,1.0,True,0.6010452961672473,790.8635083032448,95.0,STANDBY,False,ASTRA_SIMULATED_EPS,-705.840905069667,0.01926578431539383,-0.02041775466145772,-0.0018967019617818436,0.943579969239299,32.89010547978286,0.1551620171340779,-21.22168153207451,0.11096439532199129,13.529721588614802,0.12490840378583777,-697.9788766565431,4.182745992608903,0.0
3460.0,ASTRA-SC-01,EPS,32.83623349039934,-21.09562595658235,13.85965046158564,39.99881624791178,1.0,NOMINAL,0.9999704061977946,0.045001598065319,1.0,True,0.6027874564459931,790.7386350866462,95.0,STANDBY,False,ASTRA_SIMULATED_EPS,-692.7008995364669,-0.022131985349315642,0.02562538309783271,0.018742728345768,0.8636743210753198,32.90001562251535,0.14576559602384007,-21.20220243812562,0.10521487743984816,13.566852122507113,0.13497624536897337,-697.5512128527371,4.381421578732714,-0.0
3470.0,ASTRA-SC-01,EPS,32.724168333660984,-21.088406272512284,13.803460775999014,39.99881624791178,1.0,NOMINAL,0.9999704061977946,0.045001598065319,1.0,True,0.6045296167247387,790.6162187454127,95.0,STANDBY,False,ASTRA_SIMULATED_EPS,-690.1005567503241,-0.011206515673835326,0.0007219684070065568,-0.005618968558662551,1.681897392354748,32.87534417292364,0.14180858564410304,-21.194752624802355,0.10924914493123251,13.599126583677588,0.12932763401080874,-696.7843853897622,4.621619662676312,-0.0
3480.0,ASTRA-SC-01,EPS,32.77111364525315,-21.10642142912566,13.867854646862789,39.99881624791178,1.0,NOMINAL,0.9999704061977946,0.045001598065319,1.0,True,0.6062717770034843,790.4962942870353,95.0,STANDBY,False,ASTRA_SIMULATED_EPS,-691.6809352984835,0.004694531159216808,-0.0018015156613376605,0.006439387086377479,2.5001204636341763,32.867196651438455,0.1441924205104269,-21.1944444613188,0.1095083432203243,13.628636443384739,0.1370774294743644,-696.602283845623,4.773086057567118,0.0
3490.0,ASTRA-SC-01,EPS,32.5409002465238,-21.037045429833487,13.934015767974977,39.99881624791178,1.0,NOMINAL,0.9999704061977946,0.045001598065319,1.0,True,0.60801393728223,790.3788960834622,95.0,STANDBY,False,ASTRA_SIMULATED_EPS,-684.5643968138008,-0.02302133987293544,0.006937599929217342,0.006616112111218797,3.318343534913604,32.849309757875254,0.16677345606672814,-21.174631847232643,0.10929453877225924,13.661245785742292,0.14798674206411466,-695.5759603627444,5.585659684592708,-0.0
3500.0,ASTRA-SC-01,EPS,32.69683353494871,-21.153518043305173,13.919406013047691,39.99881624791178,1.0,NOMINAL,0.9999704061977946,0.045001598065319,1.0,True,0.6097560975609756,790.2640578533565,95.0,STANDBY,False,ASTRA_SIMULATED_EPS,-691.6530581404832,0.01559332884249116,-0.011647261347168581,-0.0014609754927285223,1.3387978837000905,32.838168338113526,0.17124751321316473,-21.174330181324944,0.10934982714866633,13.69103086538303,0.15221331762556717,-695.3303662040219,5.677157336380822,0.0
3510.0,ASTRA-SC-01,EPS,32.842173760029155,-21.25509244509183,13.89073745666003,39.99881624791178,1.0,NOMINAL,0.9999704061977946,0.045001598065319,1.0,True,0.6114982578397212,790.151812645156,95.0,STANDBY,False,ASTRA_SIMULATED_EPS,-698.0634393671888,0.014534022508044586,-0.010157440178665666,-0.002866855638766097,1.430874536536414,32.829543394170955,0.16726156522815905,-21.170487858206606,0.10506824894270236,13.714575677492011,0.15408257975909773,-695.0203548823714,5.363483825912511,0.0
3520.0,ASTRA-SC-01,EPS,32.79523321643207,-21.06056459794781,13.981033783119836,39.99881624791178,1.0,NOMINAL,0.9999704061977946,0.045001598065319,1.0,True,0.6132404181184669,790.0421928208941,95.0,STANDBY,False,ASTRA_SIMULATED_EPS,-690.6861276594312,-0.004694054359708844,0.019452784714401972,0.009029632645980534,0.24130500741282432,32.82710360809508,0.16749258153939361,-21.173333248923093,0.10114500862457636,13.74877937463459,0.15236737891461027,-695.0623909944243,5.324119728337431,-0.0
3530.0,ASTRA-SC-01,EPS,32.7386443251803,-21.10181174534185,13.840883034290904,39.99881624791178,1.0,NOMINAL,0.9999704061977946,0.045001598065319,1.0,True,0.6149825783972126,789.9352300407327,95.0,STANDBY,False,ASTRA_SIMULATED_EPS,-690.844709347659,-0.005658889125176358,-0.0041247147394038565,-0.014015074882893153,0.5730347097756616,32.80407207890168,0.15272874273875442,-21.16529632644623,0.10175834562856312,13.771469778067772,0.1373609614300988,-694.3104895155191,5.044803155021774,-0.0
3540.0,ASTRA-SC-01,EPS,32.98781827294713,-21.377213766491067,13.994565957811393,39.99881624791178,1.0,NOMINAL,0.9999704061977946,0.045001598065319,1.0,True,0.6167247386759582,789.8309552481747,95.0,STANDBY,False,ASTRA_SIMULATED_EPS,-705.187642910951,0.024917394776682755,-0.027540202114921898,0.01536829235204884,0.9047644121384989,32.82192207859154,0.15777281403490248,-21.172063897221573,0.11244034528966743,13.798781869525904,0.13833734351405746,-694.9135081524636,5.768156280642182,0.0
3550.0,ASTRA-SC-01,EPS,32.61580136692731,-21.324733908101187,14.100028842904123,39.99881624791178,1.0,NOMINAL,0.9999704061977946,0.045001598065319,1.0,True,0.6184668989547039,789.7293986559156,95.0,STANDBY,False,ASTRA_SIMULATED_EPS,-695.5232853492078,-0.03720169060198231,0.005247985838988001,0.010546288509273083,7.088755904333027,32.80396432663407,0.1652141867377749,-21.17373763841987,0.11464018299161041,13.832586764237071,0.1461810857211678,-694.5856051302854,5.56776082622001,-0.0
3560.0,ASTRA-SC-01,EPS,32.72272235377733,-21.13970974457168,14.068862841248478,39.99881624791178,1.0,NOMINAL,0.9999704061977946,0.045001598065319,1.0,True,0.6202090592334495,789.6305897323075,95.0,STANDBY,False,ASTRA_SIMULATED_EPS,-691.7488526110601,0.010692098685002094,0.018502416352950846,-0.00311660016556452,0.5778758017893632,32.77542913170333,0.13529493893401218,-21.18040840260377,0.10905557474827549,13.860750628747295,0.14842732149326074,-694.2035202295671,5.551566887351428,0.0
3570.0,ASTRA-SC-01,EPS,32.8776573246309,-21.166688212670017,14.03620270199583,39.99881624791178,1.0,NOMINAL,0.9999704061977946,0.045001598065319,1.0,True,0.6219512195121951,789.5345571884019,95.0,STANDBY,False,ASTRA_SIMULATED_EPS,-695.9111217534689,0.015493497085357433,-0.0026978468098338483,-0.0032660139252648434,0.9936706368301842,32.78022918343083,0.13769982525594476,-21.17723805564736,0.10869233324442718,13.884124207619841,0.14646790420171565,-694.2011161144953,5.55076560616955,0.0
3580.0,ASTRA-SC-01,EPS,32.96280889118182,-21.22710229747756,14.051588945437056,39.99881624791178,1.0,NOMINAL,0.9999704061977946,0.045001598065319,1.0,True,0.6236933797909407,789.4413289655478,95.0,STANDBY,False,ASTRA_SIMULATED_EPS,-699.7049163453195,0.008515156655091971,-0.006041408480754384,0.0015386243441225743,1.4094654718710051,32.80230384043487,0.1387235697733537,-21.175567725170584,0.10764625680717076,13.914113640320767,0.12960301316498765,-694.615191412196,5.7232209366566,0.0
3590.0,ASTRA-SC-01,EPS,32.72921434794099,-21.00325122098301,14.200917346034732,39.99881624791178,1.0,NOMINAL,0.9999704061977946,0.045001598065319,1.0,True,0.6254355400696864,789.3509322235192,95.0,STANDBY,False,ASTRA_SIMULATED_EPS,-687.4199112152062,-0.023359454324083373,0.022385107649455095,0.014932840059767648,1.043526557472329,32.793258430248365,0.13877429507787936,-21.165937657173046,0.11642086574276944,13.948095450206695,0.13373674236433095,-694.1087172112478,6.013891396554768,-0.0
3600.0,ASTRA-SC-01,EPS,32.74224605490399,-21.20564845332924,14.171235423011044,39.99881624791178,1.0,NOMINAL,0.9999704061977946,0.045001598065319,1.0,True,0.627177700348432,789.2633933291518,95.0,STANDBY,False,ASTRA_SIMULATED_EPS,-694.3205594127002,0.0013031706962998157,-0.020239723234622885,-0.0029681923023687773,0.06438678440377878,32.7722379443158,0.11824273407714704,-21.156188901557616,0.10533292446255357,13.981362933198904,0.12173809217414375,-693.3406941674501,5.070145182831012,0.0
3610.0,ASTRA-SC-01,EPS,33.14000468866148,-21.12203080805518,14.237653078796608,39.99881624791178,1.0,NOMINAL,0.9999704061977946,0.045001598065319,1.0,True,0.6289198606271778,789.178737845468,95.0,STANDBY,False,ASTRA_SIMULATED_EPS,-699.9842000130008,0.03977586337574905,0.008361764527406024,0.0066417655785564024,4.75687437087974,32.79248935753328,0.15136143369363197,-21.157949224989135,0.1044655697314963,14.006563107679634,0.13331682572064102,-693.8262475325523,5.345756742798024,0.0
3620.0,ASTRA-SC-01,EPS,32.96838751927037,-21.135405171679466,14.231955819822188,39.99881624791178,1.0,NOMINAL,0.9999704061977946,0.045001598065319,1.0,True,0.6306620209059234,789.096990521271,95.0,STANDBY,False,ASTRA_SIMULATED_EPS,-696.8002280767198,-0.017161716939110505,-0.00133743636242869,-0.0005697258974420194,4.498587765432417,32.8087706365739,0.15653392394271573,-21.161082484933612,0.10292421829496001,14.035129443934514,0.1325944537545778,-694.2728922876453,5.291847014565474,-0.0
3630.0,ASTRA-SC-01,EPS,32.76722318996664,-21.16739551867311,14.271727060815428,39.99881624791178,1.0,NOMINAL,0.9999704061977946,0.045001598065319,1.0,True,0.632404181184669,789.0181752811947,95.0,STANDBY,False,ASTRA_SIMULATED_EPS,-693.5967733106615,-0.020116432930372952,-0.003199034699364489,0.003977124099323959,4.240301159985092,32.80851127288813,0.15660398259624822,-21.165147424236775,0.10180923806058534,14.062054271531355,0.13712909136810394,-694.4006148217906,5.247756171582592,-0.0
3640.0,ASTRA-SC-01,EPS,32.9187531490674,-21.151394580383,14.338823941374658,39.99881624791178,1.0,NOMINAL,0.9999704061977946,0.045001598065319,1.0,True,0.6341463414634146,788.9423152161921,95.0,STANDBY,False,ASTRA_SIMULATED_EPS,-696.27753695015,0.015152995910075618,0.0016000938290112287,0.006709688055923024,3.982014554537769,32.83370146639104,0.13999151127610598,-21.172770700940077,0.09562538436569308,14.089041483091334,0.14941418361809006,-695.1814908308806,4.497383124511827,0.0
3650.0,ASTRA-SC-01,EPS,32.78618671261328,-21.146216588722716,14.230809391453905,39.99881624791178,1.0,NOMINAL,0.9999704061977946,0.045001598065319,1.0,True,0.6358885017421603,788.8694325744501,95.0,STANDBY,False,ASTRA_SIMULATED_EPS,-693.3038053432232,-0.013256643645411969,0.0005177991660282544,-0.010801454992075321,3.7237279490904447,32.83965834490201,0.13558320596500917,-21.17228393730125,0.09574889028012505,14.109801708318413,0.14574966763010905,-695.2915406443966,4.424481976773297,-0.0
3660.0,ASTRA-SC-01,EPS,32.94969909874775,-21.114418287755395,14.409071346038342,39.99881624791178,1.0,NOMINAL,0.9999704061977946,0.045001598065319,1.0,True,0.6376306620209059,788.7995487527155,95.0,STANDBY,False,ASTRA_SIMULATED_EPS,-695.7137292266369,0.016351238613447096,0.0031798300967320614,0.017826195458443727,3.4654413436431213,32.846826700816585,0.13853600374023856,-21.162905660145483,0.09393075072967642,14.144357300943636,0.15143677454426224,-695.1348933016931,4.360466189845488,0.0
3670.0,ASTRA-SC-01,EPS,32.324446458197315,-20.919462730075576,14.380566903562814,39.99881624791178,1.0,NOMINAL,0.9999704061977946,0.045001598065319,1.0,True,0.6393728222996515,788.7326842880267,95.0,STANDBY,False,ASTRA_SIMULATED_EPS,-676.2100529525821,-0.06252526405504355,0.019495555767981898,-0.002850444247552808,3.2071547381957974,32.815440916934264,0.19348945328433728,-21.153498868954003,0.11051349446963038,14.1709928423065,0.15573374199046597,-694.1698216545699,6.494937219191468,-0.0
3680.0,ASTRA-SC-01,EPS,32.9811627892541,-21.263975618904325,14.446484956530446,39.99881624791178,1.0,NOMINAL,0.9999704061977946,0.045001598065319,1.0,True,0.6411149825783972,788.6688588498359,95.0,STANDBY,False,ASTRA_SIMULATED_EPS,-701.3106414338138,0.0656716331056785,-0.03445128888287492,0.006591805296763198,1.9062170164066812,32.83160881453919,0.19671941007753319,-21.16430979385817,0.1129998945990263,14.211366303789136,0.14192934642959928,-694.8675504603135,6.671964187703386,0.0
3690.0,ASTRA-SC-01,EPS,32.626666880275216,-21.21603243919104,14.539772238940586,39.99881624791178,1.0,NOMINAL,0.9999704061977946,0.045001598065319,1.0,True,0.6428571428571429,788.6080912325158,95.0,STANDBY,False,ASTRA_SIMULATED_EPS,-692.2084229145989,-0.03544959089788833,0.00479431797132861,0.009328728241013984,1.698497459823537,32.80753205502773,0.19832941834099463,-21.153564372038165,0.09797260391029702,14.247713389197749,0.151903766588344,-694.0022691272233,6.050663836317594,-0.0
3700.0,ASTRA-SC-01,EPS,32.768152634160714,-21.12112510686611,14.515723202658355,39.99881624791178,1.0,NOMINAL,0.9999704061977946,0.045001598065319,1.0,True,0.6445993031358885,788.5503993482397,95.0,STANDBY,False,ASTRA_SIMULATED_EPS,-692.1002513069927,0.014148575388549745,0.009490733232492943,-0.0024049036282230317,1.4907779032403927,32.81768880617662,0.1915960226683332,-21.139990451955832,0.0859278608943706,14.275426346514699,0.16070047006345708,-693.7740668577424,6.053750297753394,0.0
3710.0,ASTRA-SC-01,EPS,32.880714400719825,-21.126881910855474,14.518541946737567,39.99881624791178,1.0,NOMINAL,0.9999704061977946,0.045001598065319,1.0,True,0.6463414634146342,788.495800220233,95.0,STANDBY,False,ASTRA_SIMULATED_EPS,-694.6669702885728,0.011256176655911077,-0.0005756803989363845,0.000281874407921201,1.561655816655742,32.82822160930612,0.19034104766975796,-21.139135263041414,0.08599466209443589,14.305404953547304,0.16135606927144563,-693.9686080362432,6.030864585527214,0.0
3720.0,ASTRA-SC-01,EPS,33.19357723273594,-21.148345058193005,14.5383480652257,39.99881624791178,1.0,NOMINAL,0.9999704061977946,0.045001598065319,1.0,True,0.6480836236933798,788.4443099763828,95.0,STANDBY,False,ASTRA_SIMULATED_EPS,-701.989225033679,0.03128628320161155,-0.0021463147337531297,0.0019806118488132187,1.6325337300710914,32.84928293651312,0.21240176738883695,-21.13791238607628,0.08570479674637643,14.338881311095962,0.15340971718789442,-694.3738149215903,6.3656030758202125,0.0
3730.0,ASTRA-SC-01,EPS,32.97172829362338,-21.018107050274676,14.615569179866933,39.99881624791178,1.0,NOMINAL,0.9999704061977946,0.045001598065319,1.0,True,0.6498257839721254,788.3959438432022,95.0,STANDBY,False,ASTRA_SIMULATED_EPS,-693.0033149079466,-0.022184893911256155,0.01302380079183294,0.0077221114641233156,1.7034116434864406,32.84987756334256,0.2127544813086953,-21.12397936959609,0.08714557384135402,14.376479993391287,0.14694458097511295,-693.9270414924323,6.197673329027638,-0.0
3740.0,ASTRA-SC-01,EPS,32.90417391540251,-21.265638142371035,14.66573932743173,39.99881624791178,1.0,NOMINAL,0.9999704061977946,0.045001598065319,1.0,True,0.6515679442508711,788.3507161401494,95.0,STANDBY,False,ASTRA_SIMULATED_EPS,-699.7282558585937,-0.006755437822086918,-0.024753109209635936,0.0050170147564797315,0.27291269815337577,32.861541534506664,0.21045025360322678,-21.141471831021953,0.08751450634750428,14.40746812548442,0.15600885792495106,-694.7475978019914,6.088442326753073,-0.0
3750.0,ASTRA-SC-01,EPS,32.61142665553873,-21.104331284874373,14.574129777646863,39.99881624791178,1.0,NOMINAL,0.9999704061977946,0.045001598065319,1.0,True,0.6533101045296167,788.3086402742849,95.0,STANDBY,False,ASTRA_SIMULATED_EPS,-688.242351810872,-0.029274725986378057,0.016130685749666186,-0.009160954978486657,1.8148469594346839,32.852820241215646,0.21831096043762233,-21.134717353124966,0.08610603108125413,14.434327749126806,0.14684572039221863,-694.3423839618697,6.316874844993859,-0.0
3760.0,ASTRA-SC-01,EPS,32.78890549436617,-21.100254917457317,14.655613181399952,39.99881624791178,1.0,NOMINAL,0.9999704061977946,0.045001598065319,1.0,True,0.6550522648083623,788.2697287352735,95.0,STANDBY,False,ASTRA_SIMULATED_EPS,-691.8542643955429,0.01774788388274402,0.00040763674170563036,0.008148340375308826,1.1855484701193277,32.82941362826262,0.2036501905091561,-21.13326562708511,0.08651778457091956,14.462191755967032,0.1465146486567284,-693.8003882540391,6.1446548764780635,0.0
3770.0,ASTRA-SC-01,EPS,32.86861778703005,-20.95695191446455,14.68984991484813,39.99881624791178,1.0,NOMINAL,0.9999704061977946,0.045001598065319,1.0,True,0.6567944250871081,788.2339930907219,95.0,STANDBY,False,ASTRA_SIMULATED_EPS,-688.8260424577029,0.00797122926638778,0.014330300299276644,0.003423673344817857,0.5562499808039715,32.822762312779936,0.20039019526910976,-21.121368743270782,0.09774364743641835,14.492718028968762,0.14277190666435402,-693.268775879438,6.211170070938479,0.0
3780.0,ASTRA-SC-01,EPS,32.759383013441024,-21.02786327622077,14.754200929019271,39.99881624791178,1.0,NOMINAL,0.9999704061977946,0.045001598065319,1.0,True,0.6585365853658537,788.2014439818478,95.0,STANDBY,False,ASTRA_SIMULATED_EPS,-688.859827019987,-0.010923477358902289,-0.007091136175622026,0.006435101417114097,1.540441064501782,32.82223963434489,0.2005555620503261,-21.112066593773957,0.09967101138024022,14.524882953515682,0.14377338470734266,-692.9529794600596,6.312890486675917,-0.0
3790.0,ASTRA-SC-01,EPS,32.598099852281194,-21.06755331996736,14.757266768609725,39.99881624791178,1.0,NOMINAL,0.9999704061977946,0.045001598065319,1.0,True,0.6602787456445993,788.1720911194791,95.0,STANDBY,False,ASTRA_SIMULATED_EPS,-686.7622067675542,-0.016128316115982956,-0.00396900437465888,0.00030658395904534783,1.6475485873465359,32.800862747892474,0.20653340837224138,-21.106477176412916,0.09965886970473861,14.552779141998021,0.14567633586727277,-692.3186241145532,6.4319131324893695,-0.0
3800.0,ASTRA-SC-01,EPS,32.75062444086788,-20.9806276895257,14.742112797125234,39.99881624791178,1.0,NOMINAL,0.9999704061977946,0.045001598065319,1.0,True,0.662020905923345,788.1459432803808,95.0,STANDBY,False,ASTRA_SIMULATED_EPS,-687.1286579933299,0.01525245885866866,0.00869256304416588,-0.0015153971484490824,1.7546561101912899,32.79849192977612,0.20691766351395433,-21.095437916466448,0.10401832184356953,14.586866035709443,0.12301460293656541,-691.9069476245603,6.560684278958233,0.0
3810.0,ASTRA-SC-01,EPS,32.820018175133754,-21.151322411522052,14.77772888731866,39.99881624791178,1.0,NOMINAL,0.9999704061977946,0.045001598065319,1.0,True,0.6637630662020906,788.1230083039036,95.0,STANDBY,False,ASTRA_SIMULATED_EPS,-694.1867859742677,0.006939373426587281,-0.01706947219963517,0.0035616090193425266,0.4065370824257587,32.789846534868516,0.2028172120638933,-21.097898191384225,0.10493174172882246,14.611443205128129,0.12177655565437301,-691.8051514077358,6.5090417036768695,0.0
3820.0,ASTRA-SC-01,EPS,32.619638041449065,-21.2909219797686,14.883936654940996,39.99881624791178,1.0,NOMINAL,0.9999704061977946,0.045001598065319,1.0,True,0.6655052264808362,788.1032930889537,95.0,STANDBY,False,ASTRA_SIMULATED_EPS,-694.5021685487839,-0.02003801336846891,-0.013959956824654896,0.010620776762233674,1.4353922164773079,32.80952597375197,0.16528157711619818,-21.122662141363758,0.10363726462398833,14.645001188553344,0.12296054910054846,-693.0246257808158,4.891003213167931,-0.0
3830.0,ASTRA-SC-01,EPS,32.66052477654472,-21.24076916376778,14.723730665694816,39.99881624791178,1.0,NOMINAL,0.9999704061977946,0.045001598065319,1.0,True,0.6672473867595818,788.0868035912852,95.0,STANDBY,False,ASTRA_SIMULATED_EPS,-693.7346675461047,0.00408867350956541,0.005015281600082133,-0.016020598924617956,0.8152430582359427,32.788150106238014,0.16220362884131942,-21.12111504435466,0.1015288220273292,14.663484235830968,0.1112704053632755,-692.5195608549686,4.333643462607179,0.0
3840.0,ASTRA-SC-01,EPS,32.69463611200291,-21.277066342297932,14.940617195591487,39.99881624791178,1.0,NOMINAL,0.9999704061977946,0.045001598065319,1.0,True,0.6689895470383276,788.0735448211041,95.0,STANDBY,False,ASTRA_SIMULATED_EPS,-695.6459415923756,0.0034111335458192117,-0.0036297178530151795,0.02168865298966711,2.3235549136285094,32.79268138835319,0.15827198290475442,-21.125183971228452,0.1066960224291082,14.690207232941027,0.12652545879577856,-692.7487287668205,4.406295820219132,0.0
3850.0,ASTRA-SC-01,EPS,32.965031092776364,-21.206501524397822,14.998182184018326,39.99881624791178,1.0,NOMINAL,0.9999704061977946,0.045001598065319,1.0,True,0.6707317073170732,788.0635208409918,95.0,STANDBY,False,ASTRA_SIMULATED_EPS,-699.0729821207835,0.027039498077345313,0.007056481790010949,0.005756498842683833,3.831866769021076,32.80580661892757,0.16414692323049188,-21.13087573239723,0.10872202586879197,14.722371165031692,0.13964439528498412,-693.2135774877398,4.691562277437445,0.0
3860.0,ASTRA-SC-01,EPS,32.96043071077663,-21.166092401489568,14.787561946957428,39.99881624791178,1.0,NOMINAL,0.9999704061977946,0.045001598065319,1.0,True,0.6724738675958188,788.0567347641403,95.0,STANDBY,False,ASTRA_SIMULATED_EPS,-697.6435220171926,-0.00046003819997366693,0.00404091229082546,-0.021062023706089762,2.827960476046091,32.81112103959802,0.16799080793001242,-21.13348976510617,0.10908989425259681,14.740305831713016,0.12842076591820537,-693.4120142696478,4.8186541763482955,-0.0
3870.0,ASTRA-SC-01,EPS,33.17513198237196,-21.283797935452295,14.857162209399393,39.99881624791178,1.0,NOMINAL,0.9999704061977946,0.045001598065319,1.0,True,0.6742160278745645,788.0531887528979,95.0,STANDBY,False,ASTRA_SIMULATED_EPS,-706.0928055947657,0.021470127159533094,-0.011770553396272731,0.006960026244196449,1.8240541830711061,32.80989135624042,0.16503274710924096,-21.142519956923458,0.1158068500530213,14.761560107991263,0.11861667352261984,-693.6855863070535,5.419431258003546,0.0
3880.0,ASTRA-SC-01,EPS,32.96712260423656,-20.860073167004018,15.03547396861477,39.99881624791178,1.0,NOMINAL,0.9999704061977946,0.045001598065319,1.0,True,0.6759581881533101,788.0528840176266,95.0,STANDBY,False,ASTRA_SIMULATED_EPS,-687.6965896299666,-0.020800937813540088,0.04237247684482774,0.017831175921537757,0.4909068188228695,32.809584310281295,0.1647141167392179,-21.131984364705414,0.13373476108462712,14.789553760574451,0.13064116516485688,-693.3318046218549,5.636034934543639,-0.0
3890.0,ASTRA-SC-01,EPS,32.89190347002218,-21.064311771402902,15.035687744754425,39.99881624791178,1.0,NOMINAL,0.9999704061977946,0.045001598065319,1.0,True,0.6777003484320557,788.0558208158691,95.0,STANDBY,False,ASTRA_SIMULATED_EPS,-692.8453094474362,-0.007521913421437887,-0.020423860439888485,2.137761396543425e-05,0.3682904827702082,32.808766280589275,0.16424058499202823,-21.118562606640868,0.12939526991518485,14.814216988395966,0.14017015137581035,-692.8729415277776,5.351049403165897,-0.0
3900.0,ASTRA-SC-01,EPS,32.923886101399646,-21.09919578011171,15.024912310101492,39.99881624791178,1.0,NOMINAL,0.9999704061977946,0.045001598065319,1.0,True,0.6794425087108014,788.0619984518197,95.0,STANDBY,False,ASTRA_SIMULATED_EPS,-694.66751869553,0.003198263137746693,-0.003488400870880781,-0.001077543465293296,0.7707838662253503,32.82959691031334,0.1570828932959479,-21.118220239656694,0.12944239962603363,14.844269157226273,0.1331677394883897,-693.3012859867548,5.20918267144919,0.0
3910.0,ASTRA-SC-01,EPS,32.78915890568713,-21.214025583339552,15.032282628380816,39.99881624791178,1.0,NOMINAL,0.9999704061977946,0.045001598065319,1.0,True,0.681184668989547,788.0714152761058,95.0,STANDBY,False,ASTRA_SIMULATED_EPS,-695.5900558814327,-0.013472719571251447,-0.011482980322784187,0.000737031827932455,1.1732772496804926,32.829613804401404,0.15707821794352206,-21.12580495071551,0.13162926317665655,14.869380453691663,0.13054019242425574,-693.5503387524808,5.224341136907581,-0.0
3920.0,ASTRA-SC-01,EPS,32.52178395659423,-21.1418646949033,15.023429983180678,39.99881624791178,1.0,NOMINAL,0.9999704061977946,0.045001598065319,1.0,True,0.6829268292682927,788.084068685869,95.0,STANDBY,False,ASTRA_SIMULATED_EPS,-687.5711560471921,-0.026737494909290404,0.007216088843625101,-0.0008852645200137843,3.7052613248950044,32.806491549039016,0.1753869713105411,-21.138132469411424,0.12306639692117452,14.891619124913833,0.12610994393404618,-693.4666796584468,5.314663220677699,-0.0
3930.0,ASTRA-SC-01,EPS,32.618438528715025,-21.11156067545623,15.168932027419354,39.99881624791178,1.0,NOMINAL,0.9999704061977946,0.045001598065319,1.0,True,0.6846689895470384,788.0999551251556,95.0,STANDBY,False,ASTRA_SIMULATED_EPS,-688.6261441376064,0.009665457212079787,0.0030304019447072506,0.01455020442386754,2.7059979451302993,32.79709525005728,0.18175112962613119,-21.14371229602712,0.11955706378348534,14.919267864807175,0.13866814045834192,-693.4511007996215,5.329453767725564,0.0
3940.0,ASTRA-SC-01,EPS,32.95002527701688,-21.305842056422357,15.076252287838669,39.99881624791178,1.0,NOMINAL,0.9999704061977946,0.045001598065319,1.0,True,0.686411149825784,788.1190700856041,95.0,STANDBY,False,ASTRA_SIMULATED_EPS,-702.0280343072459,0.03315867483018522,-0.019428138096612813,-0.009267973958068509,1.7067345653655945,32.82055694503966,0.17687773854990266,-21.159598211790787,0.12444589064671967,14.940533566089103,0.13649182278871583,-694.4688226356009,5.417756543224275,0.0
3950.0,ASTRA-SC-01,EPS,32.95370776379269,-21.241456762217855,15.140833413981555,39.99881624791178,1.0,NOMINAL,0.9999704061977946,0.045001598065319,1.0,True,0.6881533101045296,788.141408107437,95.0,STANDBY,False,ASTRA_SIMULATED_EPS,-699.9847586193653,0.0003682486775815619,0.006438529420450223,0.00645811261428868,0.05719453209484777,32.83409583323465,0.178903274847238,-21.17698681663693,0.11555760361479364,14.967114940546193,0.1338898622865889,-695.32589601067,5.185543880488853,0.0
3960.0,ASTRA-SC-01,EPS,32.88963095847637,-21.240674544780003,15.183595006598088,39.99881624791178,1.0,NOMINAL,0.9999704061977946,0.045001598065319,1.0,True,0.6898954703832753,788.1669627807524,95.0,STANDBY,False,ASTRA_SIMULATED_EPS,-698.5979470869173,-0.006407680531632565,7.822174378517844e-05,0.004276159261653234,0.1619523457459866,32.838736685457484,0.1794141759713362,-21.182943625520796,0.11643976002013413,14.994172681831486,0.1338937890676511,-695.6199734181798,5.241112466813839,-0.0
3970.0,ASTRA-SC-01,EPS,32.580647659228056,-21.200941722265828,15.220506458047808,39.99881624791178,1.0,NOMINAL,0.9999704061977946,0.045001598065319,1.0,True,0.6916376306620209,788.195726747113,95.0,STANDBY,False,ASTRA_SIMULATED_EPS,-690.7404122969706,-0.030898329924831103,0.003973282251417487,0.003691145144972019,0.26671015939712545,32.836137326642756,0.18306061275916177,-21.176944941687278,0.11273860137947925,15.016610668705274,0.14205348648610283,-695.3691896680591,5.386404049130021,-0.0
3980.0,ASTRA-SC-01,EPS,32.53817761392579,-21.086611420911023,15.229656758430773,39.99881624791178,1.0,NOMINAL,0.9999704061977946,0.045001598065319,1.0,True,0.6933797909407665,788.2276917014325,95.0,STANDBY,False,ASTRA_SIMULATED_EPS,-686.119907689439,-0.004247004530226662,0.011433030135480493,0.0009150300382964715,0.3714679730482643,32.827980849134825,0.193851734946178,-21.166667758830158,0.11352853565560916,15.05033907488767,0.12678850830920835,-694.861539010948,5.88702445355561,-0.0
3990.0,ASTRA-SC-01,EPS,32.890030759738885,-21.111650326639086,15.324897300146793,39.99881624791178,1.0,NOMINAL,0.9999704061977946,0.045001598065319,1.0,True,0.6951219512195121,788.2628483941618,95.0,STANDBY,False,ASTRA_SIMULATED_EPS,-694.362828632011,0.03518531458130951,-0.0025038905728063552,0.009524054171602004,0.6625180738495331,32.84100715898389,0.19079215191330962,-21.155640024452904,0.11001853884176731,15.075957748524692,0.1410554965321852,-694.7759981469237,5.884134011267093,0.0
4000.0,ASTRA-SC-01,EPS,32.81996045617649,-21.18513254366888,15.288787313056654,39.99881624791178,1.0,NOMINAL,0.9999704061977946,0.045001598065319,1.0,True,0.6968641114982579,788.3011866337653,95.0,STANDBY,False,ASTRA_SIMULATED_EPS,-695.2952123420703,-0.007007030356239596,-0.007348221702979529,-0.003610998709013913,0.9535681746508018,32.83133578321057,0.18770817551063065,-21.154215425737636,0.1094497858559709,15.095331423793912,0.14932477526954288,-694.5241468283427,5.7667553311104385,-0.0
4010.0,ASTRA-SC-01,EPS,32.888523310448925,-21.1334594945468,15.310614895964154,39.99881624791178,1.0,NOMINAL,0.9999704061977946,0.045001598065319,1.0,True,0.6986062717770035,788.3426952894944,95.0,STANDBY,False,ASTRA_SIMULATED_EPS,-695.0482752168306,0.006856285427243591,0.005167304912208337,0.0021827582907500086,1.326859077165129,32.82654195652206,0.1850755115164325,-21.152039898608123,0.10952114312740531,15.130201620394361,0.1324376949154749,-694.3511303749852,5.7050837435088715,0.0
4020.0,ASTRA-SC-01,EPS,32.68429938333094,-21.2136137440512,15.264298820316895,39.99881624791178,1.0,NOMINAL,0.9999704061977946,0.045001598065319,1.0,True,0.7003484320557491,788.3873622944528,95.0,STANDBY,False,ASTRA_SIMULATED_EPS,-693.3521026129134,-0.020422392711798666,-0.00801542495044032,-0.004631607564725826,2.547886461175933,32.79381978325265,0.16084554783945063,-21.147360952514713,0.10489147493907254,15.157344061122195,0.11273776785847432,-693.5017501761952,4.690272197076906,-0.0
4030.0,ASTRA-SC-01,EPS,33.086349545476985,-21.27939372566012,15.325558679793334,39.99881624791178,1.0,NOMINAL,0.9999704061977946,0.045001598065319,1.0,True,0.7020905923344948,788.4351746489517,95.0,STANDBY,False,ASTRA_SIMULATED_EPS,-704.0574589230206,0.040205016214604684,-0.0065779981608919515,0.00612598594764382,6.112044307588106,32.80176824600201,0.17254195902978614,-21.175315656425123,0.07426184399452365,15.176683041867431,0.1151927440878639,-694.5924747957321,5.125977545814926,0.0
4040.0,ASTRA-SC-01,EPS,32.68160727585472,-21.04415813141652,15.37116257859604,39.99881624791178,1.0,NOMINAL,0.9999704061977946,0.045001598065319,1.0,True,0.7038327526132404,788.486118424157,95.0,STANDBY,False,ASTRA_SIMULATED_EPS,-687.7569115019394,-0.04047422696222682,0.02352355942436013,0.004560389880270676,1.7205825968800115,32.78774849972418,0.17323728310652847,-21.173972080426033,0.0765603667319897,15.199048030790207,0.11838523119832534,-694.2532482660323,5.410342347335195,-0.0
4050.0,ASTRA-SC-01,EPS,33.00405010480056,-21.21946084670879,15.42549734378847,39.99881624791178,1.0,NOMINAL,0.9999704061977946,0.045001598065319,1.0,True,0.705574912891986,788.5401787660217,95.0,STANDBY,False,ASTRA_SIMULATED_EPS,-700.3281489816308,0.032244282894584586,-0.017530271529227193,0.00543347651924293,1.8393487425922403,32.793092766617576,0.1788815864422014,-21.1819897515325,0.07443805841943074,15.225753699702672,0.12144047112503854,-694.630623618439,5.634091869919631,0.0
4060.0,ASTRA-SC-01,EPS,32.66242948746088,-20.909092580733383,15.377736921030666,39.99881624791178,1.0,NOMINAL,0.9999704061977946,0.045001598065319,1.0,True,0.7073170731707317,788.5973398995087,95.0,STANDBY,False,ASTRA_SIMULATED_EPS,-682.9417620649955,-0.03416206173396859,0.031036826597540923,-0.004776042275780412,1.1006944162479317,32.78464413873583,0.18204540938909164,-21.16166088469209,0.10170755432083207,15.24878398587933,0.11469866274133836,-693.7874040306765,6.377670655342414,-0.0
4070.0,ASTRA-SC-01,EPS,32.850233702580276,-21.078282560088844,15.483307818609427,39.99881624791178,1.0,NOMINAL,0.9999704061977946,0.045001598065319,1.0,True,0.7090592334494773,788.6575851330953,95.0,STANDBY,False,ASTRA_SIMULATED_EPS,-692.4265081479406,0.018780421511939947,-0.016918997935546187,0.01055708975787617,1.1100197295067327,32.80654078846823,0.1673281637984507,-21.15742207570446,0.10389297922173173,15.279442508241248,0.11157918135629667,-694.1110941707265,6.159106097259638,0.0
4080.0,ASTRA-SC-01,EPS,32.76903735596316,-21.164776667412944,15.490241456365846,39.99881624791178,1.0,NOMINAL,0.9999704061977946,0.045001598065319,1.0,True,0.710801393728223,788.7208968635631,95.0,STANDBY,False,ASTRA_SIMULATED_EPS,-693.5493572450722,-0.008119634661711927,-0.00864941073240999,0.000693363775641842,0.9387500389231197,32.816580710284775,0.15957399727229904,-21.160969808501576,0.10312078275650888,15.300863136837677,0.11941517377468353,-694.4393083778908,5.974345354832161,-0.0
4090.0,ASTRA-SC-01,EPS,32.775316093489,-21.04566067913924,15.623942230492414,39.99881624791178,1.0,NOMINAL,0.9999704061977946,0.045001598065319,1.0,True,0.7125435540069687,788.7872565810706,95.0,STANDBY,False,ASTRA_SIMULATED_EPS,-689.778181155101,0.0006278737525846623,0.011911598827370539,0.013370077412656833,0.05271112314007171,32.80493343138291,0.15546117524002492,-21.143624383349373,0.09880348902147838,15.337375799681261,0.12916551431529683,-693.6226515010811,5.693559348715376,0.0
4100.0,ASTRA-SC-01,EPS,32.70799695122865,-21.30627425500471,15.53429953511418,39.99881624791178,1.0,NOMINAL,0.9999704061977946,0.045001598065319,1.0,True,0.7142857142857143,788.8566448745024,95.0,STANDBY,False,ASTRA_SIMULATED_EPS,-696.8855533747355,-0.006731914226035229,-0.02606135758654702,-0.008964269537823455,0.25831018985404935,32.78855271054531,0.1515615002639056,-21.14794554953516,0.10463321360003697,15.363606874423434,0.1263219328894752,-693.4160378181058,5.499106656315742,-0.0
4110.0,ASTRA-SC-01,EPS,33.22248890018072,-21.245778809980916,15.64589957477053,39.99881624791178,1.0,NOMINAL,0.9999704061977946,0.045001598065319,1.0,True,0.7160278745644599,788.9290414371014,95.0,STANDBY,False,ASTRA_SIMULATED_EPS,-705.8376506902857,0.05144919489520703,0.006049544502379334,0.011160003965635035,8.50463946086712,32.81074323999227,0.18751951281036658,-21.14828583388189,0.10496410094632111,15.394427178968266,0.13534024814011655,-693.898684724997,6.2524994908930145,0.0
4120.0,ASTRA-SC-01,EPS,33.07456210010574,-21.22037799904437,15.617555705165596,39.99881624791178,1.0,NOMINAL,0.9999704061977946,0.045001598065319,1.0,True,0.7177700348432056,789.0044250723732,95.0,STANDBY,False,ASTRA_SIMULATED_EPS,-701.8547099171105,-0.014792680007498404,0.002540081093654578,-0.00283438696049334,7.326508008696653,32.84367086938411,0.18759434399576638,-21.14958158566712,0.10577736995709107,15.420897128776119,0.13770200930369184,-694.639637899673,6.504948536046683,-0.0
4130.0,ASTRA-SC-01,EPS,33.066476354786744,-21.203441858073933,15.604023249064664,39.99881624791178,1.0,NOMINAL,0.9999704061977946,0.045001598065319,1.0,True,0.7195121951219512,789.0827737002683,95.0,STANDBY,False,ASTRA_SIMULATED_EPS,-701.1231088400972,-0.0008085745318993532,0.0016936140970436498,-0.0013532456100932677,6.148376556526186,32.87889078544151,0.17533487316673102,-21.157370281477984,0.10510867114167326,15.445854894818378,0.13445252813928607,-695.639851309717,6.2498238031638,-0.0
4140.0,ASTRA-SC-01,EPS,32.70403000374718,-21.276365092930487,15.60676718377096,39.99881624791178,1.0,NOMINAL,0.9999704061977946,0.045001598065319,1.0,True,0.7212543554006968,789.1640643636333,95.0,STANDBY,False,ASTRA_SIMULATED_EPS,-695.8228823698778,-0.03624463510395657,-0.007292323485655316,0.0002743934706296969,4.970245104355719,32.86649073504206,0.1809771539796956,-21.168351265897407,0.10853912365337585,15.464646220393321,0.13602785134903764,-695.7371882255746,6.239876156681303,-0.0
4150.0,ASTRA-SC-01,EPS,32.59870131959785,-21.162700044167583,15.625694449975263,39.99881624791178,1.0,NOMINAL,0.9999704061977946,0.045001598065319,1.0,True,0.7229965156794426,789.2482732349359,95.0,STANDBY,False,ASTRA_SIMULATED_EPS,-689.8765378560593,-0.01053286841493275,0.011366504876290406,0.001892726620430274,0.9266585049291138,32.85174012593682,0.1936160819793082,-21.16685576593066,0.10844589049361329,15.487106696187897,0.13269006614904916,-695.3759432598406,6.421499454973532,-0.0
4160.0,ASTRA-SC-01,EPS,32.837764214617394,-21.34159749275808,15.705632608174843,39.99881624791178,1.0,NOMINAL,0.9999704061977946,0.045001598065319,1.0,True,0.7247386759581882,789.3353756232553,95.0,STANDBY,False,ASTRA_SIMULATED_EPS,-700.8103464304596,0.023906289501954347,-0.017889744859049726,0.007993815819957995,1.3363124902176056,32.84835618621472,0.19337069849827754,-21.180731632478075,0.11685718431822936,15.513441210335277,0.13434889820851056,-695.7600813407494,6.571100766666103,0.0
4170.0,ASTRA-SC-01,EPS,32.93612034752276,-21.392900550215533,15.73262052213233,39.99881624791178,1.0,NOMINAL,0.9999704061977946,0.045001598065319,1.0,True,0.7264808362369338,789.4253459815393,95.0,STANDBY,False,ASTRA_SIMULATED_EPS,-704.5991471044847,0.00983561329053657,-0.005130305745745289,0.0026987913957485787,1.9171592840628513,32.865144250494176,0.18899196986566794,-21.19268408622236,0.12899887056806494,15.544662657122972,0.1265026056820192,-696.509884306854,6.909665945521316,0.0
4180.0,ASTRA-SC-01,EPS,33.000758177458046,-21.30882310164771,15.82230919913213,39.99881624791178,1.0,NOMINAL,0.9999704061977946,0.045001598065319,1.0,True,0.7282229965156795,789.5181579141263,95.0,STANDBY,False,ASTRA_SIMULATED_EPS,-703.2073182237076,0.0064637829935286105,0.008407744856782173,0.008968867699980088,0.7687891466300324,32.859438159292914,0.1830344362482572,-21.194646044621535,0.13062538875700155,15.577779358412224,0.1300195150914191,-696.4532082602332,6.846533661912785,0.0
4190.0,ASTRA-SC-01,EPS,32.86814190914692,-21.255798848717273,15.760588977694583,39.99881624791178,1.0,NOMINAL,0.9999704061977946,0.045001598065319,1.0,True,0.7299651567944251,789.6137841845252,95.0,STANDBY,False,ASTRA_SIMULATED_EPS,-698.6386129519211,-0.013261626831112493,0.005302425293043811,-0.006172022143754674,2.501049255424733,32.87187380151239,0.1763022409172078,-21.20875542577492,0.12449579009257239,15.603741118352128,0.12458207529215294,-697.1786550235653,6.422653244757843,-0.0
4200.0,ASTRA-SC-01,EPS,32.89098800405656,-5.528080846318068,15.814946224715584,39.99881624791178,1.0,ANOMALOUS,0.9999704061977946,0.045001598065319,0.35,True,0.7317073170731707,276.3992688532104,95.0,STANDBY,True,ASTRA_SIMULATED_EPS,-181.8240408017024,0.0022846094909638737,1.5727718002399205,0.005435724702100053,0.0014526007464117586,32.864336328129454,0.17262620582944815,-20.16266342574887,4.0504479681487195,15.629704377080602,0.1253609361870361,-662.6117144782366,133.15803313931758,0.0
4210.0,ASTRA-SC-01,EPS,32.648436180671354,-5.526111190592203,15.741888011114431,39.99881624791178,1.0,ANOMALOUS,0.9999704061977946,0.045001598065319,0.35,True,0.7334494773519163,276.43467832300473,95.0,STANDBY,True,ASTRA_SIMULATED_EPS,-180.41888853334333,-0.024255182338520597,0.00019696557258654934,-0.0073058213601152385,1.1510637352620303,32.863403441010156,0.17382888637454372,-19.13713133307279,5.526440123558954,15.653981116419518,0.10699541653950455,-629.1101895761266,181.95293603601849,-0.0
4220.0,ASTRA-SC-01,EPS,32.78118324465976,-5.562275912054402,15.80029704220097,39.99881624791178,1.0,ANOMALOUS,0.9999704061977946,0.045001598065319,0.35,True,0.735191637630662,276.47104247556797,95.0,STANDBY,True,ASTRA_SIMULATED_EPS,-182.33798593041234,0.013274706398840408,-0.0036164721462199623,0.005840903108653883,2.300674869777649,32.858800077148786,0.17511212706434198,-18.102730889870497,6.502968737495992,15.67511373132562,0.10206875575065977,-595.1042880949582,214.10054693490224,0.0
4230.0,ASTRA-SC-01,EPS,33.00213971916521,-5.498235866031983,15.891964915937605,39.99881624791178,1.0,ANOMALOUS,0.9999704061977946,0.045001598065319,0.35,True,0.7369337979094077,276.5083506300025,95.0,STANDBY,True,ASTRA_SIMULATED_EPS,-181.45354825971282,0.02209564745054493,0.006404004602241909,0.009166787373663433,3.4502860042932677,32.874340234695595,0.1769112081646867,-17.0582948364451,7.197097153062505,15.701895295297073,0.10279672322955981,-560.964567495934,236.89649847516642,0.0
4240.0,ASTRA-SC-01,EPS,32.62028785085225,-5.545393001042902,15.946532206864823,39.99881624791178,1.0,ANOMALOUS,0.9999704061977946,0.045001598065319,0.35,True,0.7386759581881533,276.5465918260785,95.0,STANDBY,True,ASTRA_SIMULATED_EPS,-180.89231594012085,-0.03818518683129568,-0.004715713501091834,0.005456729092721879,2.91639262030896,32.864005018519805,0.18733099828031957,-16.024943657905343,7.680241376712655,15.723401293721901,0.11795073031915791,-527.0388431482687,253.02130932396486,-0.0
4250.0,ASTRA-SC-01,EPS,32.822665164080085,-5.460449715377874,15.929847540977274,39.99881624791178,1.0,ANOMALOUS,0.9999704061977946,0.045001598065319,0.35,True,0.740418118466899,276.58575482748694,95.0,STANDBY,True,ASTRA_SIMULATED_EPS,-179.22651265314437,0.020237731322783503,0.008494328566502762,-0.0016684665887549243,2.3824992363246515,32.87164956604324,0.18279467809079245,-14.968555355263554,7.985622089375173,15.74977116077944,0.11686478038660134,-492.52824043349597,263.29474906350976,0.0
4260.0,ASTRA-SC-01,EPS,32.83091950039036,-5.54757425047999,15.941098209849317,39.99881624791178,1.0,ANOMALOUS,0.9999704061977946,0.045001598065319,0.35,True,0.7421602787456446,276.62582812517735,95.0,STANDBY,True,ASTRA_SIMULATED_EPS,-182.13196363994692,0.0008254336310272947,-0.008712453510211571,0.0011250668872042624,0.0947418118283021,32.84554493939054,0.1549523999759537,-13.922008384630159,8.131528956609666,15.769451069784692,0.12282697690429338,-457.61452796347334,267.6749338214489,0.0
4270.0,ASTRA-SC-01,EPS,32.774419384336944,-5.515568595946216,16.006431157344302,39.99881624791178,1.0,ANOMALOUS,0.9999704061977946,0.045001598065319,0.35,True,0.7439024390243902,276.6667999407788,95.0,STANDBY,True,ASTRA_SIMULATED_EPS,-180.76955830661976,-0.005650011605341376,0.0032005654533773685,0.00653329474949853,0.8117786822606934,32.82553542500596,0.14211356683685797,-12.875021091090282,8.135741161294739,15.795376099929937,0.1293434740368158,-422.87551785610725,267.5265101874955,-0.0
4280.0,ASTRA-SC-01,EPS,32.67052399052166,-5.583526691762463,15.890896183405395,39.99881624791178,1.0,ANOMALOUS,0.9999704061977946,0.045001598065319,0.35,True,0.7456445993031359,276.70865823010394,95.0,STANDBY,True,ASTRA_SIMULATED_EPS,-182.4167427349436,-0.01038953938152858,-0.006795809581624734,-0.011553497393890666,1.5288155526930847,32.79913860072162,0.13045849107230073,-11.833693413336185,7.991968412666602,15.81450096221932,0.11989222759028216,-388.2950934490971,262.4673701495706,-0.0
4290.0,ASTRA-SC-01,EPS,32.88273311298353,-5.577385496677462,15.899108038540776,39.99881624791178,1.0,ANOMALOUS,0.9999704061977946,0.045001598065319,0.35,True,0.7473867595818815,276.7513906867346,95.0,STANDBY,True,ASTRA_SIMULATED_EPS,-183.3996787554701,0.02122091224618714,0.0006141195085000994,0.0008211855135380475,0.8485923271573422,32.81105214133738,0.12930729208580424,-10.787094773585983,7.689271919533551,15.83399035253731,0.10675256334913742,-354.1335465414699,252.7493544152251,0.0
4300.0,ASTRA-SC-01,EPS,32.86314977042255,-5.461073522732325,16.030431015762904,39.99881624791178,1.0,ANOMALOUS,0.9999704061977946,0.045001598065319,0.35,True,0.7491289198606271,276.7949847456871,95.0,STANDBY,True,ASTRA_SIMULATED_EPS,-179.46807708484147,-0.0019583342560977714,0.011631197394513747,0.013132297722212805,0.16836910162159974,32.82868203805903,0.11558681140737002,-9.740319672156966,7.231013972932494,15.860972790256485,0.10135739768191207,-320.1063158233887,238.26278855662352,-0.0
4310.0,ASTRA-SC-01,EPS,32.936934070538875,-5.541304896036027,16.049708119850102,39.99881624791178,1.0,ANOMALOUS,0.9999704061977946,0.045001598065319,0.35,True,0.7508710801393729,276.8394275871576,95.0,STANDBY,True,ASTRA_SIMULATED_EPS,-182.5135940254929,0.007378430011632275,-0.008023137330370212,0.0019277104087198182,0.9196439881070579,32.83529336178712,0.11893117042521083,-8.686966832375496,6.537936972654325,15.883911157701501,0.1026173303589244,-285.55319899639096,215.61467278545058,0.0
4320.0,ASTRA-SC-01,EPS,32.95014989465131,-5.554862574397552,16.091876477939895,39.99881624791178,1.0,ANOMALOUS,0.9999704061977946,0.045001598065319,0.35,True,0.7526132404181185,276.8847061403451,95.0,STANDBY,True,ASTRA_SIMULATED_EPS,-183.033554470588,0.0013215824112435826,-0.0013557678361524772,0.004216835808979269,0.9983016149288678,32.83622866492903,0.11983248617236142,-7.63109763398763,5.542505280600243,15.907861554755339,0.10663047878580979,-250.78215948746453,182.76272923133206,0.0
4330.0,ASTRA-SC-01,EPS,32.852181512112864,-5.568637521921325,16.151899628080496,39.99881624791178,1.0,ANOMALOUS,0.9999704061977946,0.045001598065319,0.35,True,0.7543554006968641,276.93080708735096,95.0,STANDBY,True,ASTRA_SIMULATED_EPS,-182.94189064532173,-0.009796838253844697,-0.0013774947523772952,0.006002315014060145,1.0769592417506777,32.826323553906015,0.11108246964242133,-6.581751928672538,4.059625058364221,15.929834250018564,0.12076370425276299,-216.09779764890544,133.49684753421565,-0.0
4340.0,ASTRA-SC-01,EPS,32.77073110217645,-5.572942402861305,16.15285020942058,39.99881624791178,1.0,ANOMALOUS,0.9999704061977946,0.045001598065319,0.35,True,0.7560975609756098,276.9777168671544,95.0,STANDBY,True,ASTRA_SIMULATED_EPS,-182.62939693208492,-0.008145040993641573,-0.0004304880939979938,9.505813400849661e-05,1.1556168685724875,32.819829500107986,0.11131023752791605,-5.536228165615473,0.03875118792701555,15.955984998800297,0.12392637293518209,-181.69718324758304,1.2866780995500142,-0.0
4350.0,ASTRA-SC-01,EPS,32.652077836970285,-5.5487301125985375,16.149232701497205,39.99881624791178,1.0,ANOMALOUS,0.9999704061977946,0.045001598065319,0.35,True,0.7578397212543554,277.0254216796624,95.0,STANDBY,True,ASTRA_SIMULATED_EPS,-181.17756753290834,-0.011865326520616292,0.0024212290262767056,-0.0003617507923376451,1.2342744953942972,32.80390215563556,0.11733086580003092,-5.537604783367504,0.03880782104594073,15.978270763919072,0.12677633612630712,-181.6540850296634,1.292937222322678,-0.0
4360.0,ASTRA-SC-01,EPS,32.97750774379739,-5.5355821963519105,16.17203813365528,39.99881624791178,1.0,ANOMALOUS,0.9999704061977946,0.045001598065319,0.35,True,0.759581881533101,277.0739074898321,95.0,STANDBY,True,ASTRA_SIMULATED_EPS,-182.5497047466221,0.03254299068271038,0.0013147916246627033,0.00228054321580764,1.312932122216107,32.825840259843964,0.11694976748189842,-5.538236183751485,0.0386843137527991,16.006947438755127,0.11782100958012909,-181.79613944388203,1.2642712665530853,0.0
4370.0,ASTRA-SC-01,EPS,32.933535316284306,-5.507085278292428,16.224717891625886,39.99881624791178,1.0,ANOMALOUS,0.9999704061977946,0.045001598065319,0.35,True,0.7613240418118467,277.1231600318652,95.0,STANDBY,True,ASTRA_SIMULATED_EPS,-181.36778750243306,-0.004397242751308284,0.002849691805948229,0.0052679757970604865,1.391589749037917,32.835997064618944,0.11938474403761301,-5.534556808167354,0.03885878199239714,16.03524216205012,0.11559034111624046,-181.73145954868338,1.2593785637079196,-0.0
4380.0,ASTRA-SC-01,EPS,32.801121798227676,-5.5971473455545455,16.167046820151036,39.99881624791178,1.0,ANOMALOUS,0.9999704061977946,0.045001598065319,0.35,True,0.7630662020905923,277.1731648134734,95.0,STANDBY,True,ASTRA_SIMULATED_EPS,-183.59271180416138,-0.013241351805663016,-0.009006206726211729,-0.0057671071474850065,1.4702473758597268,32.822595869889774,0.11034266813904008,-5.541150906802191,0.04060805832395093,16.05358095566435,0.11302819048054574,-181.87407045164662,1.3439397936000315,-0.0
4390.0,ASTRA-SC-01,EPS,32.74936802592443,-5.575683397657294,16.234366464813387,39.99881624791178,1.0,ANOMALOUS,0.9999704061977946,0.045001598065319,0.35,True,0.764808362369338,277.2239071202111,95.0,STANDBY,True,ASTRA_SIMULATED_EPS,-182.6001075859155,-0.005175377230324329,0.0021463947897251145,0.006731964466235141,2.1230866816434113,32.831201214894584,0.0977533575944196,-5.5431702665764835,0.04157568998174849,16.072769906194257,0.11788491184457142,-181.98792322803294,1.3270614568225898,-0.0
4400.0,ASTRA-SC-01,EPS,32.80871442291988,-5.539906866148766,16.263540184313136,39.99881624791178,1.0,ANOMALOUS,0.9999704061977946,0.045001598065319,0.35,True,0.7665505226480837,277.2753720198779,95.0,STANDBY,True,ASTRA_SIMULATED_EPS,-181.75722230104788,0.005934639699544419,0.003577653150852811,0.0029173719499748785,2.7759259874270956,32.8302711654839,0.09790661792346694,-5.5484674099612095,0.03479182604700362,16.095016082416645,0.12044531816643868,-182.15663720455987,1.0907454203777533,0.0
4410.0,ASTRA-SC-01,EPS,32.87920886684783,-5.5567498212456865,16.19157962123649,39.99881624791178,1.0,ANOMALOUS,0.9999704061977946,0.045001598065319,0.35,True,0.7682926829268293,277.32754436698565,95.0,STANDBY,True,ASTRA_SIMULATED_EPS,-182.7015379935563,0.007049444392795578,-0.0016842955096920242,-0.007196056307664733,3.4287652932107804,32.83349045658107,0.09871998727066385,-5.549079114678922,0.03485560428241291,16.11171484317579,0.11481355125512804,-182.1946088281338,1.0997025062376888,0.0
4420.0,ASTRA-SC-01,EPS,32.64537569909621,-5.565202379682184,16.253093937879985,39.99881624791178,1.0,ANOMALOUS,0.9999704061977946,0.045001598065319,0.35,True,0.7700348432055749,277.38040880729153,95.0,STANDBY,True,ASTRA_SIMULATED_EPS,-181.67812252622917,-0.023383316775161943,-0.0008452558436497171,0.006151431664349616,4.081604598994465,32.824887544231686,0.10929204692938607,-5.552388033594654,0.03378667820865722,16.128159028544836,0.11631157268172108,-182.25517977610778,1.0389484706824395,-0.0
4430.0,ASTRA-SC-01,EPS,32.89781058230879,-5.511883576399328,16.397680557806847,39.99881624791178,1.0,ANOMALOUS,0.9999704061977946,0.045001598065319,0.35,True,0.7717770034843205,277.43394978239365,95.0,STANDBY,True,ASTRA_SIMULATED_EPS,-181.32890184812385,0.025243488321257956,0.005331880328285532,0.014458661992686217,4.73444390477815,32.84003998368416,0.10186554084262016,-5.547611825903777,0.03413248072150939,16.161944653504932,0.11607371961653062,-182.1826570503198,1.064518334074605,0.0
4440.0,ASTRA-SC-01,EPS,32.76441998227362,-5.51483701251413,16.367277858174827,39.99881624791178,1.0,ANOMALOUS,0.9999704061977946,0.045001598065319,0.35,True,0.7735191637630662,277.48815153438863,95.0,STANDBY,True,ASTRA_SIMULATED_EPS,-180.69043601180013,-0.013339060003517034,-0.00029534361148018105,-0.003040269963202036,2.510558957156837,32.832152441636836,0.10289895157280367,-5.543441926959557,0.03405590301902057,16.19315597481387,0.10250085626997095,-182.00204086740845,1.0730809676608983,-0.0
4450.0,ASTRA-SC-01,EPS,32.74414286993594,-5.585569313536236,16.367761415696144,39.99881624791178,1.0,ANOMALOUS,0.9999704061977946,0.045001598065319,0.35,True,0.7752613240418118,277.5429981105905,95.0,STANDBY,True,ASTRA_SIMULATED_EPS,-182.89467961236053,-0.0020277112337680593,-0.007073230102210548,4.8355752131712394e-05,0.2866740095355236,32.82421864827106,0.10490655483010262,-5.551741646346484,0.026984315527042176,16.215644668142755,0.10124633512874329,-182.2304810359097,0.8329850154303376,-0.0
4460.0,ASTRA-SC-01,EPS,32.73576411810059,-5.561528668838286,16.413892572672985,39.99881624791178,1.0,ANOMALOUS,0.9999704061977946,0.045001598065319,0.35,True,0.7770034843205574,277.5984733683071,95.0,STANDBY,True,ASTRA_SIMULATED_EPS,-182.0608906391441,-0.000837875183535175,0.002404064469794953,0.004613115697684122,0.9888316109003429,32.8108073181085,0.1022940000643129,-5.553089897866633,0.026930783371807383,16.23992363166428,0.10227300922537019,-182.20030081015315,0.8301911032339924,-0.0
4470.0,ASTRA-SC-01,EPS,32.79992353692158,-5.554483537251119,16.488313883696822,39.99881624791178,1.0,ANOMALOUS,0.9999704061977946,0.045001598065319,0.35,True,0.7787456445993032,277.6545609796753,95.0,STANDBY,True,ASTRA_SIMULATED_EPS,-182.18663530892644,0.006415941882099219,0.0007045131587166686,0.007442131102383698,1.6909892122651622,32.80079222759319,0.09475323091855836,-5.553064628723539,0.026929179040289956,16.26635279204807,0.11203921750383014,-182.14383953270902,0.7976348383986057,0.0
4480.0,ASTRA-SC-01,EPS,32.95514814187781,-5.619345669432962,16.32394209569252,39.99881624791178,1.0,ANOMALOUS,0.9999704061977946,0.045001598065319,0.35,True,0.7804878048780488,277.7112444365511,95.0,STANDBY,True,ASTRA_SIMULATED_EPS,-185.1863689965828,0.015522460495622425,-0.0064862132181843,-0.016437178800430274,2.3931468136299814,32.80765666957752,0.10218069709655939,-5.5564451718909815,0.031771246936211306,16.277822289888874,0.10822686755985142,-182.2934714227931,1.108130765821005,0.0
4490.0,ASTRA-SC-01,EPS,32.95264977298336,-5.6172261784108874,16.463195513936483,39.99881624791178,1.0,ANOMALOUS,0.9999704061977946,0.045001598065319,0.35,True,0.7822299651567944,277.768507055454,95.0,STANDBY,True,ASTRA_SIMULATED_EPS,-185.1024869528077,-0.0002498368894450209,0.00021194910220749817,0.013925341824396397,2.598748379477304,32.819784580964644,0.10810898502903646,-5.559397423594287,0.03527767922237148,16.298511976856602,0.11222013829978993,-182.45834409084128,1.3245303876214756,-0.0
4500.0,ASTRA-SC-01,EPS,32.60752883205019,-5.633303162952526,16.524241763683943,39.99881624791178,1.0,ANOMALOUS,0.9999704061977946,0.045001598065319,0.35,True,0.7839721254355401,277.82633198256525,95.0,STANDBY,True,ASTRA_SIMULATED_EPS,-183.68809530565403,-0.03451209409331639,-0.0016076984541638418,0.006104624974745931,2.8043499453246263,32.81681464730331,0.11352167206336448,-5.565035626951219,0.03990581039704051,16.323512581002383,0.11820116438114205,-182.62571260902436,1.3096631686391618,-0.0
4510.0,ASTRA-SC-01,EPS,32.92392325830565,-5.594806266046329,16.390290729660393,39.99881624791178,1.0,ANOMALOUS,0.9999704061977946,0.045001598065319,0.35,True,0.7857142857142857,277.88470219877547,95.0,STANDBY,True,ASTRA_SIMULATED_EPS,-184.20297214839692,0.031639442625545654,0.0038496896906196733,-0.013395103402354992,3.009951511171949,32.81324234827053,0.10885079692508463,-5.568983898264181,0.039712885216327216,16.33806275406939,0.11146441249811173,-182.7359304358093,1.370943302290615,0.0
4520.0,ASTRA-SC-01,EPS,32.70984148206399,-5.564761003974303,16.468511018244218,39.99881624791178,1.0,ANOMALOUS,0.9999704061977946,0.045001598065319,0.35,True,0.7874564459930313,277.94360052478316,95.0,STANDBY,True,ASTRA_SIMULATED_EPS,-182.02245032557073,-0.0214081776241656,0.0030045262072025737,0.007822028858382523,3.2155530770192713,32.798329425989174,0.10649089702588735,-5.572828946642972,0.035900868729159784,16.354315629177282,0.11153083048917924,-182.77957462401852,1.334205597977134,-0.0
4530.0,ASTRA-SC-01,EPS,32.82949449715473,-5.5799616831313665,16.593974620738493,39.99881624791178,1.0,ANOMALOUS,0.9999704061977946,0.045001598065319,0.35,True,0.789198606271777,278.00300962624016,95.0,STANDBY,True,ASTRA_SIMULATED_EPS,-183.18732137069543,0.011965301509073356,-0.0015200679157063135,0.01254636024942748,3.421154642866594,32.80022093925098,0.10679558346708068,-5.57168323581476,0.035339187942182076,16.382777482549777,0.11475546517814861,-182.7525485951208,1.3205943826700142,0.0
4540.0,ASTRA-SC-01,EPS,32.819034834416485,-5.613304572098901,16.647331927386304,39.99881624791178,1.0,ANOMALOUS,0.9999704061977946,0.045001598065319,0.35,True,0.7909407665505227,278.0629120189443,95.0,STANDBY,True,ASTRA_SIMULATED_EPS,-184.22323828790314,-0.0010459662738242059,-0.0033342888967534457,0.005335730664781125,3.6267562087139167,32.80486539315044,0.10593749257064722,-5.574191314110867,0.03694203214883553,16.41030851338797,0.12562907257010553,-182.86075730858659,1.3726831482193314,-0.0
4550.0,ASTRA-SC-01,EPS,32.77342560497901,-5.58402392781223,16.56327327874328,39.99881624791178,1.0,ANOMALOUS,0.9999704061977946,0.045001598065319,0.35,True,0.7926829268292683,278.1232900740754,95.0,STANDBY,True,ASTRA_SIMULATED_EPS,-183.0075927745768,-0.004560922943747414,0.00292806442866711,-0.008405864864302259,3.832357774561239,32.80251280528772,0.10623732121175705,-5.577132451555099,0.03575461501495059,16.430290719683317,0.12444885430853155,-182.9441153401552,1.338420419627963,-0.0
4560.0,ASTRA-SC-01,EPS,32.726726985850036,-5.614112009672554,16.623662875896244,39.99881624791178,1.0,ANOMALOUS,0.9999704061977946,0.045001598065319,0.35,True,0.794425087108014,278.18412602347524,95.0,STANDBY,True,ASTRA_SIMULATED_EPS,-183.73151100853553,-0.0046698619128974885,-0.003008808186032397,0.006038959715296244,4.037959340408562,32.79234734655453,0.10566804969054618,-5.580956597450223,0.0364791228463664,16.459096269993967,0.1148877244120587,-183.0127802078205,1.351443521472197,-0.0
4570.0,ASTRA-SC-01,EPS,33.08013925939812,-5.632030693354824,16.573945948521533,39.99881624791178,1.0,ANOMALOUS,0.9999704061977946,0.045001598065319,0.35,True,0.7961672473867596,278.2454019649679,95.0,STANDBY,True,ASTRA_SIMULATED_EPS,-186.30835964938214,0.03534122735480878,-0.0017918683682269787,-0.004971692737471045,4.243560906255884,32.821331583908,0.12099071507257615,-5.585411818361733,0.038445511205002156,16.480486404036736,0.10305306171167532,-183.32146268269736,1.5404047232182079,0.0
4580.0,ASTRA-SC-01,EPS,33.04069169511555,-5.595625122498976,16.643424717433266,39.99881624791178,1.0,ANOMALOUS,0.9999704061977946,0.045001598065319,0.35,True,0.7979094076655052,278.30709986772047,95.0,STANDBY,True,ASTRA_SIMULATED_EPS,-184.88332451393185,-0.003944756428257534,0.003640557085584728,0.006947876891173266,4.449162472103207,32.83085699142844,0.1325172129625271,-5.590994588101709,0.03264878261913929,16.49686934801183,0.1083463831545431,-183.55842419375122,1.4843638919694941,-0.0
4590.0,ASTRA-SC-01,EPS,32.96996537218807,-5.610579532766833,16.790373831098634,39.99881624791178,1.0,ANOMALOUS,0.9999704061977946,0.045001598065319,0.35,True,0.7996515679442509,278.3692015776405,95.0,STANDBY,True,ASTRA_SIMULATED_EPS,-184.9806129132296,-0.007072632292747727,-0.001495441026785649,0.0146949113665368,4.654764037950529,32.844560017422744,0.13574451733998635,-5.597377422785223,0.02520726532224283,16.525075746206753,0.12585764528236823,-183.84443598717988,1.293305003394053,-0.0
4600.0,ASTRA-SC-01,EPS,32.91060188885666,-5.608610595282205,16.82907456049677,39.99881624791178,1.0,ANOMALOUS,0.9999704061977946,0.045001598065319,0.35,True,0.8013937282229965,278.4316888228104,95.0,STANDBY,True,ASTRA_SIMULATED_EPS,-184.58275045095604,-0.005936348333140984,0.00019689374846274533,0.0038700729398136956,4.8603656037978515,32.85565728535079,0.13373820929905317,-5.598913508234953,0.025138255555229038,16.555829955860126,0.1402146863102115,-183.95697404308623,1.2781132442214846,-0.0
4610.0,ASTRA-SC-01,EPS,32.7000884954803,-5.569975541875408,16.75825055445426,39.99881624791178,1.0,ANOMALOUS,0.9999704061977946,0.045001598065319,0.35,True,0.8031358885017421,278.4945432189556,95.0,STANDBY,True,ASTRA_SIMULATED_EPS,-182.1386931369867,-0.021051339337635967,0.00386350534067974,-0.007082400604251049,5.065967169645174,32.85327891050944,0.13631506247252423,-5.599476633104095,0.024322343532935137,16.578787154645546,0.143468413384542,-183.96216087627573,1.2700010725801039,-0.0
4620.0,ASTRA-SC-01,EPS,33.01290582082499,-5.544869494187114,16.76690403708607,39.99881624791178,1.0,ANOMALOUS,0.9999704061977946,0.045001598065319,0.35,True,0.8048780487804879,278.5577462749456,95.0,STANDBY,True,ASTRA_SIMULATED_EPS,-183.0522544003647,0.031281732534468885,0.0025106047688294277,0.000865348263181076,5.2715687354924965,32.86747772943633,0.14135947219736877,-5.598835696899828,0.025681383595170845,16.59735983153816,0.14885107196353475,-184.01986881570494,1.2013719479192209,0.0
4630.0,ASTRA-SC-01,EPS,32.67586563750175,-5.583132860312769,16.753377250932825,39.99881624791178,1.0,ANOMALOUS,0.9999704061977946,0.045001598065319,0.35,True,0.8066202090592335,278.62127939832567,95.0,STANDBY,True,ASTRA_SIMULATED_EPS,-182.43369917990086,-0.03370401833232393,-0.003826336612565484,-0.0013526786153246206,5.477170301339819,32.84885889581126,0.14725686580970265,-5.596421509625148,0.025315105721521777,16.625988841887516,0.13295618400746256,-183.83635749459282,1.220544058090915,-0.0
4640.0,ASTRA-SC-01,EPS,33.12961370841187,-5.595748722989287,16.790897573803036,39.99881624791178,1.0,ANOMALOUS,0.9999704061977946,0.045001598065319,0.35,True,0.8083623693379791,278.68512390087795,95.0,STANDBY,True,ASTRA_SIMULATED_EPS,-185.38499360197406,0.045374807091011604,-0.0012615862676518042,0.003752032287021123,5.6827718671871414,32.8606564915065,0.162469151587264,-5.5949896792637075,0.024653064737762728,16.64783564587862,0.13120780564998863,-183.8551912712039,1.2434416089851594,0.0
4650.0,ASTRA-SC-01,EPS,32.82971103667006,-5.646680049806862,16.782425179706124,39.99881624791178,1.0,ANOMALOUS,0.9999704061977946,0.045001598065319,0.35,True,0.8101045296167247,278.7492610042091,95.0,STANDBY,True,ASTRA_SIMULATED_EPS,-185.37887435168898,-0.029990267174180473,-0.0050931326817575066,-0.0008472394096912695,5.888373433034464,32.87546863848115,0.14714913881793487,-5.595881471720664,0.026323363307174198,16.665047873613428,0.13077019615526714,-183.96790987427286,1.3024472927439543,-0.0
4660.0,ASTRA-SC-01,EPS,32.99628842209015,-5.62586499602791,16.800444316813213,39.99881624791178,1.0,ANOMALOUS,0.9999704061977946,0.045001598065319,0.35,True,0.8118466898954704,278.8136718453642,95.0,STANDBY,True,ASTRA_SIMULATED_EPS,-185.63266403267798,0.01665773854200907,0.0020815053778951765,0.0018019137107089024,3.8684979571970475,32.88029298273345,0.15000967164892642,-5.597952053719436,0.02743097622951077,16.692391446090284,0.11053036530932547,-184.06322266655832,1.3713666154314075,0.0
4670.0,ASTRA-SC-01,EPS,32.88743350423921,-5.566980654336425,16.91046342517137,39.99881624791178,1.0,ANOMALOUS,0.9999704061977946,0.045001598065319,0.35,True,0.813588850174216,278.878337482464,95.0,STANDBY,True,ASTRA_SIMULATED_EPS,-183.0837060888753,-0.010885491785094103,0.005888434169148482,0.011001910835815564,1.8486224813596308,32.892132450878464,0.14241170199526312,-5.598100030410245,0.027244490578959817,16.72185493988543,0.1053731272547813,-184.1339730507786,1.2830952041306616,-0.0
4680.0,ASTRA-SC-01,EPS,32.96277295023578,-5.633129039804651,16.82509318427532,39.99881624791178,1.0,ANOMALOUS,0.9999704061977946,0.045001598065319,0.35,True,0.8153310104529616,278.9432389003644,95.0,STANDBY,True,ASTRA_SIMULATED_EPS,-185.68355353846042,0.007533944599656906,-0.006614838546822632,-0.008537024089604727,1.1389461052342322,32.90101768108387,0.14238219623813939,-5.60164452085513,0.028159307527671783,16.737262844121215,0.10218772978124528,-184.3003885286296,1.3130744961854717,0.0
4690.0,ASTRA-SC-01,EPS,33.04563839345668,-5.620774149100253,16.905252243542694,39.99881624791178,1.0,ANOMALOUS,0.9999704061977946,0.045001598065319,0.35,True,0.8170731707317073,279.00835701633554,95.0,STANDBY,True,ASTRA_SIMULATED_EPS,-185.74207002245612,0.00828654432208964,0.0012354890704398436,0.008015905926737333,1.3760131434446679,32.91612458501989,0.14505869314076988,-5.60214249265522,0.028444832130704593,16.754457531864976,0.10753426659307597,-184.4016439775998,1.3642634914190332,0.0
4700.0,ASTRA-SC-01,EPS,33.017244012442404,-5.593711525901622,16.962140832584552,39.99881624791178,1.0,ANOMALOUS,0.9999704061977946,0.045001598065319,0.35,True,0.818815331010453,279.0736726857596,95.0,STANDBY,True,ASTRA_SIMULATED_EPS,-184.68893838590537,-0.002839438101427305,0.0027062623198631287,0.005688858904185778,1.6130801816551033,32.932379145517444,0.14154436987918848,-5.6027883325278465,0.02811209808266282,16.781048702121062,0.10618892819814814,-184.5137336850217,1.3095175234470664,-0.0
4710.0,ASTRA-SC-01,EPS,33.154478147728575,-5.635379036134476,17.00723352653392,39.99881624791178,1.0,ANOMALOUS,0.9999704061977946,0.045001598065319,0.35,True,0.8205574912891986,279.13916670784516,95.0,STANDBY,True,ASTRA_SIMULATED_EPS,-186.83805110768822,0.013723413528617102,-0.004166751023285453,0.004509269394936765,1.8501472198655389,32.96089588964268,0.14023561973583878,-5.604206134291974,0.029237740642618908,16.80662007883024,0.11162631714224028,-184.72083635829856,1.4181202957621521,0.0
4720.0,ASTRA-SC-01,EPS,32.80877398667385,-5.607214063226326,17.058702697396804,39.99881624791178,1.0,ANOMALOUS,0.9999704061977946,0.045001598065319,0.35,True,0.8222996515679443,279.20481983135596,95.0,STANDBY,True,ASTRA_SIMULATED_EPS,-183.96581889529168,-0.034570416105472644,0.00281649729081499,0.005146917086288383,2.0872142580759743,32.94280487146106,0.14125388102056827,-5.602551692283408,0.028235768304490733,16.838937195421924,0.10960596334102768,-184.56466697469253,1.3585417720484894,-0.0
4730.0,ASTRA-SC-01,EPS,32.88270759984942,-5.600292646024609,17.057285231538796,39.99881624791178,1.0,ANOMALOUS,0.9999704061977946,0.045001598065319,0.35,True,0.8240418118466899,279.2706127603529,95.0,STANDBY,True,ASTRA_SIMULATED_EPS,-184.15278555281424,0.007393361317556924,0.0006921417201716906,-0.0001417465858008171,2.3242812962864097,32.93227259844332,0.1393103280022712,-5.60286286051845,0.028179645770347185,16.866527896362292,0.10896282949110743,-184.5159643772847,1.3593965305833664,0.0
4740.0,ASTRA-SC-01,EPS,32.73957280181076,-5.647893057864198,16.97274297866646,39.99881624791178,1.0,ANOMALOUS,0.9999704061977946,0.045001598065319,0.35,True,0.8257839721254355,279.33652615994697,95.0,STANDBY,True,ASTRA_SIMULATED_EPS,-184.90960594478648,-0.014313479803865903,-0.0047600411839588295,-0.008454225287233542,2.5613483344968455,32.916913093751496,0.14732784032737037,-5.605350428858274,0.030463849535284252,16.87868583953348,0.1100277702836563,-184.51123057938847,1.3577855993213197,-0.0
4750.0,ASTRA-SC-01,EPS,32.47694718085414,-5.554045081070622,16.991089730912446,39.99881624791178,1.0,ANOMALOUS,0.9999704061977946,0.045001598065319,0.35,True,0.8275261324041812,279.40254066206137,95.0,STANDBY,True,ASTRA_SIMULATED_EPS,-180.37842873801333,-0.026262562095661933,0.009384797679357603,0.0018346752245985698,2.798415372707281,32.888002779884665,0.18610096625671485,-5.601712727910836,0.03318321736196107,16.889486850894524,0.11272880585200108,-184.23094246519227,1.725991616346756,-0.0
4760.0,ASTRA-SC-01,EPS,32.76313904133314,-5.633310826578089,17.082830483691126,39.99881624791178,1.0,ANOMALOUS,0.9999704061977946,0.045001598065319,0.35,True,0.8292682926829268,279.468636871201,95.0,STANDBY,True,ASTRA_SIMULATED_EPS,-184.56494587422526,0.028619186047900057,-0.007926574550746768,0.009174075277868,3.6105364132611135,32.892206149608185,0.1822251600061885,-5.605935080224348,0.032884570610068206,16.91112551284365,0.11681618369987762,-184.39269264767483,1.626746600660836,0.0
4770.0,ASTRA-SC-01,EPS,32.93320255191569,-5.597651462106331,17.05945971647542,39.99881624791178,1.0,ANOMALOUS,0.9999704061977946,0.045001598065319,0.35,True,0.8310104529616724,279.53479537022787,95.0,STANDBY,True,ASTRA_SIMULATED_EPS,-184.3485894165748,0.01700635105825512,0.0035659364471758437,-0.0023370767215705967,3.219926116801911,32.886892598347565,0.1795973496692885,-5.6094538780856285,0.028401978344252215,16.93062922480294,0.11543135592616971,-184.47911498208887,1.584329536891157,0.0
4780.0,ASTRA-SC-01,EPS,32.7720165186399,-5.61881305399052,17.097276062525612,39.99881624791178,1.0,ANOMALOUS,0.9999704061977946,0.045001598065319,0.35,True,0.8327526132404182,279.60099672614035,95.0,STANDBY,True,ASTRA_SIMULATED_EPS,-184.13983422052684,-0.016118603327578994,-0.002116159188418898,0.003781634605019235,2.829315820342708,32.89330265709011,0.17312685580319387,-5.611832557664146,0.027520563328824976,16.95355581224246,0.11180660954815083,-184.5928573181306,1.485134120608137,-0.0
4790.0,ASTRA-SC-01,EPS,33.06302404368806,-5.613920784893225,17.16749527982039,39.99881624791178,1.0,ANOMALOUS,0.9999704061977946,0.045001598065319,0.35,True,0.8344947735191638,279.66722149585394,95.0,STANDBY,True,ASTRA_SIMULATED_EPS,-185.61319789028485,0.02910075250481583,0.0004892269097294566,0.007021921729477754,2.438705523883505,32.88886334610852,0.16739336449262768,-5.613044028457741,0.0271595756804079,16.97866232597695,0.11491219906580252,-184.60807093735133,1.4949646475652612,0.0
4800.0,ASTRA-SC-01,EPS,32.90813461734705,-5.593302630428163,17.160787131411702,39.99881624791178,1.0,ANOMALOUS,0.9999704061977946,0.045001598065319,0.35,True,0.8362369337979094,279.73345023198266,95.0,STANDBY,True,ASTRA_SIMULATED_EPS,-184.06515591769133,-0.015488942634100767,0.0020618154465062767,-0.000670814840868772,2.0480952274243025,32.894091584820316,0.16663688231110207,-5.609485533832495,0.02590558864133246,17.003886456090655,0.11018943590671647,-184.52048970841815,1.4850308295182393,-0.0
4810.0,ASTRA-SC-01,EPS,32.58674729381069,-5.620976905867906,17.14009691264432,39.99881624791178,1.0,ANOMALOUS,0.9999704061977946,0.045001598065319,0.35,True,0.837979094076655,279.7996634886187,95.0,STANDBY,True,ASTRA_SIMULATED_EPS,-183.16935397586334,-0.03213873235363636,-0.002767427543974321,-0.0020690218767381195,1.6574849309650994,32.86678884293502,0.18157734117617388,-5.609159661155161,0.02571487239819041,17.026529962479394,0.09980610620930405,-184.35626903796384,1.4894519969210855,-0.0
4820.0,ASTRA-SC-01,EPS,32.71273238500233,-5.616796393622445,17.255451804886036,39.99881624791178,1.0,ANOMALOUS,0.9999704061977946,0.045001598065319,0.35,True,0.8397212543554007,279.8658418271089,95.0,STANDBY,True,ASTRA_SIMULATED_EPS,-183.74075728561726,0.012598509119164446,0.000418051224546101,0.011535489224171514,1.2668746345058968,32.85514210165256,0.18571428190587586,-5.612480710440895,0.022946172752083074,17.049529187793706,0.11034262454657588,-184.40007245107998,1.458698017527116,0.0
4830.0,ASTRA-SC-01,EPS,32.80291247571139,-5.628018120855239,17.299465631475947,39.99881624791178,1.0,ANOMALOUS,0.9999704061977946,0.045001598065319,0.35,True,0.8414634146341463,279.9319658218251,95.0,STANDBY,True,ASTRA_SIMULATED_EPS,-184.61538583013206,0.009018009070905464,-0.001122172723279391,0.004401382658991082,0.8762643380466937,32.84448473668427,0.18367225583545918,-5.612139982510936,0.02265374771832022,17.081154017607084,0.10939825193821179,-184.32886127052473,1.417043435031438,0.0
4840.0,ASTRA-SC-01,EPS,32.838906826454014,-5.553902911960921,17.263392086834443,39.99881624791178,1.0,ANOMALOUS,0.9999704061977946,0.045001598065319,0.35,True,0.8432055749128919,279.99801606592877,95.0,STANDBY,True,ASTRA_SIMULATED_EPS,-182.3841002490563,0.003599435074262658,0.007411520889431778,-0.0036073544641503476,0.48565404158749087,32.83070263221743,0.17505429551350304,-5.607681900034979,0.026996801480805917,17.105030007159865,0.10732794270024941,-184.10499661896475,1.4428487465411537,0.0
4850.0,ASTRA-SC-01,EPS,32.510663976898364,-5.617273808288147,17.274880879518197,39.99881624791178,1.0,ANOMALOUS,0.9999704061977946,0.045001598065319,0.35,True,0.8449477351916377,280.06397317712583,95.0,STANDBY,True,ASTRA_SIMULATED_EPS,-182.62130124748813,-0.03282428495556502,-0.00633708963272257,0.0011488792683753246,5.1797097497361575,32.79693062984782,0.1850742942499416,-5.6092527188607475,0.026810716589341303,17.125879343622106,0.10796216339403392,-183.96715414307027,1.4813297795582994,-0.0
4860.0,ASTRA-SC-01,EPS,33.010939735560235,-5.621936784776508,17.26955129984747,39.99881624791178,1.0,ANOMALOUS,0.9999704061977946,0.045001598065319,0.35,True,0.8466898954703833,280.1298178034113,95.0,STANDBY,True,ASTRA_SIMULATED_EPS,-185.58541639938656,0.050027575866187134,-0.00046629764883610036,-0.0005329579670725337,4.536768824519567,32.78736140236993,0.1682092743232321,-5.608356568770217,0.026090033860204823,17.143367195176342,0.10861433375527446,-183.88364516251684,1.3361150485791744,0.0
4870.0,ASTRA-SC-01,EPS,32.59864261362632,-5.653250517916087,17.254544145405404,39.99881624791178,1.0,ANOMALOUS,0.9999704061977946,0.045001598065319,0.35,True,0.8484320557491289,280.1955306288014,95.0,STANDBY,True,ASTRA_SIMULATED_EPS,-184.2882932388444,-0.041229712193391777,-0.0031313733139579194,-0.0015007154442066906,3.893827899302976,32.77335264416676,0.174915008426385,-5.611425665749533,0.028538857148178318,17.15642329171025,0.10947744098569206,-183.905143452087,1.3401200057952458,-0.0
4880.0,ASTRA-SC-01,EPS,32.704219824533226,-5.628737987415174,17.401106539551797,39.99881624791178,1.0,ANOMALOUS,0.9999704061977946,0.045001598065319,0.35,True,0.8501742160278746,280.26109237905183,95.0,STANDBY,True,ASTRA_SIMULATED_EPS,-184.08348447512657,0.010557721090690819,0.0024512530500913066,0.014656239414639316,3.250886974086385,32.76145345914569,0.17300508328098912,-5.613322021842238,0.028690913194823173,17.179344712244454,0.12246136568526372,-183.90052338024117,1.3393244980091743,0.0
4890.0,ASTRA-SC-01,EPS,32.86414899262277,-5.690061789784036,17.360327817573676,39.99881624791178,1.0,ANOMALOUS,0.9999704061977946,0.045001598065319,0.35,True,0.8519163763066202,280.3264838273594,95.0,STANDBY,True,ASTRA_SIMULATED_EPS,-186.9990384366924,0.01599291680895476,-0.00613238023688627,-0.004077872197812127,2.607946048869794,32.769758538533154,0.1748598659439537,-5.616133270636895,0.033911278838721914,17.205183701504936,0.1164997893327717,-184.03981887970158,1.544681218707387,0.0
4900.0,ASTRA-SC-01,EPS,32.99566811589055,-5.672567050333986,17.351828565337925,39.99881624791178,1.0,ANOMALOUS,0.9999704061977946,0.045001598065319,0.35,True,0.8536585365853658,280.39168580004736,95.0,STANDBY,True,ASTRA_SIMULATED_EPS,-187.1701397579564,0.013151912326777903,0.0017494739450050645,-0.0008499252235750987,2.8945191760960283,32.804339934202254,0.16375551683417183,-5.624034735254452,0.03217472246014638,17.2292329571333,0.10589880621358731,-184.49259961436442,1.3815761203873396,0.0
4910.0,ASTRA-SC-01,EPS,32.801832820022454,-5.680380955086664,17.411320700233972,39.99881624791178,1.0,ANOMALOUS,0.9999704061977946,0.045001598065319,0.35,True,0.8554006968641115,280.45667918222944,95.0,STANDBY,True,ASTRA_SIMULATED_EPS,-186.32690644279225,-0.0193835295868098,-0.0007813904752678625,0.005949213489604688,3.1810923033222624,32.80691951944821,0.1633644322756546,-5.627172743821689,0.03528873036217135,17.251132304902818,0.10741519600896755,-184.6100636522689,1.4607976447923603,-0.0
4920.0,ASTRA-SC-01,EPS,32.77958885034896,-5.642278397756947,17.35485498517556,39.99881624791178,1.0,ANOMALOUS,0.9999704061977946,0.045001598065319,0.35,True,0.8571428571428571,280.5214449234544,95.0,STANDBY,True,ASTRA_SIMULATED_EPS,-184.95156605767838,-0.002224396967349662,0.003810255732971779,-0.00564657150584118,3.4676654305484966,32.796678606010424,0.15965533072888144,-5.630147872865065,0.03449433357436858,17.270825322816165,0.09626419361078901,-184.65026209500914,1.4613846912485924,-0.0
4930.0,ASTRA-SC-01,EPS,32.727682097019375,-5.634159197023924,17.400856657543567,39.99881624791178,1.0,ANOMALOUS,0.9999704061977946,0.045001598065319,0.35,True,0.8588850174216028,280.5859640433271,95.0,STANDBY,True,ASTRA_SIMULATED_EPS,-184.39297108419692,-0.00519067533295825,0.0008119200733022857,0.004600167236800701,3.754238557774731,32.793722977902384,0.16055235204462648,-5.631170949067291,0.03436145994238711,17.291064029150693,0.08879344142191282,-184.66713788592048,1.4565228453368337,-0.0
4940.0,ASTRA-SC-01,EPS,33.08264109632147,-5.673475227915752,17.450947222595357,39.99881624791178,1.0,ANOMALOUS,0.9999704061977946,0.045001598065319,0.35,True,0.8606271777003485,280.6502176371049,95.0,STANDBY,True,ASTRA_SIMULATED_EPS,-187.69354473400745,0.035495899930209164,-0.003931603089182811,0.005009056505178933,4.040811685000965,32.79503078141128,0.1629644501825295,-5.635141245268794,0.03564264508096798,17.30996082533569,0.09075749457356758,-184.80582767550197,1.6404705160870214,0.0
4950.0,ASTRA-SC-01,EPS,32.95236620894707,-5.709363919918885,17.371833311078568,39.99881624791178,1.0,ANOMALOUS,0.9999704061977946,0.045001598065319,0.35,True,0.8623693379790941,280.71418688126784,95.0,STANDBY,True,ASTRA_SIMULATED_EPS,-188.13705070931664,-0.013027488737439797,-0.003588869200313294,-0.007911391151678871,4.3273848122272,32.797979554184614,0.1655370693201742,-5.642878664568174,0.03840209718636836,17.324030570646816,0.08190716305413283,-185.077287328277,1.8345709171364597,-0.0
4960.0,ASTRA-SC-01,EPS,32.54922075670197,-5.621988729781617,17.452387847711844,39.99881624791178,1.0,ANOMALOUS,0.9999704061977946,0.045001598065319,0.35,True,0.8641114982578397,280.77785303906103,95.0,STANDBY,True,ASTRA_SIMULATED_EPS,-182.99135225735236,-0.040314545224509855,0.008737519013726746,0.008055453663327583,4.613957939453433,32.795477785044035,0.16920049122636602,-5.642946119495756,0.03836174530987019,17.344849966317987,0.07074363097114612,-185.06542054704292,1.848317950296756,-0.0
4970.0,ASTRA-SC-01,EPS,33.218961313604034,-5.684796010543248,17.509261704819632,39.99881624791178,1.0,ANOMALOUS,0.9999704061977946,0.045001598065319,0.35,True,0.8658536585365854,280.841197466007,95.0,STANDBY,True,ASTRA_SIMULATED_EPS,-188.8430187499667,0.06697405569020631,-0.006280728076163022,0.0056873857107788695,10.663422278125696,32.82922638028415,0.199322113632463,-5.647479427290476,0.03906228640543198,17.361770626313557,0.07783215273503408,-185.4055713113329,2.046039496988311,0.0
4980.0,ASTRA-SC-01,EPS,33.052325589321036,-5.601028319418628,17.62310922745251,39.99881624791178,1.0,ANOMALOUS,0.9999704061977946,0.045001598065319,0.35,True,0.867595818815331,280.90420161538776,95.0,STANDBY,True,ASTRA_SIMULATED_EPS,-185.1270116484321,-0.016663572428299744,0.008376769112461968,0.011384752263287723,1.9892600839994083,32.845853921191456,0.20721692886414603,-5.645680107194702,0.04061357158049101,17.383346866045326,0.10079780193191529,-185.43967969921957,2.036166537963962,-0.0
4990.0,ASTRA-SC-01,EPS,32.99759258010179,-5.63566894809931,17.569606971951096,39.99881624791178,1.0,ANOMALOUS,0.9999704061977946,0.045001598065319,0.35,True,0.8693379790940766,280.96684704369267,95.0,STANDBY,True,ASTRA_SIMULATED_EPS,-185.96350786571185,-0.005473300921924817,-0.0034640628680682184,-0.005350225550141374,1.6423499523151976,32.85643297143464,0.21085567041264827,-5.651131176270594,0.031986524151059736,17.40376119171977,0.10565958270571366,-185.67830687366327,1.854094400250143,-0.0
5000.0,ASTRA-SC-01,EPS,32.92707297319415,-5.690105754645282,17.518964065321278,39.99881624791178,1.0,ANOMALOUS,0.9999704061977946,0.045001598065319,0.35,True,0.8710801393728222,281.0291154160324,95.0,STANDBY,True,ASTRA_SIMULATED_EPS,-187.35852740839718,-0.007051960690763792,-0.005443680654597216,-0.005064290662981819,1.2954398206309872,32.884193571187694,0.1882846707246728,-5.65598663936107,0.032007802338052865,17.420033404106643,0.10315905112946841,-185.99412195105722,1.6926119889259421,-0.0
5010.0,ASTRA-SC-01,EPS,32.798870597092055,-5.679284106690499,17.557052943000716,39.99881624791178,1.0,ANOMALOUS,0.9999704061977946,0.045001598065319,0.35,True,0.872822299651568,281.0909885115169,95.0,STANDBY,True,ASTRA_SIMULATED_EPS,-186.27410449946322,-0.012820237610209517,0.001082164795478313,0.003808887767943858,1.4578325512065984,32.87005562862315,0.1860362559987718,-5.659809794155335,0.031061141830250664,17.43920018031686,0.09985849570450603,-186.0400344910623,1.6900723866636516,-0.0
5020.0,ASTRA-SC-01,EPS,32.91362953417043,-5.643593586212474,17.60392211819376,39.99881624791178,1.0,ANOMALOUS,0.9999704061977946,0.045001598065319,0.35,True,0.8745644599303136,281.1524482285951,95.0,STANDBY,True,ASTRA_SIMULATED_EPS,-185.75114853801773,0.01147589370783777,0.00356905204780249,0.004686917519304501,1.6202252817822098,32.89105475665942,0.17032574872563988,-5.659165998708429,0.03130591871445767,17.462492045169416,0.09430265462298407,-186.13755817767387,1.6226305813108346,0.0
5030.0,ASTRA-SC-01,EPS,33.04173467638352,-5.715457070887829,17.609553462851505,39.99881624791178,1.0,ANOMALOUS,0.9999704061977946,0.045001598065319,0.35,True,0.8763066202090593,281.2134765903554,95.0,STANDBY,True,ASTRA_SIMULATED_EPS,-188.84861609053576,0.012810514221308722,-0.007186348467535453,0.0005631344657743397,1.782618012357821,32.91355574678277,0.16612275527942824,-5.664947270939939,0.033233290063691405,17.47638850672273,0.09980841468260808,-186.45523361870116,1.6578357447413647,0.0
5040.0,ASTRA-SC-01,EPS,32.681867202264186,-5.7415215315346275,17.634784437694513,39.99881624791178,1.0,ANOMALOUS,0.9999704061977946,0.045001598065319,0.35,True,0.8780487804878049,281.27405574978604,95.0,STANDBY,True,ASTRA_SIMULATED_EPS,-187.64364423255518,-0.03598674741193335,-0.002606446064679879,0.0025230974843008626,1.3306727747915599,32.90140362742554,0.176347510358347,-5.668377920389977,0.0382833980732777,17.494685614730788,0.10214188309166519,-186.49820733842535,1.681129849447279,-0.0
5050.0,ASTRA-SC-01,EPS,32.77945775764793,-5.630462584079877,17.690088606955754,39.99881624791178,1.0,ANOMALOUS,0.9999704061977946,0.045001598065319,0.35,True,0.8797909407665505,281.33416799499133,95.0,STANDBY,True,ASTRA_SIMULATED_EPS,-184.56351043086357,0.009759055538374639,0.01110589474547501,0.005530416926124104,0.8787275372252986,32.886989603542695,0.17692749964665372,-5.665570955973037,0.03947919717284339,17.517236284171975,0.10562998166331934,-186.3244320499525,1.7403890610659176,0.0
5060.0,ASTRA-SC-01,EPS,32.6314603088653,-5.620884475494099,17.73917691277701,39.99881624791178,1.0,ANOMALOUS,0.9999704061977946,0.045001598065319,0.35,True,0.8815331010452961,281.39379575436544,95.0,STANDBY,True,ASTRA_SIMULATED_EPS,-183.41766866280287,-0.014799744878263254,0.0009578108585778011,0.00490883058212539,2.2860115426647525,32.87563143613222,0.18791243876413274,-5.6616045240002,0.04084994741795547,17.539093365008178,0.11559821252052431,-186.13048286461986,1.8953020894376733,-0.0
5070.0,ASTRA-SC-01,EPS,32.89488634531177,-5.692209944310611,17.649678265556563,39.99881624791178,1.0,ANOMALOUS,0.9999704061977946,0.045001598065319,0.35,True,0.8832752613240418,281.45292160172016,95.0,STANDBY,True,ASTRA_SIMULATED_EPS,-187.244599171751,0.0263426036446468,-0.00713254688165117,-0.00894986472204451,3.693295548104206,32.883317935796406,0.18605212865508636,-5.664933293770444,0.04119555873318575,17.55874825036691,0.10676134137817277,-186.28335173889135,1.885873368353073,0.0
5080.0,ASTRA-SC-01,EPS,32.73838315907185,-5.650027750111505,17.81135247541642,39.99881624791178,1.0,ANOMALOUS,0.9999704061977946,0.045001598065319,0.35,True,0.8850174216027874,281.51152826136513,95.0,STANDBY,True,ASTRA_SIMULATED_EPS,-184.9727733425391,-0.015650318623991667,0.004218219419910607,0.016167420985985715,4.727646350248517,32.88403133993324,0.18543221038768426,-5.665991197309617,0.04054748506687793,17.5861146382251,0.11564018327881935,-186.32200522278083,1.8499598913910398,-0.0
5090.0,ASTRA-SC-01,EPS,33.05251149247184,-5.704545016450232,17.68056329336159,39.99881624791178,1.0,ANOMALOUS,0.9999704061977946,0.045001598065319,0.35,True,0.8867595818815331,281.5695986131407,95.0,STANDBY,True,ASTRA_SIMULATED_EPS,-188.54953971554423,0.03141283333999852,-0.005451726633872678,-0.013078918205482992,5.761997152392829,32.8820226996766,0.1832778281386919,-5.668062516545248,0.041733346070237765,17.601422376276183,0.11159638479426033,-186.37907155488332,1.9075950301787734,0.0
5100.0,ASTRA-SC-01,EPS,32.8225289371289,-5.74910487330198,17.77207176629521,39.99881624791178,1.0,ANOMALOUS,0.9999704061977946,0.045001598065319,0.35,True,0.8885017421602788,281.6271156973997,95.0,STANDBY,True,ASTRA_SIMULATED_EPS,-188.70016106654302,-0.022998255534293577,-0.004455985685174824,0.009150847293361863,5.034402214932162,32.873366881555384,0.1827836587523782,-5.670711913437454,0.04562281583712896,17.628104939957293,0.10002972086002337,-186.4166122453651,1.9497378844047897,-0.0
5110.0,ASTRA-SC-01,EPS,32.77521759933264,-5.707280082448197,17.695495791541067,39.99881624791178,1.0,ANOMALOUS,0.9999704061977946,0.045001598065319,0.35,True,0.8902439024390244,281.6840627199386,95.0,STANDBY,True,ASTRA_SIMULATED_EPS,-187.05734660257679,-0.004731133779625907,0.0041824790853783435,-0.007657597475414235,4.306807277471496,32.88843333773077,0.16232588969520842,-5.676398003615227,0.04441563960822415,17.644312136212577,0.08856319897911773,-186.6876785350467,1.707058246147695,-0.0
5120.0,ASTRA-SC-01,EPS,32.88365293669398,-5.711233476856319,17.73600115393248,39.99881624791178,1.0,ANOMALOUS,0.9999704061977946,0.045001598065319,0.35,True,0.89198606271777,281.7404230568758,95.0,STANDBY,True,ASTRA_SIMULATED_EPS,-187.80621949337123,0.010843533736133537,-0.00039533944081222573,0.004050536239141422,3.5792123400108284,32.86607944593676,0.13421049158980602,-5.678160501369431,0.045288656957241546,17.659428099486767,0.08304432325710397,-186.618558584607,1.63293445106256,0.0
5130.0,ASTRA-SC-01,EPS,32.328381267549105,-5.696026583566081,17.90232425022957,39.99881624791178,1.0,ANOMALOUS,0.9999704061977946,0.045001598065319,0.35,True,0.8937282229965157,281.7961802594755,95.0,STANDBY,True,ASTRA_SIMULATED_EPS,-184.1433191036194,-0.055527166914487225,0.0015206893290238277,0.016632309629708786,2.8516174025501613,32.817816491151966,0.1835496036082332,-5.684493718979261,0.04007408586162506,17.67804243433857,0.10317499434159216,-186.5529790816195,1.714814380995861,-0.0
5140.0,ASTRA-SC-01,EPS,33.07186572513492,-5.712091947952264,17.802764502923605,39.99881624791178,1.0,ANOMALOUS,0.9999704061977946,0.045001598065319,0.35,True,0.8954703832752613,281.85131805891604,95.0,STANDBY,True,ASTRA_SIMULATED_EPS,-188.90953791230166,0.0743484457585815,-0.0016065364386183667,-0.009955974730596395,2.124022465089494,32.82276803415417,0.18964632538416754,-5.689588585636125,0.038239370142211494,17.693586269736738,0.10323492453383373,-186.74938108472546,1.8086207069695428,0.0
5150.0,ASTRA-SC-01,EPS,32.87630162631166,-5.731886418636331,17.867077033983485,39.99881624791178,1.0,ANOMALOUS,0.9999704061977946,0.045001598065319,0.35,True,0.8972125435540069,281.9058203710019,95.0,STANDBY,True,ASTRA_SIMULATED_EPS,-188.44322678684733,-0.019556409882326164,-0.0019794470684066923,0.0064312531059879776,1.3964275276288278,32.81938327769534,0.18809850739532932,-5.692373963235528,0.03977073250104994,17.716793800980884,0.10026093934485227,-186.82169437662213,1.8557851611281202,-0.0
5160.0,ASTRA-SC-01,EPS,32.925058957726705,-5.658987262507011,17.866041101997865,39.99881624791178,1.0,ANOMALOUS,0.9999704061977946,0.045001598065319,0.35,True,0.8989547038327527,281.9596713008168,95.0,STANDBY,True,ASTRA_SIMULATED_EPS,-186.32248925906777,0.0048757331415046675,0.007289915612932063,-0.00010359319856192428,0.6688325901681609,32.82779583507098,0.18992849993794603,-5.691020840289963,0.04058484904401867,17.737393011580693,0.09677820238970179,-186.82492002726246,1.8548071694765258,0.0
5170.0,ASTRA-SC-01,EPS,32.766022089942005,-5.731131495595063,17.84871532463768,39.99881624791178,1.0,ANOMALOUS,0.9999704061977946,0.045001598065319,0.35,True,0.9006968641114983,282.0128551473177,95.0,STANDBY,True,ASTRA_SIMULATED_EPS,-187.7863811850302,-0.015903686778469962,-0.007214423308805262,-0.0017325777360184702,2.2044293906429613,32.81795533878908,0.1889852096294363,-5.696856700915469,0.03955870936074041,17.753712558676956,0.09323838501021849,-186.96060220372996,1.845063151354351,-0.0
5180.0,ASTRA-SC-01,EPS,32.76228211237817,-5.690999413118081,17.954698415405097,39.99881624791178,1.0,ANOMALOUS,0.9999704061977946,0.045001598065319,0.35,True,0.902439024390244,282.0653564078677,95.0,STANDBY,True,ASTRA_SIMULATED_EPS,-186.45012827395317,-0.0003739977563832042,0.004013208247698241,0.010598309076741686,2.027160908926966,32.7993251678554,0.17885185401632225,-5.695226190397485,0.03924004550476155,17.776722222180528,0.09760684644740743,-186.80070301595777,1.7722480356326944,-0.0
5190.0,ASTRA-SC-01,EPS,32.66770496363926,-5.654850064993336,17.91437228621706,39.99881624791178,1.0,ANOMALOUS,0.9999704061977946,0.045001598065319,0.35,True,0.9041811846689896,282.1171597827073,95.0,STANDBY,True,ASTRA_SIMULATED_EPS,-184.7309735368186,-0.009457714873891377,0.003614934812474502,-0.004032612918803835,1.8498924272109711,32.79838101861374,0.1795522074497863,-5.689448092628067,0.03830620341516649,17.795361412082034,0.09523252186449666,-186.6065249695753,1.8318557513777318,-0.0
5200.0,ASTRA-SC-01,EPS,32.795919823653826,-5.731504988151586,17.825575310678822,39.99881624791178,1.0,ANOMALOUS,0.9999704061977946,0.045001598065319,0.35,True,0.9059233449477352,282.1682501793623,95.0,STANDBY,True,ASTRA_SIMULATED_EPS,-187.96997806029137,0.012821486001456606,-0.0076654923158249845,-0.008879697553823718,1.672623945494976,32.799478489680794,0.17947857688218888,-5.6961842528995135,0.03600790339387917,17.8043938589969,0.09085939089746535,-186.83362281153717,1.7706179589506619,0.0
5210.0,ASTRA-SC-01,EPS,32.94440489733434,-5.683271083910577,17.951529512973377,39.99881624791178,1.0,ANOMALOUS,0.9999704061977946,0.045001598065319,0.35,True,0.9076655052264808,282.2186127169867,95.0,STANDBY,True,ASTRA_SIMULATED_EPS,-187.23198372966223,0.014848507368051145,0.004823390424100893,0.012595420229455456,1.7124108528560993,32.820341462245395,0.17672020541412112,-5.7003433601272775,0.029747975150262982,17.818550699009997,0.09634959174393046,-187.08791048266113,1.4978853372903436,0.0
5220.0,ASTRA-SC-01,EPS,32.81041028308006,-5.6921891392524735,17.906227008942746,39.99881624791178,1.0,ANOMALOUS,0.9999704061977946,0.045001598065319,0.35,True,0.9094076655052264,282.2682327306405,95.0,STANDBY,True,ASTRA_SIMULATED_EPS,-186.763061067766,-0.013399461425427717,-0.0008918055341896825,-0.004530250403063008,1.7521977602172223,32.81470972476328,0.1755168644206408,-5.700341973123402,0.029748381941521372,17.83565394856907,0.08649807304618597,-187.05580794239546,1.4994466591776898,-0.0
5230.0,ASTRA-SC-01,EPS,32.71266088298017,-5.6843358560006925,17.940348219157183,39.99881624791178,1.0,ANOMALOUS,0.9999704061977946,0.045001598065319,0.35,True,0.911149825783972,282.31709577550055,95.0,STANDBY,True,ASTRA_SIMULATED_EPS,-185.94975120231544,-0.009774940009989307,0.0007853283251781029,0.0034121210214436816,1.7919846675783455,32.81299490635717,0.17643908058171395,-5.702629180182682,0.026773830773475678,17.844253664818453,0.09024088195842611,-187.1209397997139,1.4217057149168144,-0.0
5240.0,ASTRA-SC-01,EPS,32.84756665381511,-5.757983560048834,18.04504268892981,39.99881624791178,1.0,ANOMALOUS,0.9999704061977946,0.045001598065319,0.35,True,0.9128919860627178,282.3651876310029,95.0,STANDBY,True,ASTRA_SIMULATED_EPS,-189.1357487802757,0.013490577083494059,-0.00736477040481418,0.01046944697726282,1.8317715749394687,32.79933191711339,0.16406822182151184,-5.706191749755921,0.030361854136294875,17.86855229118967,0.09206875564174374,-187.1600204040293,1.4709838316513897,0.0
5250.0,ASTRA-SC-01,EPS,32.79357889793996,-5.7681150343273035,18.09856690102484,39.99881624791178,1.0,ANOMALOUS,0.9999704061977946,0.045001598065319,0.35,True,0.9146341463414634,282.412494304917,95.0,STANDBY,True,ASTRA_SIMULATED_EPS,-189.15713547060608,-0.005398775587514848,-0.0010131474278469276,0.005352421209502722,1.9005624113999628,32.797401914500796,0.1639460846925335,-5.707459093824277,0.03259563423563401,17.89031863350498,0.10527677972942552,-187.19048536430017,1.5093901721147567,-0.0
5260.0,ASTRA-SC-01,EPS,32.678953095423765,-5.742519340551287,18.068917513341393,39.99881624791178,1.0,ANOMALOUS,0.9999704061977946,0.045001598065319,0.35,True,0.9163763066202092,282.45900203734874,95.0,STANDBY,True,ASTRA_SIMULATED_EPS,-187.65952017943934,-0.011462580251619415,0.0025595693776016225,-0.0029649387683445385,1.9693532478604567,32.79098428090687,0.16673688643900497,-5.709808377697816,0.033828408424864946,17.915213414958334,0.09993218160208929,-187.23063026942435,1.5135982485054051,-0.0
5270.0,ASTRA-SC-01,EPS,32.98779721561048,-5.750821904070333,18.080482675162965,39.99881624791178,1.0,ANOMALOUS,0.9999704061977946,0.045001598065319,0.35,True,0.9181184668989548,282.50469730467296,95.0,STANDBY,True,ASTRA_SIMULATED_EPS,-189.70694679456307,0.03088441201867127,-0.0008302563519045237,0.001156516182157219,2.0381440843209506,32.79792723283463,0.17292472205525516,-5.712447606178751,0.03545283845689497,17.938178849707032,0.0952800004667353,-187.35734542283714,1.6395492594152337,0.0
5280.0,ASTRA-SC-01,EPS,32.86974866944823,-5.6947933362214185,18.10468103061397,39.99881624791178,1.0,ANOMALOUS,0.9999704061977946,0.045001598065319,0.35,True,0.9198606271777005,282.54956682339326,95.0,STANDBY,True,ASTRA_SIMULATED_EPS,-187.18642568604662,-0.011804854616224958,0.005602856784891408,0.0024198355451005684,2.1069349207814447,32.83401839296125,0.11457616325973048,-5.712365389689106,0.03549504435825485,17.951669301732657,0.10378667625416453,-187.56021919499895,1.381396464788459,-0.0
5290.0,ASTRA-SC-01,EPS,32.739232489822456,-5.747222058224777,18.11857718979483,39.99881624791178,1.0,ANOMALOUS,0.9999704061977946,0.045001598065319,0.35,True,0.921602787456446,282.5935975539287,95.0,STANDBY,True,ASTRA_SIMULATED_EPS,-188.1596391348569,-0.01305161796257721,-0.005242872200335836,0.0013896159180859513,2.4894022710950656,32.81184284394041,0.09592573392941305,-5.714707397040607,0.03661694770616668,17.972723480857407,0.10345456748190938,-187.5102259431693,1.3420863312136901,-0.0
5300.0,ASTRA-SC-01,EPS,32.62359628819234,-5.818901994169569,18.15445993252868,39.99881624791178,1.0,ANOMALOUS,0.9999704061977946,0.045001598065319,0.35,True,0.9233449477351916,282.63677670432594,95.0,STANDBY,True,ASTRA_SIMULATED_EPS,-189.83350949834536,-0.011563620163011734,-0.0071679935944792385,0.0035882742733850392,1.613229700974899,32.79499582139913,0.10550861461686367,-5.7205084354094895,0.04537764287930459,17.99188234076042,0.10895638147487928,-187.6029114572692,1.4544276469166666,-0.0
5310.0,ASTRA-SC-01,EPS,32.9476667089875,-5.801442455942596,18.10045838857245,39.99881624791178,1.0,ANOMALOUS,0.9999704061977946,0.045001598065319,0.35,True,0.9250871080139372,282.67909173389666,95.0,STANDBY,True,ASTRA_SIMULATED_EPS,-191.14399246976654,0.032407042079515946,0.001745953822697288,-0.005400154395623247,0.9651234315105455,32.79650300481651,0.10763923045958004,-5.730005448305195,0.046476098912064605,18.007510159865394,0.10639891672814114,-187.9243450046491,1.6682972022892135,0.0
5320.0,ASTRA-SC-01,EPS,32.90096351402458,-5.654121740996221,18.17024875606156,39.99881624791178,1.0,ANOMALOUS,0.9999704061977946,0.045001598065319,0.35,True,0.926829268292683,282.7205303567783,95.0,STANDBY,True,ASTRA_SIMULATED_EPS,-186.0260531043698,-0.004670319496291597,0.014732071494637556,0.006979036748911227,0.31701716204619185,32.80549909975535,0.110510445862184,-5.724871464665272,0.05042823119005696,18.02894572196032,0.10449402371664411,-187.80698979927175,1.7391071648576297,-0.0
5330.0,ASTRA-SC-01,EPS,32.68003361268175,-5.730673173141589,18.256168334113394,39.99881624791178,1.0,ANOMALOUS,0.9999704061977946,0.045001598065319,0.35,True,0.9285714285714286,282.7610805454175,95.0,STANDBY,True,ASTRA_SIMULATED_EPS,-187.27859192156072,-0.022092990134283497,-0.007655143214536864,0.00859195780518327,2.8860322420003377,32.80001586644225,0.11476644412532294,-5.727516382000173,0.04955768726804987,18.049043716540872,0.11738962172595582,-187.86222070911225,1.7057735268635876,-0.0
5340.0,ASTRA-SC-01,EPS,32.693487733394605,-5.75260833678313,18.181454205011804,39.99881624791178,1.0,ANOMALOUS,0.9999704061977946,0.045001598065319,0.35,True,0.9303135888501742,282.8007305339768,95.0,STANDBY,True,ASTRA_SIMULATED_EPS,-188.07283009364278,0.0013454120712857788,-0.0021935163641540354,-0.007471412910159003,2.9005507671127835,32.801734717759274,0.1128198517051206,-5.734033600119492,0.04558790701982536,18.066849177793856,0.11574761725429494,-188.08501114623385,1.46946055031492,0.0
5350.0,ASTRA-SC-01,EPS,32.64308085222863,-5.722787681191142,18.304943727028057,39.99881624791178,1.0,ANOMALOUS,0.9999704061977946,0.045001598065319,0.35,True,0.93205574912892,282.8394688216605,95.0,STANDBY,True,ASTRA_SIMULATED_EPS,-186.80942097726043,-0.005040688116597636,0.0029820655591987766,0.012348952201625352,2.9150692922252293,32.791545452997596,0.12005248389508677,-5.733452446322129,0.045677919367404674,18.098807072217138,0.11042821934357495,-188.00764067403182,1.5060474557082388,-0.0
5360.0,ASTRA-SC-01,EPS,32.85240806870911,-5.736555827502704,18.227189347847855,39.99881624791178,1.0,ANOMALOUS,0.9999704061977946,0.045001598065319,0.35,True,0.9337979094076656,282.87728417596287,95.0,STANDBY,True,ASTRA_SIMULATED_EPS,-188.4596729540501,0.020932721648048158,-0.0013768146311561758,-0.0077754379180202445,2.9295878173376755,32.78541233108925,0.1138766265226448,-5.737004762561606,0.043517475988375,18.117184394542104,0.1070536989369892,-188.08948662232433,1.4941962302256004,0.0
5370.0,ASTRA-SC-01,EPS,32.543065207764855,-5.69947795425433,18.255909971679543,39.99881624791178,1.0,ANOMALOUS,0.9999704061977946,0.045001598065319,0.35,True,0.9355400696864112,282.9141656358346,95.0,STANDBY,True,ASTRA_SIMULATED_EPS,-185.4784827155169,-0.030934286094425546,0.0037077873248374084,0.0028720623831688386,2.9441063424501213,32.76758932606823,0.12953012416165668,-5.737490683561728,0.043019156439272524,18.14049659205789,0.09525784980899125,-188.0038480655077,1.6081186979835151,-0.0
5380.0,ASTRA-SC-01,EPS,32.76982581234373,-5.622834035295556,18.292713338731055,39.99881624791178,1.0,ANOMALOUS,0.9999704061977946,0.045001598065319,0.35,True,0.9372822299651568,282.9501025147681,95.0,STANDBY,True,ASTRA_SIMULATED_EPS,-184.2592919083532,0.022676060457887816,0.007664391895877376,0.0036803367051511772,2.958624867562567,32.77140032135914,0.12863646329561315,-5.733390562181386,0.05069348778903705,18.16398760002948,0.08530197044424484,-187.89115077924356,1.8090352040125814,0.0
5390.0,ASTRA-SC-01,EPS,32.676132431337656,-5.745703039616381,18.353123910257104,39.99881624791178,1.0,ANOMALOUS,0.9999704061977946,0.045001598065319,0.35,True,0.9390243902439024,282.9850844038012,95.0,STANDBY,True,ASTRA_SIMULATED_EPS,-187.74735343364418,-0.009369338100607649,-0.012286900432082516,0.006041057152604878,0.7625469216095563,32.75997137319398,0.12900113606248736,-5.732571860819222,0.050366048184916676,18.184526348117966,0.09148263521321738,-187.79859108946815,1.776024075223995,-0.0
5400.0,ASTRA-SC-01,EPS,32.81800001949749,-5.780805580413672,18.359541200526568,39.99881624791178,1.0,ANOMALOUS,0.9999704061977946,0.045001598065319,0.35,True,0.940766550522648,283.01910117443816,95.0,STANDBY,True,ASTRA_SIMULATED_EPS,-189.71447765072708,0.014186758815983325,-0.0035102540797290692,0.0006417290269464359,0.9612616671323055,32.76159944796448,0.12960825649850852,-5.73341789722498,0.051106877644240135,18.201924634751418,0.09851311804965547,-187.83574723480953,1.81194313640466,0.0
5410.0,ASTRA-SC-01,EPS,32.68985029262094,-5.670329431520928,18.385412611073413,39.99881624791178,1.0,ANOMALOUS,0.9999704061977946,0.045001598065319,0.35,True,0.9425087108013938,283.0521429814867,95.0,STANDBY,True,ASTRA_SIMULATED_EPS,-185.36222022626154,-0.012814972687655057,0.01104761488927437,0.002587141054684494,1.159976412655055,32.762325927777624,0.12914161862262694,-5.728605236622956,0.05353014764652673,18.22302430793355,0.10182852602473445,-187.68259390459767,1.921669136129567,-0.0
5420.0,ASTRA-SC-01,EPS,32.72606449579162,-5.691240876405972,18.352585889426617,39.99881624791178,1.0,ANOMALOUS,0.9999704061977946,0.045001598065319,0.35,True,0.9442508710801394,283.0842002658114,95.0,STANDBY,True,ASTRA_SIMULATED_EPS,-186.25191598234747,0.003621420317067958,-0.0020911444885044262,-0.0032826721646795677,1.0151602004652776,32.744877079789696,0.11319908588023579,-5.724633168111999,0.05397256517167458,18.241164522217794,0.09881395133029587,-187.45225851711663,1.8680086913944307,0.0
5430.0,ASTRA-SC-01,EPS,32.93927642511398,-5.7189980156763776,18.324610766180303,39.99881624791178,1.0,ANOMALOUS,0.9999704061977946,0.045001598065319,0.35,True,0.945993031358885,283.1152637570018,95.0,STANDBY,True,ASTRA_SIMULATED_EPS,-188.37965651304253,0.021321192932236242,-0.002775713927040524,-0.0027975123246314127,0.8703439882755004,32.74951226350075,0.11990245447738719,-5.726246813408997,0.05337522879542458,18.25582650458888,0.0932774984083254,-187.53180723891637,1.88123953357175,0.0
5440.0,ASTRA-SC-01,EPS,32.69388367931762,-5.701548366100771,18.36787802272737,39.99881624791178,1.0,ANOMALOUS,0.9999704061977946,0.045001598065319,0.35,True,0.9477351916376306,283.14532447595565,95.0,STANDBY,True,ASTRA_SIMULATED_EPS,-186.40575907330205,-0.024539274579635874,0.0017449649575606685,0.00432672565470682,0.7255277760857232,32.74648900946709,0.12074889674529704,-5.7232019006007295,0.053395954019879385,18.272446560117718,0.0891965960871147,-187.4148819014794,1.8938926112474295,-0.0
5450.0,ASTRA-SC-01,EPS,32.73322681292812,-5.769298237218458,18.423437764507486,39.99881624791178,1.0,ANOMALOUS,0.9999704061977946,0.045001598065319,0.35,True,0.9494773519163764,283.17437373737636,95.0,STANDBY,True,ASTRA_SIMULATED_EPS,-188.8477477502982,0.003934313361050101,-0.006774987111768738,0.005555974178011525,0.5807115638959459,32.75379771111615,0.1160037416362962,-5.719894983470654,0.0483426161495941,18.29037841558297,0.09080539885468827,-187.3491644516096,1.8196187289267634,0.0
5460.0,ASTRA-SC-01,EPS,33.137672145056484,-5.773943980981261,18.421062763231507,39.99881624791178,1.0,ANOMALOUS,0.9999704061977946,0.045001598065319,0.35,True,0.951219512195122,283.20240315218257,95.0,STANDBY,True,ASTRA_SIMULATED_EPS,-191.33506262567926,0.04044453321283612,-0.0004645743762802468,-0.00023750012759791162,1.4235997830084715,32.76646474018741,0.14534779504585163,-5.718061751806567,0.045465066885738446,18.31175204056024,0.07999776373965316,-187.36190246200377,1.8485207053650392,0.0
5470.0,ASTRA-SC-01,EPS,33.03102410227054,-5.741485577800658,18.460017442102632,39.99881624791178,1.0,ANOMALOUS,0.9999704061977946,0.045001598065319,0.35,True,0.9529616724738676,283.22940462983235,95.0,STANDBY,True,ASTRA_SIMULATED_EPS,-189.64714850317225,-0.010664804278594175,0.003245840318060278,0.0038954678871125025,2.266488002120997,32.77513544607048,0.15732989910651837,-5.72388600759353,0.04216509525207884,18.33106995296298,0.07835665461914157,-187.6033088219239,1.8974061933809276,-0.0
5480.0,ASTRA-SC-01,EPS,32.62519451947482,-5.725160713287541,18.445541908767144,39.99881624791178,1.0,ANOMALOUS,0.9999704061977946,0.045001598065319,0.35,True,0.9547038327526132,283.2553703805586,95.0,STANDBY,True,ASTRA_SIMULATED_EPS,-186.7844819262612,-0.04058295827957252,0.0016324864513117098,-0.0014475533335488676,3.1093762212335223,32.77147950652335,0.1603066691610234,-5.723518510269925,0.042125719197610746,18.343694857939898,0.08064891607528077,-187.5703681555706,1.9077073709542811,-0.0
5490.0,ASTRA-SC-01,EPS,32.96108087877016,-5.7003366298734655,18.60183090645959,39.99881624791178,1.0,ANOMALOUS,0.9999704061977946,0.045001598065319,0.35,True,0.9564459930313588,283.2802929175167,95.0,STANDBY,True,ASTRA_SIMULATED_EPS,-187.88925669347543,0.033588635929534406,0.0024824083414075383,0.015628899769244597,3.952264440346048,32.78931904954838,0.16580268366279685,-5.720033729809281,0.041707393315205704,18.37171997136975,0.09242392726651931,-187.5581299288928,1.9048404333662814,0.0
5500.0,ASTRA-SC-01,EPS,32.894482169447805,-5.730100363762038,18.499478998839233,39.99881624791178,1.0,ANOMALOUS,0.9999704061977946,0.045001598065319,0.35,True,0.9581881533101044,283.30416505884375,95.0,STANDBY,True,ASTRA_SIMULATED_EPS,-188.48868424491673,-0.006659870932235634,-0.002976373388857212,-0.010235190762035629,4.795152659458574,32.806079137363,0.16264061652598544,-5.720521241980674,0.04178455033113802,18.384688989490495,0.09596536706595979,-187.6700808134032,1.9070397835556527,-0.0
5510.0,ASTRA-SC-01,EPS,32.7415057434898,-5.730367135819161,18.492350353830055,39.99881624791178,1.0,ANOMALOUS,0.9999704061977946,0.045001598065319,0.35,True,0.9599303135888502,283.32697992962864,95.0,STANDBY,True,ASTRA_SIMULATED_EPS,-187.62084848972825,-0.015297642595800198,-2.6677205712299922e-05,-0.0007128645009178314,5.638040878571099,32.79868564901504,0.162904656664719,-5.720108662535105,0.04164523760706775,18.40236638988931,0.08905391562998734,-187.61415918244842,1.8944895646111732,-0.0
5520.0,ASTRA-SC-01,EPS,32.82705111332824,-5.69802108881728,18.474107641608125,39.99881624791178,1.0,ANOMALOUS,0.9999704061977946,0.045001598065319,0.35,True,0.9616724738675958,283.34873096379215,95.0,STANDBY,True,ASTRA_SIMULATED_EPS,-187.0492295274271,0.008554536983843519,0.003234604700188015,-0.0018242712221930191,6.4809290976836245,32.81761804271927,0.14677904601642291,-5.720011538172636,0.041698453813690736,18.41691290121788,0.08086660459066798,-187.71887563657577,1.8095149005254747,0.0
5530.0,ASTRA-SC-01,EPS,32.98636079955472,-5.698663729097245,18.535799517469563,39.99881624791178,1.0,ANOMALOUS,0.9999704061977946,0.045001598065319,0.35,True,0.9634146341463414,283.3694119058787,95.0,STANDBY,True,ASTRA_SIMULATED_EPS,-187.97817784333765,0.015930968622647868,-6.426402799641906e-05,0.006169187586143821,7.32381731679615,32.83205370853333,0.15228765799363297,-5.7250668510927465,0.03270165325923634,18.433118646467115,0.07852243166670887,-187.9668013655747,1.5357020034705506,0.0
5540.0,ASTRA-SC-01,EPS,32.45144590591078,-5.764163200247752,18.62377479663032,39.99881624791178,1.0,ANOMALOUS,0.9999704061977946,0.045001598065319,0.35,True,0.9651567944250872,283.38901681275604,95.0,STANDBY,True,ASTRA_SIMULATED_EPS,-187.0554302856815,-0.05349148936439363,-0.006549947115050703,0.008797527916075864,8.166705535908676,32.817074606838204,0.17765670814835713,-5.726297528468171,0.03386056229055213,18.451162038891994,0.08919799864375436,-187.92067315571055,1.5530580819500728,-0.0
5550.0,ASTRA-SC-01,EPS,32.795673702032175,-5.777930829804332,18.550862523056047,39.99881624791178,1.0,ANOMALOUS,0.9999704061977946,0.045001598065319,0.35,True,0.9668989547038328,283.40754005522604,95.0,STANDBY,True,ASTRA_SIMULATED_EPS,-189.4911341671749,0.034422779612139465,-0.001376762955658073,-0.007291227357427488,5.45543258553299,32.81558618567385,0.17774190652179545,-5.726105878427549,0.03353659689137007,18.46391679372729,0.08883914574139555,-187.9057835901404,1.5356045672514946,0.0
5560.0,ASTRA-SC-01,EPS,32.93728326174329,-5.7263268495194914,18.58128506077466,39.99881624791178,1.0,ANOMALOUS,0.9999704061977946,0.045001598065319,0.35,True,0.9686411149825784,283.424976319544,95.0,STANDBY,True,ASTRA_SIMULATED_EPS,-188.60964949194954,0.014160955971111378,0.005160398028484092,0.003042253771861425,2.744159635157304,32.83208171694868,0.1767180401328399,-5.7298390396274534,0.029791940479271473,18.476974957040714,0.09084845403339274,-188.1222788745196,1.3715423777833728,0.0
5570.0,ASTRA-SC-01,EPS,32.73926585130864,-5.758475665338665,18.564195872066268,39.99881624791178,1.0,ANOMALOUS,0.9999704061977946,0.045001598065319,0.35,True,0.970383275261324,283.44132060884596,95.0,STANDBY,True,ASTRA_SIMULATED_EPS,-188.52826570581394,-0.01980174104346517,-0.003214881581917339,-0.0017089188708393267,2.755035956833081,32.83296180731648,0.17618440730104773,-5.734321358889633,0.0286040786100435,18.49108228921669,0.08647781629773534,-188.2740355227507,1.272144299747353,-0.0
5580.0,ASTRA-SC-01,EPS,33.06434095916698,-5.756599412536582,18.688213463649024,39.99881624791178,1.0,ANOMALOUS,0.9999704061977946,0.045001598065319,0.35,True,0.9721254355400696,283.4565682444866,95.0,STANDBY,True,ASTRA_SIMULATED_EPS,-190.33816574144987,0.032507510785833915,0.00018762528020825896,0.012401759158275637,2.765912278508858,32.84129944292001,0.18434517443141168,-5.736828118680313,0.028812144687805505,18.515322469047934,0.08743647291442147,-188.40460280464453,1.3797172642806337,0.0
5590.0,ASTRA-SC-01,EPS,33.048915449501784,-5.712485466853478,18.622768240538225,39.99881624791178,1.0,ANOMALOUS,0.9999704061977946,0.045001598065319,0.35,True,0.9738675958188152,283.47071486728385,95.0,STANDBY,True,ASTRA_SIMULATED_EPS,-188.7914492005483,-0.0015425509665192294,0.004411394568310456,-0.006544522311079959,2.776788600184635,32.86496822759896,0.18684100097100786,-5.737557258730494,0.027981989895098088,18.532315150235327,0.0812866954459537,-188.5636488131276,1.265631282077914,-0.0
5600.0,ASTRA-SC-01,EPS,32.86563457045828,-5.747373089588567,18.61611256512116,39.99881624791178,1.0,ANOMALOUS,0.9999704061977946,0.045001598065319,0.35,True,0.975609756097561,283.4837564386724,95.0,STANDBY,True,ASTRA_SIMULATED_EPS,-188.89106370250366,-0.018328087904350098,-0.0034887622735089606,-0.00066556754170648,2.7876649218604124,32.8737954114343,0.18326594474975064,-5.736095582221835,0.026751098730003534,18.545160136942904,0.07801016067391472,-188.56653654327462,1.2663749955043573,-0.0
5610.0,ASTRA-SC-01,EPS,32.852617986433984,-5.786695155731524,18.737584833825657,39.99881624791178,1.0,ANOMALOUS,0.9999704061977946,0.045001598065319,0.35,True,0.9773519163763066,283.49568924176504,95.0,STANDBY,True,ASTRA_SIMULATED_EPS,-190.10808535519587,-0.0013016584024299505,-0.003932206614295631,0.012147226870449756,2.7985412435361896,32.854791800859466,0.168100774543469,-5.7369456605385185,0.028202930469843308,18.56626160831585,0.0845771907591734,-188.48473805857574,1.1039911360421877,-0.0
5620.0,ASTRA-SC-01,EPS,32.72322809973361,-5.740464246081259,18.709223389008145,39.99881624791178,1.0,ANOMALOUS,0.9999704061977946,0.045001598065319,0.35,True,0.9790940766550522,283.5065098823219,95.0,STANDBY,True,ASTRA_SIMULATED_EPS,-187.84652092288235,-0.012938988670037333,0.004623090965026488,-0.0028361444817512904,2.809417565211967,32.834272067357,0.163782407279056,-5.736877571757225,0.028192418020070966,18.58287533810955,0.08666694227801591,-188.36469621988974,1.0658036010278151,-0.0
5630.0,ASTRA-SC-01,EPS,32.75696432834993,-5.727752802310061,18.688126988611895,39.99881624791178,1.0,ANOMALOUS,0.9999704061977946,0.045001598065319,0.35,True,0.980836236933798,283.5162152896275,95.0,STANDBY,True,ASTRA_SIMULATED_EPS,-187.623794226877,0.0033736228616319864,0.0012711443771197927,-0.0021096400396249495,2.8202938868877436,32.84305672128201,0.15506933711613782,-5.73705037769206,0.028123328890234753,18.599047676765863,0.08170088976076086,-188.42065037326412,0.9967095136268245,0.0
5640.0,ASTRA-SC-01,EPS,32.94231424582874,-5.793220401862421,18.734959491296493,39.99881624791178,1.0,ANOMALOUS,0.9999704061977946,0.045001598065319,0.35,True,0.9825783972125436,283.52480271727495,95.0,STANDBY,True,ASTRA_SIMULATED_EPS,-190.84208697349814,0.01853499174788098,-0.006546759955236059,0.004683250268459815,2.831170208563521,32.84180561241925,0.15412190576629767,-5.74324262915799,0.02964662767295603,18.607922915754994,0.08893545909517327,-188.61750572526566,1.1621320765121916,0.0
5650.0,ASTRA-SC-01,EPS,33.11740277010341,-5.781787353493303,18.711476889093415,39.99881624791178,1.0,ANOMALOUS,0.9999704061977946,0.045001598065319,0.35,True,0.9843205574912892,283.5322697438583,95.0,STANDBY,True,ASTRA_SIMULATED_EPS,-191.47778051672796,0.017508852427467046,0.0011433048369118737,-0.002348260220307807,2.51986036736728,32.85666698579629,0.16954054152787681,-5.746688428473408,0.030983623662714087,18.622056108438603,0.08730093995126166,-188.81677881005308,1.3752050226287367,0.0
5660.0,ASTRA-SC-01,EPS,32.883703405674304,-5.742170133420723,18.77957467154968,39.99881624791178,1.0,ANOMALOUS,0.9999704061977946,0.045001598065319,0.35,True,0.9860627177700348,283.5386142735716,95.0,STANDBY,True,ASTRA_SIMULATED_EPS,-188.8238195723283,-0.0233699364429107,0.00396172200725795,0.006809778245626319,2.20855052617104,32.866146829941925,0.1665911971814282,-5.747475294980179,0.03068798288139444,18.64120439628658,0.08831316786729826,-188.8969768822264,1.3349683848381497,-0.0
5670.0,ASTRA-SC-01,EPS,32.87964927887033,-5.726971850340241,18.834162710239585,39.99881624791178,1.0,ANOMALOUS,0.9999704061977946,0.045001598065319,0.35,True,0.9878048780487804,283.54383453671613,95.0,STANDBY,True,ASTRA_SIMULATED_EPS,-188.30082586915017,-0.00040541268039717693,0.0015198283080482434,0.0054588038689907135,1.8972406849747991,32.8696533743114,0.16626273978364134,-5.749405345748376,0.02816194037803586,18.665208067528674,0.08858327827757985,-188.9804166383413,1.2474763407135294,-0.0
5680.0,ASTRA-SC-01,EPS,32.866633077844234,-5.756654074647734,18.828896595953537,39.99881624791178,1.0,ANOMALOUS,0.9999704061977946,0.045001598065319,0.35,True,0.989547038327526,283.5479290901139,95.0,STANDBY,True,ASTRA_SIMULATED_EPS,-189.201837227524,-0.0013016201026097463,-0.0029682224307493676,-0.0005266114286047952,1.5859308437785584,32.86167152619736,0.16310361114491773,-5.753271368785076,0.02443207610683697,18.68474787276094,0.0903083061942406,-189.06199393062036,1.2168895578725873,-0.0
5690.0,ASTRA-SC-01,EPS,33.11099916403653,-5.753079366218824,18.763087397897483,39.99881624791178,1.0,ANOMALOUS,0.9999704061977946,0.045001598065319,0.35,True,0.9912891986062716,283.55089681743027,95.0,STANDBY,True,ASTRA_SIMULATED_EPS,-190.49020608550728,0.02443660861922936,0.0003574708428910611,-0.00658091980560549,1.2746210025823177,32.90564174340575,0.13019697796301039,-5.752532446516481,0.024246035877839932,18.694035379512083,0.09075231630590551,-189.2909789839421,1.1325843621475875,0.0
5700.0,ASTRA-SC-01,EPS,32.980982039750806,-5.752722062818862,18.71968221552863,39.99881624791178,1.0,ANOMALOUS,0.9999704061977946,0.045001598065319,0.35,True,0.9930313588850174,283.5527369294021,95.0,STANDBY,True,ASTRA_SIMULATED_EPS,-189.7304230335071,-0.013001712428572176,3.573033999622055e-05,-0.004340518236885416,0.9633111613860772,32.917995632586994,0.1277865000837298,-5.750851862050783,0.023211413755743315,18.705290025676923,0.08175007569933751,-189.3069315750309,1.1372804158927359,-0.0
5710.0,ASTRA-SC-01,EPS,32.938398712860405,-5.76674551153575,18.840246853533245,39.99881624791178,1.0,ANOMALOUS,0.9999704061977946,0.045001598065319,0.35,True,0.9947735191637632,283.5534489639745,95.0,STANDBY,True,ASTRA_SIMULATED_EPS,-189.94736293456268,-0.004258332689040145,-0.001402344871688843,0.012056463800461614,0.6520013201898367,32.9180699959948,0.1277988499133678,-5.753546439518533,0.02249602637595638,18.722554145194163,0.08103280420383215,-189.3961124712051,1.131129206983438,-0.0
5720.0,ASTRA-SC-01,EPS,32.85386781649628,-5.742240928832061,18.896660045791673,39.99881624791178,1.0,ANOMALOUS,0.9999704061977946,0.045001598065319,0.35,True,0.9965156794425089,283.5530327863448,95.0,STANDBY,True,ASTRA_SIMULATED_EPS,-188.65482444632337,-0.00845308963641216,0.002450458270368916,0.005641319225842878,0.340691478993596,32.92571012700731,0.1195022618481679,-5.752464123751426,0.02263206169402308,18.744718423442524,0.08008705464353595,-189.40454972057242,1.124646867765728,-0.0
5730.0,ASTRA-SC-01,EPS,32.728005487819786,-1.4585338889261112,18.86458028784237,39.99881624791178,1.0,ANOMALOUS,0.9999704061977946,0.045001598065319,0.35,True,0.9982578397212544,143.0464839595669,95.0,STANDBY,True,ASTRA_SIMULATED_EPS,-47.7349051209449,-0.012586232867649727,0.42837070399059496,-0.0032079757949304622,0.029381637797355215,32.90328776225083,0.12313124482423006,-5.465926422177394,1.1088421531236727,18.756476211722077,0.08404738492507559,-179.8976656792054,36.578107745667,-0.0
5740.0,ASTRA-SC-01,EPS,32.77863894000906,2.908380892746972,18.7279633895244,39.99881624791178,0.9997988556913312,ANOMALOUS,0.9999704061977946,0.045001598065319,0.35,False,0.0,0.0,95.0,STANDBY,True,ASTRA_SIMULATED_EPS,95.33276718337422,0.005063345218927396,0.4366914781673083,-0.013661689831796765,0.011594788247705377,32.88526932828464,0.12003517177442065,-4.89120199820403,2.4249748463677334,18.76348922165449,0.07610749241571148,-160.95605125361058,79.74169547457166,0.0
5750.0,ASTRA-SC-01,EPS,32.82551735534823,2.8860020176448917,18.712618414090343,39.99881463880494,0.9995977078017036,ANOMALOUS,0.9999703659701236,0.0450016002376133,0.35,False,0.0017421602787456,0.0,95.0,STANDBY,True,ASTRA_SIMULATED_EPS,94.7345093177724,0.004687841533917237,-0.0022378875102080364,-0.0015344975434057773,1.245341286477416,32.88259484727731,0.12094735463528325,-4.315643657721801,3.1294671430745145,18.7699229449191,0.06619234627254739,-142.0476797189255,102.90659151927653,-3.43251117672792e-05
5760.0,ASTRA-SC-01,EPS,32.6999791480486,2.9323589335203804,18.55883125001763,39.998813029669506,0.999396552798108,ANOMALOUS,0.9999703257417376,0.0450016024099461,0.35,False,0.0034843205574912,0.0,95.0,STANDBY,True,ASTRA_SIMULATED_EPS,95.88807598071047,-0.012553820729963406,0.004635691587548863,-0.015378716407271398,2.4790877847071267,32.87241892471828,0.12975039684103573,-3.734373385105007,3.6096233133468423,18.758006039331903,0.08565868086964033,-122.9812689631984,118.65539330871913,1.2817893976163043e-05
5770.0,ASTRA-SC-01,EPS,32.57611435258936,2.8962700730740454,18.45294437438147,39.99881142047723,0.9991953906797092,ANOMALOUS,0.9999702855119308,0.0450016045823557,0.35,False,0.0052264808362369,0.0,95.0,STANDBY,True,ASTRA_SIMULATED_EPS,94.34922509644244,-0.01238647954592409,-0.003608886044633497,-0.010588687563615907,3.712834282936837,32.86261134157533,0.14633327510075894,-3.1585910971613202,3.9404448623034765,18.740920771690124,0.11619811020421258,-104.16821922857677,129.51103460684882,1.2991522478819822e-05
5780.0,ASTRA-SC-01,EPS,32.75772762867545,2.8652589774838075,18.3138257821108,39.99880981122811,0.9989942214456718,ANOMALOUS,0.9999702452807028,0.045001606754842,0.35,False,0.0069686411149825,0.0,95.0,STANDBY,True,ASTRA_SIMULATED_EPS,93.85937317003169,0.018161327608608956,-0.0031011095590237846,-0.01391185922706697,4.946580781166547,32.8626622282637,0.14629404016041328,-2.585723645175062,4.158837415426982,18.715967357923383,0.1602031890897257,-85.40267473544951,136.7457031553065,-8.860856209127622e-06
5790.0,ASTRA-SC-01,EPS,32.44803018450903,2.915369178799339,18.35075119101219,39.99880820192212,0.998793045095159,ANOMALOUS,0.999970205048053,0.0450016089274051,0.35,False,0.0087108013937282,0.0,95.0,STANDBY,True,ASTRA_SIMULATED_EPS,94.59798711266825,-0.030969744416641732,0.005011020131553146,0.003692540890138929,6.180327279396258,32.82970995750905,0.17906797436370453,-2.005151006464278,4.285032247360776,18.690353471237763,0.18564404201499984,-66.37333646303843,140.82472782213972,5.196381242777744e-06
5800.0,ASTRA-SC-01,EPS,32.60083845347019,2.893666049185805,18.167733491954184,39.99880659255927,0.9985918616273336,ANOMALOUS,0.9999701648139816,0.0450016111000449,0.35,False,0.0104529616724738,0.0,95.0,STANDBY,True,ASTRA_SIMULATED_EPS,94.33593940779774,0.01528082689611594,-0.0021703129613534155,-0.01830176990580057,4.6404553678108815,32.795272336400174,0.16918724135577395,-1.4267874462856711,4.324175225931159,18.654103911428482,0.22920155351447705,-47.31908846807004,142.01932450390976,-1.0531909420696074e-05
5810.0,ASTRA-SC-01,EPS,32.80358673494826,2.878988140429711,18.075454935798945,39.99880498313954,0.9983906710413571,ANOMALOUS,0.9999701245784886,0.0450016132727616,0.35,False,0.0121951219512195,0.0,95.0,STANDBY,True,ASTRA_SIMULATED_EPS,94.44113717347344,0.020274828147807254,-0.001467790875609376,-0.00922785561552395,3.1005834562255057,32.789931225018435,0.16745184383970724,-0.8520435613623086,4.282364976202425,18.607162595711767,0.2701198607499168,-28.43475801834992,140.6860595837146,-7.938019077869975e-06
5820.0,ASTRA-SC-01,EPS,32.769843351073334,2.906924499934115,17.972612048515973,39.99880337366294,0.9981894733363912,ANOMALOUS,0.9999700843415736,0.045001615445555,0.35,False,0.0139372822299651,0.0,95.0,STANDBY,True,ASTRA_SIMULATED_EPS,95.25946049623813,-0.0033743383874927702,0.0027936359504403983,-0.010284288728297142,1.560711544640129,32.78261082983197,0.16563989572516785,-0.27645047134401834,4.158780736806765,18.549725884930194,0.30742560739742925,-9.53073892732404,136.6639815735882,4.769754602235303e-05
5830.0,ASTRA-SC-01,EPS,32.771142448936395,2.844586652638629,17.89691002366677,39.99880176412945,0.997988268511596,ANOMALOUS,0.9999700441032364,0.0450016176184252,0.35,False,0.0156794425087108,0.0,95.0,STANDBY,True,ASTRA_SIMULATED_EPS,93.22035440196366,0.00012990978630611494,-0.006233784729548608,-0.007570202484920329,0.020839633054752883,32.77624478790479,0.16400695521703493,0.2969655771417392,3.936210584898974,18.48759344677774,0.3394820342325921,9.297407181308474,129.40446320446168,-0.0012389624600548858
5840.0,ASTRA-SC-01,EPS,32.49871384352678,2.8616918784974534,17.788742780144233,39.99880015453907,0.9977870565661306,ANOMALOUS,0.9999700038634768,0.0450016197913722,0.35,False,0.0174216027874564,0.0,95.0,STANDBY,True,ASTRA_SIMULATED_EPS,93.00130546763334,-0.027242860540961544,0.0017105225858824458,-0.010816724352253716,0.33314658341865144,32.73542576653746,0.15036764094357288,0.8712836601228244,3.6049540420984516,18.422637138927524,0.3744212896630632,28.196841284851185,118.37308887980667,5.908301670863216e-06
5850.0,ASTRA-SC-01,EPS,32.826943641751356,2.8947890268033505,17.711272544717627,39.99879854489179,0.997585837499154,ANOMALOUS,0.9999699636222948,0.045001621964396,0.35,False,0.019163763066202,0.0,95.0,STANDBY,True,ASTRA_SIMULATED_EPS,95.02707623763384,0.03282297982245765,0.003309714830589705,-0.007747023542660614,0.64545353378255,32.725156540004164,0.1370718703992425,1.4477843994309718,3.1301704272869633,18.355409827540125,0.4064383073514604,47.18067456959391,102.72669470530231,-4.9040254309515484e-06
5860.0,ASTRA-SC-01,EPS,32.86370689950488,2.923194830084587,17.646350023012044,39.998796935187606,0.997384611309824,ANOMALOUS,0.9999699233796902,0.0450016241374967,0.35,False,0.0209059233449477,0.0,95.0,STANDBY,True,ASTRA_SIMULATED_EPS,96.06701810604784,0.003676325775352751,0.002840580328123643,-0.006492252170558288,0.9577604841464485,32.72017708578047,0.12994334494427479,2.027113755538994,2.4240549441849675,18.275816705505374,0.4213381960282735,66.24829997230128,79.48287623641745,-4.378567851220071e-05
5870.0,ASTRA-SC-01,EPS,32.71991549950661,2.8991425070131065,17.385250670243476,39.998795325426514,0.997183377997298,ANOMALOUS,0.9999698831356628,0.0450016263106742,0.35,False,0.0226480836236933,0.0,95.0,STANDBY,True,ASTRA_SIMULATED_EPS,94.8596978504966,-0.014379139999827118,-0.002405232307148042,-0.02610993527685679,1.270067434510347,32.71124693131449,0.12459203786775307,2.603205984595339,1.123893783114851,18.17505608046883,0.44245525299748373,85.14926812542261,36.771200785279746,1.1195113841607963e-05
5880.0,ASTRA-SC-01,EPS,32.557043518437176,2.881340968350579,17.475165119065288,39.9987937156085,0.996982137560732,ANOMALOUS,0.9999698428902124,0.0450016284839285,0.35,False,0.024390243902439,0.0,95.0,STANDBY,True,ASTRA_SIMULATED_EPS,93.80794329804571,-0.016287198106943634,-0.0017801538662527427,0.008991444882181199,1.5823743848742458,32.69984946668898,0.13062316927741957,2.8925309750804518,0.023777716737469274,18.08242840255036,0.4331313341917925,94.58545802002199,0.879970013662609,9.883946909917486e-06
5890.0,ASTRA-SC-01,EPS,32.56679405747805,2.900278560151005,17.295731067627578,39.99879210573355,0.9967808899992816,ANOMALOUS,0.9999698026433388,0.0450016306572597,0.35,False,0.0261324041811846,0.0,95.0,STANDBY,True,ASTRA_SIMULATED_EPS,94.45277457775674,0.0009750539040872752,0.0018937591800425758,-0.017943405143770973,1.8946813352381442,32.685726474520244,0.13292797462384076,2.891990819574054,0.02348213006018139,17.98694624775724,0.4384928071026457,94.52679184631415,0.8555853994443954,-0.00016510625136153644
5900.0,ASTRA-SC-01,EPS,32.600971258562694,2.9310162389010435,17.138831100986074,39.99879049580168,0.9965796353121016,ANOMALOUS,0.999969762395042,0.0450016328306677,0.35,False,0.0278745644599303,0.0,95.0,STANDBY,True,ASTRA_SIMULATED_EPS,95.55397616279345,0.0034177201084645502,0.0030737678750038635,-0.015689996664150385,2.2069882856020424,32.670756734734546,0.12863525670807352,2.894991767657797,0.02545553309817009,17.882027093550285,0.4407333143855766,94.58142296931555,0.8950483601643201,-4.710543345501317e-05
5910.0,ASTRA-SC-01,EPS,32.62406242742777,2.8836113102187464,17.006035522549478,39.998788885812864,0.9963783734983456,ANOMALOUS,0.9999697221453216,0.0450016350041526,0.35,False,0.0296167247386759,0.0,95.0,STANDBY,True,ASTRA_SIMULATED_EPS,94.07511540101318,0.0023091168865079226,-0.004740492868229707,-0.013279557843659617,2.519295235965941,32.66569562002649,0.1288965796455686,2.8917419261043547,0.023370564498117724,17.778507378385743,0.4526110247826231,94.46055893066907,0.8257224309841064,-6.97231406375882e-05
5920.0,ASTRA-SC-01,EPS,32.49120525662879,2.897463001420397,16.952909442076585,39.99878727576711,0.9961771045571668,ANOMALOUS,0.9999696818941776,0.0450016371777144,0.35,False,0.0313588850174216,0.0,95.0,STANDBY,True,ASTRA_SIMULATED_EPS,94.14206510263783,-0.013285717079898517,0.0013851691201650419,-0.005312608047289303,2.8316021863298397,32.66003501362912,0.1348390685997312,2.891821454660778,0.023389096521628832,17.67850504956542,0.45862636994264067,94.44674826441543,0.8294416168526167,1.2118621429904473e-05
5930.0,ASTRA-SC-01,EPS,32.47666637456796,2.870876261829801,16.872820660644496,39.99878566566439,0.995975828487718,ANOMALOUS,0.9999696416416098,0.045001639351353,0.35,False,0.0331010452961672,0.0,95.0,STANDBY,True,ASTRA_SIMULATED_EPS,93.23649055811326,-0.0014538882060826097,-0.0026586739590595877,-0.008008878143208876,3.1439091366937384,32.641297596688624,0.1397333917410297,2.892195940283844,0.022974722168527938,17.58243804146766,0.4668890898865077,94.40522275695419,0.8752744972844725,0.0001107446024756647
5940.0,ASTRA-SC-01,EPS,32.34295583121186,2.913204922315964,16.783961563249285,39.99878405550472,0.99577454528915,ANOMALOUS,0.999969601387618,0.0450016415250686,0.35,False,0.0348432055749128,0.0,95.0,STANDBY,True,ASTRA_SIMULATED_EPS,94.2216581297342,-0.01337105433561021,0.004232866048616302,-0.008885909739521126,3.4562160870576366,32.63429263980214,0.15219239840384485,2.892051656518286,0.022825105378804566,17.477985399616802,0.45789894286148436,94.38013415809193,0.8747478227218176,1.2042129445874959e-05
5950.0,ASTRA-SC-01,EPS,32.34932737391481,2.892465255061015,16.64535650750982,39.99878244528808,0.995573254960614,ANOMALOUS,0.999969561132202,0.045001643698861,0.35,False,0.0365853658536585,0.0,95.0,STANDBY,True,ASTRA_SIMULATED_EPS,93.56930545364278,0.0006371542702950705,-0.002073966725494891,-0.013860505573946469,3.7685230374215353,32.61752523449845,0.16906131554993428,2.891971603576634,0.0228211442850657,17.37649360065385,0.46278735077080535,94.32902522781494,0.8995586504219875,-0.0002527200581961584
5960.0,ASTRA-SC-01,EPS,32.63751913649549,2.924724432838285,16.492590517739977,39.99878083501447,0.99537195750126,ANOMALOUS,0.9999695208753616,0.0450016458727304,0.35,False,0.0383275261324041,0.0,95.0,STANDBY,True,ASTRA_SIMULATED_EPS,95.45574964573545,0.02881917625806807,0.003225917777727005,-0.015276598976984346,4.080829987785434,32.606454061268266,0.16126431472091485,2.8950206897372053,0.023988074989543497,17.27096930611658,0.472388831167217,94.39666605929906,0.9455606920162314,-5.587507402989468e-06
5970.0,ASTRA-SC-01,EPS,32.6029849470206,2.895576094809883,16.52356003151174,39.99877922468387,0.9951706529102368,ANOMALOUS,0.9999694806170968,0.0450016480466767,0.35,False,0.0400696864111498,0.0,95.0,STANDBY,True,ASTRA_SIMULATED_EPS,94.40442383203933,-0.003453418947488984,-0.0029148338028401888,0.0030969513771761823,4.393136938149333,32.59533016766475,0.15481472069883515,2.8942641293955895,0.023763733485214284,17.174365838316298,0.46678624239882177,94.33966361501915,0.9151150230132642,4.6630038927187204e-05
5980.0,ASTRA-SC-01,EPS,32.61772470161418,2.8841413390105104,16.377942357340423,39.998777614296294,0.9949693411866926,ANOMALOUS,0.9999694403574074,0.0450016502207,0.35,False,0.0418118466898954,0.0,95.0,STANDBY,True,ASTRA_SIMULATED_EPS,94.07412819638972,0.0014739754593577458,-0.0011434755799372808,-0.014561767417131577,4.705443888513232,32.585102317843265,0.14725313279619928,2.8969011084870484,0.019705555263680934,17.073101327227878,0.4635926697679157,94.39658186798087,0.8657431863572554,-0.00010925470758221752
5990.0,ASTRA-SC-01,EPS,32.45207481495195,2.919879067140616,16.299119915673394,39.99877600385173,0.9947680223297752,ANOMALOUS,0.9999694000962932,0.0450016523948001,0.35,False,0.0435540069686411,0.0,95.0,STANDBY,True,ASTRA_SIMULATED_EPS,94.75613393745938,-0.016564988666223003,0.003573772813010567,-0.00788224416670289,5.01775083887713,32.58199304927162,0.1496799267057978,2.900780254396593,0.01792624737264568,16.973793136263154,0.45886716665570704,94.51357043263596,0.7778332680104857,9.721978058253386e-06
6000.0,ASTRA-SC-01,EPS,32.89023880175565,2.897822859525224,16.167049677418046,39.99877439335015,0.9945666963386314,ANOMALOUS,0.999969359833754,0.0450016545689772,0.35,False,0.0452961672473867,0.0,95.0,STANDBY,True,ASTRA_SIMULATED_EPS,95.31008585497104,0.04381639868037013,-0.0022056207615392064,-0.013207023825534847,5.330057789241028,32.58621272660523,0.15775312820928555,2.900982509911384,0.017870851356861117,16.870844945109848,0.45480068259574735,94.53243774045843,0.7944339078964249,-3.6755681113358757e-06
6010.0,ASTRA-SC-01,EPS,32.332736741257314,2.863954886715432,16.02793448685568,39.998772782791576,0.9943653632124068,ANOMALOUS,0.9999693195697894,0.0450016567432313,0.35,False,0.0470383275261324,0.0,95.0,STANDBY,True,ASTRA_SIMULATED_EPS,92.59949939100747,-0.05575020604983365,-0.0033867972809792147,-0.013911519056236443,5.642364739604927,32.55081471605539,0.15044136597002516,2.8970331803534406,0.019114022989436277,16.762950576032758,0.44962549845540273,94.30126982612241,0.8200822245912798,2.888883631623001e-06
6020.0,ASTRA-SC-01,EPS,32.62162241399572,2.9091288368859956,15.933007811452718,39.99877117217598,0.9941640229502468,ANOMALOUS,0.9999692793043996,0.0450016589175624,0.35,False,0.048780487804878,0.0,95.0,STANDBY,True,ASTRA_SIMULATED_EPS,94.9005024705615,0.028888567273840947,0.004517395017056369,-0.009492667540296295,5.9546716899688255,32.544261843688005,0.1445759853129209,2.8976989356783,0.019365007918330186,16.666134385446707,0.46223295053838553,94.30399013412674,0.8221320225004085,-5.575269908531335e-06
6030.0,ASTRA-SC-01,EPS,32.72269927589893,2.8898953244324206,15.924587084494902,39.998769561503366,0.9939626755512954,ANOMALOUS,0.9999692390375842,0.0450016610919704,0.35,False,0.0505226480836236,0.0,95.0,STANDBY,True,ASTRA_SIMULATED_EPS,94.56517564022847,0.01010768619032092,-0.0019233512453574963,-0.0008420726957815816,6.266978640332725,32.55530556085212,0.15177005823694492,2.8982692260837557,0.018970812599626238,16.56276251647535,0.4412891609557056,94.35447229027226,0.8126914525013875,-1.5935126811868937e-05
6040.0,ASTRA-SC-01,EPS,32.83831463621245,2.9169017666668076,15.80925426241654,39.998767950773725,0.9937613210146964,ANOMALOUS,0.9999691987693432,0.0450016632664554,0.35,False,0.0522648083623693,0.0,95.0,STANDBY,True,ASTRA_SIMULATED_EPS,95.78613797672858,0.01156153603135195,0.0027006442234386975,-0.011533282207836315,6.579285590696623,32.573406932767746,0.168507177525086,2.8993774398514764,0.01957256883009517,16.46366406279461,0.43173486979905445,94.44336318353704,0.8931494432637768,-1.393179622470133e-05
6050.0,ASTRA-SC-01,EPS,32.429379282637406,2.8575634713252613,15.692409027452268,39.99876633998704,0.9935599593395922,ANOMALOUS,0.9999691584996762,0.0450016654410174,0.35,False,0.0540069686411149,0.0,95.0,STANDBY,True,ASTRA_SIMULATED_EPS,92.66900963581686,-0.04089353535750462,-0.005933829534154622,-0.011684523496427169,6.891592541060521,32.56196746770606,0.17228436124547883,2.894480588679757,0.020267679048466984,16.367235924559022,0.4316941693269685,94.2510320817386,0.9459697791859631,3.938976340935503e-06
6060.0,ASTRA-SC-01,EPS,32.53895954757949,2.880373248168349,15.627741558351632,39.998764729143325,0.9933585905251248,ANOMALOUS,0.9999691182285833,0.0450016676156565,0.35,False,0.0557491289198606,0.0,95.0,STANDBY,True,ASTRA_SIMULATED_EPS,93.72434860408005,0.010958026494208184,0.0022809776843087715,-0.00646674691006357,6.815545172191674,32.55629394238284,0.17149289090606917,2.8942647178763976,0.02040847204182773,16.27534966027917,0.4326974107224419,94.22764762860973,0.9549222048053029,-1.4700126147906335e-05
6070.0,ASTRA-SC-01,EPS,32.58468041941574,2.8953396979253356,15.507993093537705,39.99876311824256,0.9931572145704356,ANOMALOUS,0.999969077956064,0.0450016697903725,0.35,False,0.0574912891986062,0.0,95.0,STANDBY,True,ASTRA_SIMULATED_EPS,94.34371876254477,0.004572087183625229,0.0014966449756986578,-0.011974846481392732,6.739497803322828,32.56252561990197,0.17065506372151099,2.89412316431006,0.020392061197654604,16.17902190370991,0.4319178147493147,94.24109120593685,0.9550507478675825,-3.523337816512424e-05
6080.0,ASTRA-SC-01,EPS,32.59845165313441,2.908444250891472,15.39241248429524,39.99876150728474,0.9929558314746644,ANOMALOUS,0.9999690376821184,0.0450016719651656,0.35,False,0.0592334494773519,0.0,95.0,STANDBY,True,ASTRA_SIMULATED_EPS,94.81077929852238,0.0013771233718671283,0.0013104552966136218,-0.011558060924246405,6.663450434453981,32.57064463847306,0.16916902024501604,2.8966276969141718,0.01962558648971816,16.080328025286626,0.43119703987719227,94.34604378863081,0.9227212636717426,-0.0001169799198700654
6090.0,ASTRA-SC-01,EPS,32.79957760792981,2.8980070811164453,15.354563839647424,39.99875989626985,0.9927544412369508,ANOMALOUS,0.9999689974067464,0.0450016741400356,0.35,False,0.0609756097560975,0.0,95.0,STANDBY,True,ASTRA_SIMULATED_EPS,95.053408165409,0.02011259547954012,-0.0010437169775026512,-0.0037848644647816344,6.587403065585135,32.60108609025426,0.16633058422981636,2.8956145075008703,0.019093736889847963,15.985034843713168,0.42244645149911403,94.40149379100913,0.9395506317226767,-8.009980061267966e-06
6100.0,ASTRA-SC-01,EPS,32.683961387823985,2.9045800034942686,15.308216127086393,39.9987582851979,0.9925530438564338,ANOMALOUS,0.9999689571299476,0.0450016763149828,0.35,False,0.0627177700348432,0.0,95.0,STANDBY,True,ASTRA_SIMULATED_EPS,94.93318068205232,-0.011561622010582796,0.0006572922377823254,-0.004634771256103143,6.511355696716287,32.62339502451487,0.15197335785777677,2.8964221573964206,0.019206897737966487,15.895892151684938,0.41415289134614564,94.49241880623643,0.9190335995464258,1.3934653372399469e-05
6110.0,ASTRA-SC-01,EPS,32.61421428114631,2.8881920579038254,15.185820742788374,39.99875667406887,0.992351639332251,ANOMALOUS,0.9999689168517218,0.045001678490007,0.35,False,0.0644599303135888,0.0,95.0,STANDBY,True,ASTRA_SIMULATED_EPS,94.1961146615803,-0.006974710667767425,-0.0016387945590443209,-0.012239538429801832,6.435308327847441,32.6218413674916,0.1519377712696221,2.8939866657341233,0.01761170539715484,15.808774166688165,0.4171010463199114,94.40844314062608,0.8815056013485454,2.309958227723063e-05
6120.0,ASTRA-SC-01,EPS,32.38005253160538,2.902354804615422,15.07351799519828,39.998755062882765,0.9921502276635394,ANOMALOUS,0.9999688765720692,0.0450016806651082,0.35,False,0.0662020905923344,0.0,95.0,STANDBY,True,ASTRA_SIMULATED_EPS,93.97840103880463,-0.023416174954093094,0.0014162746711596785,-0.01123027475900944,6.359260958978594,32.60697920646391,0.16431333913492693,2.894438579721159,0.01774189232885454,15.712104697600601,0.4075303644369494,94.3800416210771,0.8884798459299261,6.880654549072927e-06
6130.0,ASTRA-SC-01,EPS,32.531228612036145,2.897833834582294,14.888767955058292,39.998753451639566,0.9919488088494354,ANOMALOUS,0.9999688362909892,0.0450016828402865,0.35,False,0.0679442508710801,0.0,95.0,STANDBY,True,ASTRA_SIMULATED_EPS,94.27009495248993,0.015117608043076557,-0.00045209700331283464,-0.01847500401399884,6.283213590109748,32.60121280049205,0.1654232975408472,2.8953514127592777,0.01752516972550518,15.612826404115127,0.4150589355970251,94.39310607148379,0.8850946342177314,-1.0658056451228107e-05
6140.0,ASTRA-SC-01,EPS,32.47460109078648,2.9022540023390175,14.898780455285284,39.99875184033927,0.9917473828890744,ANOMALOUS,0.9999687960084817,0.045001685015542,0.35,False,0.0696864111498257,0.0,95.0,STANDBY,True,ASTRA_SIMULATED_EPS,94.24954099009808,-0.00566275212496663,0.00044201677567237143,0.001001250022699196,6.207166221240901,32.60271455221435,0.16406938876152005,2.8941764084391712,0.016312073575991643,15.519470440089252,0.4070773595320663,94.35933320832636,0.8799029073111739,2.8454367469426204e-05
6150.0,ASTRA-SC-01,EPS,32.39545410869724,2.925230878503466,14.75565177232738,39.99875022898186,0.9915459497815908,ANOMALOUS,0.9999687557245466,0.0450016871908744,0.35,False,0.0714285714285714,0.0,95.0,STANDBY,True,ASTRA_SIMULATED_EPS,94.76418268190314,-0.007914698208924164,0.0022976876164448436,-0.014312868295790437,6.131118852372055,32.569728906010454,0.15138140222167784,2.8960036097043873,0.018178040047144153,15.42537724641654,0.40981048103967527,94.32293966345516,0.8484992178485552,2.035905049447803e-05
6160.0,ASTRA-SC-01,EPS,32.719439292260766,2.9089806065836377,14.67506701721264,39.99874861756736,0.9913445095261187,ANOMALOUS,0.999968715439184,0.045001689366284,0.35,False,0.073170731707317,0.0,95.0,STANDBY,True,ASTRA_SIMULATED_EPS,95.18021435947723,0.03239851835635292,-0.0016250271919828307,-0.008058475511473873,6.055071483503208,32.595509076077356,0.14068893275771582,2.899005324362268,0.016107459227794975,15.335186081773672,0.41654174413748446,94.49498732801982,0.7270282204272442,-4.973729003069325e-06
6170.0,ASTRA-SC-01,EPS,32.849458732772604,2.877471349038885,14.661998289463993,39.998747006095726,0.9911430621217912,ANOMALOUS,0.9999686751523932,0.0450016915417707,0.35,False,0.0749128919860627,0.0,95.0,STANDBY,True,ASTRA_SIMULATED_EPS,94.52337633498836,0.013001944051183757,-0.0031509257544752867,-0.0013068727748647645,5.9790241146343615,32.61069816399581,0.15525443565058433,2.89689482517246,0.016747530487053897,15.25045211364109,0.41551960994065384,94.46984558564827,0.718473692873129,-1.2394082187608738e-05
6180.0,ASTRA-SC-01,EPS,32.722156058556266,2.887774630177711,14.59456971793068,39.998745394566974,0.9909416075677404,ANOMALOUS,0.9999686348641744,0.0450016937173345,0.35,False,0.0766550522648083,0.0,95.0,STANDBY,True,ASTRA_SIMULATED_EPS,94.49421211061467,-0.012730267421633811,0.0010303281138826393,-0.006742857153331272,5.902976745765515,32.6106619495063,0.15522650513926767,2.89675344555548,0.016819635648759036,15.161784289203474,0.40311161686759456,94.46511468367402,0.7180346415061875,1.26590329868681e-05
6190.0,ASTRA-SC-01,EPS,32.51739063987224,2.906588345995046,14.447111437595922,39.99874378298109,0.9907401458630976,ANOMALOUS,0.9999685945745272,0.0450016958929755,0.35,False,0.078397212543554,0.0,95.0,STANDBY,True,ASTRA_SIMULATED_EPS,94.51466867602105,-0.02047654186840262,0.0018813715817334931,-0.01474582803347584,5.826929376896668,32.58926701641695,0.1432633425789185,2.896065884177362,0.0161339954318259,15.070974767548766,0.40025260233074283,94.38035006362685,0.6191935939377712,7.870400662962385e-06
6200.0,ASTRA-SC-01,EPS,32.53506350463083,2.91687535893426,14.383161043933644,39.99874217133807,0.9905386770069934,ANOMALOUS,0.9999685542834518,0.0450016980686936,0.35,False,0.0801393728222996,0.0,95.0,STANDBY,True,ASTRA_SIMULATED_EPS,94.90072503801899,0.0017672864758587537,0.001028701293921408,-0.006395039366227806,5.750882008027821,32.59631263121651,0.13731369652176856,2.9000200100179625,0.012984477262968476,14.983691568647524,0.39780306203217053,94.52913109044032,0.41210929894272363,-9.119308253719087e-05
6210.0,ASTRA-SC-01,EPS,32.271134188817996,2.926605393148096,14.16999499148904,39.9987405596379,0.9903372009985576,NOMINAL,0.9999685139909475,0.0450017002444888,1.0,False,0.0818815331010452,0.0,95.0,STANDBY,False,ASTRA_SIMULATED_EPS,94.44487536000067,-0.026392931581283106,0.0009730034213836003,-0.02131660524446044,5.674834639158974,32.578457607299086,0.16072166103153343,2.903102153016612,0.013465952727782235,14.886508464190019,0.40717627455369365,94.5771662075017,0.3487211975350416,6.106559878324042e-06
6220.0,ASTRA-SC-01,EPS,32.72265999935166,2.923243941056423,14.108445326497367,39.99873894788058,0.9901357178369194,NOMINAL,0.9999684736970146,0.0450017024203612,1.0,False,0.0836236933797909,0.0,95.0,STANDBY,False,ASTRA_SIMULATED_EPS,95.65631757835412,0.045152581053366704,-0.0003361452091673378,-0.00615496649916718,5.598787270290128,32.587656245961476,0.1649949598214429,2.9049624358920183,0.01422315137595304,14.793205279720665,0.4148710727503849,94.66467279522232,0.4389679095642982,-3.5695795943612168e-06
6230.0,ASTRA-SC-01,EPS,32.48655372964464,2.8798001476774377,14.062362083231806,39.99873733606611,0.9899342275212069,NOMINAL,0.9999684334016526,0.0450017045963107,1.0,False,0.0853658536585365,0.0,95.0,STANDBY,False,ASTRA_SIMULATED_EPS,93.55478222816166,-0.023610626970702243,-0.0043443793378985076,-0.004608324326556179,5.522739901421281,32.58019638439549,0.1669895526461654,2.903052829011082,0.01558041634046727,14.704535252983101,0.4197617519231341,94.58093965719829,0.5211964904549156,6.82664834638278e-06
6240.0,ASTRA-SC-01,EPS,32.50211614916192,2.91668098625232,14.04897784591915,39.99873572419447,0.989732730050547,NOMINAL,0.9999683931048616,0.0450017067723374,1.0,False,0.0871080139372822,0.0,95.0,STANDBY,False,ASTRA_SIMULATED_EPS,94.79830418522505,0.0015562419517280545,0.0036880838574882445,-0.0013384237312655145,5.446692532552435,32.56036562047763,0.15640301961662317,2.904297756020141,0.015891396315302918,14.617496186734549,0.4106075952571783,94.56393272518602,0.5086904232594129,-0.00010357461685435978
6250.0,ASTRA-SC-01,EPS,32.77823874219586,2.8906080887068395,13.883594735389458,39.99873411226565,0.9895312254240666,NOMINAL,0.9999683528066412,0.0450017089484413,1.0,False,0.0888501742160278,0.0,95.0,STANDBY,False,ASTRA_SIMULATED_EPS,94.74904204175526,0.027612259303393928,-0.00260728975454807,-0.016538311052969233,5.370645163683588,32.566650777435754,0.16345967154977672,2.9033662950343118,0.016278433826670793,14.522521427288089,0.4041388191723582,94.55165681583289,0.5013114365766712,-5.837728809119802e-06
6260.0,ASTRA-SC-01,EPS,32.27593624130455,2.8859565014664725,13.85313033916933,39.99873250027966,0.9893297136408914,NOMINAL,0.9999683125069914,0.0450017111246224,1.0,False,0.0905923344947735,0.0,95.0,STANDBY,False,ASTRA_SIMULATED_EPS,93.14694803651021,-0.05023025008913109,-0.0004651587240366961,-0.0030464396220128975,5.294597794814742,32.54409890811297,0.17902329289942598,2.9032172579384885,0.016436748828319518,14.433675400380151,0.39427227645355273,94.48171237416155,0.6148052739132209,3.2091936446994535e-06
6270.0,ASTRA-SC-01,EPS,32.81167252148442,2.877699883825866,13.686334344214728,39.99873088823647,0.9891281947001462,NOMINAL,0.9999682722059118,0.0450017133008807,1.0,False,0.0923344947735191,0.0,95.0,STANDBY,False,ASTRA_SIMULATED_EPS,94.42214620320807,0.05357362801798686,-0.0008256617640606479,-0.016679599495460096,5.218550425945894,32.57287357410491,0.18534821581685829,2.901573596552518,0.01771238909275867,14.34119649031458,0.396155062326899,94.51129538512176,0.5993386747075131,-3.0090237394798214e-06
6280.0,ASTRA-SC-01,EPS,32.54328076173079,2.907349419309539,13.586784417133552,39.998729276136096,0.9889266686009552,NOMINAL,0.9999682319034024,0.0450017154772162,1.0,False,0.0940766550522648,0.0,95.0,STANDBY,False,ASTRA_SIMULATED_EPS,94.61468842504532,-0.02683917597536265,0.0029649535483672997,-0.009954992708117593,5.1425030570770485,32.57367705075122,0.1851808389402448,2.902207968867668,0.017739262483943394,14.254397587786265,0.41000313523706244,94.53426828329212,0.5960280445972413,6.006519642132405e-06
6290.0,ASTRA-SC-01,EPS,32.615417715374335,2.8927420381628925,13.538085618725418,39.998727663978514,0.9887251353424418,NOMINAL,0.9999681915994628,0.0450017176536289,1.0,False,0.0958188153310104,0.0,95.0,STANDBY,False,ASTRA_SIMULATED_EPS,94.34798991750607,0.007213695364354322,-0.0014607381146646502,-0.004869879840813418,5.066455688208201,32.58306482572374,0.1833598113789226,2.9015738379225926,0.01790672252621829,14.163684598682273,0.407770668554722,94.54083154511933,0.5932041247829363,-2.234856756647354e-05
6300.0,ASTRA-SC-01,EPS,32.63413554106305,2.902214900094727,13.428768548727248,39.99872605176373,0.9885235949237282,NOMINAL,0.9999681512940932,0.0450017198301189,1.0,False,0.0975609756097561,0.0,95.0,STANDBY,False,ASTRA_SIMULATED_EPS,94.71127441898409,0.0018717825688717936,0.0009472861931834498,-0.010931706999816982,4.9904083193393545,32.5989769212148,0.17612982246933426,2.9000394393620104,0.01667879250159031,14.075225717108932,0.414054750843058,94.53730432759139,0.5919371525055431,-8.613258869080489e-05
6310.0,ASTRA-SC-01,EPS,32.52623638290515,2.900468551570041,13.344102245008193,39.99872443949174,0.9883220473439362,NOMINAL,0.9999681109872934,0.0450017220066861,1.0,False,0.0993031358885017,0.0,95.0,STANDBY,False,ASTRA_SIMULATED_EPS,94.34132572954965,-0.010789915815790608,-0.00017463485246862475,-0.00846663037190556,4.914360950470508,32.586096727257754,0.17373944227185925,2.8994719690277706,0.016496664159878546,13.986494732295302,0.41891124570524146,94.48137841892955,0.5659134832997034,1.4942396415865562e-05
6320.0,ASTRA-SC-01,EPS,32.500793564129545,2.933487579083281,13.302898436572198,39.99872282716252,0.9881204926021868,NOMINAL,0.9999680706790628,0.0450017241833306,1.0,False,0.1010452961672473,0.0,95.0,STANDBY,False,ASTRA_SIMULATED_EPS,95.34067423072385,-0.002544281877560195,0.003301902751324004,-0.004120380843599491,4.838313581601661,32.56285238268155,0.15865688575898343,2.9032063843640636,0.017472029844970673,13.89588807543585,0.40923868259650287,94.53586494531191,0.6080241261649476,6.337069942862098e-05
6330.0,ASTRA-SC-01,EPS,32.493657496930204,2.9159976040583273,13.170645245667943,39.99872121477607,0.9879189306975996,NOMINAL,0.9999680303694016,0.0450017263600523,1.0,False,0.102787456445993,0.0,95.0,STANDBY,False,ASTRA_SIMULATED_EPS,94.75142740814039,-0.0007136067199340346,-0.001748997502495353,-0.013225319090425458,4.762266212732815,32.547619145239814,0.1531426976489945,2.9050879159561047,0.017209174097539377,13.800959777285,0.4006529125234827,94.55301263181363,0.6103879504894484,0.00022594888799625255
6340.0,ASTRA-SC-01,EPS,32.73143662554845,2.909714318080549,13.094688332837984,39.99871960233238,0.987717361629294,NOMINAL,0.9999679900583096,0.0450017285368512,1.0,False,0.1045296167247386,0.0,95.0,STANDBY,False,ASTRA_SIMULATED_EPS,95.2391298007044,0.02377791286182429,-0.0006283285977778163,-0.007595691282995887,4.686218843863968,32.56188887761822,0.159946045903641,2.905296314095138,0.01724752628892871,13.710798236967802,0.3970147013491373,94.60131004012585,0.6352910029041465,-6.78126671188653e-06
6350.0,ASTRA-SC-01,EPS,32.61223929188885,2.871952178196568,12.956665127669533,39.99871798983145,0.9875157853963888,NOMINAL,0.9999679497457864,0.0450017307137275,1.0,False,0.1062717770034843,0.0,95.0,STANDBY,False,ASTRA_SIMULATED_EPS,93.66079167020787,-0.011919733365959927,-0.003776213988398114,-0.013802320516845157,4.610171474995122,32.56703393010209,0.1602624669784618,2.9023014353792917,0.018913143435975284,13.615698509216863,0.3953005233180315,94.51864781560512,0.6730928098785537,1.3527994976867589e-05
6360.0,ASTRA-SC-01,EPS,32.34398719428243,2.905497109896459,13.012811532340905,39.99871637727327,0.9873142019980008,NOMINAL,0.9999679094318318,0.045001732890681,1.0,False,0.1080139372822299,0.0,95.0,STANDBY,False,ASTRA_SIMULATED_EPS,93.97536131551567,-0.02682520976064211,0.0033544931699891036,0.005614640467137199,4.534124106126274,32.57189079713306,0.15151995828362005,2.9008942164958498,0.017723519326467155,13.538552945273656,0.3923037815613492,94.48734687930613,0.687530604343165,6.0113534761514935e-06
6370.0,ASTRA-SC-01,EPS,32.900059005982406,2.915261823413221,12.86464188819915,39.998714764657834,0.9871126114332476,NOMINAL,0.999967869116446,0.0450017350677119,1.0,False,0.1097560975609756,0.0,95.0,STANDBY,False,ASTRA_SIMULATED_EPS,95.91228600818283,0.055607181169997945,0.000976471351676178,-0.014816964414175437,4.458076737257429,32.58371739757511,0.16993300411113463,2.9003620753196357,0.017113892121285872,13.455632716053772,0.3946855818102853,94.50441144129469,0.7209798730771013,-2.900012913862644e-06
6380.0,ASTRA-SC-01,EPS,32.24289520516129,2.8923239019041285,12.713855342104209,39.998713151985136,0.9869110137012445,NOMINAL,0.9999678287996284,0.04500173724482,1.0,False,0.1114982578397212,0.0,95.0,STANDBY,False,ASTRA_SIMULATED_EPS,93.25689646847802,-0.06571638008211167,-0.002293792150909235,-0.01507865460949418,4.382029368388581,32.567473495942885,0.19030843119597013,2.901196992268082,0.01632648444001199,13.365732266645267,0.4001567286071772,94.48455239064911,0.7524222750523764,2.4539889379010234e-06
6390.0,ASTRA-SC-01,EPS,32.433725724066996,2.899735707429977,12.64351523321576,39.99871153925517,0.9867094088011068,NOMINAL,0.9999677884813792,0.0450017394220055,1.0,False,0.1132404181184669,0.0,95.0,STANDBY,False,ASTRA_SIMULATED_EPS,94.04923260706725,0.0190830518905706,0.0007411805525848525,-0.007034010888844833,4.3059819995197355,32.56291413426989,0.19278916181754116,2.900067307013259,0.01575480826928814,13.272034759131708,0.3932320545681959,94.43461428543858,0.754964797193887,-8.45111136623489e-06
6400.0,ASTRA-SC-01,EPS,32.211583868610504,2.917716079891849,12.527587596013792,39.99870992646792,0.9865077967319488,NOMINAL,0.999967748161698,0.0450017415992683,1.0,False,0.1149825783972125,0.0,95.0,STANDBY,False,ASTRA_SIMULATED_EPS,93.98425621222977,-0.0222141855456492,0.0017980372461872118,-0.011592763720196863,4.229934630650888,32.52513714269753,0.20283860670957005,2.9018745064255933,0.016142244041736933,13.181634283173329,0.398430184390684,94.38362856347023,0.7580317677342754,7.260168273960179e-06
6410.0,ASTRA-SC-01,EPS,32.571299325635636,2.943701327045267,12.449589643015017,39.99870831362338,0.986306177492884,NOMINAL,0.9999677078405844,0.0450017437766084,1.0,False,0.1167247386759581,0.0,95.0,STANDBY,False,ASTRA_SIMULATED_EPS,95.88017704846224,0.035971545702513194,0.00259852471534181,-0.007799795299877487,4.1538872617820415,32.54482801498627,0.19090440882293266,2.9057241614641796,0.018749878057459052,13.088064903429709,0.39425395507143157,94.5658438309337,0.767966370135989,-4.48366758714665e-06
6420.0,ASTRA-SC-01,EPS,32.11964712811411,2.89774458799404,12.465169508667543,39.99870670072155,0.9861045510830252,NOMINAL,0.9999676675180388,0.0450017459540259,1.0,False,0.1184668989547038,0.0,95.0,STANDBY,False,ASTRA_SIMULATED_EPS,93.07453363377097,-0.045165219752152555,-0.004595673905122721,0.0015579865652526337,4.077839892913195,32.49869298876158,0.20491620108758704,2.9070604750753914,0.01726544531091424,13.006653914393231,0.3879214433778284,94.47600299297122,0.859364353656609,3.5711147698967403e-06
6430.0,ASTRA-SC-01,EPS,32.84857011498515,2.8794322777063353,12.34974706200503,39.99870508776243,0.9859029175014844,NOMINAL,0.9999676271940608,0.0450017481315207,1.0,False,0.1202090592334494,0.0,95.0,STANDBY,False,ASTRA_SIMULATED_EPS,94.58523306558794,0.07289229868710408,-0.0018312310287704747,-0.011542244666251377,4.001792524044348,32.51904561231187,0.2239390202758908,2.905199332301844,0.018678892670830127,12.924184757384662,0.3872725537001383,94.47403930234073,0.8590584135793213,-2.21279771173708e-06
6440.0,ASTRA-SC-01,EPS,32.45319499372212,2.9014648792265296,12.372147153925216,39.998703474745994,0.985701276747372,NOMINAL,0.9999675868686498,0.0450017503090929,1.0,False,0.1219512195121951,0.0,95.0,STANDBY,False,ASTRA_SIMULATED_EPS,94.16180549297498,-0.039537512126302944,0.0022032601520194373,0.0022400091920186326,3.9257451551755014,32.50823076420173,0.22286701589818292,2.9057808550394197,0.018397018143109144,12.846455526397982,0.37196046062178195,94.46162700737199,0.8623485183529729,4.079711519810591e-06
6450.0,ASTRA-SC-01,EPS,32.283264835005255,2.9085884572551928,12.17855923652795,39.998701861672245,0.9854996288197988,NOMINAL,0.9999675465418062,0.0450017524867424,1.0,False,0.1236933797909407,0.0,95.0,STANDBY,False,ASTRA_SIMULATED_EPS,93.89873146160875,-0.016993015871686622,0.0007123578028663147,-0.019358791739726655,3.849697786306655,32.484839383797876,0.2270818293604791,2.906205758850118,0.018382371832468648,12.763108238918027,0.372228772091404,94.40745747688031,0.8710232912372333,9.492568955508502e-06
6460.0,ASTRA-SC-01,EPS,32.70312059294562,2.9056516145153286,12.086047797363092,39.998700248541184,0.985297973717874,NOMINAL,0.9999675062135296,0.0450017546644694,1.0,False,0.1254355400696864,0.0,95.0,STANDBY,False,ASTRA_SIMULATED_EPS,95.02387515058194,0.041985575794036833,-0.0002936842739864165,-0.009251143916485738,3.7736504174378083,32.49663166446724,0.2338762352247998,2.9065512963798037,0.01831541681679867,12.679237942408355,0.37369802836686655,94.45296077161579,0.8850375749593146,-3.842107750363482e-06
6470.0,ASTRA-SC-01,EPS,32.4616741574309,2.909095459906314,11.969181847208048,39.99869863535279,0.985096311440706,NOMINAL,0.9999674658838196,0.0450017568422737,1.0,False,0.127177700348432,0.0,95.0,STANDBY,False,ASTRA_SIMULATED_EPS,94.43410891234035,-0.024144643551472455,0.00034438453909855225,-0.011686595015504331,3.6976030485689617,32.494023704020655,0.23404456102951784,2.9049251551013393,0.01677073836590545,12.59032350311741,0.37337683122206333,94.39252308372356,0.8503617139029973,6.681351049443809e-06
6480.0,ASTRA-SC-01,EPS,32.62527776740173,2.8967308369674822,11.921117568094123,39.99869702210705,0.9848946419874028,NOMINAL,0.9999674255526764,0.0450017590201554,1.0,False,0.1289198606271777,0.0,95.0,STANDBY,False,ASTRA_SIMULATED_EPS,94.5066481734622,0.01636036099708278,-0.0012364622938831893,-0.0048064279113924965,3.621555679700115,32.502798388718766,0.2364844543876187,2.903640703961949,0.016599070149426087,12.507021657945822,0.37404343815416236,94.37620446807834,0.8453160180996894,-9.860697672852121e-06
6490.0,ASTRA-SC-01,EPS,32.518268905408384,2.926029534193487,11.81583824673657,39.99869540880398,0.9846929653570712,NOMINAL,0.9999673852200996,0.0450017611981146,1.0,False,0.1306620209059233,0.0,95.0,STANDBY,False,ASTRA_SIMULATED_EPS,95.14941521807064,-0.010700886199334292,0.0029298697226004754,-0.010527932135755336,3.545508310831268,32.48858720737609,0.2280167739376207,2.904728385036145,0.017533708344716386,12.421764985539063,0.3762665084247869,94.37022349590276,0.8390686392907066,1.5076350124191215e-05
6500.0,ASTRA-SC-01,EPS,32.233546218467545,2.928785667100384,11.689490401371476,39.998693795443565,0.9844912815488176,NOMINAL,0.9999673448860892,0.0450017633761511,1.0,False,0.1324041811846689,0.0,95.0,STANDBY,False,ASTRA_SIMULATED_EPS,94.40514816446552,-0.02847226869408388,0.0002756132906896802,-0.012634784536509435,3.4694609419624216,32.463341002481336,0.23422800153637938,2.9085172842964,0.016020455045058776,12.337286670452526,0.38960877023708945,94.4198472621866,0.8158035033300632,5.66642734037675e-06
6510.0,ASTRA-SC-01,EPS,32.414383334191115,2.8926271860979473,11.720091107030491,39.998692182025785,0.9842895905617468,NOMINAL,0.9999673045506446,0.0450017655542651,1.0,False,0.1341463414634146,0.0,95.0,STANDBY,False,ASTRA_SIMULATED_EPS,93.76272645308144,0.018083711572356977,-0.003615848100243646,0.0030600705659015403,3.393413573093575,32.46803407847525,0.23236359150058783,2.9076592893764985,0.016530277752445158,12.251105308765165,0.37209042984807744,94.405671604691,0.8258640819783897,-8.921939356124498e-06
6520.0,ASTRA-SC-01,EPS,32.17226266758192,2.9656129982464075,11.620986736310297,39.99869056855064,0.9840878923949632,NOMINAL,0.999967264213766,0.0450017677324566,1.0,False,0.1358885017421602,0.0,95.0,STANDBY,False,ASTRA_SIMULATED_EPS,95.41048034997857,-0.02421206666091962,0.007298581214846012,-0.009910437072019463,3.317366204224728,32.41951432258188,0.2106829761252214,2.9110160343653777,0.022292405737984276,12.168194965305906,0.36408676723357836,94.37221789414404,0.7686577883922652,6.6639298682483155e-06
6530.0,ASTRA-SC-01,EPS,32.5546450496326,2.9033901446837143,11.499498207268973,39.99868895501813,0.983886187047571,NOMINAL,0.9999672238754532,0.0450017699107255,1.0,False,0.1376306620209059,0.0,95.0,STANDBY,False,ASTRA_SIMULATED_EPS,94.51883560077975,0.03823823820506789,-0.006222285356269319,-0.01214885290413239,6.145368785849818,32.440297645546636,0.20736600373299416,2.911753783884017,0.02180745811548596,12.087237822983559,0.3690651956585491,94.45634716963082,0.7042258152257506,-4.219683193834625e-06
6540.0,ASTRA-SC-01,EPS,32.60190543358888,2.917161526731316,11.430258656918786,39.99868734142824,0.9836844745186728,NOMINAL,0.999967183535706,0.0450017720890718,1.0,False,0.1393728222996515,0.0,95.0,STANDBY,False,ASTRA_SIMULATED_EPS,95.10502422899813,0.004726038395628507,0.0013771382047601754,-0.006923955035018636,5.925378722894962,32.45150962618143,0.21149087998174448,2.912915505170773,0.021584516256282178,12.006354051230426,0.3713846639425469,94.52673327775956,0.7133323499433731,-3.4142547298845044e-05
6550.0,ASTRA-SC-01,EPS,32.530572279600555,2.9008156960241855,11.31239343176991,39.998685727780966,0.9834827548073702,NOMINAL,0.9999671431945242,0.0450017742674956,1.0,False,0.1411149825783972,0.0,95.0,STANDBY,False,ASTRA_SIMULATED_EPS,94.36519466931456,-0.007133315398832707,-0.0016345830707130472,-0.011786522514887566,5.705388659940106,32.47277552024743,0.20144131592806502,2.9117888129129286,0.02175643931003975,11.925341106947503,0.3819519824530857,94.55212917489852,0.6992823700143435,2.262128029806462e-05
6560.0,ASTRA-SC-01,EPS,32.483151098877514,2.9269072875276647,11.267333738034408,39.9986841140763,0.9832810279127648,NOMINAL,0.9999671028519076,0.0450017764459969,1.0,False,0.1428571428571428,0.0,95.0,STANDBY,False,ASTRA_SIMULATED_EPS,95.07517167316686,-0.00474211807230418,0.002609159150347917,-0.0045059693735503,5.485398596985251,32.466898971796894,0.1996395247436151,2.9106692102784217,0.020385839248047634,11.84652404661546,0.38797806193336615,94.49846214987885,0.6160126227302071,3.402919632013831e-05
6570.0,ASTRA-SC-01,EPS,32.03565389790115,2.917681105280457,11.16531107422028,39.99868250031423,0.9830792938339568,NOMINAL,0.9999670625078558,0.0450017786245757,1.0,False,0.1445993031358885,0.0,95.0,STANDBY,False,ASTRA_SIMULATED_EPS,93.46982207321041,-0.04474972009763647,-0.0009226182247207504,-0.010202266381412705,5.265408534030394,32.461299423116024,0.21093352107693727,2.91199831143085,0.020131314179100194,11.759866817652311,0.3850848188247643,94.52481471250813,0.5563088071044359,3.6061947710027707e-06
6580.0,ASTRA-SC-01,EPS,32.50945643355885,2.8973926164238195,11.12991723417199,39.99868088649476,0.9828775525700456,NOMINAL,0.999967022162369,0.045001780803232,1.0,False,0.1463414634146341,0.0,95.0,STANDBY,False,ASTRA_SIMULATED_EPS,94.19265903454526,0.0473802535657704,-0.00202884888566377,-0.003539384004829138,5.045418471075538,32.438691844354274,0.18275183681054277,2.9131956673453487,0.018526144083410575,11.678544829130107,0.3803892025132674,94.49864311043864,0.5624636857965918,-3.4061013808352836e-06
6590.0,ASTRA-SC-01,EPS,32.66535420553175,2.8899910026935367,11.012419933431357,39.99867927261787,0.98267580412013,NOMINAL,0.9999669818154469,0.0450017829819658,1.0,False,0.1480836236933798,0.0,95.0,STANDBY,False,ASTRA_SIMULATED_EPS,94.40257975378424,0.015589777197289578,-0.0007401613730282808,-0.011749730074063259,4.825428408120683,32.452835791808255,0.19193376645827379,2.9124307422431497,0.01926714564804998,11.58789634776385,0.36499747744136507,94.51469472782591,0.5555575925783443,-1.0352148523238857e-05
6600.0,ASTRA-SC-01,EPS,32.35221357454205,2.8782468042224636,10.87930498360921,39.99867765868356,0.982474048483308,NOMINAL,0.9999669414670892,0.0450017851607771,1.0,False,0.1498257839721254,0.0,95.0,STANDBY,False,ASTRA_SIMULATED_EPS,93.11765533044826,-0.03131406309897002,-0.0011744198471073108,-0.01331149498221471,4.605438345165827,32.45743237444404,0.18837530595929217,2.910407965374301,0.021195559997790946,11.501279397569268,0.3689566226745771,94.46262298574854,0.6465654137193115,5.154023940499127e-06
6610.0,ASTRA-SC-01,EPS,32.64916441583232,2.9238996511492616,10.855085865668482,39.99867604469182,0.9822722856586762,NOMINAL,0.9999669011172956,0.045001787339666,1.0,False,0.151567944250871,0.0,95.0,STANDBY,False,ASTRA_SIMULATED_EPS,95.462880445767,0.029695084129026838,0.004565284692679805,-0.002421911794072784,4.385448282210971,32.45383529596982,0.18380851311599605,2.911624501149896,0.021425498848730257,11.419215268789626,0.3664891376877503,94.49189000542755,0.6827108934362439,-5.435215253206097e-06
6620.0,ASTRA-SC-01,EPS,32.625672650615726,2.9154712990388174,10.716364909537855,39.99867443064265,0.9820705156453312,NOMINAL,0.9999668607660664,0.0450017895186324,1.0,False,0.1533101045296167,0.0,95.0,STANDBY,False,ASTRA_SIMULATED_EPS,95.11921222470585,-0.0023491765216590464,-0.0008428352110444237,-0.01387209561306264,4.165458219256115,32.4647685288488,0.18910910832103753,2.912049557092063,0.021434984302893936,11.335694139611613,0.37486175903725233,94.53756355958525,0.7012347123402047,6.870701938385083e-05
6630.0,ASTRA-SC-01,EPS,32.576847470243045,2.9211252945935744,10.705377017529491,39.99867281653604,0.9818687384423684,NOMINAL,0.999966820413401,0.0450017916976763,1.0,False,0.1550522648083623,0.0,95.0,STANDBY,False,ASTRA_SIMULATED_EPS,95.16105316344365,-0.004882518037268113,0.0005653995554756985,-0.001098789200836414,3.9454681563012595,32.46153984237156,0.18656934273833128,2.9136758542671357,0.021112712684087563,11.25464476957397,0.3706502794761239,94.58119055891734,0.7192980459165522,3.305889698822381e-05
6640.0,ASTRA-SC-01,EPS,32.698706066844814,2.919430492241632,10.60467381409474,39.99867120237197,0.981666954048882,NOMINAL,0.9999667800592994,0.0450017938767978,1.0,False,0.156794425087108,0.0,95.0,STANDBY,False,ASTRA_SIMULATED_EPS,95.4615995483932,0.012185859660176846,-0.0001694802351942304,-0.010070320343475103,3.725478093346404,32.47356898646732,0.1960635468996311,2.913235918137012,0.020904634157880173,11.173900474064515,0.37158659063507005,94.6020028476055,0.7410995190113749,-1.3246205971319451e-05
6650.0,ASTRA-SC-01,EPS,32.678226870069274,2.9051842543612856,10.462661540145312,39.99866958815045,0.981465162463966,NOMINAL,0.9999667397037612,0.0450017960559968,1.0,False,0.1585365853658536,0.0,95.0,STANDBY,False,ASTRA_SIMULATED_EPS,94.93627016337113,-0.002047919677553978,-0.0014246237880346513,-0.014201227394942784,3.5054880303915477,32.503214363240765,0.190724932189501,2.911662490621072,0.02053559921968457,11.092111883316106,0.38477818889496607,94.6374109808659,0.7437057690427481,7.882250178759857e-05
6660.0,ASTRA-SC-01,EPS,32.476632750436615,2.8912583992955545,10.392864571160777,39.99866797387146,0.9812633636867132,NOMINAL,0.9999666993467866,0.0450017982352735,1.0,False,0.1602787456445993,0.0,95.0,STANDBY,False,ASTRA_SIMULATED_EPS,93.89833722053694,-0.020159411963265938,-0.0013925855065731075,-0.0069796968984535464,3.285497967436692,32.5073643243238,0.18932611592247123,2.9115712381675793,0.02062905529610917,11.003630114258124,0.38265175434022297,94.64645169869625,0.7330614266837401,8.007569808986063e-06
6670.0,ASTRA-SC-01,EPS,32.478477182354,2.8904334851388738,10.331307392275988,39.99866635953501,0.9810615577162156,NOMINAL,0.9999666589883752,0.0450018004146277,1.0,False,0.1620209059233449,0.0,95.0,STANDBY,False,ASTRA_SIMULATED_EPS,93.87687799419486,0.00018444319173838153,-8.249141566807339e-05,-0.00615571788847884,3.0655079044818363,32.527778625308606,0.16563977389279896,2.9065592706270773,0.014898001795579445,10.917651491322506,0.37890037336145355,94.544211541644,0.7258007860805362,-0.0008752486006780278
6680.0,ASTRA-SC-01,EPS,32.19307213495857,2.9101782005528856,10.267060927976283,39.99866474514107,0.9808597445515644,NOMINAL,0.9999666186285268,0.0450018025940595,1.0,False,0.1637630662020905,0.0,95.0,STANDBY,False,ASTRA_SIMULATED_EPS,93.68757673598297,-0.028540504739542883,0.0019744715414011793,-0.006424646429970515,2.84551784152698,32.50367376433034,0.1864523016021522,2.907011807685022,0.014897957321023005,10.835489006036322,0.37733835436985325,94.4887942839909,0.7588585460253721,5.656501005767623e-06
6690.0,ASTRA-SC-01,EPS,32.36684572996415,2.9189914996326354,10.234386979617817,39.99866313068965,0.9806579241918504,NOMINAL,0.9999665782672412,0.0450018047735689,1.0,False,0.1655052264808362,0.0,95.0,STANDBY,False,ASTRA_SIMULATED_EPS,94.4785475556862,0.017377359500557788,0.0008813299079749815,-0.0032673948358466374,2.6255277785721245,32.488003117422025,0.1874816873616638,2.907133805878443,0.014994191308159094,10.755764227549594,0.36893779726222803,94.44702917243676,0.73951378246748,-9.290545094028241e-06
6700.0,ASTRA-SC-01,EPS,32.23723406631012,2.8913226982439824,10.069771239845924,39.99866151618073,0.9804560966361628,NOMINAL,0.9999665379045184,0.045001806953156,1.0,False,0.1672473867595819,0.0,95.0,STANDBY,False,ASTRA_SIMULATED_EPS,93.2082465845266,-0.012961166365402477,-0.002766880138865302,-0.016461573977189302,2.405537715617269,32.468447236535994,0.1977422311300787,2.906500939359763,0.015472615518669696,10.672922748087993,0.37449213446619933,94.36989930011757,0.8060033249922564,1.2456509484968448e-05
6710.0,ASTRA-SC-01,EPS,32.34455755614682,2.922524048343741,10.019468435570396,39.99865990161432,0.9802542618835902,NOMINAL,0.999966497540358,0.0450018091328206,1.0,False,0.1689895470383275,0.0,95.0,STANDBY,False,ASTRA_SIMULATED_EPS,94.52774729087734,0.010732348983669482,0.0031201350099758773,-0.0050302804275528246,2.1855476526624127,32.459207667020614,0.20022839892035957,2.906208723414168,0.01509651274164203,10.589731727923725,0.3716073147171298,94.33340434129826,0.7838780734405533,-1.504392390933083e-05
6720.0,ASTRA-SC-01,EPS,32.45312937952831,2.86728688615118,9.982072965780668,39.99865828699039,0.9800524199332208,NOMINAL,0.9999664571747596,0.0450018113125629,1.0,False,0.1707317073170731,0.0,95.0,STANDBY,False,ASTRA_SIMULATED_EPS,93.05243228448911,0.010857182338149585,-0.005523716219256114,-0.0037395469789727187,1.9655575897075566,32.48703936579576,0.16263452951586027,2.9028491088055492,0.017737479432952466,10.510849187361085,0.36624627820241057,94.3055783553835,0.8231476377939481,-1.4871482082811683e-05
6730.0,ASTRA-SC-01,EPS,32.24141356171619,3.978848554461416,9.886312597793545,39.998656672308954,0.9797762053081652,NOMINAL,0.9999664168077238,0.0450018134923829,1.0,False,0.1724738675958188,0.0,130.0,STANDBY,False,ASTRA_SIMULATED_EPS,128.28370174382718,-0.021171581781212014,0.11115616683102361,-0.009576036798712374,0.1904670013801073,32.46916984100625,0.1743026052242444,2.974946171341389,0.27828298698332926,10.427942211602524,0.3567317833815898,96.57831453600231,8.80951669055907,7.626645255566288e-06
6740.0,ASTRA-SC-01,EPS,32.658336050269384,3.944977338496129,9.643862557796927,39.99865446266616,0.9794999772010392,NOMINAL,0.999966361566654,0.0450018164754006,1.0,False,0.1742160278745644,0.0,130.0,STANDBY,False,ASTRA_SIMULATED_EPS,128.8363956313039,0.04169224885531904,-0.003387121596528697,-0.02424500399966174,1.3524902723882761,32.46870196398876,0.17374690970336723,3.0452785937282285,0.37260887496242767,10.336705053226895,0.3712824612085673,98.87390226117027,12.081007259173088,-5.299888719696837e-06
6750.0,ASTRA-SC-01,EPS,32.463260147458065,4.022557315475622,9.779425488332103,39.99865225291564,0.9792237356094984,NOMINAL,0.999966306322891,0.0450018194585638,1.0,False,0.1759581881533101,0.0,130.0,STANDBY,False,ASTRA_SIMULATED_EPS,130.58532459034564,-0.019507590281131824,0.007757997697949248,0.013556293053517621,2.5145135433964447,32.476105068849826,0.1707692302302581,3.121565961145106,0.4459020453509721,10.263379753541754,0.3650250636605013,101.37174687849678,14.44744619294841,1.132764471474714e-05
6760.0,ASTRA-SC-01,EPS,32.463705701597405,3.965702197479297,9.680713398133488,39.99865004305737,0.9789474805311954,NOMINAL,0.999966251076434,0.0450018224418725,1.0,False,0.1777003484320557,0.0,130.0,STANDBY,False,ASTRA_SIMULATED_EPS,128.74138903914601,4.455541393397766e-05,-0.0056855117996324365,-0.00987120901986156,0.007836658423056676,32.4637411545675,0.16392093716890005,3.1910194642337752,0.4916980821376881,10.185088255706088,0.3548487342215842,103.59031411805537,15.952057237479357,-0.004959797425595929
6770.0,ASTRA-SC-01,EPS,32.26851679466367,3.9899897501326382,9.588743175632835,39.998647833091326,0.9786712119637804,NOMINAL,0.9999661958272832,0.0450018254253267,1.0,False,0.1794425087108014,0.0,130.0,STANDBY,False,ASTRA_SIMULATED_EPS,128.75105126269094,-0.019518890693373692,0.002428755265334104,-0.009197022250065245,2.868097751626722,32.4399307641707,0.16465716589268095,3.2626540276400298,0.5257777994811458,10.109913473445753,0.3536998921405964,105.83243672058771,17.00514678689024,1.1322190774028003e-05
6780.0,ASTRA-SC-01,EPS,32.59520303108249,4.047019389034126,9.506431078321482,39.998645623017495,0.9783949299048996,NOMINAL,0.9999661405754374,0.0450018284089263,1.0,False,0.181184668989547,0.0,130.0,STANDBY,False,ASTRA_SIMULATED_EPS,131.91341865629477,0.03266862364188228,0.005702963890148816,-0.008231209731135359,5.728358844830387,32.44115446822666,0.16581155022092203,3.3377136339360667,0.5531901054778405,10.02998374416522,0.34488438397661453,108.28259442011112,17.97764552721466,-6.765126853331501e-06
6790.0,ASTRA-SC-01,EPS,32.33804539787208,3.97788441281247,9.321920878294844,39.99864341283586,0.9781186343521978,NOMINAL,0.9999660853208966,0.0450018313926715,1.0,False,0.1829268292682926,0.0,130.0,STANDBY,False,ASTRA_SIMULATED_EPS,128.63700672901737,-0.02571576332104115,-0.006913497622165643,-0.018451020002663833,3.7196459341495696,32.41711042362848,0.1513122353286968,3.4082772286407894,0.5634358643446279,9.94446688177856,0.35118378131431127,110.49428823215273,18.325023270298054,8.594656929146007e-06
6800.0,ASTRA-SC-01,EPS,32.30537995279359,3.968526639252121,9.30795459037802,39.99864120254641,0.9778423253033156,NOMINAL,0.9999660300636602,0.0450018343765623,1.0,False,0.1846689895470383,0.0,130.0,STANDBY,False,ASTRA_SIMULATED_EPS,128.20476093382277,-0.0032665445078492892,-0.000935777356034917,-0.001396628791682275,3.4803422205883794,32.392253962476765,0.1351109968133744,3.4791667209668447,0.5625094719649611,9.86748641846074,0.35600491497106307,112.7121876168495,18.320779463057765,6.766445234706572e-05
6810.0,ASTRA-SC-01,EPS,32.440288807223894,3.9584355239085354,9.314211508555667,39.998638992149104,0.9775660027558908,NOMINAL,0.9999659748037276,0.0450018373605987,1.0,False,0.1864111498257839,0.0,130.0,STANDBY,False,ASTRA_SIMULATED_EPS,128.4127916203675,0.01349088544303072,-0.0010091115343585423,0.0006256918177646398,3.2410385070271897,32.38983103292925,0.13380936548395872,3.550311862607711,0.5501931224449776,9.795576214287065,0.3512099243433022,115.01315124350486,17.95280506743119,-1.6384375321585057e-05
6820.0,ASTRA-SC-01,EPS,32.41338036395368,3.978871945375834,9.165979970848406,39.998636781643945,0.9772896667075592,NOMINAL,0.9999659195410986,0.0450018403447806,1.0,False,0.1881533101045296,0.0,130.0,STANDBY,False,ASTRA_SIMULATED_EPS,128.96868978493123,-0.00269084432702158,0.0020436421467298514,-0.014823153770726094,3.0017347934659995,32.3854912450359,0.1317690547013838,3.622874426623507,0.5282869210844017,9.717887719525228,0.3531216660837237,117.3526053628873,17.27542487075179,8.214912829683624e-05
6830.0,ASTRA-SC-01,EPS,32.43636390894555,3.9998397517573663,9.063444220402664,39.9986345710309,0.9770133171559524,NOMINAL,0.9999658642757724,0.0450018433291082,1.0,False,0.1898954703832752,0.0,130.0,STANDBY,False,ASTRA_SIMULATED_EPS,129.74025776546836,0.0022983544991873827,0.0020967806381532394,-0.010253575044574248,2.7624310799048093,32.40171069663503,0.12091910747455865,3.69551853003714,0.49729471379297874,9.637646605686987,0.3561554927497785,119.75611743151967,16.223729447685766,-9.618242303629357e-05
6840.0,ASTRA-SC-01,EPS,32.30253182509781,3.971929950415748,8.964142358145462,39.998632360309955,0.9767369540987,NOMINAL,0.9999658090077488,0.0450018463135815,1.0,False,0.1916376306620209,0.0,130.0,STANDBY,False,ASTRA_SIMULATED_EPS,128.30339363036387,-0.013383208384774293,-0.0027909801341618134,-0.009930186225720127,2.523127366343619,32.39742310297727,0.12335927740374546,3.765714426756014,0.45211609908727995,9.552963630922163,0.3551453519912412,122.0111071698315,14.742449087770767,1.651861705831015e-05
6850.0,ASTRA-SC-01,EPS,32.274467944193,3.9678290931929343,8.999997817887715,39.99863014948109,0.9764605775334284,NOMINAL,0.9999657537370272,0.0450018492982005,1.0,False,0.1933797909407665,0.0,130.0,STANDBY,False,ASTRA_SIMULATED_EPS,128.05957287629172,-0.0028063880904809933,-0.0004100857222813836,0.0035855459742252906,2.2838236527824294,32.399905361502796,0.12024088263462222,3.8374815197526106,0.3836625421695055,9.481645402791615,0.3513425104776028,124.33452892261585,12.446348005290584,7.87784439020241e-05
6860.0,ASTRA-SC-01,EPS,32.44786327323834,3.98470084210231,8.923871357900158,39.99862793854428,0.9761841874577608,NOMINAL,0.9999656984636072,0.0450018522829652,1.0,False,0.1951219512195122,0.0,130.0,STANDBY,False,ASTRA_SIMULATED_EPS,129.2950281092934,0.01733953290453414,0.0016871748909375484,-0.007612645998755774,2.044519939221239,32.4067924093089,0.11980200580320555,3.9082933060031815,0.28909575353923217,9.4086055976136,0.3453794919900636,126.65234764384358,9.351623877071434,-1.2750844087048638e-05
6870.0,ASTRA-SC-01,EPS,32.38122091974896,3.9897976472377503,8.80141767823897,39.99862572749952,0.9759077838693178,NOMINAL,0.999965643187488,0.0450018552678756,1.0,False,0.1968641114982578,0.0,130.0,STANDBY,False,ASTRA_SIMULATED_EPS,129.19451904030024,-0.0066642353489378085,0.000509680513544053,-0.012245367966118793,1.8052162256600492,32.40199851199027,0.11925283848651623,3.9831273567422865,0.025376493930024672,9.329895245110821,0.33984244900475713,129.061820094231,1.0269625410646672,3.3177771238074595e-05
6880.0,ASTRA-SC-01,EPS,32.44466729403236,3.96575784243979,8.610093139100528,39.99862351634678,0.9756313667657168,NOMINAL,0.9999655879086696,0.0450018582529318,1.0,False,0.1986062717770035,0.0,130.0,STANDBY,False,ASTRA_SIMULATED_EPS,128.66769376665857,0.006344637428339439,-0.002403980479796042,-0.019132453913844216,1.5659125120988593,32.415548760811355,0.11096212767008129,3.982254642607512,0.025756410640651223,9.244813947864618,0.35018697621736167,129.08741956241974,1.0108400415275964,-3.485073441928358e-05
6890.0,ASTRA-SC-01,EPS,32.37815692784584,4.0158934711645715,8.704001776863059,39.998621305086054,0.9753549361445722,NOMINAL,0.9999655326271514,0.0450018612381338,1.0,False,0.2003484320557491,0.0,130.0,STANDBY,False,ASTRA_SIMULATED_EPS,130.02722901487806,-0.0066510366186513185,0.005013562872478161,0.009390863776253155,1.326608798537669,32.39687015264978,0.0884773732521264,3.9869823847854073,0.0249201551253907,9.182156562469027,0.3576891755637782,129.16680845465802,1.0361624287847504,3.32468584235583e-05
6900.0,ASTRA-SC-01,EPS,32.55455792792022,4.011441926959473,8.587981638943436,39.99861909371731,0.975078492003496,NOMINAL,0.9999654773429328,0.0450018642234816,1.0,False,0.2020905923344947,0.0,130.0,STANDBY,False,ASTRA_SIMULATED_EPS,130.5907185856901,0.01764010000743781,-0.0004451544205098301,-0.011602013791962306,1.6316940082982143,32.40295667134726,0.0961760125638778,3.986241358884331,0.023932426537454903,9.102726972509782,0.3477334182084958,129.16716805434766,1.0366906894372452,-1.2536032925415993e-05
6910.0,ASTRA-SC-01,EPS,32.42841961872883,3.965470532940535,8.493802668036105,39.998616882240526,0.9748020343400964,NOMINAL,0.9999654220560132,0.0450018672089752,1.0,False,0.2038327526132404,0.0,130.0,STANDBY,False,ASTRA_SIMULATED_EPS,128.59394242789992,-0.01261383091913899,-0.004597139401893813,-0.009417897090733086,1.9367792180587595,32.400604265822686,0.09500844523904317,3.986225914581747,0.023946698312319825,9.02359959050329,0.34180850774864097,129.15733828026458,1.041703161725159,1.7532158130296537e-05
6920.0,ASTRA-SC-01,EPS,32.49450147114929,4.011030253760475,8.428890478880744,39.9986146706557,0.9745255631519796,NOMINAL,0.9999653667663924,0.0450018701946148,1.0,False,0.205574912891986,0.0,130.0,STANDBY,False,ASTRA_SIMULATED_EPS,130.33642848164405,0.0066081852420460056,0.004555972081993964,-0.0064912189155361235,2.241864427819305,32.41566991092173,0.09037123654743283,3.987628614823603,0.024784494440462053,8.946276077386484,0.3359709334785036,129.26303009486145,1.0773532332037041,-3.3467355214082056e-05
6930.0,ASTRA-SC-01,EPS,32.3201678859701,3.981254940589788,8.392377736446404,39.99861245896279,0.974249078436748,NOMINAL,0.9999653114740698,0.0450018731804002,1.0,False,0.2073170731707317,0.0,130.0,STANDBY,False,ASTRA_SIMULATED_EPS,128.67482807670987,-0.017433358517919117,-0.0029775313170686602,-0.0036512742434339886,2.54694963757985,32.3973342345809,0.07845971926665948,3.9832443182606467,0.018564222737762936,8.872005854594812,0.32629514587635766,129.04712405622246,0.7960550354311056,1.2686556675481102e-05
6940.0,ASTRA-SC-01,EPS,32.15757352723262,3.9242449924507943,8.2614425331479,39.99861024716179,0.9739725801920012,NOMINAL,0.9999652561790447,0.0450018761663315,1.0,False,0.2090592334494773,0.0,130.0,STANDBY,False,ASTRA_SIMULATED_EPS,126.19419688361084,-0.016259435873747917,-0.0057009948138993845,-0.013093520329850427,2.8520348473403954,32.385302776538275,0.09927655332239296,3.979668356903202,0.024031533580388086,8.801307298251682,0.3365740275211013,128.8842700665287,1.0838102948413764,1.3603184106452943e-05
6950.0,ASTRA-SC-01,EPS,32.192066606036114,3.968974187039469,8.208428995053561,39.99860803525269,0.9736960684153364,NOMINAL,0.9999652008813172,0.0450018791524088,1.0,False,0.2108013937282229,0.0,130.0,STANDBY,False,ASTRA_SIMULATED_EPS,127.76948138681263,0.0034493078803492947,0.004472919458867475,-0.0053013538094338845,2.9106853052590784,32.37774855342111,0.10957001743356838,3.9796981934223585,0.024016985850411805,8.72800559189672,0.33807915023077906,128.85525143006137,1.1088416250727045,-6.412617204324021e-05
6960.0,ASTRA-SC-01,EPS,32.314712199117295,4.018005389562334,8.159199867096701,39.99860582323546,0.9734195431043476,NOMINAL,0.9999651455808864,0.0450018821386321,1.0,False,0.2125435540069686,0.0,130.0,STANDBY,False,ASTRA_SIMULATED_EPS,129.840687778209,0.012264559308118095,0.004903120252286497,-0.004922912795685974,2.969335763177762,32.36937677954733,0.10924717771339629,3.983669517799278,0.02514839874538772,8.651004815799455,0.32635770784045837,128.9504445072508,1.1292476881534284,-1.8035847627054682e-05
6970.0,ASTRA-SC-01,EPS,32.43512694225307,3.997519634518736,8.013160926304703,39.99860361111007,0.9731430042566253,NOMINAL,0.9999650902777518,0.0450018851250014,1.0,False,0.2142857142857142,0.0,130.0,STANDBY,False,ASTRA_SIMULATED_EPS,129.6600567997643,0.012041474313577539,-0.0020485755043598173,-0.014603894079199797,3.027986221096445,32.370826551433964,0.1100144414592169,3.984912697075472,0.025354365704227624,8.574150212829872,0.3321119556952559,128.996535641573,1.144057803309277,-1.8370884911184465e-05
6980.0,ASTRA-SC-01,EPS,32.55309232248095,3.980327757891205,8.031061278993972,39.99860139887653,0.9728664518697574,NOMINAL,0.999965034971913,0.0450018881115166,1.0,False,0.2160278745644599,0.0,130.0,STANDBY,False,ASTRA_SIMULATED_EPS,129.571976976366,0.011796538022787928,-0.0017191876627530966,0.0017900352689268928,3.0866366790151285,32.378608445669656,0.11876200105116691,3.983611897484394,0.025032318475888365,8.505324683402629,0.33043905611802804,128.98531692229952,1.1370474873757408,-1.8753243834703905e-05
6990.0,ASTRA-SC-01,EPS,32.20965333463406,3.943702583864115,7.966060506829117,39.99859918653478,0.9725898859413292,NOMINAL,0.9999649796633696,0.045001891098178,1.0,False,0.2177700348432055,0.0,130.0,STANDBY,False,ASTRA_SIMULATED_EPS,127.02529308116375,-0.03434389878468878,-0.0036625174027089978,-0.006500077216485512,3.1452871369338116,32.3724165463054,0.1252554143662485,3.981730073047619,0.0269600286589235,8.43878589331487,0.3319359460582667,128.9001102190195,1.2354307862657155,6.4417315048881865e-06
7000.0,ASTRA-SC-01,EPS,32.44252080145675,3.9601318737211737,7.809505169480159,39.99859697408484,0.9723133064689224,NOMINAL,0.999964924352121,0.0450018940849854,1.0,False,0.2195121951219512,0.0,130.0,STANDBY,False,ASTRA_SIMULATED_EPS,128.47666068971108,0.023286746682268954,0.0016429289857058827,-0.015655533734895765,3.2039375948524946,32.38362007012299,0.12337016232762557,3.9812169250828346,0.027314437828970164,8.359419716754367,0.3304856996450199,128.92791607324747,1.2197557771817347,-9.500897538629518e-06
7010.0,ASTRA-SC-01,EPS,32.56216074193244,3.953166541114396,7.863137222550287,39.998594761526675,0.972036713450116,NOMINAL,0.9999648690381668,0.0450018970719389,1.0,False,0.2212543554006968,0.0,130.0,STANDBY,False,ASTRA_SIMULATED_EPS,128.72364435139602,0.011963994047568604,-0.0006965332606777786,0.005363205307012731,3.262588052771178,32.39123990136926,0.13092020804911902,3.9791146383503073,0.028225484198261284,8.288704107731043,0.31416230630566794,128.88982382272096,1.2163895223053987,-1.849347430573417e-05
7020.0,ASTRA-SC-01,EPS,32.232528582543445,3.998899939207127,7.692780293750904,39.99859254886026,0.9717601068824864,NOMINAL,0.9999648137215064,0.0450019000590386,1.0,False,0.2229965156794425,0.0,130.0,STANDBY,False,ASTRA_SIMULATED_EPS,128.89465658922495,-0.03296321593889928,0.004573339809273103,-0.017035692879938225,3.321238510689861,32.381327078888894,0.137211087183883,3.9797214578149323,0.028567338265846856,8.214794948765173,0.3153323525432152,128.8698329926493,1.2134848948483972,6.712531994493086e-06
7030.0,ASTRA-SC-01,EPS,32.47435814445169,3.969632217512318,7.629471055580327,39.99859033608558,0.9714834867636064,NOMINAL,0.9999647584021396,0.0450019030462844,1.0,False,0.2247386759581881,0.0,130.0,STANDBY,False,ASTRA_SIMULATED_EPS,128.91125833324898,0.024182956190824712,-0.0029267721694808736,-0.006330923817057776,3.3798889686085447,32.38330646891685,0.13839910734091013,3.979979749486434,0.028449339579404827,8.149420143197158,0.3288853815162166,128.88607063042198,1.2122157734409393,-9.150141381592786e-06
7040.0,ASTRA-SC-01,EPS,32.38171788670081,3.9584128526522937,7.603242699861412,39.998588123202616,0.971206853091046,NOMINAL,0.9999647030800654,0.0450019060336764,1.0,False,0.2264808362369338,0.0,130.0,STANDBY,False,ASTRA_SIMULATED_EPS,128.18020827367715,-0.009264025775087958,-0.0011219364860024506,-0.0026228355718914465,3.4385394265272278,32.383543866173845,0.13839269727765915,3.9761477082522823,0.02710584603395962,8.076036204730382,0.3189591659138829,128.7629359143419,1.1814369571778733,2.388683942641123e-05
7050.0,ASTRA-SC-01,EPS,32.290404891623595,3.977883030466696,7.445265558618345,39.99858591021135,0.9709302058623726,NOMINAL,0.9999646477552836,0.0450019090212146,1.0,False,0.2282229965156794,0.0,130.0,STANDBY,False,ASTRA_SIMULATED_EPS,128.4474536652883,-0.009131299507721735,0.0019470177814402412,-0.015797714124306684,3.497189884445911,32.36593366375407,0.13172287252933387,3.9739104484860968,0.02531011366056335,7.999855132708709,0.3243696565930526,128.62005158631513,1.0688313564975302,2.4235228156457256e-05
7060.0,ASTRA-SC-01,EPS,31.957124265186007,3.979014078989326,7.544585576927502,39.99858369711176,0.97065354507515,NOMINAL,0.999964592427794,0.0450019120088991,1.0,False,0.229965156794425,0.0,130.0,STANDBY,False,ASTRA_SIMULATED_EPS,127.15784737518653,-0.03332806264375883,0.00011310485226299072,0.009932001830915648,3.5558403423645943,32.334513973517886,0.1671879797101215,3.9748133515560164,0.025228969048838614,7.936573993301469,0.31353264803242437,128.52431191613422,1.1336878746893533,6.640348729946041e-06
7070.0,ASTRA-SC-01,EPS,32.497236207548156,3.9834893603959665,7.33997175246591,39.99858148390383,0.9703768707269396,NOMINAL,0.9999645370975956,0.0450019149967298,1.0,False,0.2317073170731707,0.0,130.0,STANDBY,False,ASTRA_SIMULATED_EPS,129.45239467504265,0.05401119423621488,0.0004475281406640441,-0.02046138244615916,3.6144908002832774,32.33469628927781,0.16737629020043138,3.9729772919983826,0.023336137998141958,7.86397941154048,0.3174392193377004,128.4653763290275,1.052851396040476,-4.0976837606346895e-06
7080.0,ASTRA-SC-01,EPS,32.37226884873157,3.9977990702193615,7.223426331126023,39.99857927058754,0.9701001828152992,NOMINAL,0.9999644817646884,0.0450019179847068,1.0,False,0.2334494773519163,0.0,130.0,STANDBY,False,ASTRA_SIMULATED_EPS,129.41782630435029,-0.012496735881658338,0.0014309709823395079,-0.011654542133988689,3.6731412582019605,32.33816968679524,0.1675937201909403,3.9740802339736874,0.024132681909738142,7.786049317852456,0.321908835604549,128.5149095442035,1.0805234412682037,1.7711155190952964e-05
7090.0,ASTRA-SC-01,EPS,32.54735562674673,4.002188121673146,7.24791561022777,39.99857705716286,0.9698234813377844,NOMINAL,0.9999644264290716,0.0450019209728301,1.0,False,0.235191637630662,0.0,130.0,STANDBY,False,ASTRA_SIMULATED_EPS,130.26064008123737,0.01750867780151566,0.00043890514537840984,0.002448927910174703,3.731791716120644,32.36415516009618,0.16780990157842565,3.979276442588511,0.02079646604584512,7.7184808563244465,0.3213654907909003,128.7860057573786,0.9600931205858928,-1.2641872242955689e-05
7100.0,ASTRA-SC-01,EPS,32.43636325564362,3.985043591177299,7.175376899508361,39.99857484362979,0.969546766291947,NOMINAL,0.9999643710907448,0.0450019239610997,1.0,False,0.2369337979094076,0.0,130.0,STANDBY,False,ASTRA_SIMULATED_EPS,129.26032151300143,-0.011099237110310866,-0.0017144530495846854,-0.007253871071940932,3.790442174039327,32.38044160340335,0.16165728697260162,3.9803477361976993,0.020641169823291533,7.649610716621433,0.31955629825054965,128.88539509912454,0.9238267936003894,1.9943110056964053e-05
7110.0,ASTRA-SC-01,EPS,32.45955983622127,3.975925859347168,7.042968915229994,39.998572629988296,0.9692700376753364,NOMINAL,0.9999643157497072,0.0450019269495158,1.0,False,0.2386759581881533,0.0,130.0,STANDBY,False,ASTRA_SIMULATED_EPS,129.05680333585886,0.002319658057764684,-0.0009117731830130982,-0.013240798427836698,3.8490926319580105,32.39009811254361,0.161776679337284,3.977542434183355,0.017824980125232544,7.575195319830319,0.3223679787627305,128.8331361363012,0.8873803708916553,-9.542964691278232e-05
7120.0,ASTRA-SC-01,EPS,32.37866181769449,4.02355401038622,6.939795962071033,39.998570416238366,0.9689932954854986,NOMINAL,0.9999642604059592,0.0450019299380782,1.0,False,0.2404181184668989,0.0,130.0,STANDBY,False,ASTRA_SIMULATED_EPS,130.27729460752386,-0.008089801852677426,0.004762815103905194,-0.010317295315896136,3.9077430898766936,32.386333770906376,0.1613103386552552,3.9792780592411874,0.02090968594220221,7.503637655548075,0.33700429987352354,128.87428532348514,0.9411471719307899,2.7364699041460172e-05
7130.0,ASTRA-SC-01,EPS,32.12311803073739,3.9892471501484352,6.934584654635871,39.99856820237997,0.968716539719977,NOMINAL,0.9999642050594992,0.045001932926787,1.0,False,0.2421602787456446,0.0,130.0,STANDBY,False,ASTRA_SIMULATED_EPS,128.14705705800094,-0.025554378695710513,-0.003430686023778451,-0.0005211307435161849,3.966393547795377,32.35766881812347,0.1676397654789654,3.9798726853916695,0.021067894886363844,7.4305392139242015,0.3333275395405493,128.77929066226082,0.9376010235843445,8.663323106954945e-06
7140.0,ASTRA-SC-01,EPS,32.387001087367416,3.9914166111154703,6.8513552503759305,39.9985659884131,0.9684397703763116,NOMINAL,0.9999641497103274,0.0450019359156423,1.0,False,0.2439024390243902,0.0,130.0,STANDBY,False,ASTRA_SIMULATED_EPS,129.2700141243331,0.026388305663002855,0.0002169460967035075,-0.008322940425994041,4.02504400571406,32.369492001639024,0.16263417696025428,3.9830536205417597,0.01868383082348523,7.356225530160655,0.3296464161129395,128.92893873180543,0.8078067017250367,-8.389954630727856e-06
7150.0,ASTRA-SC-01,EPS,32.59838300613675,3.945624219255748,6.751751245568268,39.998563774337725,0.9681629874520395,NOMINAL,0.9999640943584432,0.045001938904644,1.0,False,0.2456445993031359,0.0,130.0,STANDBY,False,ASTRA_SIMULATED_EPS,128.62096949758816,0.021138191876933377,-0.00457923918597225,-0.009960400480766296,4.083694463632743,32.379882815284354,0.17232374192438826,3.982086443577398,0.020263830574069944,7.285708601899862,0.33876580689817926,128.93855931899722,0.8028798446539296,-1.0474289313437184e-05
7160.0,ASTRA-SC-01,EPS,32.33902608527493,3.9447639209806153,6.7152292526323025,39.99856156015384,0.9678861909446952,NOMINAL,0.999964039003846,0.0450019418937923,1.0,False,0.2473867595818815,0.0,130.0,STANDBY,False,ASTRA_SIMULATED_EPS,127.56982334084354,-0.025935692086181916,-8.60298275132454e-05,-0.003652199293596503,4.142344921551427,32.365007171507195,0.1649375134079341,3.9815262689018125,0.02121425163320066,7.209181403905331,0.3285083715424147,128.86163791829375,0.8768091841453214,8.537207642458723e-06
7170.0,ASTRA-SC-01,EPS,32.62289510990737,3.986442465997748,6.666587540580284,39.99855934586141,0.9676093808518096,NOMINAL,0.9999639836465352,0.0450019448830871,1.0,False,0.2491289198606271,0.0,130.0,STANDBY,False,ASTRA_SIMULATED_EPS,130.049294429925,0.028386902463243758,0.004167854501713286,-0.004864171205201817,4.200995379470109,32.39103160666478,0.17313452871519908,3.980695770687854,0.020723694647417665,7.140768553693956,0.3274559889267273,128.9386137743404,0.9290424931232012,-7.800401724991073e-06
7180.0,ASTRA-SC-01,EPS,32.14865822966232,3.970750962542903,6.567507350897187,39.99855713146042,0.967332557170911,NOMINAL,0.9999639282865106,0.0450019478725284,1.0,False,0.2508710801393728,0.0,130.0,STANDBY,False,ASTRA_SIMULATED_EPS,127.65431560989447,-0.04742368802450514,-0.001569150345484527,-0.009908018968309751,4.259645837388793,32.36931827901216,0.1821277854933292,3.980770353689893,0.02068300689413693,7.069970973381746,0.3290459972390695,128.85481759278346,0.9865895734726594,4.6693985187093135e-06
7190.0,ASTRA-SC-01,EPS,32.29950135024204,4.018266072529382,6.54555005719011,39.99855491695086,0.9670557198995244,NOMINAL,0.9999638729237714,0.0450019508621163,1.0,False,0.2526132404181184,0.0,130.0,STANDBY,False,ASTRA_SIMULATED_EPS,129.78799043529455,0.015084312057972227,0.0047515109986479235,-0.0021957293707076885,4.318296295307476,32.363837176581576,0.1829631968254234,3.9847605683483653,0.021804748371948915,6.999458130536993,0.3198052313711165,128.9620030702246,0.9953609802030099,-1.468087875441842e-05
7200.0,ASTRA-SC-01,EPS,32.16950631073808,3.992654190348429,6.47415809447546,39.998552702332695,0.9667788690351722,NOMINAL,0.9999638175583174,0.0450019538518508,1.0,False,0.2543554006968641,0.0,130.0,STANDBY,False,ASTRA_SIMULATED_EPS,128.44171417300862,-0.012999503950396018,-0.002561188218095323,-0.007139196271464953,4.376946753226159,32.35577727118921,0.18899266677334853,3.9857453123404816,0.021805506597961766,6.934717632927468,0.32140109439157705,128.96162043740597,0.9955739903291092,1.7036174395356738e-05
7210.0,ASTRA-SC-01,EPS,32.532073822516864,4.026112187273117,6.330256479584464,39.998550487605925,0.9665020045753732,NOMINAL,0.999963762190148,0.045001956841732,1.0,False,0.2560975609756097,0.0,130.0,STANDBY,False,ASTRA_SIMULATED_EPS,130.9777788941039,0.0362567511778785,0.0033457996924688427,-0.01439016148909964,4.4355972111448425,32.39410724167793,0.15815310135775154,3.988885186226067,0.02404313775139033,6.853762359771265,0.3095283649211231,129.21628253866712,0.9897637473631612,-6.108453454950472e-06
7220.0,ASTRA-SC-01,EPS,32.214915081893444,3.955542257892811,6.301256569638273,39.998548272770506,0.9662251265176436,NOMINAL,0.9999637068192626,0.0450019598317598,1.0,False,0.2578397212543554,0.0,130.0,STANDBY,False,ASTRA_SIMULATED_EPS,127.42745794085796,-0.031715874062341956,-0.007056992938030637,-0.002899990994619106,4.494247669063526,32.37528583330095,0.16176133519444005,3.98702204605919,0.025528109416425887,6.784514680916089,0.3091744515472888,129.08128675638812,1.0884339484063608,6.983365537125269e-06
7230.0,ASTRA-SC-01,EPS,32.419862981897055,4.011714601804182,6.241288089639928,39.99854605782643,0.9659482348594968,NOMINAL,0.9999636514456608,0.0450019628219343,1.0,False,0.259581881533101,0.0,130.0,STANDBY,False,ASTRA_SIMULATED_EPS,130.05923771296727,0.02049479000036101,0.005617234391137105,-0.005996847999834465,3.648555245032639,32.37845877551199,0.16216420699873044,3.987949748164845,0.02619194229528926,6.71903879815035,0.3135498485401973,129.1240475169626,1.1148779692051536,-1.0807351893938788e-05
7240.0,ASTRA-SC-01,EPS,32.291105680049284,3.991074906889924,6.135637793720293,39.998543842773685,0.9656713295984424,NOMINAL,0.9999635960693422,0.0450019658122555,1.0,False,0.2613240418118467,0.0,130.0,STANDBY,False,ASTRA_SIMULATED_EPS,128.8762215953754,-0.012875730184777012,-0.002063969491425821,-0.010565029591963527,3.359166957113434,32.36137544573215,0.15649920926906494,3.9872088671792967,0.025916144367349448,6.644886943716518,0.3110532444260128,129.03175295123847,1.0704852415870425,1.7203317511947077e-05
7250.0,ASTRA-SC-01,EPS,32.67910763388718,3.947395353986086,6.11912200181429,39.99854162761224,0.9653944107319876,NOMINAL,0.999963540690306,0.0450019688027234,1.0,False,0.2630662020905923,0.0,130.0,STANDBY,False,ASTRA_SIMULATED_EPS,128.99735764641747,0.038800195383789315,-0.0043679552903837845,-0.0016515791906003053,3.0697786691942293,32.37755840428172,0.17612704111541425,3.984698984699883,0.027888792303262366,6.574469950536913,0.30180274768722615,129.01422202679953,1.0686263072706121,-5.709150231294991e-06
7260.0,ASTRA-SC-01,EPS,32.66681647066718,3.987851593672021,6.033053308985505,39.99853941234208,0.9651174782576364,NOMINAL,0.999963485308552,0.0450019717933381,1.0,False,0.2648083623693379,0.0,130.0,STANDBY,False,ASTRA_SIMULATED_EPS,130.27041612274152,-0.0012291163219998679,0.004045623968593493,-0.00860686928287846,2.780390381275024,32.39137551324479,0.19055793854521813,3.9854940336548728,0.02779064073973178,6.507142243453947,0.30247006662718834,129.09512954592506,1.1169310831567423,0.00018023275078884888
7270.0,ASTRA-SC-01,EPS,32.28019474906437,3.983378919717723,6.044047745199104,39.99853719696318,0.96484053217289,NOMINAL,0.9999634299240796,0.0450019747840997,1.0,False,0.2665505226480836,0.0,130.0,STANDBY,False,ASTRA_SIMULATED_EPS,128.58424728780574,-0.03866217216028076,-0.0004472673954297957,0.0010994436213598747,2.491002093355819,32.38481104200278,0.19271105892081306,3.982815694276973,0.02571934420539034,6.447425695662485,0.2993576766243641,128.98225972461051,1.0736414380058859,5.730094255740616e-06
7280.0,ASTRA-SC-01,EPS,31.97875868022335,4.026317976306509,5.837236817840147,39.99853498147553,0.9645635724752464,NOMINAL,0.9999633745368882,0.045001977775008,1.0,False,0.2682926829268293,0.0,130.0,STANDBY,False,ASTRA_SIMULATED_EPS,128.75665093415108,-0.03014360688410207,0.004293905658878616,-0.020681092735895756,2.201613805436614,32.37518708530184,0.20957980264058323,3.985287082687511,0.028056389437791898,6.374269173209436,0.3058172567544918,129.02289931635383,1.0510690241508367,7.349776209858743e-06
7290.0,ASTRA-SC-01,EPS,32.29165245015045,3.977563475320861,5.871070507945333,39.9985327658791,0.9642865991622,NOMINAL,0.9999633191469774,0.0450019807660632,1.0,False,0.2700348432055749,0.0,130.0,STANDBY,False,ASTRA_SIMULATED_EPS,128.44209734347382,0.03128937699271006,-0.004875450098564826,0.0033833690105186777,1.912225517517409,32.368830509487374,0.2106391778156462,3.984363540301204,0.028068211391314924,6.308916857047396,0.3012915788360278,128.96770486429656,1.0588745406502522,-7.08098608729129e-06
7300.0,ASTRA-SC-01,EPS,32.074787520959795,3.999992940643275,5.876244832654296,39.99853055017387,0.9640096122312432,NOMINAL,0.9999632637543469,0.0450019837572652,1.0,False,0.2717770034843205,0.0,130.0,STANDBY,False,ASTRA_SIMULATED_EPS,128.2989236564722,-0.021686492919065613,0.002242946532241419,0.0005174324708963063,1.622837229598204,32.333924143808915,0.21324938454827108,3.987988121727039,0.026153423938927032,6.250549762853131,0.29409359982964195,128.94623514155552,1.0696175135538617,1.0216982700829834e-05
7310.0,ASTRA-SC-01,EPS,32.111168150244325,3.993393084034939,5.675494612017357,39.998528334359825,0.9637326116798648,NOMINAL,0.9999632083589955,0.0450019867486142,1.0,False,0.2735191637630662,0.0,130.0,STANDBY,False,ASTRA_SIMULATED_EPS,128.23251681146868,0.0036380629284529674,-0.0006599856608335841,-0.020075022063693916,1.333448941678999,32.318733614806874,0.2208404596139216,3.9912300659306608,0.02326746843971302,6.1812341201454695,0.2992330863906528,128.99041470626383,1.0212999298761796,-6.090642427162241e-05
7320.0,ASTRA-SC-01,EPS,32.398766267370846,3.989334754765328,5.610261132895097,39.99852611843694,0.9634555975055504,NOMINAL,0.9999631529609236,0.0450019897401101,1.0,False,0.2752613240418118,0.0,130.0,STANDBY,False,ASTRA_SIMULATED_EPS,129.24952428194106,0.028759811712652093,-0.00040583292696112495,-0.006523347912226018,1.0440606537597938,32.30379169197111,0.20586563144423095,3.9914228851818327,0.02323692355566296,6.110812359633123,0.3011430609253924,128.93709669639824,0.9821993907660971,-7.704928340798573e-06
7330.0,ASTRA-SC-01,EPS,32.407168129764536,4.034063048128016,5.566708961148497,39.9985239024052,0.963178569705783,NOMINAL,0.99996309756013,0.0450019927317529,1.0,False,0.2770034843205575,0.0,130.0,STANDBY,False,ASTRA_SIMULATED_EPS,130.732559446755,0.0008401862393689896,0.004472829336268802,-0.0043552171746600084,0.7546723658405887,32.321025685311255,0.2027479705385943,3.9956436908875066,0.02490408992093099,6.04409246698321,0.30358865921762573,129.14231295218895,1.016031232032348,-0.00026375482419467827
7340.0,ASTRA-SC-01,EPS,32.443030473760544,3.9569868151388703,5.462527447432003,39.99852168626459,0.9629015282780422,NOMINAL,0.9999630421566148,0.0450019957235428,1.0,False,0.2787456445993031,0.0,130.0,STANDBY,False,ASTRA_SIMULATED_EPS,128.37664382781904,0.0035862343996008405,-0.007707623298914568,-0.010418151371649387,0.465284077921384,32.33059429354582,0.20503359502712193,3.991558407061473,0.025932922345738744,5.971890959666004,0.30459426506936926,129.04822317835726,1.0173154102567232,-6.179575476900287e-05
7350.0,ASTRA-SC-01,EPS,32.40143201394259,4.026469748580343,5.46240102187585,39.99851947001508,0.9626244732198048,NOMINAL,0.9999629867503772,0.0450019987154796,1.0,False,0.2804878048780488,0.0,130.0,STANDBY,False,ASTRA_SIMULATED_EPS,130.4633858148225,-0.004159845981795485,0.006948293344147283,-1.2642555615283158e-05,0.5986860047150175,32.34605600709279,0.20071755686878792,3.9938127776102665,0.027459839098645245,5.904440488159363,0.2973636012391413,129.1830012878115,1.0640684741492954,5.327720101638544e-05
7360.0,ASTRA-SC-01,EPS,32.272869082610256,3.989623579853652,5.316546559268647,39.99851725365665,0.9623474045285444,NOMINAL,0.9999629313414164,0.0450020017075635,1.0,False,0.2822299651567944,0.0,130.0,STANDBY,False,ASTRA_SIMULATED_EPS,128.75659948151178,-0.012856293133233266,-0.0036846168726690997,-0.014585446260720314,0.6218298471967928,32.32877569109902,0.19462419562961641,3.991380203782303,0.025969948248443456,5.836859826804974,0.30865426624802605,129.03492266030537,0.9442709467779213,1.723948271034177e-05
7370.0,ASTRA-SC-01,EPS,32.41954533352819,4.011850874088235,5.29108405622494,39.998515037189286,0.9620703222017316,NOMINAL,0.9999628759297322,0.0450020046997944,1.0,False,0.28397212543554,0.0,130.0,STANDBY,False,ASTRA_SIMULATED_EPS,130.06238128385823,0.014667625091793469,0.0022227294234582473,-0.002546250304370723,0.6449736896785682,32.34241770787467,0.19323993333143025,3.9951341115286643,0.024444467085110173,5.769514992577419,0.31029034117425275,129.2105842165054,0.8656929659010915,-1.5111290010006713e-05
7380.0,ASTRA-SC-01,EPS,32.24427594122,3.996667248038072,5.226648781590584,39.998512820612966,0.9617932262368342,NOMINAL,0.999962820515324,0.0450020076921725,1.0,False,0.2857142857142857,0.0,130.0,STANDBY,False,ASTRA_SIMULATED_EPS,128.86964159097596,-0.017526939230818783,-0.0015183626050162768,-0.006443527463435572,0.6681175321603434,32.33071190516286,0.1935314766410072,3.9941309546109234,0.02402051294177809,5.701872372040796,0.3106930441756417,129.13127780837263,0.836387934523528,1.2646682290807354e-05
7390.0,ASTRA-SC-01,EPS,32.307933830052136,4.0426202086829015,5.171103782016494,39.99851060392766,0.9615161166313164,NOMINAL,0.9999627650981916,0.0450020106846976,1.0,False,0.2874564459930314,0.0,130.0,STANDBY,False,ASTRA_SIMULATED_EPS,130.60870620215874,0.006365788883213241,0.004595296064482968,-0.005554499957409043,0.6912613746421188,32.331833781829715,0.193334159800562,3.997567308063789,0.02704827832492418,5.637570104593876,0.31429779769660715,129.24677678215818,0.9146141915359275,-3.482184759087434e-05
7400.0,ASTRA-SC-01,EPS,32.259102958408384,3.974268423906835,5.155808603180207,39.99850838713336,0.9612389933826396,NOMINAL,0.999962709678334,0.0450020136773699,1.0,False,0.289198606271777,0.0,130.0,STANDBY,False,ASTRA_SIMULATED_EPS,128.206334271162,-0.004883087164375155,-0.0068351784776066625,-0.001529517883628717,0.714405217123894,32.30383347013113,0.16823107946374335,3.9993588460585054,0.024231030792859452,5.573349211351603,0.30721101943967993,129.1940418904745,0.9520603166826519,4.539739360578598e-05
7410.0,ASTRA-SC-01,EPS,32.286108526700886,3.974418363070729,5.119981319657811,39.99850617023005,0.9609618564882624,NOMINAL,0.9999626542557511,0.0450020166701894,1.0,False,0.2909407665505226,0.0,130.0,STANDBY,False,ASTRA_SIMULATED_EPS,128.31850260061444,0.002700556829250189,1.4993916389416383e-05,-0.003582728352239606,0.6719668249184908,32.27845294053338,0.1349917169593951,3.9984632973517527,0.024925002748054644,5.512477745396424,0.2999922741668058,129.06391432233266,0.9275102484135258,-8.209060026361478e-05
7420.0,ASTRA-SC-01,EPS,32.54313850687663,3.9758355215588512,4.896078948038067,39.99850395321769,0.96068470594564,NOMINAL,0.9999625988304424,0.0450020196631561,1.0,False,0.2926829268292683,0.0,130.0,STANDBY,False,ASTRA_SIMULATED_EPS,129.3861660586498,0.02570299801757443,0.00014171584881221831,-0.02239023716197437,0.6295284327130877,32.29598252438753,0.15131915456813774,3.997960404141161,0.025323993327723435,5.435946492252355,0.3011241350476058,129.11737557372228,0.9209757166534508,-8.625501029371349e-06
7430.0,ASTRA-SC-01,EPS,32.474934090231024,3.973929901469586,4.964599306718846,39.99850173609627,0.9604075417522246,NOMINAL,0.9999625434024068,0.04500202265627,1.0,False,0.2944250871080139,0.0,130.0,STANDBY,False,ASTRA_SIMULATED_EPS,129.05311162942309,-0.006820441664560662,-0.0001905620089265092,0.006852035868077877,0.5870900405076844,32.32906088505471,0.12970979641220287,3.9944678658186996,0.024739515432086554,5.377770658177602,0.3023512922271455,129.13713962007375,0.9158484011846596,3.2507006566890815e-05
7440.0,ASTRA-SC-01,EPS,31.992268131728224,4.013486978750783,4.800343305744065,39.998499518865785,0.9601303639054656,NOMINAL,0.9999624879716446,0.0450020256495311,1.0,False,0.2961672473867596,0.0,130.0,STANDBY,False,ASTRA_SIMULATED_EPS,128.40055156739487,-0.04826659585027997,0.003955707728119684,-0.01642560009747802,0.5446516483022812,32.30910193049322,0.15620485809108392,3.9968627660473612,0.024724981244315634,5.306388844697518,0.3039590445722526,129.1343699016685,0.9181603983090459,4.593716314648218e-06
7450.0,ASTRA-SC-01,EPS,32.426979026188555,3.991763899065772,4.749210142905313,39.99849730152619,0.9598531724028092,NOMINAL,0.9999624325381548,0.0450020286429396,1.0,False,0.2979094076655052,0.0,130.0,STANDBY,False,ASTRA_SIMULATED_EPS,129.44084423250243,0.04347108944603306,-0.002172307968501119,-0.0051133162838752355,0.5022132560968781,32.33258136417514,0.14449960893713268,3.9963141632755277,0.02474185543036692,5.231253198714252,0.2920991991653637,129.2104979400705,0.8908777033154788,-5.100722388587501e-06
7460.0,ASTRA-SC-01,EPS,32.24156084883569,4.008733288881498,4.738377927567565,39.99849508407747,0.9595759672416984,NOMINAL,0.9999623771019368,0.0450020316364954,1.0,False,0.2996515679442508,0.0,130.0,STANDBY,False,ASTRA_SIMULATED_EPS,129.24781826022604,-0.018541817735286514,0.0016969389815725932,-0.0010832215337748252,0.4597748638914748,32.3412742107479,0.13375066273485947,3.997336843598631,0.024928820946789176,5.168778753084267,0.29050902916941695,129.278184703321,0.848844020725921,1.1959176580489817e-05
7470.0,ASTRA-SC-01,EPS,32.4000953854767,4.0411306152880355,4.591217639102086,39.99849286651962,0.9592987484195732,NOMINAL,0.9999623216629904,0.0450020346301985,1.0,False,0.3013937282229965,0.0,130.0,STANDBY,False,ASTRA_SIMULATED_EPS,130.9330174005025,0.01585345366410138,0.003239732640653781,-0.014716028846547857,0.41733647168607163,32.341362818621626,0.13379190483722128,4.000789900966812,0.027222958441660124,5.100842520164732,0.29892391733358914,129.39041757789175,0.9500455991011473,-1.3987853349395384e-05
7480.0,ASTRA-SC-01,EPS,32.5652926703823,3.994601878015367,4.561007001372159,39.9984906488526,0.9590215159338704,NOMINAL,0.9999622662213152,0.0450020376240489,1.0,False,0.3031358885017421,0.0,130.0,STANDBY,False,ASTRA_SIMULATED_EPS,130.0853792592292,0.016519728490559514,-0.00465287372726686,-0.0030210637729926938,0.37489807948066844,32.35190445466281,0.14509877950116126,3.9981591562926355,0.025638461023784503,5.0337957228463095,0.29975452671574154,129.34727223205672,0.8980103839108491,-1.3424355118197593e-05
7490.0,ASTRA-SC-01,EPS,32.0876014717772,3.9874730908537463,4.588714709608393,39.99848843107641,0.958744269782024,NOMINAL,0.9999622107769102,0.0450020406180468,1.0,False,0.3048780487804878,0.0,130.0,STANDBY,False,ASTRA_SIMULATED_EPS,127.94844741875065,-0.047769119860510044,-0.0007128787161620575,0.0027707708236233584,0.33245968727526526,32.32820918786392,0.1576345936819344,4.000191574673627,0.023237437501192906,4.975541540324735,0.29535956754581205,129.3187258047855,0.9370274037814099,4.642698459804618e-06
7500.0,ASTRA-SC-01,EPS,32.2802472982281,4.030111695866873,4.406928483864246,39.99848621319101,0.9584670099614646,NOMINAL,0.9999621553297752,0.0450020436121921,1.0,False,0.3066202090592334,0.0,130.0,STANDBY,False,ASTRA_SIMULATED_EPS,130.09300218206408,0.019264582645089946,0.004263860501312689,-0.01817862257441467,0.2900212950698621,32.32013020681629,0.15671653740129857,4.000434371159396,0.023548560767441433,4.905176704457294,0.2968095035147245,129.29403356260158,0.9091753226961667,-1.1512761232903694e-05
7510.0,ASTRA-SC-01,EPS,32.29727806918883,3.961323541419659,4.434692540197086,39.99848399519638,0.95818973646962,NOMINAL,0.9999620998799096,0.0450020466064848,1.0,False,0.3083623693379791,0.0,130.0,STANDBY,False,ASTRA_SIMULATED_EPS,127.93996793925457,0.0017030770960730023,-0.00687881544472142,0.002776405633284007,0.2475829028644588,32.32175747258819,0.1563169650228288,3.998547701930463,0.025527124203807827,4.846386436519191,0.2968438859282508,129.23959145978444,0.9663109498803698,-0.00013023454030285867
7520.0,ASTRA-SC-01,EPS,32.4408353385783,3.982279769027393,4.2234920946940315,39.99848177709252,0.9579124493039152,NOMINAL,0.999962044427313,0.0450020496009251,1.0,False,0.3101045296167247,0.0,130.0,STANDBY,False,ASTRA_SIMULATED_EPS,129.1884822591693,0.014355726938947554,0.0020956227607733966,-0.021120044550305472,0.4922541748087129,32.323176806258196,0.15736145029739898,3.996576294926407,0.02556818831153395,4.7752136390837965,0.31028627084699617,129.18133152480516,0.9391223745548478,-1.5451003409593488e-05
7530.0,ASTRA-SC-01,EPS,32.3281228233898,4.00388347883641,4.311277082109064,39.99847955887939,0.9576351484617712,NOMINAL,0.9999619889719848,0.0450020525955128,1.0,False,0.3118466898954704,0.0,130.0,STANDBY,False,ASTRA_SIMULATED_EPS,129.43803687436468,-0.011271251518850533,0.0021603709809016715,0.008778498741503249,0.7369254467529671,32.32876659840285,0.15584039328157664,3.997057376979629,0.025637816118513783,4.714188859118362,0.30513100965298157,129.21922454369778,0.9371126052890707,1.9680273565594854e-05
7540.0,ASTRA-SC-01,EPS,32.493923701177685,3.96643728926946,4.262599974656697,39.99847734055698,0.9573578339406068,NOMINAL,0.9999619335139244,0.045002055590248,1.0,False,0.313588850174216,0.0,130.0,STANDBY,False,ASTRA_SIMULATED_EPS,128.88511064302787,0.016580087778788766,-0.0037446189566949784,-0.004867710745236664,0.9815967186972213,32.34116592314455,0.1613655809563335,3.9919785156853993,0.02341681671735606,4.653621938627709,0.2980418305567135,129.10431817308904,0.8567980758618656,-1.3379437052084407e-05
7550.0,ASTRA-SC-01,EPS,32.48530919128203,3.948968114974817,4.182265407895303,39.998475122125264,0.9570805057378372,NOMINAL,0.9999618780531316,0.0450020585851309,1.0,False,0.3153310104529617,0.0,130.0,STANDBY,False,ASTRA_SIMULATED_EPS,128.28345020147108,-0.0008614509895657818,-0.0017469174294642898,-0.008033456676139394,1.2262679906414753,32.356246338669465,0.16370172737225475,3.990291828423265,0.025593575898922576,4.588719058942049,0.2866561946204253,129.10945923510965,0.8512383366155407,0.000257522684901211
7560.0,ASTRA-SC-01,EPS,32.209742291854475,3.991535256090495,4.1215266653774005,39.998472903584215,0.9568031638508748,NOMINAL,0.9999618225896054,0.0450020615801613,1.0,False,0.3170731707317073,0.0,130.0,STANDBY,False,ASTRA_SIMULATED_EPS,128.5663219475262,-0.02755668994275524,0.004256714111567783,-0.00607387425179029,1.4709392625857294,32.35115525634637,0.16718913880956296,3.991432954624583,0.025214058517692463,4.522155415323355,0.2699170769443502,129.12598052490378,0.8370776248524382,8.050825600815189e-06
7570.0,ASTRA-SC-01,EPS,32.210865592571004,3.976895917444288,4.043876420442309,39.99847068493382,0.9565258082771289,NOMINAL,0.9999617671233456,0.0450020645753393,1.0,False,0.3188153310104529,0.0,130.0,STANDBY,False,ASTRA_SIMULATED_EPS,128.0992598724423,0.00011233007165287746,-0.0014639338646206923,-0.007765024493509109,1.7156105345299837,32.32900372872599,0.16186285697238637,3.9915036476836123,0.025168649754042205,4.4653419134836385,0.27522569656864304,129.04018677915658,0.8736555215415702,-0.0019751170469527396
7580.0,ASTRA-SC-01,EPS,32.11238533148107,3.9668516003114407,4.014328913412978,39.99846846617407,0.9562484390140052,NOMINAL,0.9999617116543515,0.045002067570665,1.0,False,0.3205574912891986,0.0,130.0,STANDBY,False,ASTRA_SIMULATED_EPS,127.38506714200332,-0.009848026108993223,-0.0010044317132847258,-0.00295475070293314,1.9602818064742378,32.304833811476,0.16554224075952945,3.9910317609397357,0.025584593234073486,4.401990553929914,0.261102393283451,128.9289838133286,0.972463662629372,2.2529994631883617e-05
7590.0,ASTRA-SC-01,EPS,32.100840510805554,4.010799756994968,3.9418463136784463,39.998466247304926,0.955971056058907,NOMINAL,0.9999616561826232,0.0450020705661383,1.0,False,0.3222996515679442,0.0,130.0,STANDBY,False,ASTRA_SIMULATED_EPS,128.75004332007313,-0.0011544820675517542,0.004394815668352692,-0.007248259973453175,2.204953078418492,32.312071970081156,0.15278120843731563,3.9908526128226813,0.025425037159296254,4.344757421125538,0.2616371221335358,128.95228326350716,0.9630396130329048,0.00019219606818686
7600.0,ASTRA-SC-01,EPS,32.00608850499485,3.977438365406595,3.9169433289524305,39.99846402832637,0.955693659409234,NOMINAL,0.9999616007081592,0.0450020735617593,1.0,False,0.3240418118466899,0.0,130.0,STANDBY,False,ASTRA_SIMULATED_EPS,127.30224434636553,-0.009475200581070454,-0.003336139158837259,-0.002490298472601582,2.449624350362746,32.284012602001575,0.1680564731676163,3.9898975772454026,0.025656362898532965,4.289272966862013,0.2579619012331434,128.8097099377647,1.0407162182584364,2.341880300313424e-05
7610.0,ASTRA-SC-01,EPS,32.12468081967603,3.982957915005537,3.8190261843147306,39.998461809238385,0.9554162490623836,NOMINAL,0.9999615452309596,0.0450020765575281,1.0,False,0.3257839721254355,0.0,130.0,STANDBY,False,ASTRA_SIMULATED_EPS,127.9512517377552,0.011859231468118025,0.0005519549598941964,-0.009791714463769984,2.694295622307,32.2762206000576,0.17280778556520304,3.9881792189870056,0.025163137655164536,4.227982850645158,0.25280008906065166,128.72327216959997,1.0554688436804007,-1.8711903783813916e-05
7620.0,ASTRA-SC-01,EPS,32.40788252262368,3.988470554397861,3.7048966441219706,39.99845959004095,0.9551388250157488,NOMINAL,0.9999614897510238,0.0450020795534447,1.0,False,0.3275261324041811,0.0,130.0,STANDBY,False,ASTRA_SIMULATED_EPS,129.25788517186962,0.028320170294765034,0.0005512639392323937,-0.011412954019276,2.938966894251254,32.276739742534055,0.17321771752104181,3.9846685482609936,0.02048680991173343,4.16889478431315,0.2651170987336991,128.6115966876911,0.8787966040284362,-7.836102010400909e-06
7630.0,ASTRA-SC-01,EPS,32.50938845811715,4.038378092048968,3.7227273673843886,39.99845737073405,0.9548613872667204,NOMINAL,0.9999614342683512,0.045002082549509,1.0,False,0.3292682926829268,0.0,130.0,STANDBY,False,ASTRA_SIMULATED_EPS,131.2852021351699,0.010150593549347064,0.004990753765110734,0.001783072326241797,3.1836381661955087,32.273012795049716,0.1670576393075589,3.9875869625299005,0.024689816077633212,4.113009475380632,0.2649103516041282,128.6915848794205,1.0587097253565343,-2.186381406409157e-05
7640.0,ASTRA-SC-01,EPS,32.291970262855045,3.9749596057118426,3.5714374168868117,39.99845515131766,0.9545839358126864,NOMINAL,0.9999613787829412,0.0450020855457211,1.0,False,0.3310104529616725,0.0,130.0,STANDBY,False,ASTRA_SIMULATED_EPS,128.35927738369685,-0.02174181952621055,-0.006341848633712566,-0.015128995049757687,3.4283094381397627,32.28663738112157,0.1589953176573966,3.986752730187107,0.024904411930832277,4.045190989199193,0.26464255408660015,128.71897354375022,1.0433137748183412,1.0208052697663639e-05
7650.0,ASTRA-SC-01,EPS,32.36090681248946,4.005794009917078,3.622377166369334,39.998452931791746,0.9543064706510304,NOMINAL,0.9999613232947936,0.0450020885420811,1.0,False,0.3327526132404181,0.0,130.0,STANDBY,False,ASTRA_SIMULATED_EPS,129.63112666495502,0.00689365496344152,0.003083440420523509,0.005093974948252233,3.947233851135023,32.29201468207233,0.16012373325277093,3.985131551123787,0.022561603565560483,3.9928875680328653,0.2655697831096382,128.68818184260962,1.0060139711785445,-3.2196649272250555e-05
7660.0,ASTRA-SC-01,EPS,32.379929361901205,3.9579974969166143,3.544394211169065,39.998450712156306,0.954028991779134,NOMINAL,0.9999612678039076,0.0450020915385889,1.0,False,0.3344947735191638,0.0,130.0,STANDBY,False,ASTRA_SIMULATED_EPS,128.15967936474175,0.0019022549411744194,-0.0047796513000463395,-0.00779829552002691,4.466158264130283,32.297524768253155,0.1617317910375366,3.984909814823584,0.02282708517018544,3.933534346097664,0.2591875932909233,128.70282927097546,0.9958904902312509,-0.00011668443554735683
7670.0,ASTRA-SC-01,EPS,32.11229030915935,3.986147129244165,3.44396799628042,39.998448492411306,0.9537514991943756,NOMINAL,0.9999612123102828,0.0450020945352447,1.0,False,0.3362369337979094,0.0,130.0,STANDBY,False,ASTRA_SIMULATED_EPS,128.00431382931075,-0.026763905274185616,0.0028149632327550745,-0.010042621488864478,4.985082677125543,32.27562176629189,0.16317785522378514,3.9851676388380355,0.022817095957207167,3.8815660728700903,0.27458853799713084,128.6238847089849,1.0015613346437504,8.293800835958332e-06
7680.0,ASTRA-SC-01,EPS,32.59374306999469,4.07362026526165,3.4016164259559347,39.998446272556734,0.9534739928941302,NOMINAL,0.9999611568139184,0.0450020975320483,1.0,False,0.337979094076655,0.0,130.0,STANDBY,False,ASTRA_SIMULATED_EPS,132.77453229066182,0.048145276083533875,0.008747313601748496,-0.0042351570324485445,5.504007090120804,32.29332978273222,0.18254536995252765,3.9898167579330517,0.032113690871966825,3.8209220291265478,0.2733546524571954,128.84631773673803,1.4605927446491072,-4.610742221748304e-06
7690.0,ASTRA-SC-01,EPS,32.24054671513411,4.009485120083797,3.3556460330416606,39.99844405259257,0.9531964728757694,NOMINAL,0.9999611013148142,0.045002100529,1.0,False,0.3397212543554007,0.0,130.0,STANDBY,False,ASTRA_SIMULATED_EPS,129.26799231769675,-0.035319635486057877,-0.006413514517785312,-0.004597039291427407,5.5070640891375575,32.276437983662646,0.1741894511005898,3.992686613320674,0.03179707067078163,3.760458433018879,0.26895078843945674,128.87184318171595,1.4646590938711137,6.285354125890285e-06
7700.0,ASTRA-SC-01,EPS,32.21674881738776,4.041177506520436,3.262910061690862,39.998441832518786,0.9529189391366624,NOMINAL,0.9999610458129696,0.0450021035260996,1.0,False,0.3414634146341463,0.0,130.0,STANDBY,False,ASTRA_SIMULATED_EPS,130.19360065404626,-0.002379789774634844,0.0031692386436638744,-0.009273597135079869,4.667587291716165,32.258533958736365,0.1647324262935763,3.9988339060903826,0.031654353509144334,3.6991680766052495,0.27070925538929475,128.99918654522097,1.4926189636880915,9.32886511809995e-05
7710.0,ASTRA-SC-01,EPS,32.34716953313915,4.013164094794291,3.2127889621394337,39.99843961233536,0.9526413916741744,NOMINAL,0.999960990308384,0.0450021065233472,1.0,False,0.343205574912892,0.0,130.0,STANDBY,False,ASTRA_SIMULATED_EPS,129.81449933861785,0.013042071575139147,-0.0028013411726144355,-0.005012109955142829,3.828110494294773,32.26769577482201,0.16564406052021452,4.0002758286706355,0.03179046381127521,3.638585563056052,0.2711211200878697,129.08239837129375,1.5015292029371197,-1.7023242149520724e-05
7720.0,ASTRA-SC-01,EPS,32.400589815008075,3.981303753461667,3.104257071482183,39.99843739204228,0.9523638304856686,NOMINAL,0.9999609348010569,0.0450021095207429,1.0,False,0.3449477351916376,0.0,130.0,STANDBY,False,ASTRA_SIMULATED_EPS,128.9965898448635,0.005342028186892378,-0.0031860341332624388,-0.010853189065725077,2.9886336968733804,32.280344056317816,0.16821814874252433,4.000569684405127,0.03157858041186029,3.5759442731253768,0.2792183674847426,129.14222036945515,1.4772411783249748,-4.156273621052852e-05
7730.0,ASTRA-SC-01,EPS,32.08615194271172,4.007903206417945,3.1117405065550767,39.998435171639514,0.952086255568504,NOMINAL,0.9999608792909878,0.0450021125182866,1.0,False,0.3466898954703832,0.0,130.0,STANDBY,False,ASTRA_SIMULATED_EPS,128.59819125280768,-0.031443787229635235,0.0026599452956277856,0.0007483435072893841,2.149156899451988,32.278595163733186,0.17021360577815126,4.003306458145561,0.030196282604895847,3.515771712668183,0.27522374572468317,129.22309531017544,1.4056429606516467,7.061499134220571e-06
7740.0,ASTRA-SC-01,EPS,32.33585003999241,4.038958137368816,3.013293973336645,39.99843295112705,0.9518086669200372,NOMINAL,0.9999608237781762,0.0450021155159784,1.0,False,0.3484320557491289,0.0,130.0,STANDBY,False,ASTRA_SIMULATED_EPS,130.60314464776508,0.024969809728068525,0.0031054930950871196,-0.009844653321843167,1.3096801020305957,32.29426246567898,0.16336130885951397,4.005183683503818,0.03154073312205433,3.453868223312063,0.27696534413569535,129.34663539868822,1.4420589334699916,-8.892788883303944e-06
7750.0,ASTRA-SC-01,EPS,32.36825576421038,3.970039599578218,2.935157029951615,39.99843073050486,0.9515310645376212,NOMINAL,0.9999607682626214,0.0450021185138184,1.0,False,0.3501742160278746,0.0,130.0,STANDBY,False,ASTRA_SIMULATED_EPS,128.50325715319113,0.0032405724217973385,-0.006891853779059787,-0.007813694338502986,0.4702033046092034,32.31840694962668,0.14325383971088135,4.004690432448593,0.0320592134649467,3.3884158033786758,0.27571979635872695,129.42670291914328,1.350900903606066,-6.852561534677477e-05
7760.0,ASTRA-SC-01,EPS,32.37095199728383,4.01873205916502,2.880909634715478,39.99842850977292,0.9512534484186062,NOMINAL,0.9999607127443232,0.0450021215118065,1.0,False,0.3519163763066202,0.0,130.0,STANDBY,False,ASTRA_SIMULATED_EPS,130.09018257717648,0.00026962330734505715,0.004869245958680235,-0.005424739523613731,1.2983487669915437,32.334825028133864,0.13322675229160197,4.007075375392558,0.03165511697026524,3.3258747000720583,0.2774586265781052,129.56929830843802,1.2957985103329022,-0.0008236424209714219
7770.0,ASTRA-SC-01,EPS,32.24559756176316,3.959783187454431,2.819009794759843,39.99842628893123,0.9509758185603387,NOMINAL,0.9999606572232806,0.0450021245099428,1.0,False,0.3536585365853658,0.0,130.0,STANDBY,False,ASTRA_SIMULATED_EPS,127.68557509449136,-0.012535443552066993,-0.005894887171058949,-0.006189983995563475,2.126494229373884,32.32400603074317,0.13345933785562528,4.005162884262996,0.033662396747002346,3.2668155767812497,0.28519426336447795,129.4644776366128,1.3834206394152115,1.771649869772849e-05
7780.0,ASTRA-SC-01,EPS,32.39912367644657,4.01228444089774,2.8033046998224016,39.99842406797974,0.9506981749601632,NOMINAL,0.9999606016994936,0.0450021275082273,1.0,False,0.3554006968641115,0.0,130.0,STANDBY,False,ASTRA_SIMULATED_EPS,129.99449982572816,0.015352611468340882,0.0052501253443308915,-0.0015705094937441544,2.9242371298656136,32.31665504529846,0.12530676346011868,4.003423307519581,0.03247666414792401,3.2055207322771175,0.2789433701860462,129.37843081598336,1.2996912355589478,-1.4466278204850457e-05
7790.0,ASTRA-SC-01,EPS,32.62186337636212,-3.3410232703820157,2.8059457865574804,39.99842184691845,0.9509302102664048,NOMINAL,0.9999605461729612,0.04500213050666,1.0,True,0.3571428571428571,203.6396249999948,95.0,STANDBY,False,ASTRA_SIMULATED_EPS,-108.99040466364868,0.02227396999155502,-0.7353307711279756,0.000264108673507879,0.030291089216064507,32.33864791953227,0.14762705875528356,3.51569111577999,1.8971145620660264,3.154487956921829,0.2772352801135098,113.55511867949367,61.57843645765638,-9.971555563900143e-06
7800.0,ASTRA-SC-01,EPS,33.6068097182155,-20.691429385470748,2.965774336606713,39.99841999070924,0.9523703493199804,NOMINAL,0.9999604997677308,0.0450021330125425,1.0,True,0.3588850174216028,769.3052499999949,95.0,STANDBY,False,ASTRA_SIMULATED_EPS,-695.3729301554081,0.09849463418533802,-1.735040611508873,0.015982855004923247,0.05676791282694094,32.421708113247334,0.3595002912077351,1.8692095560874684,6.5217634035236225,3.110714434937654,0.24842105778671034,58.554848224802775,217.422787217461,-1.8845790177330904e-06
7810.0,ASTRA-SC-01,EPS,33.983591549211496,-31.39467916458879,3.153394257132117,39.99840847005189,0.9545266580434356,NOMINAL,0.9999602117512972,0.0450021485654299,1.0,True,0.3606271777003484,1104.8905011291931,95.0,STANDBY,False,ASTRA_SIMULATED_EPS,-1066.9039535479258,0.03767818309959949,-1.0703249779118043,0.01876199205254041,0.03520256359251686,32.52861892573469,0.5395535196128561,-0.48763555467955866,10.738016726629148,3.0846477713351907,0.21835973954628643,-21.11606063604172,361.38802195826685,-3.0576467328557044e-05
7820.0,ASTRA-SC-01,EPS,34.05383036271749,-30.417333539476964,3.2888501089102355,39.99839122026847,0.9566296860373265,NOMINAL,0.999959780506712,0.0450021718526375,1.0,True,0.3623693379790941,1080.3144459123678,95.0,STANDBY,False,ASTRA_SIMULATED_EPS,-1035.8267164395456,0.007023881350599481,0.09773456251118269,0.013545585177811858,0.07186691350662992,32.65805492930523,0.6534134128117093,-2.7812009325943006,13.123412837139078,3.0743065788438453,0.2032797384061083,-98.70479598729881,442.8413844488551,-0.00024558762538147037
7830.0,ASTRA-SC-01,EPS,34.11557633781686,-29.41672861583567,3.4398460561168327,39.99837439672119,0.9586838519116826,NOMINAL,0.9999593599180296,0.0450021945644264,1.0,True,0.3641114982578397,1057.78103615163,95.0,STANDBY,False,ASTRA_SIMULATED_EPS,-1003.5686507023835,0.00617459750993703,0.10006049236412942,0.015099594720659715,0.06170864608048396,32.759510480493375,0.7532368931394738,-5.013890858000789,14.63563337416297,3.0768552208545716,0.20786449371050933,-174.46100818683513,494.58711104571216,-0.00027246386921717184
7840.0,ASTRA-SC-01,EPS,34.33445761767146,-29.137908858077587,3.6239003584001854,39.99835796406204,0.9606932031395318,NOMINAL,0.999958949101551,0.0450022167485162,1.0,True,0.3658536585365853,1037.1199875493169,95.0,STANDBY,False,ASTRA_SIMULATED_EPS,-1000.4342967552387,0.02188812798545996,0.027881975775808244,0.018405430228335275,0.785027867517594,32.899104540662535,0.8393006872748902,-7.223717123211547,15.643624096624125,3.09473884254514,0.24225779880092424,-249.77449412503086,529.7929849070558,-7.507567190099065e-05
7850.0,ASTRA-SC-01,EPS,34.2876945304136,-28.39571688940233,3.724258621400583,39.998341889912105,0.9626614473041994,NOMINAL,0.9999585472478026,0.0450022384486186,1.0,True,0.367595818815331,1018.1751824508016,95.0,STANDBY,False,ASTRA_SIMULATED_EPS,-973.6236666759335,-0.004676308725785816,0.07421919686752573,0.01003582630003974,0.06300672768168841,33.03716758819759,0.8879595695981194,-9.386176749606399,16.206995616563912,3.125495413192455,0.2897619550805794,-323.36231194702947,549.5376539529597,0.000343735858247369
7860.0,ASTRA-SC-01,EPS,33.95677399550546,-27.73967455305929,3.818726370345259,39.9983261446115,0.9645919806962114,NOMINAL,0.9999581536152876,0.0450022597047744,1.0,True,0.3693379790940767,1000.803492105937,95.0,STANDBY,False,ASTRA_SIMULATED_EPS,-941.9498595071083,-0.033092053490814524,0.06560423363430382,0.009446774894467635,0.5044194811462749,33.14447455235534,0.8958422860796628,-11.503032659463305,16.40432490713738,3.1658912404061765,0.3405813854900712,-394.8132692034112,556.0437807715637,4.7580306893275504e-05
7870.0,ASTRA-SC-01,EPS,34.041658166939435,-27.51570965332357,4.078042913966466,39.99831070099065,0.966487914487973,NOMINAL,0.9999577675247664,0.0450022805536626,1.0,True,0.3710801393728223,984.873696798297,95.0,STANDBY,False,ASTRA_SIMULATED_EPS,-936.6803822391965,0.008488417143397698,0.022396489973572287,0.025931654362120683,0.37900658332685055,33.253879109150766,0.8987094398359671,-13.602833553248985,16.296208920839117,3.2308102965717955,0.4130845787652327,-465.8584006756819,552.4049785807489,-0.00018193758135659258
7880.0,ASTRA-SC-01,EPS,34.17368585064581,-26.629589955260503,4.146728067519293,39.998295534160874,0.9683520986942024,NOMINAL,0.999957388354022,0.0450023010288828,1.0,True,0.3728222996515679,970.2654957129714,95.0,STANDBY,False,ASTRA_SIMULATED_EPS,-910.0312414625856,0.013202768370637585,0.08861196980630659,0.006868515355282679,0.1489953151870678,33.39304803634637,0.8660022704321955,-15.645333097360883,15.84503351663613,3.2998094673027434,0.47375842501446036,-535.1003628567081,537.4617446822518,-0.00011487613317387647
7890.0,ASTRA-SC-01,EPS,33.993692719137414,-26.576613246806165,4.385129642391661,39.998280621322714,0.9701871441077786,NOMINAL,0.9999570155330678,0.0450023211612143,1.0,True,0.3745644599303135,956.8685990886804,95.0,STANDBY,False,ASTRA_SIMULATED_EPS,-903.4372242272857,-0.01799931315083967,0.005297670845433799,0.0238401574872368,3.397589936406439,33.50357088162271,0.82632214381657,-17.686371189639214,15.08178948478345,3.391265178573078,0.5419953334751363,-604.0363874483782,511.6737262022325,8.285226239369527e-05
7900.0,ASTRA-SC-01,EPS,34.26212003292642,-26.11249029181492,4.479725257135744,39.99826594159043,0.971995442384034,NOMINAL,0.9999566485397609,0.0450023409788529,1.0,True,0.3763066202090592,944.5818958189622,95.0,STANDBY,False,ASTRA_SIMULATED_EPS,-894.6692767367887,0.026842731378900454,0.04641229549912431,0.009459561474408318,0.578353884250498,33.62982849953711,0.7840671255410896,-19.69187318239876,13.954297899354017,3.4942363937186864,0.5934337015130594,-672.2478897077102,473.84453742125584,-5.468792305110758e-05
7910.0,ASTRA-SC-01,EPS,34.37563602124967,-25.535675061388556,4.690992094856298,39.99825147583137,0.973779184431412,NOMINAL,0.999956286895784,0.0450023605076276,1.0,True,0.3780487804878049,933.3126902347876,95.0,STANDBY,False,ASTRA_SIMULATED_EPS,-877.8050714671953,0.011351598832325038,0.05768152304263659,0.021126683772055444,0.19679783461914227,33.76347410113483,0.7226043776349586,-21.66216699043566,12.363079748719015,3.614908557728074,0.6418676844444032,-739.4409066440016,420.389690718671,-0.0001274336706128229
7920.0,ASTRA-SC-01,EPS,34.22751989318789,-25.534832439204855,4.743124784938691,39.998237206518766,0.975540377252673,NOMINAL,0.9999559301629692,0.0450023797711996,1.0,True,0.3797909407665505,922.976002321428,95.0,STANDBY,False,ASTRA_SIMULATED_EPS,-873.9939852821036,-0.014811612806177977,8.426221837005698e-05,0.00521326900823924,0.24973616278590427,33.895602256563144,0.5952022932568269,-23.628474698879618,10.143111979917785,3.7431828904066644,0.66335296512497,-806.2195440024412,345.73837015897925,9.633868227296298e-05
7930.0,ASTRA-SC-01,EPS,34.332674071758774,-25.18741572020778,4.859522852276899,39.99822311759712,0.9772808593683336,NOMINAL,0.999955577939928,0.0450023987912438,1.0,True,0.3815331010452961,913.4939260996688,95.0,STANDBY,False,ASTRA_SIMULATED_EPS,-864.751334631787,0.010515417857088493,0.03474167189970743,0.011639806733820812,0.30267449095266624,34.02450561625063,0.43605891372810546,-25.57512137628665,6.6651295181125825,3.880264100570297,0.6676983500586654,-872.5359329662756,229.04328526936445,-0.00013398346919558127
7940.0,ASTRA-SC-01,EPS,34.34542142230524,-24.794123662621995,5.050944557140955,39.99820919435872,0.9790023149426416,NOMINAL,0.999955229858968,0.0450024175876157,1.0,True,0.3832752613240418,904.7950413390986,95.0,STANDBY,False,ASTRA_SIMULATED_EPS,-851.5646259895028,0.001274735054646925,0.03932920575857857,0.019142170486405607,0.03241191959155893,34.13940948598017,0.20695090509207564,-27.00532806910265,2.639098763757664,4.029930685275862,0.6612664692146571,-922.0408810546659,90.68331671443674,-0.001092245666886237
7950.0,ASTRA-SC-01,EPS,34.154728360646146,-24.565504304975608,5.143371556732737,39.998195423330685,0.9807062867220272,NOMINAL,0.9999548855832672,0.0450024361785035,1.0,True,0.3850174216027874,896.8138741725157,95.0,STANDBY,False,ASTRA_SIMULATED_EPS,-839.0281265787254,-0.019069306165909693,0.02286193576463873,0.009242699959178235,0.8341072410589476,34.17593739547554,0.14544496071771207,-27.263599730402973,2.1144849361945113,4.175103833284264,0.6498911998274605,-931.6178941495538,70.33870341231138,7.221567432606151e-05
7960.0,ASTRA-SC-01,EPS,34.435638232545244,-24.1736887209445,5.235935529195261,39.99818179217144,0.9823941878865248,NOMINAL,0.999954544804286,0.0450024545805685,1.0,True,0.3867595818815331,889.4904025484792,95.0,STANDBY,False,ASTRA_SIMULATED_EPS,-832.4363995406042,0.02809098718990981,0.03918155840311073,0.009256397246252402,0.7169441016332723,34.20607384103112,0.1495191894787213,-26.782200367493353,1.919825218815172,4.313939918088474,0.6383774943992494,-915.986723882399,63.88332753357307,-4.852502746275135e-05
7970.0,ASTRA-SC-01,EPS,34.12217908147871,-24.279650785660586,5.432830084835298,39.998168289575915,0.9840673129060424,NOMINAL,0.999954207239398,0.0450024728090725,1.0,True,0.3885017421602787,882.7696027964689,95.0,STANDBY,False,ASTRA_SIMULATED_EPS,-828.4745921440758,-0.03134591510665317,-0.010596206471608482,0.019689455564003654,2.9582204905728795,34.210630422281874,0.1455366055607731,-26.37302151723893,1.7348807173945713,4.456871916483478,0.6324569042833984,-902.1632489293677,58.28840610232706,4.307609293186711e-05
7980.0,ASTRA-SC-01,EPS,34.265934141561715,-24.07664887957296,5.554799573083257,39.99815490518869,0.985726847485501,NOMINAL,0.9999538726297174,0.0450024908779952,1.0,True,0.3902439024390244,876.601033888537,95.0,STANDBY,False,ASTRA_SIMULATED_EPS,-825.0088648569528,0.014375506008300221,0.02030019060876249,0.012196948824795939,0.7081463561280599,34.22065427586487,0.14368833027399908,-26.017016201488083,1.6090243953259167,4.597868817614573,0.6252385800295982,-890.2592632063389,54.188629760661684,-9.31055033172203e-05
7990.0,ASTRA-SC-01,EPS,34.10723768004058,-23.6905186193508,5.738452121751537,39.99814162952446,0.9873738776756968,NOMINAL,0.9999535407381116,0.0450025088001419,1.0,True,0.39198606271777,870.9384562650696,95.0,STANDBY,False,ASTRA_SIMULATED_EPS,-808.0181493136247,-0.01586964615211315,0.03861302602221599,0.018365254866828006,0.41099203525210776,34.20550628002281,0.14280828920734276,-25.653856852239628,1.4623802123859861,4.738838935171329,0.628328454306464,-877.4315200435648,48.74606519782944,8.365444385401372e-05
8000.0,ASTRA-SC-01,EPS,34.15508400894357,-23.528688787640412,5.8403339362786895,39.99812845389509,0.9890093982201896,NOMINAL,0.9999532113473774,0.0450025265872416,1.0,True,0.3937282229965156,865.7394823524402,95.0,STANDBY,False,ASTRA_SIMULATED_EPS,-803.6243421621468,0.004784632890298468,0.016182983171038855,0.010188181452715207,0.29565827509856585,34.19666557859147,0.14145520023267413,-25.329388312122166,1.3458700779635477,4.87991062282987,0.6217804366360864,-866.0982317426456,44.347993423115966,-0.00027537388284209645
8010.0,ASTRA-SC-01,EPS,34.23212586818611,-23.193631560291028,6.066026006439625,39.99811537034293,0.990634320202548,NOMINAL,0.9999528842585732,0.045002544250037,1.0,True,0.3954703832752613,860.9652561389119,95.0,STANDBY,False,ASTRA_SIMULATED_EPS,-793.9673149122162,0.007704185924254148,0.03350572273493846,0.02256920701609353,0.22993641967378078,34.21502237010351,0.1250111180779726,-25.026318779270948,1.2742879734022976,5.029730598569494,0.618559390145602,-856.2327287696528,42.69819399310703,-0.0001698239410407427
8020.0,ASTRA-SC-01,EPS,34.05628859984906,-23.156534854672508,6.169621282923213,39.99810237157955,0.9922494780528128,NOMINAL,0.9999525592894888,0.0450025617983676,1.0,True,0.397212543554007,856.5801593939026,95.0,STANDBY,False,ASTRA_SIMULATED_EPS,-788.6256339831907,-0.017583726833704814,0.0037096705618520076,0.010359527648358836,0.21957694515390994,34.21599773229749,0.1236111148241017,-24.735707126027545,1.1577544692225104,5.169169156499944,0.624420572531487,-846.3624122192524,39.78643691049143,7.392496200701396e-05
8030.0,ASTRA-SC-01,EPS,34.083014284888826,-23.028793682012445,6.33477071135458,39.99808945092974,0.9938556359670624,NOMINAL,0.9999522362732436,0.0450025792412448,1.0,True,0.3989547038327526,852.5515423163273,95.0,STANDBY,False,ASTRA_SIMULATED_EPS,-784.8907040277877,0.002672568503976436,0.012774117266006257,0.016514942843136725,0.2092174706340391,34.209952961247026,0.1279682217842749,-24.495654041144345,1.1093084987354191,5.315038666088963,0.6240814516686125,-838.0197097235991,38.58431276832071,-0.0004834543918896726
8040.0,ASTRA-SC-01,EPS,34.088658325110096,-23.11818349850189,6.436413059868818,39.99807660228015,0.9954534937893884,NOMINAL,0.9999519150570038,0.0450025965869217,1.0,True,0.4006968641114982,848.8494765816648,95.0,STANDBY,False,ASTRA_SIMULATED_EPS,-788.0678583776292,0.0005644040221270075,-0.008938981648944378,0.010164234851423792,0.06313963315873448,34.21628400164521,0.118504004261228,-24.265092057924058,0.9999130781421123,5.451790893920774,0.6304714436635208,-830.3284186669554,36.026662311732046,-0.0022764985871632833
8050.0,ASTRA-SC-01,EPS,34.329288412393105,-22.83185639043193,6.529105411753475,39.99806382003224,0.9970436924014366,NOMINAL,0.999951595500806,0.0450026138429564,1.0,True,0.4024390243902439,845.4465289260662,95.0,STANDBY,False,ASTRA_SIMULATED_EPS,-783.8013830174783,0.02406300872830087,0.02863271080699583,0.009269235188465697,0.8404027439281633,34.22076189360965,0.12158861221976977,-24.046383131165193,0.9227809915871261,5.5884162375619555,0.6268183308293159,-822.9372257523348,33.140888212489536,-5.3119907205144534e-05
8060.0,ASTRA-SC-01,EPS,34.351832627987676,-22.953730446814937,6.68993223666367,39.998051099059126,0.998626818660836,NOMINAL,0.999951277476478,0.0450026310162701,1.0,True,0.4041811846689895,842.3175535604809,95.0,STANDBY,False,ASTRA_SIMULATED_EPS,-788.5027064969315,0.0022544215594571424,-0.012187405638300675,0.01608268249101945,0.1849796114418559,34.219175000725514,0.11956135223156594,-23.874253490193617,0.8640774127752712,5.721678913682448,0.634834082359617,-816.9837347543172,30.49596389944436,-0.0005642677193264499
8070.0,ASTRA-SC-01,EPS,34.48612729166661,-22.728985761195208,6.759878913178251,39.99803843466612,1.0,NOMINAL,0.999950960866653,0.0450026481132007,1.0,True,0.4059233449477352,839.4395018495848,95.0,STANDBY,False,ASTRA_SIMULATED_EPS,-783.8346961710558,0.013429466367893638,0.022474468561972927,0.006994667651458108,0.5975432224731871,34.23641549395743,0.13806422071149965,-23.68719704499297,0.7783719673403106,5.856129188898418,0.6262894286556909,-810.9731154802472,27.159358201802213,-9.430302483790908e-05
8080.0,ASTRA-SC-01,EPS,32.92576578031696,-22.555260823237,6.855364239321681,39.99802582255451,1.0,NOMINAL,0.9999506455638628,0.0450026651395514,1.0,True,0.4076655052264808,836.7912478203517,95.0,STANDBY,False,ASTRA_SIMULATED_EPS,-742.6492349798605,-0.15603615113496544,0.017372493795820888,0.009548532614343052,8.981793458605315,34.142621607861315,0.36286969016832066,-23.511720051861584,0.7096690266525991,5.989185281368069,0.6112648431088886,-802.8329755034522,28.16907871606484,8.082813834704026e-06
8090.0,ASTRA-SC-01,EPS,33.10053290855904,-22.409313192573105,6.869294253819092,39.99802582255451,1.0,NOMINAL,0.9999506455638628,0.0450026651395514,1.0,True,0.4094076655052265,834.3534281843233,95.0,STANDBY,False,ASTRA_SIMULATED_EPS,-741.7602087889722,0.017476712824208106,0.014594763066389405,0.0013930014497410604,1.1974646484296554,34.05962904027823,0.4460097986563449,-23.352732687191658,0.6677472208909049,6.110408594479946,0.5919034483316392,-795.5126810234167,28.859594029809834,0.0
8100.0,ASTRA-SC-01,EPS,33.14769425539751,-22.592882513196777,6.940347062833167,39.99802582255451,1.0,NOMINAL,0.9999506455638628,0.0450026651395514,1.0,True,0.4111498257839721,832.1082956669965,95.0,STANDBY,False,ASTRA_SIMULATED_EPS,-748.9019618955637,0.004716134683847173,-0.018356932062367194,0.007105280901407518,0.2569130107266416,33.99249343326165,0.5028433221025287,-23.22122456773974,0.6029422160122385,6.230206961553308,0.5633609720515647,-789.5042700445393,28.532833773802487,0.0
8110.0,ASTRA-SC-01,EPS,32.97938936859996,-22.383764529421786,6.976045678184708,39.99802582255451,1.0,NOMINAL,0.9999506455638628,0.0450026651395514,1.0,True,0.4128919860627177,830.0395845379817,95.0,STANDBY,False,ASTRA_SIMULATED_EPS,-738.2028859508578,-0.016830488679755007,0.020911798377499125,0.0035698615351541286,0.8048321993131129,33.895410175665305,0.549580674000178,-23.101896288304893,0.5775634288260817,6.346214304819271,0.5216109895781024,-783.222035805223,28.77794754120907,-0.0
8120.0,ASTRA-SC-01,EPS,32.94865315387821,-22.255540473273907,7.023943721600989,39.99802582255451,1.0,NOMINAL,0.9999506455638628,0.0450026651395514,1.0,True,0.4146341463414634,828.1323873275319,95.0,STANDBY,False,ASTRA_SIMULATED_EPS,-733.2900838060006,-0.0030736214721748924,0.012822405614787868,0.004789804341628035,0.23970708496618884,33.81717511382527,0.5965171946644994,-22.966955600812447,0.5159035674650293,6.452288547270316,0.4829494647966511,-776.8764019160179,28.580442412598803,-0.0
8130.0,ASTRA-SC-01,EPS,32.67474923047667,-22.094538081032542,7.164907942491681,39.99802582255451,1.0,NOMINAL,0.9999506455638628,0.0450026651395514,1.0,True,0.4163763066202091,826.3730417993215,95.0,STANDBY,False,ASTRA_SIMULATED_EPS,-721.9334911609556,-0.027390392340154078,0.016100239224136458,0.014096422089069183,1.7012413268426558,33.71109611975293,0.6500889844939222,-22.83481488090975,0.46244431950318543,6.559629105230878,0.4468039367530469,-770.0047103362848,28.57255290730684,-0.0
8140.0,ASTRA-SC-01,EPS,32.70131589075288,-22.16866214688996,7.119889147086068,39.99802582255451,1.0,NOMINAL,0.9999506455638628,0.0450026651395514,1.0,True,0.4181184668989547,824.7490273266627,95.0,STANDBY,False,ASTRA_SIMULATED_EPS,-724.9444237408245,0.0026566660276209574,-0.007412406585741849,-0.004501879540561226,0.35840802806624145,33.61736800046709,0.689076669928901,-22.7333577827457,0.4268735105820272,6.651724906919847,0.40595634323204377,-764.4664619647647,28.728775861225248,0.0
8150.0,ASTRA-SC-01,EPS,32.936552060266465,-22.168964798555287,7.181908193750503,39.99802582255451,1.0,NOMINAL,0.9999506455638628,0.0450026651395514,1.0,True,0.4198606271777003,823.248869890208,95.0,STANDBY,False,ASTRA_SIMULATED_EPS,-730.1692632098309,0.023523616951358406,-3.0265166532572606e-05,0.006201904666443436,1.4961901062073386,33.536132537221945,0.6929727385842815,-22.64270951680669,0.3885711304623511,6.7411631907513,0.3595591196889114,-759.5694567012771,27.8234795854749,0.0
8160.0,ASTRA-SC-01,EPS,32.74737925439957,-22.240785149199457,7.195957860054211,39.99802582255451,1.0,NOMINAL,0.9999506455638628,0.0450026651395514,1.0,True,0.4216027874564459,821.8620549801761,95.0,STANDBY,False,ASTRA_SIMULATED_EPS,-728.3274261964523,-0.0189172805866896,-0.007182035064417036,0.0014049666303708186,2.633972184348436,33.43714942963618,0.6924963754675968,-22.579186422733915,0.3694905445411014,6.816491980992274,0.3246833866266654,-755.193464120226,27.18147528573988,-0.0
8170.0,ASTRA-SC-01,EPS,32.725617625216756,-22.129464242802108,7.25377394687398,39.99802582255451,1.0,NOMINAL,0.9999506455638628,0.0450026651395514,1.0,True,0.4233449477351916,820.5789477457336,95.0,STANDBY,False,ASTRA_SIMULATED_EPS,-724.2003850608486,-0.0021761629182812216,0.011132090639734925,0.005781608681976902,0.195485555113396,33.348438031327355,0.6927489616562131,-22.51071504860922,0.3494812038903172,6.888768825255658,0.2891224291015319,-750.8984475254033,26.60532953660338,-0.0
8180.0,ASTRA-SC-01,EPS,32.96292899783217,-21.913801875699548,7.308081526126458,39.99802582255451,1.0,NOMINAL,0.9999506455638628,0.0450026651395514,1.0,True,0.4250871080139373,819.3907197887901,95.0,STANDBY,False,ASTRA_SIMULATED_EPS,-722.3430953012456,0.02373113726154159,0.021566236710255992,0.005430757925247764,1.100383788807069,33.27376567885691,0.6678318476082955,-22.436382261521697,0.3499937737484918,6.953656212907117,0.2640398428939085,-746.7286069436338,25.786113258716327,0.0
8190.0,ASTRA-SC-01,EPS,32.88088016348416,-21.99429632491736,7.407982757523505,39.99802582255451,1.0,NOMINAL,0.9999506455638628,0.0450026651395514,1.0,True,0.4268292682926829,818.2892820495751,95.0,STANDBY,False,ASTRA_SIMULATED_EPS,-723.1918217397678,-0.008204883434801502,-0.008049444921781302,0.009990123139704732,1.0193104635823513,33.19324713474852,0.634544366208151,-22.361456449949394,0.3118284639803793,7.018427526084095,0.24668962939494174,-742.4035378344431,23.714649065954838,-0.0
8200.0,ASTRA-SC-01,EPS,32.84639819305146,-21.935243426668865,7.45560235684498,39.99802582255451,1.0,NOMINAL,0.9999506455638628,0.0450026651395514,1.0,True,0.4285714285714285,817.2672232772943,95.0,STANDBY,False,ASTRA_SIMULATED_EPS,-720.4937400538802,-0.0034481970432693743,0.0059052898248495465,0.004761959932147519,0.5839166485545401,33.0943877867924,0.5555028983646043,-22.30168225236519,0.3009633330814013,7.080193989090196,0.23090506510991107,-738.1830283035365,21.334832797528506,-0.0
8210.0,ASTRA-SC-01,EPS,32.624526120035206,-21.89186389570778,7.522792485017498,39.99802582255451,1.0,NOMINAL,0.9999506455638628,0.0450026651395514,1.0,True,0.4303135888501742,816.3177536212845,95.0,STANDBY,False,ASTRA_SIMULATED_EPS,-714.2116854817741,-0.022187207301625732,0.004337953096108649,0.006719012817251802,0.822009780785967,32.97923401959557,0.4440773088282382,-22.230891148958047,0.2585286006251475,7.135718005647118,0.23049411741465892,-733.2302935691928,17.00223264738009,-0.0
8220.0,ASTRA-SC-01,EPS,32.6972881602706,-21.960500666102355,7.559378024705713,39.99802582255451,1.0,NOMINAL,0.9999506455638628,0.0450026651395514,1.0,True,0.4320557491289198,815.4346529167126,95.0,STANDBY,False,ASTRA_SIMULATED_EPS,-718.0488184233632,0.007276204023539634,-0.006863677039457628,0.003658553968821465,1.060102913017394,32.85997807750251,0.15953092520082435,-22.17965880928519,0.22699276323120057,7.189017946415616,0.22981437654126743,-728.8445683860132,10.100267514545108,0.0
8230.0,ASTRA-SC-01,EPS,32.78401386730468,-21.81671292176892,7.690044479258217,39.99802582255451,1.0,NOMINAL,0.9999506455638628,0.0450026651395514,1.0,True,0.4337979094076655,814.6122232742658,95.0,STANDBY,False,ASTRA_SIMULATED_EPS,-715.2394189662775,0.008672570703407701,0.014378774433343367,0.01306664545525047,0.6031508974295208,32.85052794996836,0.15955397453733655,-22.13042228252065,0.21968310207034805,7.244663295744718,0.2438766936876276,-727.0172473184409,9.901877133804303,0.0
8240.0,ASTRA-SC-01,EPS,32.68596755988234,-22.074641302348056,7.633543556700944,39.99802582255451,1.0,NOMINAL,0.9999506455638628,0.0450026651395514,1.0,True,0.4355400696864111,813.8452456157639,95.0,STANDBY,False,ASTRA_SIMULATED_EPS,-721.5310095045875,-0.009804630742233655,-0.025792838057913416,-0.005650092255727301,0.38012996942093114,32.822890260056575,0.14869061964354696,-22.108110823172314,0.20589762963647484,7.295613249270175,0.23964993180495425,-725.6686340328154,9.09522212222862,-0.0
8250.0,ASTRA-SC-01,EPS,32.93049751674927,-21.92098740528381,7.737384622659788,39.99802582255451,1.0,NOMINAL,0.9999506455638628,0.0450026651395514,1.0,True,0.4372822299651568,813.1289398273803,95.0,STANDBY,False,ASTRA_SIMULATED_EPS,-721.8690213143906,0.0244529956866927,0.015365389706424537,0.010384106595884379,1.5914334848577565,32.808410477480024,0.12319013467322686,-22.063317815978117,0.16111864619623273,7.348749086591949,0.2435812980154448,-723.8664379940705,6.458957186610262,0.0
8260.0,ASTRA-SC-01,EPS,32.59021954394714,-21.79488238399752,7.680667958230931,39.99802582255451,1.0,NOMINAL,0.9999506455638628,0.0450026651395514,1.0,True,0.4390243902439024,812.4589282294721,95.0,STANDBY,False,ASTRA_SIMULATED_EPS,-710.3000018289853,-0.03402779728021273,0.012610502128628909,-0.005671666442885748,2.698369734458182,32.78246582250317,0.12556670264123368,-22.024059006283164,0.14872835425588776,7.395723905261698,0.23433929694177935,-722.006245719279,6.039533519440477,-0.0
8270.0,ASTRA-SC-01,EPS,33.08997891269395,-21.627298987429597,7.718740318178333,39.99802582255451,1.0,NOMINAL,0.9999506455638628,0.0450026651395514,1.0,True,0.440766550522648,811.8312020870334,95.0,STANDBY,False,ASTRA_SIMULATED_EPS,-715.6468674325727,0.049975936874680826,0.01675833965679239,0.003807235994740221,2.9821532382192104,32.79188753975755,0.14301660631835542,-21.98217624056021,0.1663052441117083,7.442043678366854,0.2240447918576297,-720.8300312943836,5.365418346625838,0.0
8280.0,ASTRA-SC-01,EPS,32.716245436509936,-21.738880410749932,7.783703145604496,39.99802582255451,1.0,NOMINAL,0.9999506455638628,0.0450026651395514,1.0,True,0.4425087108013937,811.2420909077512,95.0,STANDBY,False,ASTRA_SIMULATED_EPS,-711.2145470330327,-0.037373347618401456,-0.011158142332033449,0.006496282742616266,3.3494238114446575,32.7946539534931,0.14097569298278306,-21.95846572920804,0.17430247343683905,7.483296691907709,0.22632858085731722,-720.1154350191888,5.895568510304034,-0.0
8290.0,ASTRA-SC-01,EPS,32.79767897392805,-21.81724958748116,7.752938142344664,39.99802582255451,1.0,NOMINAL,0.9999506455638628,0.0450026651395514,1.0,True,0.4442508710801394,810.6882342956696,95.0,STANDBY,False,ASTRA_SIMULATED_EPS,-715.5551480642713,0.00814335374181141,-0.007836917673122912,-0.0030765003259831227,1.0391016062015601,32.80107815903811,0.13859399716616158,-21.93503822524745,0.16751666804005197,7.5254999582582816,0.21231201836330862,-719.4894833074187,5.844460409476397,0.0
8300.0,ASTRA-SC-01,EPS,32.801824020754005,-21.882884916998503,7.870004290463076,39.99802582255451,1.0,NOMINAL,0.9999506455638628,0.0450026651395514,1.0,True,0.445993031358885,810.1665561477754,95.0,STANDBY,False,ASTRA_SIMULATED_EPS,-717.798540113797,0.00041450468259540685,-0.0065635329517341745,0.011706614811841121,0.06315267793176678,32.79209628973729,0.13345770155492967,-21.915966233143664,0.15478277165504367,7.571373031372453,0.20704250007068473,-718.6647684343498,5.048389527387343,0.0
8310.0,ASTRA-SC-01,EPS,33.04002630961807,-21.932405584336852,7.980936553885063,39.99802582255451,1.0,NOMINAL,0.9999506455638628,0.0450026651395514,1.0,True,0.4477351916376306,809.6742409984951,95.0,STANDBY,False,ASTRA_SIMULATED_EPS,-724.6472575397039,0.023820228886406624,-0.004952066733834926,0.011093226342198736,1.1598790169504338,32.81160609341852,0.14714269273978223,-21.89540759548616,0.12644336674745982,7.62370494429451,0.20456550595331452,-718.4194238572331,4.6161798285148885,0.0
8320.0,ASTRA-SC-01,EPS,32.75680070600627,-21.806895998505805,8.025288574575292,39.99802582255451,1.0,NOMINAL,0.9999506455638628,0.0450026651395514,1.0,True,0.4494773519163763,809.2087123333245,95.0,STANDBY,False,ASTRA_SIMULATED_EPS,-714.3241462396602,-0.028322560361180395,0.012550958583104687,0.004435202069022903,2.256605355969101,32.813684965471154,0.14605732645695385,-21.873903045866406,0.11017714753784624,7.67513925280793,0.20188341668190835,-717.7610079358205,4.433450287887417,-0.0
8330.0,ASTRA-SC-01,EPS,32.85775857221798,-21.69664956526148,8.079551222615418,39.99802582255451,1.0,NOMINAL,0.9999506455638628,0.0450026651395514,1.0,True,0.4512195121951219,808.7676127076743,95.0,STANDBY,False,ASTRA_SIMULATED_EPS,-712.90327324138,0.010095786621171499,0.011024643324432403,0.005426264804012604,0.9157472331823736,32.80667360376354,0.14081135056874872,-21.85942622517053,0.11851137933810205,7.726570565907195,0.19995298771328307,-717.1316864651629,4.406473479909848,0.0
8340.0,ASTRA-SC-01,EPS,32.747185131561714,-21.818458832450112,8.022135240462834,39.99802582255451,1.0,NOMINAL,0.9999506455638628,0.0450026651395514,1.0,True,0.4529616724738676,808.3487855206527,95.0,STANDBY,False,ASTRA_SIMULATED_EPS,-714.4931106716017,-0.01105734406562675,-0.012180926718863106,-0.005741598215258392,0.9077588529043197,32.797760601635375,0.14000774238826857,-21.847703725672716,0.11277549980891949,7.767514064769816,0.1928084719249219,-716.5517723939518,4.114698887873176,-0.0
8350.0,ASTRA-SC-01,EPS,32.665769843999925,-21.40140714625634,8.183756693019383,39.99802582255451,1.0,NOMINAL,0.9999506455638628,0.0450026651395514,1.0,True,0.4547038327526132,807.9502583060121,95.0,STANDBY,False,ASTRA_SIMULATED_EPS,-699.0934401773449,-0.008141528756178929,0.04170516861937727,0.016162145255654892,0.19521630113722088,32.78571871169861,0.1432558124238258,-21.812114640311883,0.1582437269341378,7.816057687181444,0.200191561603813,-715.1250857355161,5.950709378860469,-0.0
8360.0,ASTRA-SC-01,EPS,32.57924867749926,-21.875348407957073,8.19062550963131,39.99802582255451,1.0,NOMINAL,0.9999506455638628,0.0450026651395514,1.0,True,0.4564459930313589,807.5702274139405,95.0,STANDBY,False,ASTRA_SIMULATED_EPS,-712.682415689771,-0.008652116650066688,-0.047394126170073395,0.0006868816611927287,0.18255672905580422,32.782700215529545,0.147314372961177,-21.811013607795168,0.15770575248622418,7.860579888822364,0.20452670746899249,-715.0231344160493,5.980501743278133,-0.0
8370.0,ASTRA-SC-01,EPS,32.89032853284566,-21.651673942975545,8.198673811653347,39.99802582255451,1.0,NOMINAL,0.9999506455638628,0.0450026651395514,1.0,True,0.4581881533101045,807.2070439678935,95.0,STANDBY,False,ASTRA_SIMULATED_EPS,-712.1306692705194,0.031107985534639938,0.02236744649815279,0.0008048302022036324,1.390770535081373,32.795569573701215,0.1477511596622807,-21.790425159586714,0.1569531200095986,7.903199607952207,0.20388630721570725,-714.6285911391931,5.961820433662117,0.0
8380.0,ASTRA-SC-01,EPS,32.77979206502414,-21.666185645427507,8.260485892804711,39.99802582255451,1.0,NOMINAL,0.9999506455638628,0.0450026651395514,1.0,True,0.4599303135888501,806.8592009902983,95.0,STANDBY,False,ASTRA_SIMULATED_EPS,-710.2130602993245,-0.011053646782151816,-0.0014511702451962094,0.0061812081151364495,3.929536579994317,32.79528812021585,0.14777876314913863,-21.780390007830622,0.15993610168414982,7.941229035521973,0.21422611349038181,-714.2935005613962,6.065392207897878,-0.0
8390.0,ASTRA-SC-01,EPS,32.43622845907177,-21.719300600907392,8.258271143666251,39.99802582255451,1.0,NOMINAL,0.9999506455638628,0.0450026651395514,1.0,True,0.4616724738675958,806.5253215997941,95.0,STANDBY,False,ASTRA_SIMULATED_EPS,-704.4921962622869,-0.034356360595236876,-0.005311495547988443,-0.00022147491384600927,6.4683026249072615,32.77863884682848,0.17290682059480042,-21.756700627734574,0.13805901509342938,7.98287754131966,0.2108360842232443,-713.1575796785762,6.2069951516663915,-0.0
8400.0,ASTRA-SC-01,EPS,32.82879069475119,-21.344854452807443,8.363746682455517,39.99802582255451,1.0,NOMINAL,0.9999506455638628,0.0450026651395514,1.0,True,0.4634146341463415,806.2041481907664,95.0,STANDBY,False,ASTRA_SIMULATED_EPS,-700.7257592411435,0.039256223567942075,0.037444614809994906,0.010547553878926585,1.0483810226688086,32.7718583920286,0.16846349630566448,-21.71829176423615,0.16633498851842687,8.024635011972709,0.22054562145078935,-711.748028873693,6.482027269527028,0.0
8410.0,ASTRA-SC-01,EPS,32.748522638757876,-21.569489803159485,8.41391936302449,39.99802582255451,1.0,NOMINAL,0.9999506455638628,0.0450026651395514,1.0,True,0.4651567944250871,805.8945325133756,95.0,STANDBY,False,ASTRA_SIMULATED_EPS,-706.3689251252256,-0.00802680559933151,-0.022463535035204173,0.005017268056897351,0.35732602133867813,32.78241193168265,0.1610679808752655,-21.703265592180284,0.16907980164935663,8.073518438958946,0.22012177252941012,-711.4859570934423,6.622694940586606,-0.0
8420.0,ASTRA-SC-01,EPS,32.86874280002092,-21.59610420547411,8.536906073595553,39.99802582255451,1.0,NOMINAL,0.9999506455638628,0.0450026651395514,1.0,True,0.4668989547038327,805.5954265790689,95.0,STANDBY,False,ASTRA_SIMULATED_EPS,-709.8367946121786,0.01202201612630418,-0.002661440231462464,0.012298671057106247,0.8563003077254814,32.767662857504455,0.13958946585005205,-21.701185940049918,0.17026858489492727,8.128062822653428,0.22718534982337882,-711.0986189054162,6.531229018152323,0.0
8430.0,ASTRA-SC-01,EPS,32.614306425833,-21.60239404902217,8.43193564183345,39.99802582255451,1.0,NOMINAL,0.9999506455638628,0.0450026651395514,1.0,True,0.4686411149825784,805.3058743228205,95.0,STANDBY,False,ASTRA_SIMULATED_EPS,-704.5470990464003,-0.02544363741879181,-0.0006289843548060503,-0.010497043176210318,1.3552745941122846,32.76086692345932,0.14466086913594525,-21.69208684926807,0.17175076145502577,8.171278322402024,0.2184892897379257,-710.654122372974,6.746124021814153,-0.0
8440.0,ASTRA-SC-01,EPS,32.89081122574147,-21.751513621274007,8.501444354082922,39.99802582255451,1.0,NOMINAL,0.9999506455638628,0.0450026651395514,1.0,True,0.470383275261324,805.0250039590653,95.0,STANDBY,False,ASTRA_SIMULATED_EPS,-715.4249283914677,0.02765047999084729,-0.01491195722518377,0.006950871224947264,1.8542488804990878,32.76707574024689,0.1483063654292521,-21.687704451520922,0.16914792467143988,8.221178736517908,0.2008866611005926,-710.6454410614537,6.739447079956959,0.0
8450.0,ASTRA-SC-01,EPS,32.75126224975945,-21.52870277335758,8.612175922446687,39.99802582255451,1.0,NOMINAL,0.9999506455638628,0.0450026651395514,1.0,True,0.4721254355400697,804.752020973534,95.0,STANDBY,False,ASTRA_SIMULATED_EPS,-705.0921904273577,-0.013954897598202365,0.02228108479164277,0.011073156836376441,0.6263114084748959,32.763704955513916,0.1480345237274903,-21.664092308611526,0.16461587452792034,8.270656845316815,0.19960861125169002,-709.7983510823577,6.572618538146029,-0.0
8460.0,ASTRA-SC-01,EPS,32.59531909783373,-21.624840659643024,8.574597536337222,39.99802582255451,1.0,NOMINAL,0.9999506455638628,0.0450026651395514,1.0,True,0.4738675958188153,804.4862016980113,95.0,STANDBY,False,ASTRA_SIMULATED_EPS,-704.8685817408737,-0.015594315192571883,-0.009613788628544385,-0.003757838610946429,1.6220780168050155,32.73405780806162,0.13245351989743104,-21.643587980298605,0.1470227562257739,8.310234244146958,0.19689680156291245,-708.479772695769,5.227149391325244,-0.0
8470.0,ASTRA-SC-01,EPS,32.59318767992043,-21.647698729756225,8.638358854939584,39.99802582255451,1.0,NOMINAL,0.9999506455638628,0.0450026651395514,1.0,True,0.4756097560975609,804.2268874194552,95.0,STANDBY,False,ASTRA_SIMULATED_EPS,-705.5675075373198,-0.00021314179132971844,-0.0022858070113201735,0.0063761318602361785,4.530882835459909,32.72315027298923,0.1371020547518083,-21.63297482904863,0.13996874054936298,8.351105596171244,0.19715324367384385,-707.8959967822797,5.0123842494954705,-0.0
8480.0,ASTRA-SC-01,EPS,33.19752765482897,-21.566466828229515,8.628492033148596,39.99802582255451,1.0,NOMINAL,0.9999506455638628,0.0450026651395514,1.0,True,0.4773519163763066,803.973478978943,95.0,STANDBY,False,ASTRA_SIMULATED_EPS,-715.9533789471009,0.06043399749085339,0.008123190152671,-0.0009866821790987857,7.439687654114803,32.745801545163296,0.18173291471151998,-21.624295979913168,0.13977443114841667,8.38770165020679,0.1940699452209305,-708.0993371626611,5.284507831266115,0.0
8490.0,ASTRA-SC-01,EPS,32.70690685796689,-21.492405669985928,8.845268720287182,39.99802582255451,1.0,NOMINAL,0.9999506455638628,0.0450026651395514,1.0,True,0.4790940766550522,803.7254318196391,95.0,STANDBY,False,ASTRA_SIMULATED_EPS,-702.9501104018692,-0.04906207968620748,0.00740611582435875,0.021677668713858546,6.6245358362938465,32.74311632692365,0.18200837078071327,-21.602559102415558,0.1325909244193591,8.442577215528413,0.19961443541794333,-707.3298038113456,5.124979408534158,-0.0
8500.0,ASTRA-SC-01,EPS,32.539412153058045,-21.81288363390535,8.877752583674015,39.99802582255451,1.0,ANOMALOUS,0.9999506455638628,0.1575093279884299,1.0,True,0.4808362369337979,803.4822514463551,95.0,STANDBY,True,ASTRA_SIMULATED_EPS,-709.7784108103407,-0.01674947049088473,-0.03204779639194229,0.0032483863386833177,0.5226403177940815,32.73469248086086,0.18864690235837794,-21.629990868258822,0.13055149989777978,8.48884360823872,0.21516169523234635,-708.0421351868786,4.615676282487967,-0.0
8510.0,ASTRA-SC-01,EPS,32.863389762583616,-21.691255924961293,8.85417790155663,39.99802582255451,1.0,ANOMALOUS,0.9999506455638628,0.1575093279884299,1.0,True,0.4825783972125435,803.2434892624086,95.0,STANDBY,True,ASTRA_SIMULATED_EPS,-712.8481979019541,0.032397760952557066,0.012162770894405739,-0.002357468211738478,2.663682579720251,32.75363521986648,0.1861729143786792,-21.617718036059106,0.113359562735693,8.533080434367077,0.21766708378393462,-708.0531873343574,4.627763645745442,0.0
8520.0,ASTRA-SC-01,EPS,32.367225536053375,-21.58563015536192,8.886964315731873,39.99802582255451,1.0,ANOMALOUS,0.9999506455638628,0.1575093279884299,1.0,True,0.4843205574912892,803.0087387523298,95.0,STANDBY,True,ASTRA_SIMULATED_EPS,-698.6669595764341,-0.04961642265302402,0.01056257695993743,0.0032786414175243195,4.697378569757463,32.718761686746994,0.20661038020586,-21.613315116884863,0.11322900609734035,8.578966467972313,0.21466394368486527,-707.1556066880852,5.065410689793174,-0.0
8530.0,ASTRA-SC-01,EPS,32.95104879530619,-21.69342889721587,8.917869420052455,39.99802582255451,1.0,ANOMALOUS,0.9999506455638628,0.1575093279884299,1.0,True,0.4860627177700348,802.7776319815935,95.0,STANDBY,True,ASTRA_SIMULATED_EPS,-714.8212341296655,0.05838232592528172,-0.010779874185395144,0.0030905104320581244,5.415863387754527,32.730178802099125,0.21479345973167022,-21.615131333670757,0.11435057463295785,8.622792036455495,0.21208887110178215,-707.4628182767746,5.393220171611311,0.0
8540.0,ASTRA-SC-01,EPS,32.64769527753989,-21.543197543606585,8.911714852529617,39.99802582255451,1.0,ANOMALOUS,0.9999506455638628,0.1575093279884299,1.0,True,0.4878048780487805,802.5498363869441,95.0,STANDBY,True,ASTRA_SIMULATED_EPS,-703.3357487075136,-0.030335351776630402,0.015023135360928563,-0.000615456752283805,2.0192423916731195,32.744276589997,0.20059246854409699,-21.603391129850703,0.11190573296777238,8.66635495037972,0.19854446241117668,-707.385721773123,5.446719087710918,-0.0
8550.0,ASTRA-SC-01,EPS,32.73252803606155,-21.677520574858125,9.031821695065888,39.99802582255451,1.0,ANOMALOUS,0.9999506455638628,0.1575093279884299,1.0,True,0.4895470383275261,802.3250518331024,95.0,STANDBY,True,ASTRA_SIMULATED_EPS,-709.5600499688447,0.008483275852166372,-0.013432303125154022,0.012010684253627169,0.6315578030903839,32.737859079417696,0.1992307287865092,-21.625568871320745,0.08725851615606438,8.710893284553745,0.20073398873144152,-707.9746744883031,5.144373529474851,0.0
8560.0,ASTRA-SC-01,EPS,32.940233380424566,-21.58486044144693,9.043845409775177,39.99802582255451,1.0,ANOMALOUS,0.9999506455638628,0.1575093279884299,1.0,True,0.4912891986062718,802.1030079136311,95.0,STANDBY,True,ASTRA_SIMULATED_EPS,-711.010340425156,0.020770534436301346,0.009266013341119362,0.0012023714709288313,2.24158261721132,32.750639795528805,0.20599788690746323,-21.626593580539907,0.08664098540480224,8.752888354337124,0.2000585090449148,-708.2841021749651,5.180352721131731,0.0
8570.0,ASTRA-SC-01,EPS,32.56188011664218,-21.58549460956771,9.081978123197777,39.99802582255451,1.0,ANOMALOUS,0.9999506455638628,0.1575093279884299,1.0,True,0.4930313588850174,801.8834614756172,95.0,STANDBY,True,ASTRA_SIMULATED_EPS,-702.8642877351698,-0.03783532637823868,-6.341681207793215e-05,0.0038132713422600164,5.049617476813051,32.730182283303556,0.20865146286013006,-21.625886274146147,0.08695042270285122,8.789226490977272,0.20739412554277098,-707.8192683831644,5.34139654265187,-0.0
8580.0,ASTRA-SC-01,EPS,33.22924401158991,-21.670426325349403,9.200138580409812,39.99802582255451,1.0,ANOMALOUS,0.9999506455638628,0.1575093279884299,1.0,True,0.494773519163763,801.6661943495029,95.0,STANDBY,True,ASTRA_SIMULATED_EPS,-720.091884200217,0.06673638949477337,-0.008493171578169267,0.011816045721203493,7.857652336414782,32.77117812235402,0.24200377407848422,-21.630421759234633,0.08741062221327138,8.840440020215697,0.2077123933710823,-708.8555873934189,6.113380458477077,0.0
8590.0,ASTRA-SC-01,EPS,32.962920174503004,-21.50689318143997,9.257188930121565,39.99802582255451,1.0,ANOMALOUS,0.9999506455638628,0.1575093279884299,1.0,True,0.4965156794425087,801.4510112669639,95.0,STANDBY,True,ASTRA_SIMULATED_EPS,-708.9300031413687,-0.02663238370869081,0.016353314390943296,0.005705034971175316,1.6285618359688732,32.775985385604784,0.24524446430216368,-21.614113729912365,0.08601305110028692,8.890822991951605,0.2112390439552897,-708.4225923767458,5.838694295750331,-0.0
8600.0,ASTRA-SC-01,EPS,32.86045982078443,-21.488173769399285,9.20881718552672,39.99802582255451,1.0,ANOMALOUS,0.9999506455638628,0.1575093279884299,1.0,True,0.4982578397212543,801.2377379511526,95.0,STANDBY,True,ASTRA_SIMULATED_EPS,-706.111270771379,-0.010246035371857688,0.0018719412040685058,-0.004837174459484572,1.6251806859289437,32.78326522367312,0.2460774584658746,-21.611411796315146,0.08945540186160761,8.930599076156941,0.21119576841661775,-708.4905310663471,5.802993750427206,-0.0
8610.0,ASTRA-SC-01,EPS,33.00009530601919,-21.402074666430792,9.222292091897623,39.99802582255451,1.0,ANOMALOUS,0.9999506455638628,0.1575093279884299,1.0,True,0.5,801.0262193649352,95.0,STANDBY,True,ASTRA_SIMULATED_EPS,-706.270503738755,0.013963548523476277,0.008609910296849321,0.0013474906370904093,1.6217995358890145,32.81025030421882,0.24618898630953143,-21.596560730100993,0.1043226971515337,8.973778713194301,0.19907493915912372,-708.5839925328726,5.751554381693232,0.0
8620.0,ASTRA-SC-01,EPS,32.58307896570465,-21.54202286019604,9.25556449217585,39.99802582255451,1.0,ANOMALOUS,0.9999506455638628,0.1575093279884299,1.0,True,0.5017421602787456,800.8163181039463,95.0,STANDBY,True,ASTRA_SIMULATED_EPS,-701.9054319347824,-0.04170163403145395,-0.01399481937652496,0.0033272400278226756,2.9797908004018017,32.80957638993776,0.24683859091226706,-21.589515672130315,0.10419073978302178,9.01492575567672,0.18828781103213332,-708.3398541593701,5.962593072234126,-0.0
8630.0,ASTRA-SC-01,EPS,32.78901250159079,-21.3735230828638,9.314579827191489,39.99802582255451,1.0,ANOMALOUS,0.9999506455638628,0.1575093279884299,1.0,True,0.5034843205574913,800.6079129223855,95.0,STANDBY,True,ASTRA_SIMULATED_EPS,-700.8167155670606,0.020593353588613895,0.016849977733224008,0.005901533501563883,1.222159098050846,32.78234204638855,0.2222934204788638,-21.576652755772603,0.11820674193546715,9.060664941946245,0.17017063709811345,-707.3307432673674,5.862060271239809,0.0
8640.0,ASTRA-SC-01,EPS,32.792406287063265,-21.49997315220252,9.421633267632574,39.99802582255451,1.0,ANOMALOUS,0.9999506455638628,0.1575093279884299,1.0,True,0.5052264808362369,800.4008973804844,95.0,STANDBY,True,ASTRA_SIMULATED_EPS,-705.0358547679774,0.0003393785472475486,-0.012645006933871984,0.0107053440441085,0.026838937220228842,32.788042008328304,0.22131499607558716,-21.577157254587043,0.11783706853723454,9.099089245102606,0.1826723909808634,-707.4697928917745,5.774816358754306,0.0
8650.0,ASTRA-SC-01,EPS,32.430944829047775,-21.568485054887365,9.43143134354224,39.99802582255451,1.0,ANOMALOUS,0.9999506455638628,0.1575093279884299,1.0,True,0.5069686411149826,800.195178603498,95.0,STANDBY,True,ASTRA_SIMULATED_EPS,-699.4863488611936,-0.03614614580154907,-0.00685119026848433,0.0009798075909666082,5.275892857307198,32.78081085339429,0.23155404048736422,-21.56086401598584,0.09817050869338897,9.136001162427153,0.19052424706350574,-706.7836554284982,6.084071406435709,-0.0
8660.0,ASTRA-SC-01,EPS,32.99623699825402,-21.549319889204803,9.368583877870382,39.99802582255451,1.0,ANOMALOUS,0.9999506455638628,0.1575093279884299,1.0,True,0.5087108013937283,799.9906761429185,95.0,STANDBY,True,ASTRA_SIMULATED_EPS,-711.0464662153908,0.056529216920624493,0.001916516568256199,-0.006284746567185806,4.7132256569329245,32.789667335772315,0.23740478087749262,-21.551401613602074,0.09130500061937333,9.170294894181405,0.1822914288907419,-706.6635399827272,5.972552773720821,0.0
8670.0,ASTRA-SC-01,EPS,32.90105775396244,-21.559235166667687,9.44436174951707,39.99802582255451,1.0,ANOMALOUS,0.9999506455638628,0.1575093279884299,1.0,True,0.5104529616724739,799.7873209313884,95.0,STANDBY,True,ASTRA_SIMULATED_EPS,-709.3216413497917,-0.009517924429157887,-0.000991527746288412,0.00757778716466877,4.150558456558651,32.82525615029959,0.20770974168841563,-21.549641947689125,0.09085143644363318,9.207454723100417,0.17714923932099355,-707.373852100951,5.573864189181634,-0.0
8680.0,ASTRA-SC-01,EPS,32.69703548225647,-21.502371048683536,9.514930929025358,39.99802582255451,1.0,ANOMALOUS,0.9999506455638628,0.1575093279884299,1.0,True,0.5121951219512195,799.5850543234942,95.0,STANDBY,True,ASTRA_SIMULATED_EPS,-703.0637891314498,-0.020402227170597344,0.005686411798415137,0.007056917950828812,3.5878912561843763,32.80832192942961,0.2070752016125593,-21.536904757786967,0.08223749579017155,9.24725882369861,0.1744915910766105,-706.5900224344034,5.270190952891903,-0.0
8690.0,ASTRA-SC-01,EPS,32.43771940931056,-21.37468378627141,9.650124799217272,39.99802582255451,1.0,ANOMALOUS,0.9999506455638628,0.1575093279884299,1.0,True,0.5139372822299652,799.3838272152822,95.0,STANDBY,True,ASTRA_SIMULATED_EPS,-693.3459951218119,-0.02593160729459072,0.012768726241212391,0.01351938701919142,2.0308687651939596,32.79432353821432,0.2250282410835859,-21.525670507297956,0.092220620052084,9.296486153477785,0.17720522861425048,-705.9240388620233,6.250769825196049,-0.0
8700.0,ASTRA-SC-01,EPS,32.906273300191636,-21.597204706860794,9.617409454330492,39.99802582255451,1.0,ANOMALOUS,0.9999506455638628,0.1575093279884299,1.0,True,0.5156794425087108,799.1835992359294,95.0,STANDBY,True,ASTRA_SIMULATED_EPS,-710.6835206041465,0.04685538908810756,-0.02225209205893819,-0.0032715344886780073,2.105662198592548,32.80590655582299,0.22608934717101487,-21.520316116098137,0.08480804156249798,9.33552533742876,0.17922597944366575,-705.9989369043767,6.303953813960109,0.0
8710.0,ASTRA-SC-01,EPS,32.798355803979646,-21.396059519977545,9.701894431381213,39.99802582255451,1.0,ANOMALOUS,0.9999506455638628,0.1575093279884299,1.0,True,0.5174216027874564,798.984338005552,95.0,STANDBY,True,ASTRA_SIMULATED_EPS,-701.7555729393495,-0.010791749621198932,0.020114518688324878,0.0084484977050721,0.5365154289007579,32.79644805072667,0.22301519309631812,-21.50772938800018,0.08847558205229573,9.379395272202496,0.18322271557887365,-705.3819524053229,6.230911398882329,-0.0
8720.0,ASTRA-SC-01,EPS,32.67902265602317,-21.4480606373511,9.73222548742434,39.99802582255451,1.0,ANOMALOUS,0.9999506455638628,0.1575093279884299,1.0,True,0.519163763066202,798.7860184536358,95.0,STANDBY,True,ASTRA_SIMULATED_EPS,-700.9016594957554,-0.011933314795647475,-0.005200111737355684,0.0030331056043127803,2.2948189189710955,32.804257553352066,0.21616010130998245,-21.498567123185737,0.086950200995217,9.422745096484267,0.18474538082952763,-705.2511105226953,6.307689135608008,-0.0
8730.0,ASTRA-SC-01,EPS,33.03817553241711,-21.37216407384208,9.78958933764992,39.99802582255451,1.0,ANOMALOUS,0.9999506455638628,0.1575093279884299,1.0,True,0.5209059233449478,798.5886221930358,95.0,STANDBY,True,ASTRA_SIMULATED_EPS,-706.0973081792133,0.035915287639393514,0.007589656350902274,0.005736385022557933,4.7321362099779165,32.79151965474054,0.19380088675633186,-21.47868297308525,0.0785385157924282,9.462041813633608,0.19633963593127185,-704.3181387879617,4.813879742843486,0.0
8740.0,ASTRA-SC-01,EPS,32.81317202812069,-21.286968221772124,9.81129094573709,39.99802582255451,1.0,ANOMALOUS,0.9999506455638628,0.1575093279884299,1.0,True,0.5226480836236934,798.392136944907,95.0,STANDBY,True,ASTRA_SIMULATED_EPS,-698.492950218147,-0.022500350429641713,0.008519585206995473,0.0021701608087170143,2.6410147774760873,32.78153644498172,0.18811445828981846,-21.46402130910739,0.09223047320897827,9.498981948007977,0.20688699234203148,-703.6223352597468,4.853787367402203,-0.0
8750.0,ASTRA-SC-01,EPS,32.65820863486574,-21.281842716574097,9.866255828750266,39.99802582255451,1.0,ANOMALOUS,0.9999506455638628,0.1575093279884299,1.0,True,0.524390243902439,798.1965560103256,95.0,STANDBY,True,ASTRA_SIMULATED_EPS,-695.0268595722747,-0.015496339325495257,0.0005125505198027014,0.005496488301317548,1.4874766400741553,32.76805303258714,0.18929804640156772,-21.450265905585713,0.1031150446226819,9.542811190889545,0.21063011969543455,-702.88337451314,5.273423819011228,-0.0
8760.0,ASTRA-SC-01,EPS,32.72676652567236,-21.48714366347903,9.886639147273383,39.99802582255451,1.0,ANOMALOUS,0.9999506455638628,0.1575093279884299,1.0,True,0.5261324041811847,798.001877784705,95.0,STANDBY,True,ASTRA_SIMULATED_EPS,-703.2047339782586,0.006855789080662334,-0.02053009469049343,0.0020383318523117923,0.33393850267222314,32.74983111389736,0.17819589729584126,-21.455937172055595,0.10261338625111673,9.587100994581261,0.20825328545299412,-702.6789898624403,5.19154542145199,0.0
8770.0,ASTRA-SC-01,EPS,32.8753853580278,-21.405328854725013,9.927717642701795,39.99802582255451,1.0,ANOMALOUS,0.9999506455638628,0.1575093279884299,1.0,True,0.5278745644599303,797.8081053114404,95.0,STANDBY,True,ASTRA_SIMULATED_EPS,-703.7084348143967,0.014861883235543872,0.008181480875401803,0.00410784954284118,1.8165272842264004,32.7693182067189,0.17460450756652943,-21.44682423835753,0.10046956582629198,9.631911204616326,0.20409310853599522,-702.7991900544145,5.1932281306070385,0.0
8780.0,ASTRA-SC-01,EPS,33.07821243088944,-21.3014442917677,9.961918249368834,39.99802582255451,1.0,ANOMALOUS,0.9999506455638628,0.1575093279884299,1.0,True,0.5296167247386759,797.6152458715125,95.0,STANDBY,True,ASTRA_SIMULATED_EPS,-704.6136993678492,0.02028270728616377,0.010388456295731175,0.0034200606667038613,1.9524274549336404,32.788598202005474,0.1920316715093292,-21.442018985617786,0.10580770423876258,9.67506709942815,0.20061066325440513,-703.0523223078004,5.182220688644198,0.0
8790.0,ASTRA-SC-01,EPS,32.95379648281364,-21.531444755865948,10.012409791716784,39.99802582255451,1.0,ANOMALOUS,0.9999506455638628,0.1575093279884299,1.0,True,0.5313588850174216,797.4233106060565,95.0,STANDBY,True,ASTRA_SIMULATED_EPS,-709.5428484657514,-0.012441594807580003,-0.02300004640982465,0.005049154234795061,0.5409378131630848,32.79935754838883,0.19672420824387807,-21.444117092528682,0.107339926015668,9.714452201033762,0.20524002089433763,-703.3527885543187,5.4301676311167215,-0.0
8800.0,ASTRA-SC-01,EPS,33.09614524285013,-21.434329684299673,9.990151706950574,39.99802582255451,1.0,ANOMALOUS,0.9999506455638628,0.1575093279884299,1.0,True,0.5331010452961672,797.2323141691475,95.0,STANDBY,True,ASTRA_SIMULATED_EPS,-709.3936884147159,0.014234876003649078,0.00971150715662752,-0.002225808476621083,1.4657741351644509,32.84370424264232,0.1821814954480545,-21.435173401156174,0.10167686740242204,9.751700225260985,0.20086006298433343,-704.0132778578868,5.527938846372336,0.0
8810.0,ASTRA-SC-01,EPS,32.69248347168914,-21.52616501442133,10.033208552232797,39.99802582255451,1.0,ANOMALOUS,0.9999506455638628,0.1575093279884299,1.0,True,0.5348432055749129,797.0422744082889,95.0,STANDBY,True,ASTRA_SIMULATED_EPS,-703.7437939428223,-0.040366177116099064,-0.009183533012165767,0.004305684528222287,4.395495400585427,32.823454007538,0.1808929757931381,-21.433629742837272,0.09998175006414677,9.796008536885145,0.18280495342632108,-703.5264330397155,5.174560888222399,-0.0
8820.0,ASTRA-SC-01,EPS,32.73866187913371,-21.555751396246315,10.11303437327629,39.99802582255451,1.0,ANOMALOUS,0.9999506455638628,0.1575093279884299,1.0,True,0.5365853658536586,796.8532120702944,95.0,STANDBY,True,ASTRA_SIMULATED_EPS,-705.7064565123725,0.004617840744457169,-0.0029586381824984187,0.007982582104349411,3.894478096349184,32.81262761588275,0.18077629504728043,-21.433397491475844,0.09967270419720524,9.840586711802425,0.1721479485479365,-703.285420717221,4.965321772720545,0.0
8830.0,ASTRA-SC-01,EPS,32.947394973199565,-21.494241007043943,10.227918310210024,39.99802582255451,1.0,ANOMALOUS,0.9999506455638628,0.1575093279884299,1.0,True,0.5383275261324042,796.6651505304561,95.0,STANDBY,True,ASTRA_SIMULATED_EPS,-708.1792481082196,0.020873309406585605,0.006151038920237184,0.011488393693373311,3.393460792112941,32.82931824861229,0.18089914412702685,-21.432855488699875,0.09929222626578987,9.888119203881406,0.1742274453264959,-703.6264513156723,5.122205037383919,0.0
8840.0,ASTRA-SC-01,EPS,32.88319252532495,-21.27154594829976,10.158657175364588,39.99802582255451,1.0,ANOMALOUS,0.9999506455638628,0.1575093279884299,1.0,True,0.5400696864111498,796.4781155430534,95.0,STANDBY,True,ASTRA_SIMULATED_EPS,-699.4763407292369,-0.006420244787461371,0.022269505874418272,-0.006926113484543528,0.28829758611018497,32.85901645634658,0.14502857808323774,-21.425979632835098,0.10688876284250148,9.922021362291225,0.17408576500024744,-704.035141022834,4.442875608405346,-0.0
8850.0,ASTRA-SC-01,EPS,32.93956375291347,-21.50342738770244,10.275550481024204,39.99802582255451,1.0,ANOMALOUS,0.9999506455638628,0.1575093279884299,1.0,True,0.5418118466898955,796.2921350114381,95.0,STANDBY,True,ASTRA_SIMULATED_EPS,-708.3135173433701,0.005637122758852087,-0.02318814394026809,0.011689330565961598,0.24310366424208563,32.86123581986137,0.1460544938736702,-21.419727811557877,0.09857801711902343,9.965897430737474,0.17476509390081518,-703.8771408054488,4.226422864865313,0.0
8860.0,ASTRA-SC-01,EPS,32.827605219125644,-21.313699442640367,10.211642274085182,39.99802582255451,1.0,ANOMALOUS,0.9999506455638628,0.1575093279884299,1.0,True,0.5435540069686411,796.107238776063,95.0,STANDBY,True,ASTRA_SIMULATED_EPS,-699.6777110620963,-0.011195853378782771,0.018972794506207435,-0.0063908206939022,0.5901003869050372,32.8631857808711,0.14534857073826274,-21.414237139735395,0.10221698602926631,9.999880620251071,0.1692356386534953,-703.7386166802987,4.333617997020057,-0.0
8870.0,ASTRA-SC-01,EPS,32.65263517410952,-21.303192958647507,10.26228347881024,39.99802582255451,1.0,ANOMALOUS,0.9999506455638628,0.1575093279884299,1.0,True,0.5452961672473867,795.9234584189637,95.0,STANDBY,True,ASTRA_SIMULATED_EPS,-695.6053877223759,-0.017497004501612422,0.0010506483992859471,0.0050641204725057065,0.8152392563582134,32.86142661541019,0.14787445923734388,-21.40457929448849,0.10558139811843961,10.035217819676799,0.16463271775360225,-703.3855318954066,4.7745940998204945,-0.0
8880.0,ASTRA-SC-01,EPS,32.87538853915737,-21.517301040624073,10.391283720644058,39.99802582255451,1.0,ANOMALOUS,0.9999506455638628,0.1575093279884299,1.0,True,0.5470383275261324,795.7408270833347,95.0,STANDBY,True,ASTRA_SIMULATED_EPS,-707.3896320245316,0.02227533650478506,-0.02141080819765655,0.01290002418338183,1.0403781258113896,32.85057414919287,0.139725264877945,-21.414255092273955,0.1089938308809738,10.075330778543075,0.17356943385919374,-703.4716868184279,4.838256995933561,0.0
8890.0,ASTRA-SC-01,EPS,32.59729375927207,-21.297148670490017,10.419226223332997,39.99802582255451,1.0,ANOMALOUS,0.9999506455638628,0.1575093279884299,1.0,True,0.5487804878048781,795.5593793069397,95.0,STANDBY,True,ASTRA_SIMULATED_EPS,-694.2294114468536,-0.027809477988530062,0.022015237013405554,0.002794250268893883,1.2631923050202127,32.83618226460297,0.15421905504832686,-21.414933788855148,0.10817321742949804,10.115859797049467,0.1784210310924888,-703.1874509003417,5.258613448930876,-0.0
8900.0,ASTRA-SC-01,EPS,32.685155455466635,-21.288346522718395,10.439932270679638,39.99802582255451,1.0,ANOMALOUS,0.9999506455638628,0.1575093279884299,1.0,True,0.5505226480836237,795.3791508682189,95.0,STANDBY,True,ASTRA_SIMULATED_EPS,-695.8129154848933,0.00878616961945653,0.0008802147771621805,0.0020706047346640945,0.7067601038205615,32.837978719309696,0.1521407507665516,-21.415367375931435,0.10761323339609001,10.154104893178094,0.18253324887170883,-703.2398546278496,5.174729428289005,0.0
8910.0,ASTRA-SC-01,EPS,32.71105550926968,-21.460636918256977,10.36764044584263,39.99802582255451,1.0,ANOMALOUS,0.9999506455638628,0.1575093279884299,1.0,True,0.5522648083623694,795.2001786440354,95.0,STANDBY,True,ASTRA_SIMULATED_EPS,-702.0000854973861,0.0025900053803042055,-0.017229039553858173,-0.007229182483700747,0.15032790262091045,32.83693131821618,0.15301265263061828,-21.413600259583298,0.10656291486149314,10.18617164641604,0.17425202894541192,-703.1595447291248,5.184651758682455,0.0
8920.0,ASTRA-SC-01,EPS,32.85676561841737,-21.517332420363505,10.50929688245052,39.99802582255451,1.0,ANOMALOUS,0.9999506455638628,0.1575093279884299,1.0,True,0.554006968641115,795.0225004781056,95.0,STANDBY,True,ASTRA_SIMULATED_EPS,-706.989948069457,0.014571010914769289,-0.005669550210652829,0.01416564366078905,2.5700470713516244,32.83569000224215,0.15275371854656483,-21.421067163959197,0.10981633779709173,10.224943595732624,0.1773123272649555,-703.3783122794622,5.27786086829449,0.0
8930.0,ASTRA-SC-01,EPS,32.75621926541003,-21.261297159779673,10.528081985044018,39.99802582255451,1.0,ANOMALOUS,0.9999506455638628,0.1575093279884299,1.0,True,0.5557491289198606,794.8461550592256,95.0,STANDBY,True,ASTRA_SIMULATED_EPS,-696.4397116327825,-0.01005463530073385,0.02560352605838325,0.0018785102593497527,0.3927051015475934,32.814223791210196,0.1381661204575102,-21.41839068849333,0.11337175338892228,10.262687844777636,0.17758225152759688,-702.833379763791,5.5558536749697325,-0.0
8940.0,ASTRA-SC-01,EPS,32.74539552311107,-21.25009307943982,10.598488670112667,39.99802582255451,1.0,ANOMALOUS,0.9999506455638628,0.1575093279884299,1.0,True,0.5574912891986062,794.6711818084899,95.0,STANDBY,True,ASTRA_SIMULATED_EPS,-695.8427027891823,-0.0010823742298960326,0.001120408033985143,0.007040668506864911,0.9020971407982832,32.800330393896694,0.13352893552291503,-21.399633910064917,0.1165607672721912,10.301759770004029,0.182975456032626,-701.9200367186863,5.499901312994862,-0.0
8950.0,ASTRA-SC-01,EPS,32.851272675406996,-21.27413592576855,10.54340586711502,39.99802582255451,1.0,ANOMALOUS,0.9999506455638628,0.1575093279884299,1.0,True,0.5592334494773519,794.4976207747653,95.0,STANDBY,True,ASTRA_SIMULATED_EPS,-698.8824402310947,0.010587715229592476,-0.0024042846328729437,-0.005508280299764756,1.411489180048973,32.78400555606715,0.1071417148780392,-21.388954326162846,0.12042926767165243,10.338643380681658,0.17104875774899414,-701.2192868397783,5.137332334376097,0.0
8960.0,ASTRA-SC-01,EPS,32.9235351710238,-21.2529187764771,10.607696491584482,39.99802582255451,1.0,ANOMALOUS,0.9999506455638628,0.1575093279884299,1.0,True,0.5609756097560976,794.3255125377327,95.0,STANDBY,True,ASTRA_SIMULATED_EPS,-699.7212188242559,0.007226249561680475,0.0021217149291452133,0.0064290624469462545,1.9208812192996625,32.79940900268946,0.10962406146900373,-21.370737910299898,0.11884751631204435,10.376942576638438,0.1618430018076406,-700.9511151652073,5.101000603199201,0.0
8970.0,ASTRA-SC-01,EPS,32.75939551072678,-21.32045836681721,10.690049727065183,39.99802582255451,1.0,ANOMALOUS,0.9999506455638628,0.1575093279884299,1.0,True,0.5627177700348432,794.1548981178892,95.0,STANDBY,True,ASTRA_SIMULATED_EPS,-698.445328108549,-0.016413966029701754,-0.006753959034011103,0.008235323548070106,2.4302732585503524,32.80079124479566,0.1089319235517512,-21.355051708337957,0.107687855264484,10.415410266891032,0.16320370733348197,-700.4670399382857,4.960081114106354,-0.0
8980.0,ASTRA-SC-01,EPS,32.85417607718924,-21.151241969568147,10.78900483715882,39.99802582255451,1.0,ANOMALOUS,0.9999506455638628,0.1575093279884299,1.0,True,0.5644599303135889,793.9858188929304,95.0,STANDBY,True,ASTRA_SIMULATED_EPS,-694.9066279194268,0.009478056646245393,0.016921639724906255,0.009895511009363745,0.5601145515641156,32.794576651728306,0.10243613522736429,-21.33218510583957,0.11233717248163658,10.452816035354283,0.18054047777677237,-699.5821985923662,4.660851616470174,0.0
8990.0,ASTRA-SC-01,EPS,32.58422383457965,-21.23643175412021,10.839403389416548,39.99802582255451,1.0,ANOMALOUS,0.9999506455638628,0.1575093279884299,1.0,True,0.5662020905923345,793.8183165200005,95.0,STANDBY,True,ASTRA_SIMULATED_EPS,-691.972645724028,-0.026995224260958395,-0.008518978455206393,0.0050398552257727046,3.168833493699024,32.774645405678626,0.11254871367455889,-21.32984415956093,0.11404396426457862,10.498199116291081,0.1867683983101626,-699.0819522586855,5.058725998029569,-0.0
9000.0,ASTRA-SC-01,EPS,32.86285948566086,-21.179104688193217,10.911509027795644,39.99802582255451,1.0,ANOMALOUS,0.9999506455638628,0.1575093279884299,1.0,True,0.5679442508710801,793.6524328633276,95.0,STANDBY,True,ASTRA_SIMULATED_EPS,-696.005941400195,0.02786356510812098,0.005732706592699444,0.0072105638379095895,4.860455468557384,32.76953178786178,0.10607692883737181,-21.308222646260322,0.10943467215244616,10.54059635274251,0.20400347822380555,-698.2614471958072,4.4111186031890135,0.0
9010.0,ASTRA-SC-01,EPS,32.967309418854185,-21.267953623086623,10.900987541200148,39.99802582255451,1.0,ANOMALOUS,0.9999506455638628,0.1575093279884299,1.0,True,0.5696864111498258,793.4882099268118,95.0,STANDBY,True,ASTRA_SIMULATED_EPS,-701.1472077981376,0.01044499331933224,-0.008884893489340583,-0.0010521486595495232,1.1755901555672383,32.778845401177016,0.11710030030746392,-21.30517292495674,0.10990754279845506,10.586552703883509,0.20224368213396474,-698.3594136448767,4.460856677633804,0.0
9020.0,ASTRA-SC-01,EPS,32.82318518834349,-21.288127171051908,10.868899117396902,39.99802582255451,1.0,ANOMALOUS,0.9999506455638628,0.1575093279884299,1.0,True,0.5714285714285714,793.3256897911648,95.0,STANDBY,True,ASTRA_SIMULATED_EPS,-698.7441404484435,-0.014412423051069823,-0.0020173547965285366,-0.0032088423803246615,1.8953250964855017,32.79021540212595,0.11214549418858252,-21.30416853911703,0.10999573273923997,10.626993746455952,0.19321932310802603,-698.5686638266145,4.395581901431424,-0.0
9030.0,ASTRA-SC-01,EPS,33.05581928874208,-21.377086543713023,11.000724295872008,39.99802582255451,1.0,ANOMALOUS,0.9999506455638628,0.1575093279884299,1.0,True,0.573170731707317,793.1649145552311,95.0,STANDBY,True,ASTRA_SIMULATED_EPS,-706.6371097087776,0.023263410039859166,-0.008895937266111532,0.013182517847510589,2.615060037403765,32.80224411876493,0.1301628587274181,-21.294820905989628,0.09560624442066487,10.667623118137815,0.203895283901562,-698.5184956722309,4.2907587564080805,0.0
9040.0,ASTRA-SC-01,EPS,32.8814002768188,-21.436932200755173,10.980024091861972,39.99802582255451,1.0,ANOMALOUS,0.9999506455638628,0.1575093279884299,1.0,True,0.5749128919860628,793.0059262811645,95.0,STANDBY,True,ASTRA_SIMULATED_EPS,-704.876348400057,-0.01744190119232769,-0.005984565704214973,-0.002070020401003525,2.9144806915635058,32.82118455326805,0.11834366532126024,-21.304139808007303,0.10241907195484415,10.705009642706413,0.20649335563636664,-699.2282914691111,4.409546839342842,-0.0
9050.0,ASTRA-SC-01,EPS,32.455025700640846,-21.206580806806905,11.043338823689286,39.99802582255451,1.0,ANOMALOUS,0.9999506455638628,0.1575093279884299,1.0,True,0.5766550522648084,792.8487669431428,95.0,STANDBY,True,ASTRA_SIMULATED_EPS,-688.260125107635,-0.0426374576177956,0.02303513939482684,0.006331473182731351,1.8509745865645157,32.80584256961299,0.14835066244614215,-21.298688760279866,0.10545071639544691,10.74523674624039,0.20991161517077808,-698.7247721106271,5.189621171495896,-0.0
9060.0,ASTRA-SC-01,EPS,32.702279328818044,-21.25775821058902,11.134120915228578,39.99802582255451,1.0,ANOMALOUS,0.9999506455638628,0.1575093279884299,1.0,True,0.578397212543554,792.6934783793474,95.0,STANDBY,True,ASTRA_SIMULATED_EPS,-695.1771469071574,0.0247253628177198,-0.005117740378211622,0.009078209153929252,4.8313046365122565,32.80525749091622,0.14876791367623932,-21.285163513102006,0.09576088882280138,10.796335444199455,0.20465409552101843,-698.2699095379452,5.181042490611765,0.0
9070.0,ASTRA-SC-01,EPS,32.716482996399726,-21.384732628498,11.147732445548083,39.99802582255451,1.0,ANOMALOUS,0.9999506455638628,0.1575093279884299,1.0,True,0.5801393728222997,792.5401022469467,95.0,STANDBY,True,ASTRA_SIMULATED_EPS,-699.6332414228092,0.0014203667581682566,-0.012697441790897912,0.0013611530319504795,0.1118624350919599,32.79590531611504,0.14970503523105838,-21.276323526977638,0.07709988721291366,10.838897815072622,0.20706823733806595,-697.7794624281688,4.613770880885166,0.0
9080.0,ASTRA-SC-01,EPS,33.12128264616078,-21.26181201645508,11.161359362460905,39.99802582255451,1.0,ANOMALOUS,0.9999506455638628,0.1575093279884299,1.0,True,0.5818815331010453,792.3886799798496,95.0,STANDBY,True,ASTRA_SIMULATED_EPS,-704.2184853665464,0.040479964976105266,0.012292061204291826,0.0013626916912821585,3.293179581791499,32.820242874831756,0.17095802301237725,-21.276357850756003,0.07709283414451322,10.881116306900418,0.2037015538135204,-698.2980473437531,4.881806412336397,0.0
9090.0,ASTRA-SC-01,EPS,33.01942218572077,-21.34029743377611,11.12355882236025,39.99802582255451,1.0,ANOMALOUS,0.9999506455638628,0.1575093279884299,1.0,True,0.5836236933797909,792.2392527490144,95.0,STANDBY,True,ASTRA_SIMULATED_EPS,-704.644290534707,-0.010186046044000818,-0.007848541732102986,-0.00378005401006547,1.2978265761570342,32.83851131900574,0.17692558360805988,-21.28237147437842,0.07840474115514864,10.91612098371692,0.19665789795724137,-698.8848198601213,5.090116682868319,-0.0
9100.0,ASTRA-SC-01,EPS,33.00128387414659,-21.065689302038727,11.21290729283302,39.99802582255451,1.0,ANOMALOUS,0.9999506455638628,0.1575093279884299,1.0,True,0.5853658536585366,792.0918614251127,95.0,STANDBY,True,ASTRA_SIMULATED_EPS,-695.194792661153,-0.0018138311574183775,0.02746081317373843,0.008934847047276939,0.06605161857162324,32.84851206558837,0.1818690852543292,-21.268475032796427,0.09638054090716117,10.96075441209812,0.18140798824842203,-698.6389766887919,5.178525313571084,-0.0
9110.0,ASTRA-SC-01,EPS,32.65513697871543,-21.02769540647522,11.195055336267504,39.99802582255451,1.0,ANOMALOUS,0.9999506455638628,0.1575093279884299,1.0,True,0.5871080139372822,791.9465465433717,95.0,STANDBY,True,ASTRA_SIMULATED_EPS,-686.6622738451537,-0.03461468954311542,0.0037993895563506186,-0.001785195656551508,0.28308746919039207,32.83061885276781,0.18708898766854845,-21.253460141462973,0.11476685940019259,10.999911668410324,0.16212245852297805,-697.7683803568518,6.013917402239133,-0.0
9120.0,ASTRA-SC-01,EPS,32.74446236782805,-21.206302133205543,11.336054291844086,39.99802582255451,1.0,ANOMALOUS,0.9999506455638628,0.1575093279884299,1.0,True,0.5888501742160279,791.8033482704302,95.0,STANDBY,True,ASTRA_SIMULATED_EPS,-694.3889621615406,0.008932538911261645,-0.017860672673032242,0.014099895557658115,0.5001233198091609,32.8296233099079,0.1875342557579598,-21.245849725888863,0.11378751732825743,11.042978639395585,0.1597157436001702,-697.4979559603845,6.072220728510668,0.0
9130.0,ASTRA-SC-01,EPS,32.939473599375496,-21.19394425580065,11.318155107258765,39.99802582255451,1.0,ANOMALOUS,0.9999506455638628,0.1575093279884299,1.0,True,0.5905923344947736,791.6623063730533,95.0,STANDBY,True,ASTRA_SIMULATED_EPS,-698.1173672805814,0.019501123154744705,0.0012357877404895134,-0.0017899184585321137,0.6528237843482436,32.835309811386985,0.18961362262441328,-21.24869654497103,0.11176773492443391,11.078255324068913,0.15804167433499514,-697.7120052511281,6.030799147147461,0.0
9140.0,ASTRA-SC-01,EPS,32.8065602789601,-21.173790753768913,11.205059368386136,39.99802582255451,1.0,ANOMALOUS,0.9999506455638628,0.1575093279884299,1.0,True,0.5923344947735192,791.5234601885717,95.0,STANDBY,True,ASTRA_SIMULATED_EPS,-694.6392426976079,-0.01329133204153976,0.0020153502031735825,-0.011309573887262836,0.8055242488873264,32.850132241012346,0.17684403216071065,-21.244520478280943,0.11341681389834894,11.102632389333554,0.1463351805364287,-697.8897783827001,5.887123415797594,-0.0
9150.0,ASTRA-SC-01,EPS,32.75078122952645,-21.204854250489085,11.31043590176382,39.99802582255451,1.0,ANOMALOUS,0.9999506455638628,0.1575093279884299,1.0,True,0.5940766550522648,791.3868485969197,95.0,STANDBY,True,ASTRA_SIMULATED_EPS,-694.4755425617622,-0.005577904943364587,-0.0031063496720172166,0.010537653337768304,0.9582247134264091,32.842660357270056,0.17862661955260598,-21.24623711576733,0.1125475178435686,11.129227514264763,0.14536664022838,-697.7877517934713,5.935168385325415,-0.0
9160.0,ASTRA-SC-01,EPS,32.86277991005441,-21.250307954307868,11.492112426578052,39.99802582255451,1.0,ANOMALOUS,0.9999506455638628,0.1575093279884299,1.0,True,0.5958188153310104,791.2525099941531,95.0,STANDBY,True,ASTRA_SIMULATED_EPS,-698.344193323298,0.011199868052795381,-0.0045453703818783,0.018167652481423248,1.1109251779654918,32.835691723350074,0.1754267345949107,-21.245060737848746,0.11239643483149964,11.168635839956625,0.1585958866226145,-697.6008841618153,5.865559421150979,0.0
9170.0,ASTRA-SC-01,EPS,33.057394703145356,-21.275317428151123,11.433051853039512,39.99802582255451,1.0,ANOMALOUS,0.9999506455638628,0.1575093279884299,1.0,True,0.5975609756097561,791.1204822673451,95.0,STANDBY,True,ASTRA_SIMULATED_EPS,-703.306565657099,0.0194614793090949,-0.0025009473843255136,-0.005906057353853989,1.2636256425045747,32.851305691003525,0.184426215790806,-21.244206754988696,0.11209410275617733,11.206246022332799,0.14904290163738274,-697.9050458423923,6.044637966191205,0.0
9180.0,ASTRA-SC-01,EPS,32.78729681070485,-21.269782904275782,11.48650340451627,39.99802582255451,1.0,ANOMALOUS,0.9999506455638628,0.1575093279884299,1.0,True,0.5993031358885017,790.9908027707629,95.0,STANDBY,True,ASTRA_SIMULATED_EPS,-697.3786851817459,-0.027009789244050352,0.0005534523875340369,0.005345155147675839,1.4163261070436572,32.83340419246772,0.1759965051078665,-21.23705317902621,0.10628154208890545,11.238631296242415,0.1538937347018515,-697.2878175405901,5.5410199455820655,-0.0
9190.0,ASTRA-SC-01,EPS,32.67506792303642,-21.3413106206963,11.543949710762371,39.99802582255451,1.0,ANOMALOUS,0.9999506455638628,0.1575093279884299,1.0,True,0.6010452961672473,790.8635083032362,95.0,STANDBY,True,ASTRA_SIMULATED_EPS,-697.3287740978702,-0.011222888766842942,-0.007152771642051903,0.005744630624610103,1.56902657158274,32.81964870221556,0.17999510405361535,-21.23067840702229,0.09578590400615745,11.276226337502443,0.15508218634558005,-696.7846459204444,5.130154412654032,-0.0
9200.0,ASTRA-SC-01,EPS,32.902665037222434,-21.30124322711052,11.593547750039974,39.99802582255451,1.0,ANOMALOUS,0.9999506455638628,0.1575093279884299,1.0,True,0.6027874564459931,790.7386350866386,95.0,STANDBY,True,ASTRA_SIMULATED_EPS,-700.8676707780204,0.022759711418601114,0.004006739358578315,0.004959803927760298,1.6379273200380435,32.84949132465433,0.14979947826917683,-21.23698923504253,0.0971929057270363,11.312906932592487,0.1610193149963496,-697.6251489651369,4.643472657897228,0.0
9210.0,ASTRA-SC-01,EPS,32.695847069812864,-21.180072283635155,11.625667099189796,39.99802582255451,1.0,ANOMALOUS,0.9999506455638628,0.1575093279884299,1.0,True,0.6045296167247387,790.6162187454055,95.0,STANDBY,True,ASTRA_SIMULATED_EPS,-692.5004043133172,-0.020681796740957027,0.012117094347536295,0.003211934914982173,1.706828068493347,32.84906250738731,0.15025948953156404,-21.231810173245606,0.09807296909048184,11.345676678189902,0.17169901315006003,-697.4466994588809,4.79328672521105,-0.0
9220.0,ASTRA-SC-01,EPS,32.7939116346297,-21.154041150994004,11.59460268330197,39.99802582255451,1.0,ANOMALOUS,0.9999506455638628,0.1575093279884299,1.0,True,0.6062717770034843,790.4962942870288,95.0,STANDBY,True,ASTRA_SIMULATED_EPS,-693.7237562210178,0.009806456481683767,0.002603113264115109,-0.0031064415887826157,1.0448426008331346,32.85422441660265,0.1466666315032176,-21.216430741412005,0.0901471580154991,11.375468027373497,0.17365752114971425,-697.0527337787614,4.843328054851979,0.0
9230.0,ASTRA-SC-01,EPS,32.767204044571116,-21.223799783508557,11.618774117061347,39.99802582255451,1.0,ANOMALOUS,0.9999506455638628,0.1575093279884299,1.0,True,0.60801393728223,790.3788960834564,95.0,STANDBY,True,ASTRA_SIMULATED_EPS,-695.4445781073492,-0.002670759005858514,-0.006975863251455295,0.0024171433759377693,0.38285713317292225,32.83061917649667,0.12790893745102686,-21.213896592548902,0.08931071579274666,11.405962344346857,0.17353547753774898,-696.4678066281482,4.4281215408665116,-0.0
9240.0,ASTRA-SC-01,EPS,32.770433544780936,-21.36932404792924,11.667129072272884,39.99802582255451,1.0,ANOMALOUS,0.9999506455638628,0.1575093279884299,1.0,True,0.6097560975609756,790.2640578533509,95.0,STANDBY,True,ASTRA_SIMULATED_EPS,-700.2820136095543,0.00032295002098194916,-0.014552426442068268,0.004835495521153632,0.022192176835085228,32.81401993376735,0.1173798653344512,-21.215831700159114,0.0925025123121735,11.442200361007702,0.16698209276789752,-696.1769881664713,3.972587322492648,0.0
9250.0,ASTRA-SC-01,EPS,32.7527052379462,-21.22245331251856,11.715100722644104,39.99802582255451,1.0,ANOMALOUS,0.9999506455638628,0.1575093279884299,1.0,True,0.6114982578397212,790.1518126451509,95.0,STANDBY,True,ASTRA_SIMULATED_EPS,-695.0927577709954,-0.0017728306834733586,0.014687073541067974,0.004797165037122042,0.12070687046784181,32.79744802468732,0.10605414553830067,-21.2262826341911,0.08265970804694157,11.475679922995107,0.1680663879197236,-696.1701858404608,3.974476191478653,-0.0
9260.0,ASTRA-SC-01,EPS,32.78929484751474,-21.13748721338741,11.806295647057768,39.99802582255451,1.0,ANOMALOUS,0.9999506455638628,0.1575093279884299,1.0,True,0.6132404181184669,790.0421928208896,95.0,STANDBY,True,ASTRA_SIMULATED_EPS,-693.0833005753325,0.0036589609568537184,0.008496609913115094,0.009119492441366362,0.4306377477923123,32.80639188260727,0.09858966063474017,-21.23360208798525,0.06724205017686681,11.516429277047791,0.16926253930404678,-696.5982542891395,3.1342609647375363,0.0
9270.0,ASTRA-SC-01,EPS,32.69286437253244,-21.320901393459152,11.745767386623385,39.99802582255451,1.0,ANOMALOUS,0.9999506455638628,0.1575093279884299,1.0,True,0.6149825783972126,789.9352300407285,95.0,STANDBY,True,ASTRA_SIMULATED_EPS,-697.041337556498,-0.009643047498229862,-0.018341418007174325,-0.006052826043438308,0.525752561468145,32.80295201625424,0.10175412842173238,-21.241242038668823,0.07035687339575955,11.54374348336641,0.17112383698392156,-696.77507931547,3.0749753757292595,-0.0
9280.0,ASTRA-SC-01,EPS,32.71952412247568,-21.223278143302167,11.794575484973038,39.99802582255451,1.0,ANOMALOUS,0.9999506455638628,0.1575093279884299,1.0,True,0.6167247386759582,789.8309552481708,95.0,STANDBY,True,ASTRA_SIMULATED_EPS,-694.4155611677862,0.002665974994324216,0.009762325015698537,0.004880809834965305,0.27308812091762286,32.788288717794245,0.09638150500138157,-21.243197631168922,0.06934876197189298,11.575504841880695,0.17047454048550537,-696.5282922412837,3.1079237542008027,0.0
9290.0,ASTRA-SC-01,EPS,32.58686459829012,-21.23173272595027,11.877258418519856,39.99802582255451,1.0,ANOMALOUS,0.9999506455638628,0.1575093279884299,1.0,True,0.6184668989547039,789.7293986559121,95.0,STANDBY,True,ASTRA_SIMULATED_EPS,-691.8755995276266,-0.013265952418556281,-0.0008454582648102615,0.008268293354681867,1.5400911184425614,32.77364233908291,0.10924141120828856,-21.247060429314345,0.0667724399397194,11.62031811188961,0.1536610137377955,-696.3440493632849,3.303661611485186,-0.0
9300.0,ASTRA-SC-01,EPS,32.89700711710602,-21.239946807066,11.882555364173614,39.99802582255451,1.0,ANOMALOUS,0.9999506455638628,0.1575093279884299,1.0,True,0.6202090592334495,789.6305897323042,95.0,STANDBY,True,ASTRA_SIMULATED_EPS,-698.7306812790035,0.031014251881590127,-0.0008214081115731631,0.000529694565375749,2.8070941159675002,32.78339073158822,0.11349712825154237,-21.24939993308614,0.06579566052724838,11.658459409383596,0.14179560584470627,-696.6277252777676,3.3144287858623587,0.0
9310.0,ASTRA-SC-01,EPS,32.647448144644464,-21.178691769321546,11.895708609557165,39.99802582255451,1.0,ANOMALOUS,0.9999506455638628,0.1575093279884299,1.0,True,0.6219512195121951,789.5345571883989,95.0,STANDBY,True,ASTRA_SIMULATED_EPS,-691.4302413103337,-0.0249558972461557,0.006125503774445562,0.0013153245383550783,4.074097113492439,32.76903528056089,0.11632127135448557,-21.244625520753722,0.06827667450614773,11.685365821582202,0.14619958294586377,-696.16679514357,3.5322682178834124,-0.0
9320.0,ASTRA-SC-01,EPS,32.8934153091543,-21.3703479506655,11.954980210867369,39.99802582255451,1.0,ANOMALOUS,0.9999506455638628,0.1575093279884299,1.0,True,0.6236933797909407,789.4413289655449,95.0,STANDBY,True,ASTRA_SIMULATED_EPS,-702.9437304423748,0.024596716450983536,-0.0191656181343955,0.005927160131020415,1.2833771537397551,32.75810332096149,0.09256486265731939,-21.250960888921345,0.07536859084270028,11.720161045437395,0.14395173270690814,-696.1426061292551,3.4807492534458593,0.0
9330.0,ASTRA-SC-01,EPS,32.84880473483016,-21.14922980316481,12.14235214650371,39.99802582255451,1.0,ANOMALOUS,0.9999506455638628,0.1575093279884299,1.0,True,0.6254355400696864,789.3509322235165,95.0,STANDBY,True,ASTRA_SIMULATED_EPS,-694.7269200962114,-0.0044610574324138955,0.02211181475006896,0.01873719356363406,0.2017499460282871,32.762203849236506,0.09527322545302404,-21.242924015513946,0.0795307749658231,11.763884294903223,0.16584911675364777,-695.9658217902195,3.4808260523834194,-0.0
9340.0,ASTRA-SC-01,EPS,32.85679019499557,-21.278222665833457,12.037573383048086,39.99802582255451,1.0,ANOMALOUS,0.9999506455638628,0.1575093279884299,1.0,True,0.627177700348432,789.2633933291494,95.0,STANDBY,True,ASTRA_SIMULATED_EPS,-699.1340978536892,0.0007985460165407688,-0.012899286266864606,-0.010477876345562364,0.06190621713637409,32.77431866736712,0.09495495162344135,-21.23871815185642,0.07552329329976185,11.79679253972227,0.16805042194103262,-696.0861767072741,3.561592287645823,0.0
9350.0,ASTRA-SC-01,EPS,32.508124715307744,-21.173289786049917,12.035247534964762,39.99802582255451,1.0,ANOMALOUS,0.9999506455638628,0.1575093279884299,1.0,True,0.6289198606271778,789.1787378454659,95.0,STANDBY,True,ASTRA_SIMULATED_EPS,-688.3039449982623,-0.03486654796878241,0.010493287978354004,-0.00023258480833234784,3.3227476498030546,32.74801597923947,0.11027211736240235,-21.230187922452384,0.0751820473646092,11.826239192050592,0.16859058197444782,-695.2485949886234,3.8244182799548736,-0.0
9360.0,ASTRA-SC-01,EPS,32.9495453672524,-21.222759425032812,12.105523641124195,39.99802582255451,1.0,ANOMALOUS,0.9999506455638628,0.1575093279884299,1.0,True,0.6306620209059234,789.096990521269,95.0,STANDBY,True,ASTRA_SIMULATED_EPS,-699.2802744934021,0.044142065194465376,-0.004946963898289525,0.0070276106159433025,2.158236261580556,32.764929199068774,0.12066506246435926,-21.233033731878894,0.0739473216425792,11.85822962817955,0.17327492598072264,-695.7005863339624,3.876706053176008,0.0
9370.0,ASTRA-SC-01,EPS,32.695194342812734,-20.96680223682221,12.129669500109626,39.99802582255451,1.0,ANOMALOUS,0.9999506455638628,0.1575093279884299,1.0,True,0.632404181184669,789.0181752811928,95.0,STANDBY,True,ASTRA_SIMULATED_EPS,-685.5136738802229,-0.025435102443966427,0.025595718821060133,0.002414585898543109,0.9937248733580575,32.75834804628098,0.12165938905084864,-21.220551137600776,0.09959096452853379,11.89390074930006,0.1701748689707112,-695.1532475112429,4.6734472498520665,-0.0
9380.0,ASTRA-SC-01,EPS,33.099958075742485,-21.066953032839766,12.204113023746515,39.99802582255451,1.0,ANOMALOUS,0.9999506455638628,0.1575093279884299,1.0,True,0.6341463414634146,788.9423152161905,95.0,STANDBY,True,ASTRA_SIMULATED_EPS,-697.3152621706323,0.040476373292975154,-0.010015079601755517,0.0074443523636889,4.041542843641518,32.780531648359066,0.150345173737141,-21.21009468755619,0.10717102716587598,11.932923343079072,0.1696905489161289,-695.2779597821284,4.7066189363919495,0.0
9390.0,ASTRA-SC-01,EPS,32.859895172596225,-21.111304620665837,12.11781269924612,39.99802582255451,1.0,ANOMALOUS,0.9999506455638628,0.1575093279884299,1.0,True,0.6358885017421603,788.8694325744489,95.0,STANDBY,True,ASTRA_SIMULATED_EPS,-693.7152567918257,-0.024006290314626,-0.004435158782607118,-0.008630032450039593,3.039625088941171,32.786495756880086,0.15168445540270567,-21.192893392405292,0.10027320774528549,11.962968918210622,0.15881813146221727,-694.8401759942798,4.5091837369355545,-0.0
9400.0,ASTRA-SC-01,EPS,32.75368792493598,-21.05918366792862,12.245846945497794,39.99802582255451,1.0,ANOMALOUS,0.9999506455638628,0.1575093279884299,1.0,True,0.6376306620209059,788.7995487527141,95.0,STANDBY,True,ASTRA_SIMULATED_EPS,-689.7659298132427,-0.010620724766024381,0.005212095273721573,0.012803424625167458,2.037707334240823,32.78656126934607,0.1516690302788606,-21.182008749432633,0.10555749835796896,11.9983519997342,0.15877357719474877,-694.4850541304296,4.69384730492471,-0.0
9410.0,ASTRA-SC-01,EPS,32.56897691047234,-21.15656213663744,12.367501635671816,39.99802582255451,1.0,ANOMALOUS,0.9999506455638628,0.1575093279884299,1.0,True,0.6393728222996515,788.7326842880257,95.0,STANDBY,True,ASTRA_SIMULATED_EPS,-689.0475837331181,-0.018471101446364456,-0.009737846870881839,0.01216546901740223,1.8968363018314494,32.77187340687658,0.16172030698053394,-21.183280410982636,0.10509672501311522,12.03576573230847,0.17552282793037582,-694.2160063409486,4.891437167601618,-0.0
9420.0,ASTRA-SC-01,EPS,33.00391064867938,-21.15567878920637,12.363782700085656,39.99802582255451,1.0,ANOMALOUS,0.9999506455638628,0.1575093279884299,1.0,True,0.6411149825783972,788.668858849835,95.0,STANDBY,True,ASTRA_SIMULATED_EPS,-698.2201324711286,0.043493373820704305,8.833474310705469e-05,-0.00037189355861606544,1.6835671033031996,32.79260982528638,0.17056571335385387,-21.172265570699118,0.098065909552329,12.076966753205955,0.17512218439670216,-694.2945926685908,4.949199778966968,0.0
9430.0,ASTRA-SC-01,EPS,32.73931790259252,-21.335637384826732,12.30381037619632,39.99802582255451,1.0,ANOMALOUS,0.9999506455638628,0.1575093279884299,1.0,True,0.6428571428571429,788.6080912325145,95.0,STANDBY,True,ASTRA_SIMULATED_EPS,-698.5142149962801,-0.0264592746086862,-0.01799585956203629,-0.005997232388933504,1.4702979047749498,32.7939294106275,0.17003564027531579,-21.179756186800756,0.1061950172938564,12.110915745954173,0.16556701315655342,-694.5678362571568,5.068070544806737,-0.0
9440.0,ASTRA-SC-01,EPS,33.05573325529268,-21.17553873858509,12.371597720165774,39.99802582255451,1.0,ANOMALOUS,0.9999506455638628,0.1575093279884299,1.0,True,0.6445993031358885,788.5503993482388,95.0,STANDBY,True,ASTRA_SIMULATED_EPS,-699.9729600797856,0.03164153527001616,0.016009864624164295,0.006778734396945296,1.9763774405848753,32.82518732109433,0.17233257456058776,-21.17600992097641,0.10521714024058075,12.143871699397236,0.16493332502281902,-695.1076602939676,5.190587784836222,0.0
9450.0,ASTRA-SC-01,EPS,32.750251397736804,-20.932714357960094,12.498708153118269,39.99802582255451,1.0,ANOMALOUS,0.9999506455638628,0.1575093279884299,1.0,True,0.6463414634146342,788.4958002202322,95.0,STANDBY,True,ASTRA_SIMULATED_EPS,-685.5516576602079,-0.030548185755587553,0.024282438062499523,0.012711043295249524,1.258036185532972,32.815403606469715,0.1721296689371936,-21.15552775770268,0.1206533028381906,12.184948551993546,0.17178788590033914,-694.2290587193812,5.630291898704754,-0.0
9460.0,ASTRA-SC-01,EPS,33.16329756656993,-21.159573959220413,12.46574500456792,39.99802582255451,1.0,ANOMALOUS,0.9999506455638628,0.1575093279884299,1.0,True,0.6480836236933798,788.444309976382,95.0,STANDBY,True,ASTRA_SIMULATED_EPS,-701.7212475914708,0.04130461688331266,-0.0226859601260319,-0.003296314855034943,1.8207127515804828,32.849793567931414,0.18706031295798517,-21.15425323702927,0.12049199945845149,12.222950978327596,0.16619249290209007,-694.9151258047903,5.886072002286091,0.0
9470.0,ASTRA-SC-01,EPS,32.550698988227055,-20.97699121736807,12.426038899153488,39.99802582255451,1.0,ANOMALOUS,0.9999506455638628,0.1575093279884299,1.0,True,0.6498257839721254,788.3959438432016,95.0,STANDBY,True,ASTRA_SIMULATED_EPS,-682.8157267952306,-0.0612598578342876,0.018258274185234312,-0.003970610541443165,3.3551833657876156,32.82694581320293,0.20170810990750404,-21.128029454809443,0.11265183535157004,12.254354890880002,0.15614153636006575,-693.5732588949807,6.210415632149107,-0.0
9480.0,ASTRA-SC-01,EPS,32.83497456653095,-21.260579091129006,12.48835939437537,39.99802582255451,1.0,ANOMALOUS,0.9999506455638628,0.1575093279884299,1.0,True,0.6515679442508711,788.350716140149,95.0,STANDBY,True,ASTRA_SIMULATED_EPS,-698.0905737269406,0.028427557830389815,-0.028358787376093632,0.006232049522188277,1.00242501392546,32.826023801982984,0.20163265029137958,-21.13545274067372,0.11770407136901789,12.277422040738115,0.16378439729150873,-693.7975024703627,6.31489505593103,0.0
9490.0,ASTRA-SC-01,EPS,32.662115371019596,-21.205114942039497,12.52413245992629,39.99802582255451,1.0,ANOMALOUS,0.9999506455638628,0.1575093279884299,1.0,True,0.6533101045296167,788.3086402742844,95.0,STANDBY,True,ASTRA_SIMULATED_EPS,-692.6039106926255,-0.01728591955113572,0.005546414908950937,0.003577306555092008,3.1165933012402824,32.81304548038459,0.20573440048806801,-21.130578892420793,0.11278067610978393,12.309859312529994,0.161048042181475,-693.362156659625,6.143481536012325,-0.0
9500.0,ASTRA-SC-01,EPS,32.709509495039995,-21.04440732047071,12.52904255251039,39.99802582255451,1.0,ANOMALOUS,0.9999506455638628,0.1575093279884299,1.0,True,0.6550522648083623,788.2697287352728,95.0,STANDBY,True,ASTRA_SIMULATED_EPS,-688.3522410664259,0.004739412402039988,0.016070762156878617,0.0004910092584099246,0.2949090003184089,32.82647113236674,0.190415394586528,-21.121986728048846,0.11419490628549735,12.342778980366369,0.1510640126428738,-693.3653763975027,6.140653227849015,0.0
9510.0,ASTRA-SC-01,EPS,32.83559215725832,-21.000752875978467,12.59173444542541,39.99802582255451,1.0,ANOMALOUS,0.9999506455638628,0.1575093279884299,1.0,True,0.6567944250871081,788.2339930907215,95.0,STANDBY,True,ASTRA_SIMULATED_EPS,-689.5721564309986,0.01260826622183231,0.004365444449224399,0.006269189291501931,0.6304553694358701,32.818874251700464,0.18740379470966212,-21.10718629144522,0.11458726845175327,12.37519303398645,0.14866389880804126,-692.7181685266756,5.9822716463742776,0.0
9520.0,ASTRA-SC-01,EPS,32.68168736791869,-21.160074317335408,12.709400806032711,39.99802582255451,1.0,ANOMALOUS,0.9999506455638628,0.1575093279884299,1.0,True,0.6585365853658537,788.2014439818471,95.0,STANDBY,True,ASTRA_SIMULATED_EPS,-691.5469335210813,-0.015390478933962726,-0.01593214413569406,0.011766636060730206,0.9660017385533315,32.81797378670753,0.18807177779913134,-21.120071096812765,0.10837190484196113,12.413841787714656,0.1554763427252183,-693.1203858360662,5.657273469880285,-0.0
9530.0,ASTRA-SC-01,EPS,32.8312570908339,-21.192455190224155,12.707540606052438,39.99802582255451,1.0,ANOMALOUS,0.9999506455638628,0.1575093279884299,1.0,True,0.6602787456445993,788.1720911194788,95.0,STANDBY,True,ASTRA_SIMULATED_EPS,-695.7749447362265,0.014956972291520997,-0.00323808728887478,-0.00018601999802729806,1.270499813028575,32.80006038771362,0.17134798957023,-21.12843790730506,0.1088217586300091,12.447403626535051,0.16120027254125827,-693.0176980071059,5.589262200358736,0.0
9540.0,ASTRA-SC-01,EPS,32.61865126042616,-21.057467180338826,12.736621547482144,39.99802582255451,1.0,ANOMALOUS,0.9999506455638628,0.1575093279884299,1.0,True,0.662020905923345,788.1459432803806,95.0,STANDBY,True,ASTRA_SIMULATED_EPS,-686.8661783833415,-0.021260583040773894,0.013498800988532978,0.002908094142970619,1.5749978875038184,32.78397746023562,0.1765727351251311,-21.124848744616596,0.11030493945732596,12.488657549750787,0.14959132993371316,-692.5610927798735,5.803848523925434,-0.0
9550.0,ASTRA-SC-01,EPS,32.74894429561315,-21.224968754043115,12.70461395949729,39.99802582255451,1.0,ANOMALOUS,0.9999506455638628,0.1575093279884299,1.0,True,0.6637630662020906,788.1230083039032,95.0,STANDBY,True,ASTRA_SIMULATED_EPS,-695.0953194022876,0.013029303518698753,-0.016750157370428908,-0.0032007587984853813,0.777861558584576,32.78366121828076,0.1766350955246767,-21.135901083690893,0.1115540600424977,12.519242017350752,0.14316198626930815,-692.9163854191432,5.783604185925337,0.0
9560.0,ASTRA-SC-01,EPS,32.88713250127153,-20.995572717763476,12.74975209024506,39.99802582255451,1.0,ANOMALOUS,0.9999506455638628,0.1575093279884299,1.0,True,0.6655052264808362,788.1032930889534,95.0,STANDBY,True,ASTRA_SIMULATED_EPS,-690.484181909169,0.013818820565838053,0.022939603627963833,0.004513813074776963,0.6024001456150984,32.80487159100071,0.167900513339407,-21.125168455765962,0.11703407562692557,12.54472538098897,0.14815621179661986,-693.01215863088,5.7265764087852995,0.0
9570.0,ASTRA-SC-01,EPS,32.874598097614076,-21.36200698136507,12.784968944456716,39.99802582255451,1.0,ANOMALOUS,0.9999506455638628,0.1575093279884299,1.0,True,0.6672473867595818,788.0868035912847,95.0,STANDBY,True,ASTRA_SIMULATED_EPS,-702.2673940708028,-0.0012534403657454619,-0.03664342636015938,0.003521685421165621,0.03420641818332432,32.79625075426302,0.16008895075795243,-21.13892366857654,0.13203927083021139,12.57280446394704,0.15129296929979255,-693.2819760708583,6.074277457814183,-0.0
9580.0,ASTRA-SC-01,EPS,32.79433042284817,-21.23132155821273,12.799869979367458,39.99802582255451,1.0,ANOMALOUS,0.9999506455638628,0.1575093279884299,1.0,True,0.6689895470383276,788.0735448211038,95.0,STANDBY,True,ASTRA_SIMULATED_EPS,-696.266974493768,-0.008026767476590636,0.013068542315233956,0.0014901034910741017,0.6142052635230678,32.7999182556134,0.15931980186943512,-21.131969280135607,0.12340317130929727,12.60587510415845,0.14223968609912804,-693.1321600373575,5.96269996152748,-0.0
9590.0,ASTRA-SC-01,EPS,32.68991007433862,-21.09802481603832,12.869737659725,39.99802582255451,1.0,ANOMALOUS,0.9999506455638628,0.1575093279884299,1.0,True,0.6707317073170732,788.0635208409917,95.0,STANDBY,True,ASTRA_SIMULATED_EPS,-689.6925339824572,-0.01044203485095494,0.013329674217441223,0.006986768035754309,0.7833675962831897,32.7755300435498,0.14469127289302436,-21.126801685299156,0.12307087564142226,12.639084433462395,0.1417856678505332,-692.4467982975356,5.705522031316172,-0.0
9600.0,ASTRA-SC-01,EPS,32.4323605222477,-21.36480662379782,12.88108324079074,39.99802582255451,1.0,ANOMALOUS,0.9999506455638628,0.1575093279884299,1.0,True,0.6724738675958188,788.0567347641402,95.0,STANDBY,True,ASTRA_SIMULATED_EPS,-692.9111109111165,-0.025754955209092146,-0.026678180775950012,0.0011345581065739907,0.9653939833974684,32.754337318517194,0.1697660656865464,-21.155607836355003,0.12495133654815876,12.664576105973897,0.14893790668384047,-692.9374285142628,5.377224421767894,-0.0
9610.0,ASTRA-SC-01,EPS,32.874483280360735,-21.434053434311004,12.91867618687686,39.99802582255451,1.0,ANOMALOUS,0.9999506455638628,0.1575093279884299,1.0,True,0.6742160278745645,788.0531887528975,95.0,STANDBY,True,ASTRA_SIMULATED_EPS,-704.6334312566157,0.04421227581130367,-0.006924681051318516,0.003759294608611974,6.384738226013355,32.73508303276991,0.1323180404736624,-21.173906468027713,0.1441906805851415,12.694771518127824,0.15163669014280468,-693.1315740919392,5.756233948243999,0.0
9620.0,ASTRA-SC-01,EPS,32.71312086551821,-20.976412364690535,12.956561837910307,39.99802582255451,1.0,ANOMALOUS,0.9999506455638628,0.1575093279884299,1.0,True,0.6759581881533101,788.0528840176264,95.0,STANDBY,True,ASTRA_SIMULATED_EPS,-686.2039130110722,-0.01613624148425217,0.04576410696204682,0.0037885651033446877,0.3525960093055963,32.745911157922656,0.12242753838804776,-21.173867877849208,0.1442472123323275,12.730139714044947,0.14625440480767316,-693.3574531729953,5.376467719544812,-0.0
9630.0,ASTRA-SC-01,EPS,32.86223308887515,-21.114491512713297,12.901349103362934,39.99802582255451,1.0,ANOMALOUS,0.9999506455638628,0.1575093279884299,1.0,True,0.6777003484320557,788.0558208158689,95.0,STANDBY,True,ASTRA_SIMULATED_EPS,-693.8693416438605,0.014911222335693707,-0.013807914802276144,-0.005521273454737319,1.079903993413668,32.7477283927456,0.12403570796697357,-21.16412870595483,0.14289995549073078,12.757672361310783,0.13600135109313288,-693.0760377007899,5.219204588815494,0.0
9640.0,ASTRA-SC-01,EPS,32.92540776947364,-21.10647608984279,13.065269852864082,39.99802582255451,1.0,ANOMALOUS,0.9999506455638628,0.1575093279884299,1.0,True,0.6794425087108014,788.0619984518195,95.0,STANDBY,True,ASTRA_SIMULATED_EPS,-694.9393318347194,0.0063174680598486075,0.0008015422870506939,0.016392074950114834,1.5565165947013546,32.76528121930921,0.1295615798243,-21.157552782475044,0.1431484925726565,12.793748187506639,0.1412956620817611,-693.2317324435961,5.238911418295205,0.0
9650.0,ASTRA-SC-01,EPS,33.44331567464833,-21.36121046983026,13.157984969579394,39.99802582255451,1.0,ANOMALOUS,0.9999506455638628,0.1575093279884299,1.0,True,0.681184668989547,788.0714152761054,95.0,STANDBY,True,ASTRA_SIMULATED_EPS,-714.3897049351365,0.05179079051746953,-0.025473437998747173,0.009271511671531129,2.033129195989041,32.81420163128309,0.21642038759182367,-21.17867299243235,0.14853197875460647,12.835677681977904,0.15017385647034381,-694.9675633681769,7.38192981327842,0.0
9660.0,ASTRA-SC-01,EPS,32.75228343305851,-21.09918857649677,13.101283191127369,39.99802582255451,1.0,ANOMALOUS,0.9999506455638628,0.1575093279884299,1.0,True,0.6829268292682927,788.0840686858689,95.0,STANDBY,True,ASTRA_SIMULATED_EPS,-691.0466044649725,-0.06910322415898236,0.026202189333349325,-0.005670177845202495,2.637307260085704,32.80864771633644,0.2169006680844784,-21.185235372466902,0.14214698480308335,12.869647598358032,0.1486749272473858,-695.0658599037753,7.314462182765878,-0.0
9670.0,ASTRA-SC-01,EPS,32.729850461515774,-21.19452347710019,13.151758083362031,39.99802582255451,1.0,ANOMALOUS,0.9999506455638628,0.1575093279884299,1.0,True,0.6846689895470384,788.0999551251555,95.0,STANDBY,True,ASTRA_SIMULATED_EPS,-693.6935840085746,-0.002243297154273449,-0.009533490060342232,0.00504748922346625,0.2353070218854269,32.81185858924291,0.21523708342554534,-21.18753198311789,0.14198963441181872,12.899138083513321,0.1581864262883812,-695.2089699362747,7.26150362896335,-0.0
9680.0,ASTRA-SC-01,EPS,32.55061188160731,-21.048990787906,13.146112172614895,39.99802582255451,1.0,ANOMALOUS,0.9999506455638628,0.1575093279884299,1.0,True,0.686411149825784,788.1190700856039,95.0,STANDBY,True,ASTRA_SIMULATED_EPS,-685.1575296366558,-0.017923857990846413,0.014553268919419082,-0.0005645910747135829,1.231603572371964,32.7931489086278,0.22538867814403205,-21.177967689630012,0.14639771589731734,12.928376187950818,0.16075376967767807,-694.50114226297,7.7062493830121355,-0.0
9690.0,ASTRA-SC-01,EPS,32.61409588139517,-21.182531183612284,13.261334228654665,39.99802582255451,1.0,ANOMALOUS,0.9999506455638628,0.1575093279884299,1.0,True,0.6881533101045296,788.1414081074367,95.0,STANDBY,True,ASTRA_SIMULATED_EPS,-690.8491030329742,0.00634839997878629,-0.013354039570628373,0.011522205603976942,0.47539173036070065,32.792845216692406,0.22564351802892677,-21.186305289848242,0.1425557024354807,12.96335703336232,0.17269319699991417,-694.7666705729456,7.489969729042736,0.0
9700.0,ASTRA-SC-01,EPS,32.71163058588769,-21.09384105112752,13.19339968264493,39.99802582255451,1.0,ANOMALOUS,0.9999506455638628,0.1575093279884299,1.0,True,0.6898954703832753,788.1669627807524,95.0,STANDBY,True,ASTRA_SIMULATED_EPS,-690.0139361019163,0.009753470449251723,0.00886901324847642,-0.006793454600973447,1.0997244198419975,32.79035763604404,0.22636659043644536,-21.177563442987204,0.1440283379449919,12.99594274823883,0.1663828146316227,-694.4279116862541,7.588309442524373,0.0
9710.0,ASTRA-SC-01,EPS,32.92372099895543,-21.058520732261556,13.35376474477171,39.99802582255451,1.0,ANOMALOUS,0.9999506455638628,0.1575093279884299,1.0,True,0.6916376306620209,788.1957267471128,95.0,STANDBY,True,ASTRA_SIMULATED_EPS,-693.3248612396981,0.021209041306774166,0.003532031886596343,0.01603650621267789,1.253312044637718,32.79279686922297,0.2276772198077192,-21.18175997728708,0.1391824725326577,13.036210258540608,0.17539140502585512,-694.6172903082894,7.51797804567152,0.0
9720.0,ASTRA-SC-01,EPS,32.770632016952696,-21.06135717928694,13.297540788608885,39.99802582255451,1.0,ANOMALOUS,0.9999506455638628,0.1575093279884299,1.0,True,0.6933797909407665,788.2276917014324,95.0,STANDBY,True,ASTRA_SIMULATED_EPS,-690.1939859000171,-0.015308898200273546,-0.00028364470253841036,-0.0056223956162824605,1.4068996694334384,32.78586579717888,0.22658900382881533,-21.161716657148535,0.13287654858626902,13.070381714817417,0.17285959436144063,-693.8123964302371,7.283070567712435,-0.0
9730.0,ASTRA-SC-01,EPS,33.01194323849335,-21.21599555566658,13.361107310844783,39.99802582255451,1.0,ANOMALOUS,0.9999506455638628,0.1575093279884299,1.0,True,0.6951219512195121,788.2628483941618,95.0,STANDBY,True,ASTRA_SIMULATED_EPS,-700.3812410317923,0.024131122154065564,-0.015463837637964061,0.006356652223589876,1.5604872942291588,32.80037331822189,0.2340144089378204,-21.16069492364546,0.13236102625036406,13.107797536915905,0.1708532720743104,-694.0866808661052,7.457498255221916,0.0
9740.0,ASTRA-SC-01,EPS,32.76749420255563,-21.14470735951945,13.359581050636136,39.99802582255451,1.0,ANOMALOUS,0.9999506455638628,0.1575093279884299,1.0,True,0.6968641114982579,788.3011866337653,95.0,STANDBY,True,ASTRA_SIMULATED_EPS,-692.8590758177891,-0.024444903593771983,0.007128819614712967,-0.00015262602086476562,3.4290254088237617,32.80554559343636,0.2322492552350975,-21.163807093210867,0.13132700560292462,13.140453762976648,0.16890355748689304,-694.2977836551273,7.368513829025284,-0.0
9750.0,ASTRA-SC-01,EPS,32.84079069694859,-21.15173392502402,13.39678243643514,39.99802582255451,1.0,ANOMALOUS,0.9999506455638628,0.1575093279884299,1.0,True,0.6986062717770035,788.3426952894944,95.0,STANDBY,True,ASTRA_SIMULATED_EPS,-694.6396667092606,0.0073296494392955935,-0.0007026565504567372,0.0037201385799004783,2.6160469415434404,32.83277427174975,0.20805393152543342,-21.149602246625946,0.1189757594474023,13.174833709352942,0.16477243498006985,-694.413020708337,7.358788592690428,0.0
9760.0,ASTRA-SC-01,EPS,33.05823081483647,-21.03113943790852,13.46047504882872,39.99802582255451,1.0,ANOMALOUS,0.9999506455638628,0.1575093279884299,1.0,True,0.7003484320557491,788.3873622944528,95.0,STANDBY,True,ASTRA_SIMULATED_EPS,-695.25226183739,0.021744011788788244,0.012059448711549691,0.006369261239357904,1.8030684742631193,32.84502410738146,0.21594481309731517,-21.122741313532448,0.09276373663359949,13.210953633483063,0.16399127575196953,-693.787609413722,6.806012144276737,0.0
9770.0,ASTRA-SC-01,EPS,32.72471682807858,-21.240134032936552,13.49567030093122,39.99802582255451,1.0,ANOMALOUS,0.9999506455638628,0.1575093279884299,1.0,True,0.7020905923344948,788.4351746489517,95.0,STANDBY,True,ASTRA_SIMULATED_EPS,-695.0773716182833,-0.03335139867578931,-0.020899459502803096,0.0035195252102500517,1.5958019714010367,32.84579717155216,0.21545909191884868,-21.14032275808218,0.0879138511320959,13.24689419768446,0.16333061826071163,-694.3791733208694,6.477472147405282,-0.0
9780.0,ASTRA-SC-01,EPS,32.943093149342054,-20.98019225444991,13.448511827659486,39.99802582255451,1.0,ANOMALOUS,0.9999506455638628,0.1575093279884299,1.0,True,0.7038327526132404,788.486118424157,95.0,STANDBY,True,ASTRA_SIMULATED_EPS,-691.152427729448,0.021837632126347727,0.02599417784866418,-0.004715847327173428,0.8400970499426642,32.85118784224995,0.2169063593258923,-21.131369474197957,0.09709198093406543,13.283371712637564,0.14009323224954554,-694.1980457265751,6.530515657704929,0.0
9790.0,ASTRA-SC-01,EPS,32.761778680011865,-21.326419944969615,13.48981074136435,39.99802582255451,1.0,ANOMALOUS,0.9999506455638628,0.1575093279884299,1.0,True,0.705574912891986,788.5401787660217,95.0,STANDBY,True,ASTRA_SIMULATED_EPS,-698.6914502740854,-0.018131446933018935,-0.03462276905197044,0.004129891370486405,0.523685638944787,32.84027923628583,0.2170216574870582,-21.14603239787308,0.10894819354264142,13.31167443853758,0.13569887331204006,-694.4481869558662,6.632008456784194,-0.0
9800.0,ASTRA-SC-01,EPS,32.96285869199292,-21.198288226125033,13.572099794969656,39.99802582255451,1.0,ANOMALOUS,0.9999506455638628,0.1575093279884299,1.0,True,0.7073170731707317,788.5973398995087,95.0,STANDBY,True,ASTRA_SIMULATED_EPS,-698.7561793098968,0.02010800119810554,0.012813171884458185,0.008228905360530624,1.569322676650866,32.80824877077547,0.1452488292587258,-21.1351709149594,0.09290371976087156,13.339282093563599,0.14406515222976674,-693.4059519141836,3.967460117408291,0.0
9810.0,ASTRA-SC-01,EPS,32.768182037655826,-21.112581662091337,13.513251033571605,39.99802582255451,1.0,ANOMALOUS,0.9999506455638628,0.1575093279884299,1.0,True,0.7090592334494773,788.6575851330953,95.0,STANDBY,True,ASTRA_SIMULATED_EPS,-691.8209191882831,-0.019467665433709414,0.008570656403369625,-0.005884876139805151,2.271432258800567,32.809308677748625,0.14486877970121198,-21.13606378733237,0.09259705463669442,13.366746616393215,0.13439652619091577,-693.4575728957376,3.939508620874138,-0.0
9820.0,ASTRA-SC-01,EPS,32.813398102725046,-21.48167303867205,13.591769100212789,39.99802582255451,1.0,ANOMALOUS,0.9999506455638628,0.1575093279884299,1.0,True,0.710801393728223,788.7208968635631,95.0,STANDBY,True,ASTRA_SIMULATED_EPS,-704.8866893305212,0.004521606506921927,-0.036909137658071245,0.007851806664118399,0.12250642507040929,32.81487852049591,0.14319199266717217,-21.15520709143716,0.12833277926841255,13.396080684183264,0.13212053571951737,-694.2037799172008,4.9243768415508296,0.0
9830.0,ASTRA-SC-01,EPS,32.53203108219578,-21.01884346664314,13.670381305337456,39.99802582255451,1.0,ANOMALOUS,0.9999506455638628,0.1575093279884299,1.0,True,0.7125435540069687,788.7872565810706,95.0,STANDBY,True,ASTRA_SIMULATED_EPS,-683.7856689686423,-0.028136702052926666,0.046282957202890884,0.007861220512466715,0.6079279232220108,32.81363980053514,0.14569980272863578,-21.153197270019636,0.13033549444901169,13.431031959698101,0.13060693552781757,-694.1123225393333,5.113495775921564,-0.0
9840.0,ASTRA-SC-01,EPS,32.87595669541524,-20.986051550158837,13.614381082490793,39.99802582255451,1.0,ANOMALOUS,0.9999506455638628,0.1575093279884299,1.0,True,0.7142857142857143,788.8566448745023,95.0,STANDBY,True,ASTRA_SIMULATED_EPS,-689.9365219707738,0.034392561321946145,0.003279191648430313,-0.005600022284666295,1.8615508769032116,32.831097188136475,0.13540739302618612,-21.140098627789406,0.13688534627374088,13.454568416620509,0.129649117498018,-694.0514838018531,5.160308235998352,0.0
9850.0,ASTRA-SC-01,EPS,33.08598653042706,-21.05347309593255,13.680234272415,39.99802582255451,1.0,ANOMALOUS,0.9999506455638628,0.1575093279884299,1.0,True,0.7160278745644599,788.9290414371012,95.0,STANDBY,True,ASTRA_SIMULATED_EPS,-696.5749272707328,0.02100298350118166,-0.006742154577371195,0.006585318992420675,3.1151738305844128,32.85605425110577,0.14590744426462776,-21.137407430776406,0.13824976197167804,13.487024055938516,0.12019031169779068,-694.4888832131077,5.070919451032626,0.0
9860.0,ASTRA-SC-01,EPS,32.98566243193182,-21.28161509853868,13.68099082993483,39.99802582255451,1.0,ANOMALOUS,0.9999506455638628,0.1575093279884299,1.0,True,0.7177700348432056,789.0044250723731,95.0,STANDBY,True,ASTRA_SIMULATED_EPS,-701.9881716467004,-0.01003240984952356,-0.022814200260613048,7.56557519830281e-05,0.4397440951214818,32.86018367997086,0.1488070325519648,-21.15228038852821,0.14112725279682684,13.508839128282721,0.12391430190870939,-695.066437240241,5.410835604505766,-0.0
9870.0,ASTRA-SC-01,EPS,32.69961703652098,-21.220046307194597,13.699462745105173,39.99802582255451,1.0,ANOMALOUS,0.9999506455638628,0.1575093279884299,1.0,True,0.7195121951219512,789.0827737002683,95.0,STANDBY,True,ASTRA_SIMULATED_EPS,-693.8873877425046,-0.028604539541083794,0.006156879134408299,0.0018471915170342967,4.645947876615708,32.855449347942084,0.1529321509829879,-21.162859663722056,0.13976587427022147,13.535633925382475,0.11828763874333374,-695.3126640297402,5.255065232183666,-0.0
9880.0,ASTRA-SC-01,EPS,33.00000609890353,-21.192596336055427,13.799909767321711,39.99802582255451,1.0,ANOMALOUS,0.9999506455638628,0.1575093279884299,1.0,True,0.7212543554006968,789.1640643636333,95.0,STANDBY,True,ASTRA_SIMULATED_EPS,-699.3558083414298,0.030038906238254982,0.0027449971139169803,0.010044702221653878,3.1601393118126584,32.85465353863609,0.15208837093748537,-21.16129971574798,0.1392601213687039,13.56488742248094,0.12604794772965183,-695.2443018503828,5.190694906746912,0.0
9890.0,ASTRA-SC-01,EPS,32.705888016913676,-21.36825940771266,13.82570129477303,39.99802582255451,1.0,ANOMALOUS,0.9999506455638628,0.1575093279884299,1.0,True,0.7229965156794426,789.2482732349359,95.0,STANDBY,True,ASTRA_SIMULATED_EPS,-698.8678993050124,-0.029411808198985766,-0.017566307165723317,0.0025791527451318073,1.674330747009609,32.850546459593296,0.15540583394897278,-21.17620318562753,0.1489804987830157,13.595962105423398,0.1292345107149665,-695.6448900828642,5.225216891708859,-0.0
9900.0,ASTRA-SC-01,EPS,32.48581968972988,-21.176740990149987,13.773616812440208,39.99802582255451,1.0,ANOMALOUS,0.9999506455638628,0.1575093279884299,1.0,True,0.7247386759581882,789.3353756232553,95.0,STANDBY,True,ASTRA_SIMULATED_EPS,-687.9437894221243,-0.0220068327183796,0.019151841756267274,-0.005208448233282148,1.14907135295111,32.82688172577871,0.18178554329361962,-21.177870323302592,0.14882696101410461,13.621084397157068,0.12428180360259819,-695.198498263722,5.590476432729428,-0.0
9910.0,ASTRA-SC-01,EPS,33.125331538891956,-21.070843143022135,13.877074833773738,39.99802582255451,1.0,ANOMALOUS,0.9999506455638628,0.1575093279884299,1.0,True,0.7264808362369338,789.4253459815393,95.0,STANDBY,True,ASTRA_SIMULATED_EPS,-697.9786649165965,0.06395118491620763,0.010589784712785289,0.010345802133353033,6.0389504272922485,32.831355107382414,0.18858372435883247,-21.180517236976833,0.14636360614578717,13.648857716153403,0.13212789151902138,-695.3802584690023,5.636481038360685,0.0
9920.0,ASTRA-SC-01,EPS,33.00666825403894,-21.268539971912663,13.928636347425776,39.99802582255451,1.0,ANOMALOUS,0.9999506455638628,0.1575093279884299,1.0,True,0.7282229965156795,789.5181579141263,95.0,STANDBY,True,ASTRA_SIMULATED_EPS,-702.003643100688,-0.011866328485301381,-0.01976968288905283,0.005156151365203776,0.6002285697699372,32.850151869113105,0.19122849053777277,-21.182410966241907,0.14737035930004158,13.67772211925304,0.14310867695601043,-695.8420099011626,5.8879909664840975,-0.0
9930.0,ASTRA-SC-01,EPS,32.8321923340632,-21.14834473150069,13.99467615382163,39.99802582255451,1.0,ANOMALOUS,0.9999506455638628,0.1575093279884299,1.0,True,0.7299651567944251,789.6137841845252,95.0,STANDBY,True,ASTRA_SIMULATED_EPS,-694.3465217717028,-0.01744759199757411,0.012019524041197372,0.006603980639585316,1.4516042347244225,32.84275848142785,0.18951464868252024,-21.193621131378627,0.13691379016370317,13.714133074330515,0.14994223778163582,-696.0549495039796,5.762702003790981,-0.0
9940.0,ASTRA-SC-01,EPS,32.91955059366172,-21.14860150160308,13.8778312843947,39.99802582255451,1.0,ANOMALOUS,0.9999506455638628,0.1575093279884299,1.0,True,0.7317073170731707,789.7121967234584,95.0,STANDBY,True,ASTRA_SIMULATED_EPS,-696.2024571172127,0.008735825959851696,-2.567701023892255e-05,-0.011684486942692907,1.0011980862875602,32.8532766090045,0.18907690500009225,-21.181766568487525,0.13221159592857637,13.74000111053254,0.14172324913872297,-695.8890166268549,5.717016565685296,0.0
9950.0,ASTRA-SC-01,EPS,32.64197917090422,-21.197317051035803,13.994682739836731,39.99802582255451,1.0,ANOMALOUS,0.9999506455638628,0.1575093279884299,1.0,True,0.7334494773519163,789.8133666371564,95.0,STANDBY,True,ASTRA_SIMULATED_EPS,-691.9223816589636,-0.027757142275749658,-0.004871554943272472,0.011685145544203124,0.5507919378506979,32.831884640931925,0.19388420587468844,-21.18170182348157,0.13220316476366228,13.768173306857012,0.14783279688825252,-695.4334301167926,5.744438819213935,-0.0
9960.0,ASTRA-SC-01,EPS,32.614073842538296,-20.919336188118177,14.09519378622925,39.99802582255451,1.0,ANOMALOUS,0.9999506455638628,0.1575093279884299,1.0,True,0.735191637630662,789.9172642159085,95.0,STANDBY,True,ASTRA_SIMULATED_EPS,-682.2647751761698,-0.0027905328365925184,0.02779808629176266,0.010051104639251917,0.10038578941383568,32.821610761257425,0.20143687901929258,-21.168818791883364,0.14790344755737822,13.806969490367521,0.152442816536093,-694.7963538493183,6.634624157971732,-0.0
9970.0,ASTRA-SC-01,EPS,32.89816966882774,-21.1821313829361,14.038045304082267,39.99802582255451,1.0,ANOMALOUS,0.9999506455638628,0.1575093279884299,1.0,True,0.7369337979094077,790.0238589428643,95.0,STANDBY,True,ASTRA_SIMULATED_EPS,-696.8533521832326,0.02840958262894446,-0.026279519481792236,-0.005714848214698342,1.0810541132088827,32.8272621989976,0.20237697577729205,-21.148849348167634,0.12028946703179387,13.836721237292153,0.1509850275154044,-694.260798039499,6.061408368208451,0.0
9980.0,ASTRA-SC-01,EPS,32.64331211247818,-21.184857288427516,14.090746964244255,39.99802582255451,1.0,ANOMALOUS,0.9999506455638628,0.1575093279884299,1.0,True,0.7386759581881533,790.1331195030815,95.0,STANDBY,True,ASTRA_SIMULATED_EPS,-691.5439085244475,-0.02548575563495632,-0.00027259054914168245,0.005270166016198808,0.9882587592676594,32.83468093434976,0.19258408590901174,-21.159916936286592,0.11499423967944042,13.864745614552607,0.1568052273754893,-694.7780140098861,5.398477787250803,-0.0
9990.0,ASTRA-SC-01,EPS,32.595778840290464,-21.15977821494145,14.099222093229915,39.99802582255451,1.0,ANOMALOUS,0.9999506455638628,0.1575093279884299,1.0,True,0.740418118466899,790.2450137928198,95.0,STANDBY,True,ASTRA_SIMULATED_EPS,-689.7194510038277,-0.004753327218771375,0.0025079073486065084,0.0008475128985660163,0.8954634053264361,32.81600241067478,0.20166769615774208,-21.171498713938767,0.1045023018812871,13.897068348601882,0.15138780469471616,-694.7635426120899,5.412655455196294,-0.0
10000.0,ASTRA-SC-01,EPS,32.48654905339823,-21.295861601720993,14.11535280887828,39.99802582255451,1.0,ANOMALOUS,0.9999506455638628,0.1575093279884299,1.0,True,0.7421602787456446,790.3595089290782,95.0,STANDBY,True,ASTRA_SIMULATED_EPS,-691.8290525586888,-0.010922978689223584,-0.013608338677954279,0.0016130715648364103,0.8026680513852128,32.776039912206194,0.20372795338649116,-21.187657947658,0.1036854805287607,13.926076251032764,0.14853209289932584,-694.4471509646199,5.437858753002209,-0.0
10010.0,ASTRA-SC-01,EPS,33.10899933763712,-21.142138041509813,14.098229585532906,39.99802582255451,1.0,NOMINAL,0.9999506455638628,0.0450026651395514,1.0,True,0.7439024390243902,790.476571259368,95.0,STANDBY,False,ASTRA_SIMULATED_EPS,-699.995034412581,0.06224502842388944,0.015372356021117995,-0.0017123223345373972,4.04915345041316,32.78426237258655,0.21497131889447765,-21.178359477189407,0.10087357595844425,13.953892168072638,0.13805510934509282,-694.3142751490121,5.2619353279366745,0.0
10020.0,ASTRA-SC-01,EPS,32.87913255006505,-21.379381949472407,14.248031540244952,39.99802582255451,1.0,NOMINAL,0.9999506455638628,0.0450026651395514,1.0,True,0.7456445993031359,790.5961663717256,95.0,STANDBY,False,ASTRA_SIMULATED_EPS,-702.9355329551714,-0.022986678757207103,-0.02372439079625934,0.014980195471204638,0.9689049111782226,32.796230073489475,0.21491933386153964,-21.18898185334126,0.11321169046564024,13.990463421081957,0.1384998132588495,-694.9174848298567,5.709124351496458,-0.0
10030.0,ASTRA-SC-01,EPS,32.72216091233365,-21.221693930829975,14.289003094627573,39.99802582255451,1.0,NOMINAL,0.9999506455638628,0.0450026651395514,1.0,True,0.7473867595818815,790.7182591049561,95.0,STANDBY,False,ASTRA_SIMULATED_EPS,-694.4196836369129,-0.015697163773140232,0.015768801864243186,0.004097155438262057,0.9954569730966435,32.77770706105149,0.20796282689787557,-21.190921692992898,0.11352689639573037,14.023069642902348,0.1477010813425591,-694.5884098495554,5.575726393076547,-0.0
10040.0,ASTRA-SC-01,EPS,32.58833288018262,-21.370278032815417,14.222272727233827,39.99802582255451,1.0,NOMINAL,0.9999506455638628,0.0450026651395514,1.0,True,0.7491289198606271,790.842813559106,95.0,STANDBY,False,ASTRA_SIMULATED_EPS,-696.421734275443,-0.013382803215102967,-0.014858410198544192,-0.006673036739374538,0.9006887706205741,32.76987005193609,0.2130162381133954,-21.191056267999745,0.11375309942071679,14.049507738399734,0.1453226809988268,-694.4253321809175,5.476510104250223,-0.0
10050.0,ASTRA-SC-01,EPS,32.9697151394167,-21.387755357847173,14.138507706462798,39.99802582255451,1.0,NOMINAL,0.9999506455638628,0.0450026651395514,1.0,True,0.7508710801393729,790.9697931061646,95.0,STANDBY,False,ASTRA_SIMULATED_EPS,-705.1482016197546,0.03813822592340799,-0.0017477325031755697,-0.008376502077102898,0.9904193091174156,32.80212974858187,0.20334804402185117,-21.205123892512894,0.12440540889272274,14.073833798001239,0.12495438488561905,-695.5722929940929,5.813328446468392,0.0
10060.0,ASTRA-SC-01,EPS,32.72543524495106,-21.16160164870655,14.368714932558287,39.99802582255451,1.0,NOMINAL,0.9999506455638628,0.0450026651395514,1.0,True,0.7526132404181185,791.099160400986,95.0,STANDBY,False,ASTRA_SIMULATED_EPS,-692.5226244341958,-0.024427989446564168,0.022615370914062183,0.023020722609548905,1.080149847614257,32.77546999565248,0.18316025210940304,-21.211174459558517,0.11951915753888008,14.106609804586876,0.13382215560433433,-695.2085569619328,5.822691576623151,-0.0
10070.0,ASTRA-SC-01,EPS,32.72346686891544,-21.272647645996216,14.394907010197278,39.99802582255451,1.0,NOMINAL,0.9999506455638628,0.0450026651395514,1.0,True,0.7543554006968641,791.2308773924314,95.0,STANDBY,False,ASTRA_SIMULATED_EPS,-696.1147804578692,-0.00019683760356201674,-0.011104599728966491,0.002619207763899034,0.017725772055391005,32.75658990331091,0.17187460411301106,-21.211448304497424,0.1196646003391631,14.13769451543831,0.14334374499443542,-694.8159661190782,5.522605832871807,-0.0
10080.0,ASTRA-SC-01,EPS,32.49279174451009,-21.27419624263345,14.375167269384784,39.99802582255451,1.0,NOMINAL,0.9999506455638628,0.0450026651395514,1.0,True,0.7560975609756098,791.3649053347269,95.0,STANDBY,False,ASTRA_SIMULATED_EPS,-691.2580280437278,-0.023067512440534444,-0.00015485966372352777,-0.001973974081249352,0.8315054196049021,32.73396319734071,0.1831795639824515,-21.219838405239607,0.11933565148025929,14.163060589809188,0.14975014914826734,-694.6100665372131,5.598412264583441,-0.0
10090.0,ASTRA-SC-01,EPS,32.8730945749262,-21.291843922103112,14.395726402607451,39.99802582255451,1.0,NOMINAL,0.9999506455638628,0.0450026651395514,1.0,True,0.7578397212543554,791.5012047990353,95.0,STANDBY,False,ASTRA_SIMULATED_EPS,-699.9287989258631,0.0380302830416106,-0.001764767946966117,0.0020559133222667115,1.645285067154413,32.730866129425,0.18018591953109492,-21.229387899939606,0.1189586282473059,14.19758693102337,0.138576461769637,-694.8584893244566,5.754616635014603,0.0
10100.0,ASTRA-SC-01,EPS,32.39134547883208,-21.31258453085483,14.44496244271116,39.99802582255451,1.0,NOMINAL,0.9999506455638628,0.0450026651395514,1.0,True,0.759581881533101,791.6397356852345,95.0,STANDBY,False,ASTRA_SIMULATED_EPS,-690.3432885857311,-0.048174909609411995,-0.0020740608751719236,0.00492360401037093,2.459064714703924,32.714157216620194,0.19959299347832563,-21.23707239859421,0.12045258122578903,14.227605577881665,0.14024362633491497,-694.7532164529077,5.826164202783679,-0.0
10110.0,ASTRA-SC-01,EPS,32.63833060578595,-21.237119553111796,14.472837866771346,39.99802582255451,1.0,NOMINAL,0.9999506455638628,0.0450026651395514,1.0,True,0.7613240418118467,791.7804572339007,95.0,STANDBY,False,ASTRA_SIMULATED_EPS,-693.144129089064,0.024698512695387365,0.007546497774303518,0.002787542406018595,3.2728443622534353,32.715774334170035,0.19882096212859846,-21.258257956260458,0.08256375264294984,14.252781849917804,0.14843328684892537,-695.4785067137674,4.7355491281647275,0.0
10120.0,ASTRA-SC-01,EPS,32.74324691599277,-21.229073157267177,14.430489628822365,39.99802582255451,1.0,NOMINAL,0.9999506455638628,0.0450026651395514,1.0,True,0.7630662020905923,791.9233280384955,95.0,STANDBY,False,ASTRA_SIMULATED_EPS,-695.1087841860734,0.01049163102068178,0.0008046395844619525,-0.00423482379489819,3.057532979270308,32.7054461506477,0.1925957023271525,-21.261387407882527,0.08033164330322545,14.278944804900478,0.14234137446678247,-695.3622021806235,4.720771359109126,0.0
10130.0,ASTRA-SC-01,EPS,32.765540343560986,-21.184561675204,14.514531901782789,39.99802582255451,1.0,NOMINAL,0.9999506455638628,0.0450026651395514,1.0,True,0.764808362369338,792.068306057746,95.0,STANDBY,False,ASTRA_SIMULATED_EPS,-694.1236102295526,0.0022293427568214953,0.004451148206317512,0.008404227296042422,2.842221596287181,32.71359469938656,0.19236463782411425,-21.26136770033429,0.08035179303410332,14.307197134069714,0.14436186621245006,-695.5341822942971,4.617595519421713,0.0
10140.0,ASTRA-SC-01,EPS,32.703234559395284,-21.231986946643943,14.57039592125624,39.99802582255451,1.0,NOMINAL,0.9999506455638628,0.0450026651395514,1.0,True,0.7665505226480837,792.2153486282226,95.0,STANDBY,False,ASTRA_SIMULATED_EPS,-694.3546492781157,-0.006230578416570154,-0.004742527143994124,0.005586401947345188,2.626910213304053,32.72075841399355,0.18964536982302302,-21.266181615781125,0.07586875294557173,14.338608722604802,0.14711136291416144,-695.843195512583,4.347893561858754,-0.0
10150.0,ASTRA-SC-01,EPS,32.46323953254968,-21.13246996901559,14.54576025363909,39.99802582255451,1.0,NOMINAL,0.9999506455638628,0.0450026651395514,1.0,True,0.7682926829268293,792.3644124771018,95.0,STANDBY,False,ASTRA_SIMULATED_EPS,-686.0284345185659,-0.023999502684560525,0.00995169776283511,-0.002463566761715086,2.411598830320926,32.719204445936974,0.1917850090211097,-21.255288840267433,0.08272288591984671,14.367302552255524,0.1423534482682601,-695.4564876432414,4.947088198596907,-0.0
10160.0,ASTRA-SC-01,EPS,32.86920312202595,-21.132798477371736,14.521822444403426,39.99802582255451,1.0,NOMINAL,0.9999506455638628,0.0450026651395514,1.0,True,0.7700348432055749,792.5154537351187,95.0,STANDBY,False,ASTRA_SIMULATED_EPS,-694.6182456895723,0.04059635894762721,-3.285083561443969e-05,-0.0023937809235663465,1.7529536840546007,32.7032180315629,0.16511184935370965,-21.254666202658225,0.08366516280800403,14.395542076180224,0.12626987375407883,-695.0980350617076,4.786949983497046,0.0
10170.0,ASTRA-SC-01,EPS,32.68307771718667,-21.30288341997436,14.578977370197356,39.99802582255451,1.0,NOMINAL,0.9999506455638628,0.0450026651395514,1.0,True,0.7717770034843205,792.6684279496963,95.0,STANDBY,False,ASTRA_SIMULATED_EPS,-696.2437944151894,-0.018612540483928085,-0.017008494260262453,0.0057154925793929225,1.0943085377882757,32.69014770937101,0.1577892205643758,-21.24956630069169,0.07763411441265713,14.417605131510385,0.1275607997813252,-694.651919159042,4.290434229688027,-0.0
10180.0,ASTRA-SC-01,EPS,33.08394860019491,-21.37089894918435,14.618072600489224,39.99802582255451,1.0,NOMINAL,0.9999506455638628,0.0450026651395514,1.0,True,0.7735191637630662,792.8232900982533,95.0,STANDBY,False,ASTRA_SIMULATED_EPS,-707.0337223747745,0.04008708830082384,-0.006801552920999043,0.003909523029186878,5.89381406958687,32.71426688856176,0.1878244636708846,-21.259513301915312,0.08316909632846978,14.439543098567828,0.13208066075078645,-695.4928550748995,5.3476101579958755,0.0
10190.0,ASTRA-SC-01,EPS,32.83294321092982,-21.41417255665425,14.65367697070385,39.99802582255451,1.0,NOMINAL,0.9999506455638628,0.0450026651395514,1.0,True,0.7752613240418118,792.979994601687,95.0,STANDBY,False,ASTRA_SIMULATED_EPS,-703.0903114616808,-0.025100538926508875,-0.004327360746989939,0.0035604370214626256,3.0476805237994644,32.73057424394491,0.18672519065958762,-21.262439603504568,0.087977915665354,14.46830338146583,0.12830594187105784,-695.9374268873154,5.696182601159525,-0.0
10200.0,ASTRA-SC-01,EPS,32.85148541896607,-21.322173121985763,14.696329100663222,39.99802582255451,1.0,NOMINAL,0.9999506455638628,0.0450026651395514,1.0,True,0.7770034843205574,793.1384953380204,95.0,STANDBY,False,ASTRA_SIMULATED_EPS,-700.4650594175855,0.0018542208036251395,0.009199943466848737,0.004265212995937162,0.20154697801205806,32.72269226258153,0.17821083330081747,-21.258067454447144,0.0827815156474576,14.505491474412525,0.1045261531119946,-695.6252174071707,5.267487276583519,0.0
10210.0,ASTRA-SC-01,EPS,32.712615056428206,-21.458757264943955,14.74454210832556,39.99802582255451,1.0,NOMINAL,0.9999506455638628,0.0450026651395514,1.0,True,0.7787456445993032,793.2987456562153,95.0,STANDBY,False,ASTRA_SIMULATED_EPS,-701.9720659974438,-0.013887036253786534,-0.0136584142958192,0.004821300766233705,1.0167385432170786,32.72183758334668,0.1782274799365499,-21.277877828862973,0.09297576297197852,14.530546619463676,0.1140115947584493,-696.2551801780539,5.432399617158079,-0.0
10220.0,ASTRA-SC-01,EPS,33.087227967917755,-21.29285613462465,14.767116420426952,39.99802582255451,1.0,NOMINAL,0.9999506455638628,0.0450026651395514,1.0,True,0.7804878048780488,793.460698390146,95.0,STANDBY,False,ASTRA_SIMULATED_EPS,-704.5215850144018,0.03746129114895495,0.01659011303193054,0.002257431210139238,2.258049181271654,32.74608832328016,0.20167096384583738,-21.279225061438197,0.09304095269580254,14.555360580145653,0.12256548972636189,-696.8156338151562,5.835578261552419,0.0
10230.0,ASTRA-SC-01,EPS,32.91302853518104,-21.44142525607721,14.868296672232216,39.99802582255451,1.0,NOMINAL,0.9999506455638628,0.0450026651395514,1.0,True,0.7822299651567944,793.6243058727258,95.0,STANDBY,False,ASTRA_SIMULATED_EPS,-705.7022412882206,-0.017419943273671377,-0.014856912145256019,0.010118025180526402,1.1725143894879775,32.77410410932489,0.19297170420563806,-21.29037366233445,0.10198456076877556,14.588235873668816,0.13616161207236435,-697.778581364789,6.041117575022284,-0.0
10240.0,ASTRA-SC-01,EPS,32.83260533829377,-21.12294038019743,14.773764167044668,39.99802582255451,1.0,NOMINAL,0.9999506455638628,0.0450026651395514,1.0,True,0.7839721254355401,793.7895199501866,95.0,STANDBY,False,ASTRA_SIMULATED_EPS,-693.5211650873312,-0.008042319688727418,0.03184848758797791,-0.009453250518754786,0.2525181036151686,32.77140482688273,0.19176754722501332,-21.279113426207406,0.11075770125807906,14.613438391297965,0.13293208045624538,-697.3514057755534,6.104426934683393,-0.0
10250.0,ASTRA-SC-01,EPS,33.09758091765549,-21.22354861210273,14.865240045601965,39.99802582255451,1.0,NOMINAL,0.9999506455638628,0.0450026651395514,1.0,True,0.7857142857142857,793.9562919965015,95.0,STANDBY,False,ASTRA_SIMULATED_EPS,-702.448117548865,0.026497557936172457,-0.010060823190529788,0.009147587855729711,2.6337365675121394,32.81848718947096,0.17799309607587424,-21.2731776982906,0.11122062956229518,14.641456898157351,0.13903686796790363,-698.1583943730958,5.908774952910011,0.0
10260.0,ASTRA-SC-01,EPS,32.83780333491059,-21.34287764504016,14.924714389456216,39.99802582255451,1.0,NOMINAL,0.9999506455638628,0.0450026651395514,1.0,True,0.7874564459930313,794.1245729279519,95.0,STANDBY,False,ASTRA_SIMULATED_EPS,-700.8532187088884,-0.02597775827449027,-0.01193290329374328,0.005947434385425154,2.176985569648508,32.8317853714126,0.17088126322406444,-21.28022823775249,0.11212003749358115,14.671581999669677,0.148522992850797,-698.6723336810841,5.775242220619822,-0.0
10270.0,ASTRA-SC-01,EPS,32.82244261280651,-21.539851135978775,14.83585598262975,39.99802582255451,1.0,NOMINAL,0.9999506455638628,0.0450026651395514,1.0,True,0.789198606271777,794.2943132178291,95.0,STANDBY,False,ASTRA_SIMULATED_EPS,-706.9905277990586,-0.001536072210407724,-0.019697349093861404,-0.008885840682646595,0.07798370243061968,32.83706508453351,0.1691651315358062,-21.30094676966659,0.1293779024131835,14.698606423256836,0.13803020627450202,-699.4644499219497,6.059406289816138,-0.0
10280.0,ASTRA-SC-01,EPS,32.76894583026664,-21.290936575405112,14.915841307121532,39.99802582255451,1.0,NOMINAL,0.9999506455638628,0.0450026651395514,1.0,True,0.7909407665505227,794.4654629112695,95.0,STANDBY,False,ASTRA_SIMULATED_EPS,-697.6815473150928,-0.005349678253987378,0.024891456057366312,0.007998532449178164,0.2149202618624718,32.83729211698056,0.1690645386616095,-21.308038429680003,0.12539689048593844,14.725360383612752,0.13869382497570404,-699.7016457276524,5.9030253110641535,-0.0
10290.0,ASTRA-SC-01,EPS,32.999331697269454,-21.548648888301848,14.952733673107607,39.99802582255451,1.0,NOMINAL,0.9999506455638628,0.0450026651395514,1.0,True,0.7926829268292683,794.6379716402155,95.0,STANDBY,False,ASTRA_SIMULATED_EPS,-711.0910122930694,0.023038586700281628,-0.02577123128967358,0.003689236598607515,0.89396530733528,32.85703192617217,0.16957930110606434,-21.329149225790527,0.13772796713851898,14.750849567069508,0.14323876926615936,-700.8174032619827,6.382417176015464,0.0
10300.0,ASTRA-SC-01,EPS,32.501280641220305,-21.251254898332594,14.967643195823497,39.99802582255451,1.0,NOMINAL,0.9999506455638628,0.0450026651395514,1.0,True,0.794425087108014,794.8117886385007,95.0,STANDBY,False,ASTRA_SIMULATED_EPS,-690.6929994288153,-0.049805105604914954,0.02973939899692546,0.0014909522715889523,1.6747179595009283,32.85956800008355,0.1634428697691827,-21.337068221078326,0.1287328462799125,14.77897509654847,0.14150088342739744,-701.1283742559993,5.686028605389217,-0.0
10310.0,ASTRA-SC-01,EPS,32.868238825320844,-21.437939603024653,15.06307973511103,39.99802582255451,1.0,NOMINAL,0.9999506455638628,0.0450026651395514,1.0,True,0.7961672473867596,794.9868627570512,95.0,STANDBY,False,ASTRA_SIMULATED_EPS,-704.6273187950183,0.03669581841005396,-0.0186684704692059,0.009543653928753315,1.9656574688635908,32.85950371363654,0.16343899891782387,-21.357410962788524,0.1177926569249298,14.815058915928976,0.140247823762477,-701.7956457963624,5.449868724010752,0.0
10320.0,ASTRA-SC-01,EPS,32.97026384311922,-21.281610368021752,15.019299675548892,39.99802582255451,1.0,NOMINAL,0.9999506455638628,0.0450026651395514,1.0,True,0.7979094076655052,795.1631424792014,95.0,STANDBY,False,ASTRA_SIMULATED_EPS,-701.6603088401387,0.010202501779837548,0.015632923500290018,-0.004378005956213826,0.652629163038396,32.87864945536538,0.15802702567375074,-21.355992759325016,0.11862120024977645,14.844413736285746,0.13320943190115064,-702.1567467580256,5.230776514948298,0.0
10330.0,ASTRA-SC-01,EPS,32.89451892318374,-21.431224891537163,15.095151252742056,39.99802582255451,1.0,NOMINAL,0.9999506455638628,0.0450026651395514,1.0,True,0.7996515679442509,795.3405759361158,95.0,STANDBY,False,ASTRA_SIMULATED_EPS,-704.9698327416755,-0.007574491993548094,-0.014961452351541027,0.007585157719316449,0.5062671601375599,32.8660208102313,0.1476790518025926,-21.360014488815203,0.12017514381739637,14.876218979769268,0.13225838568426954,-702.019154115819,5.119283619301552,-0.0
10340.0,ASTRA-SC-01,EPS,33.06993411453985,-21.237983268241457,15.042420350381208,39.99802582255451,1.0,NOMINAL,0.9999506455638628,0.0450026651395514,1.0,True,0.8013937282229965,795.5191109223155,95.0,STANDBY,False,ASTRA_SIMULATED_EPS,-702.3387074064447,0.017541519135610882,0.019324162329570526,-0.005273090236084776,0.9077505578996417,32.8818202038053,0.1563123311828046,-21.348268536254352,0.1230789305807677,14.902135205081091,0.12332162275690718,-701.9690471788033,5.111723098614931,0.0
10350.0,ASTRA-SC-01,EPS,32.85869539753699,-21.507733775907337,15.133976254833373,39.99802582255451,1.0,NOMINAL,0.9999506455638628,0.0450026651395514,1.0,True,0.8031358885017421,795.6986949113018,95.0,STANDBY,False,ASTRA_SIMULATED_EPS,-706.7160728338573,-0.02112387170028569,-0.026975050766587925,0.009155590445216433,0.7830892287494904,32.88230086904336,0.15622344808110059,-21.360639246515788,0.12943023467347414,14.93131168202577,0.1229228081191621,-702.3857814065547,5.233704264885606,-0.0
10360.0,ASTRA-SC-01,EPS,32.873321660356986,-21.577772134153054,15.073653262440905,39.99802582255451,1.0,NOMINAL,0.9999506455638628,0.0450026651395514,1.0,True,0.8048780487804879,795.8792750712731,95.0,STANDBY,False,ASTRA_SIMULATED_EPS,-709.333044079901,0.0014626262819994907,-0.007003835824571781,-0.0060322992392467965,0.20883217691484318,32.89301464263861,0.14910358270124757,-21.368573571129726,0.1391571161914442,14.953252425633458,0.1164037134246466,-702.8765132787186,5.528912811687054,0.0
10370.0,ASTRA-SC-01,EPS,32.75299003476531,-21.40783762909913,15.097583961319886,39.99802582255451,1.0,NOMINAL,0.9999506455638628,0.0450026651395514,1.0,True,0.8066202090592335,796.0607982809305,95.0,STANDBY,False,ASTRA_SIMULATED_EPS,-701.1706925317577,-0.012033162559167466,0.01699345050539236,0.002393069887898136,0.7081058997023061,32.87073211376178,0.14285024774662217,-21.376239004094696,0.13784903619884012,14.97528359502632,0.10974058253567953,-702.6531204465423,5.5253912230752755,-0.0
10380.0,ASTRA-SC-01,EPS,32.86321538974087,-21.351602071636513,15.174589530670325,39.99802582255451,1.0,NOMINAL,0.9999506455638628,0.0450026651395514,1.0,True,0.8083623693379791,796.2432111453656,95.0,STANDBY,False,ASTRA_SIMULATED_EPS,-701.6822977962281,0.011022535497556163,0.005623555746261744,0.0077005569350438565,1.9600651251449563,32.867411237399104,0.14237495679560191,-21.370250791798647,0.1367617442408432,14.995703118922194,0.11668768951037098,-702.3851242137428,5.464086012655765,0.0
10390.0,ASTRA-SC-01,EPS,32.675476369048624,-21.26795032929489,15.293248534957613,39.99802582255451,1.0,NOMINAL,0.9999506455638628,0.0450026651395514,1.0,True,0.8101045296167247,796.4264600120259,95.0,STANDBY,False,ASTRA_SIMULATED_EPS,-694.9404084029751,-0.018773902069224847,0.008365174234162253,0.011865900428728792,2.244293010963805,32.85693597278276,0.1506581684429459,-21.379918121738477,0.12240271108949222,15.03033541011639,0.1230301004715572,-702.4797404347858,5.309742003558432,-0.0
10400.0,ASTRA-SC-01,EPS,32.720121307699124,-21.459474358124343,15.261143954095656,39.99802582255451,1.0,NOMINAL,0.9999506455638628,0.0450026651395514,1.0,True,0.8118466898954704,796.6104909867548,95.0,STANDBY,False,ASTRA_SIMULATED_EPS,-702.1566041972873,0.004464493865049946,-0.019152402882945195,-0.003210458086195622,0.23310358978640125,32.831771998785676,0.13863627935291337,-21.395646504806585,0.11585735448753753,15.05672900401597,0.12746889153106924,-702.4603062113472,5.310399458383514,0.0
10410.0,ASTRA-SC-01,EPS,32.74070821123798,-21.412182488029213,15.299602005555755,39.99802582255451,1.0,NOMINAL,0.9999506455638628,0.0450026651395514,1.0,True,0.813588850174216,796.7952499498972,95.0,STANDBY,False,ASTRA_SIMULATED_EPS,-701.0500190063441,0.002058690353885595,0.0047291870095129696,0.003845805146009873,0.9235919589783045,32.82529899054083,0.14058754013844166,-21.40026682767252,0.11498125551373956,15.081721511755939,0.1361896028879392,-702.4734262311777,5.306386929531443,0.0
10420.0,ASTRA-SC-01,EPS,32.4862950989987,-21.254561390863813,15.292219722591405,39.99802582255451,1.0,NOMINAL,0.9999506455638628,0.0450026651395514,1.0,True,0.8153310104529616,796.9806825724698,95.0,STANDBY,False,ASTRA_SIMULATED_EPS,-690.4819535433861,-0.025441311223927697,0.015762109716539997,-0.0007382282964350396,1.6140803281702079,32.80288915628698,0.16563524032131652,-21.381247511331523,0.11383256091806665,15.112145761086715,0.12807409273797396,-701.3728546141327,5.972740061709263,-0.0
10430.0,ASTRA-SC-01,EPS,32.73194030778436,-21.41789608209254,15.312604268935631,39.99802582255451,1.0,NOMINAL,0.9999506455638628,0.0450026651395514,1.0,True,0.8170731707317073,797.1667343323874,95.0,STANDBY,False,ASTRA_SIMULATED_EPS,-701.0492960773815,0.024564520878566042,-0.016333469122872656,0.0020384546344226705,1.503937754666398,32.80042212145482,0.16645049790033828,-21.389711478444024,0.11133039581547238,15.138596625207656,0.12558294833082106,-701.5973711982854,5.886750006393417,0.0
10440.0,ASTRA-SC-01,EPS,32.51551197049772,-21.24605330376106,15.342377128661644,39.99802582255451,1.0,NOMINAL,0.9999506455638628,0.0450026651395514,1.0,True,0.818815331010453,797.3533505307417,95.0,STANDBY,False,ASTRA_SIMULATED_EPS,-690.8263005242753,-0.021642833728664358,0.017184277833148087,0.0029772859726012514,1.2594555289903318,32.76816747300338,0.17193937783096722,-21.369538439474635,0.10783409772027194,15.164572855577925,0.12468676903727074,-700.246390413699,5.877700382146224,-0.0
10450.0,ASTRA-SC-01,EPS,32.872075071932656,-21.31262773929539,15.315011895244636,39.99802582255451,1.0,NOMINAL,0.9999506455638628,0.0450026651395514,1.0,True,0.8205574912891986,797.5404763081291,95.0,STANDBY,False,ASTRA_SIMULATED_EPS,-700.5902990262724,0.035656310143493644,-0.00665744355343314,-0.002736523341700803,5.355856171714176,32.79288710171753,0.15681800246603164,-21.373629962205488,0.10412609805696704,15.187730768872667,0.11755282847776113,-700.9062103868629,5.250738878759974,0.0
10460.0,ASTRA-SC-01,EPS,32.877072026227886,-21.455021392513785,15.434099036835148,39.99802582255451,1.0,NOMINAL,0.9999506455638628,0.0450026651395514,1.0,True,0.8222996515679443,797.728056661017,95.0,STANDBY,False,ASTRA_SIMULATED_EPS,-705.3782836459359,0.0004996954295229727,-0.014239365321839514,0.011908714159051214,0.03509253525201498,32.793475981778,0.15713743305350958,-21.37476874817143,0.10496965638941466,15.212465388987608,0.12801890667320784,-700.9562747102574,5.292169537041218,0.0
10470.0,ASTRA-SC-01,EPS,32.45056482788345,-21.44185710506219,15.38724143729026,39.99802582255451,1.0,NOMINAL,0.9999506455638628,0.0450026651395514,1.0,True,0.8240418118466899,797.9160364581512,95.0,STANDBY,False,ASTRA_SIMULATED_EPS,-695.800374018034,-0.042650719834443865,0.0013164287451594703,-0.004685759954488766,3.6296700861270716,32.758829380762286,0.17196734059774954,-21.385451863974126,0.10294632168012548,15.236994839770368,0.12353485089459745,-700.5656123887837,5.4504076510304795,-0.0
10480.0,ASTRA-SC-01,EPS,32.87031387737221,-21.38375430037166,15.40755482208481,39.99802582255451,1.0,NOMINAL,0.9999506455638628,0.0450026651395514,1.0,True,0.8257839721254355,798.1043604569915,95.0,STANDBY,False,ASTRA_SIMULATED_EPS,-702.8907157298243,0.04197490494887646,0.005810280469053098,0.0020313384794549806,7.2242476370021285,32.75721571104152,0.17071212388194554,-21.382287157896425,0.10216538177529118,15.257821744393217,0.12424536106350809,-700.4270045879937,5.356024489614176,0.0
10490.0,ASTRA-SC-01,EPS,32.682629535730584,-21.45465338162483,15.423589509148616,39.99802582255451,1.0,NOMINAL,0.9999506455638628,0.0450026651395514,1.0,True,0.8275261324041812,798.2929733201754,95.0,STANDBY,False,ASTRA_SIMULATED_EPS,-701.1944882891537,-0.018768434164162785,-0.007089908125317024,0.0016034687063806174,2.6472041431881825,32.731395405787566,0.1477852652073987,-21.396731832121983,0.09539850321938827,15.283233021644378,0.11573119488029333,-700.3507233135076,5.3349596178667795,-0.0
10500.0,ASTRA-SC-01,EPS,32.937506899523314,-21.48943290437467,15.34848975189359,39.99802582255451,1.0,NOMINAL,0.9999506455638628,0.0450026651395514,1.0,True,0.8292682926829268,798.4818196320028,95.0,STANDBY,False,ASTRA_SIMULATED_EPS,-707.808344554684,0.025487736379272975,-0.00347795227498402,-0.007509975725502649,2.556637232059378,32.736649505919985,0.15390845168509426,-21.395511774019806,0.0939840301696729,15.297533921448393,0.10902983043112846,-700.4235414282294,5.434572007283715,0.0
10510.0,ASTRA-SC-01,EPS,32.737954260593554,-21.57035218604968,15.437625134318996,39.99802582255451,1.0,NOMINAL,0.9999506455638628,0.0450026651395514,1.0,True,0.8310104529616724,798.6708439149369,95.0,STANDBY,False,ASTRA_SIMULATED_EPS,-706.1692032517885,-0.01995526389297595,-0.00809192816750084,0.008913538242540575,2.4660703209305743,32.727625012602424,0.1492194365435361,-21.395017110812912,0.09297028381025296,15.321798712906931,0.09528017025436554,-700.2126187063552,5.116151504265981,-0.0
10520.0,ASTRA-SC-01,EPS,32.59648959351917,-21.44723659709936,15.61090312937088,39.99802582255451,1.0,NOMINAL,0.9999506455638628,0.0450026651395514,1.0,True,0.8327526132404182,798.8599906461154,95.0,STANDBY,False,ASTRA_SIMULATED_EPS,-699.1046245470928,-0.014146466707438066,0.012311558895031993,0.0173277995051885,1.1490394374953201,32.71719164985268,0.15274873188812096,-21.397643708679595,0.09391016041873684,15.356019990776996,0.10100884781459252,-700.0748808407109,5.1163272039618235,-0.0
10530.0,ASTRA-SC-01,EPS,32.85078535012904,-21.533418094683775,15.592481041482444,39.99802582255451,1.0,NOMINAL,0.9999506455638628,0.0450026651395514,1.0,True,0.8344947735191638,799.0492042738684,95.0,STANDBY,False,ASTRA_SIMULATED_EPS,-707.3896956830413,0.02542957566098636,-0.008618149758441617,-0.0018422087888437134,2.9507001356152665,32.71636298054523,0.15193149185882757,-21.40976477688275,0.09913147919939705,15.38387942483114,0.10494679549133441,-700.4553740331651,5.44601005768791,0.0
10540.0,ASTRA-SC-01,EPS,32.72413450969687,-21.549102907833532,15.537115202760996,39.99802582255451,1.0,NOMINAL,0.9999506455638628,0.0450026651395514,1.0,True,0.8362369337979094,799.2384292342362,95.0,STANDBY,False,ASTRA_SIMULATED_EPS,-705.1757421192444,-0.012665084043216979,-0.001568481314975756,-0.005536583872144796,2.4828569988911084,32.71960685658844,0.1515150477550953,-21.428508282118653,0.09695827332264866,15.400137202684698,0.1087251231652133,-701.1377296142497,5.34595474273018,-0.0
10550.0,ASTRA-SC-01,EPS,32.51212911936278,-21.52064992026845,15.627816455105526,39.99802582255451,1.0,NOMINAL,0.9999506455638628,0.0450026651395514,1.0,True,0.837979094076655,799.4276099674821,95.0,STANDBY,False,ASTRA_SIMULATED_EPS,-699.6821489403723,-0.02120053903340846,0.0028452987565081855,0.00907012523445303,2.015013862166951,32.70574071069935,0.16070337193197737,-21.43258665292826,0.09960435364508086,15.424582036085356,0.11620536142409495,-700.9727659304554,5.350445001426856,-0.0
10560.0,ASTRA-SC-01,EPS,32.78357799478349,-21.529353520019704,15.597640040826388,39.99802582255451,1.0,NOMINAL,0.9999506455638628,0.0450026651395514,1.0,True,0.8397212543554007,799.6166909345969,95.0,STANDBY,False,ASTRA_SIMULATED_EPS,-705.8092403008325,0.02714488754207096,-0.0008703599751253676,-0.0030176414279138087,1.5471707254427929,32.70859869626905,0.16174747248659505,-21.44039805506096,0.10244392482965145,15.44445123843673,0.11876113219232473,-701.2900473500879,5.494524337888134,0.0
10570.0,ASTRA-SC-01,EPS,32.89917462207139,-21.63645411533121,15.70867559996977,39.99802582255451,1.0,NOMINAL,0.9999506455638628,0.0450026651395514,1.0,True,0.8414634146341463,799.805616633786,95.0,STANDBY,False,ASTRA_SIMULATED_EPS,-711.8214821427167,0.011559662728789988,-0.010710059531150761,0.011103555914338158,1.079327588718635,32.73612399780723,0.15625233455301332,-21.465857570025456,0.1003944071288013,15.47221496359529,0.1288788477505764,-702.7126825900433,5.253536424315373,0.0
10580.0,ASTRA-SC-01,EPS,32.635063293678094,-21.578733875016308,15.621415280202072,39.99802582255451,1.0,NOMINAL,0.9999506455638628,0.0450026651395514,1.0,True,0.8432055749128919,799.9943316169393,95.0,STANDBY,False,ASTRA_SIMULATED_EPS,-704.2233458085927,-0.02641113283932981,0.005772024031490375,-0.008726031976769733,4.575714289344405,32.72966553020015,0.1584246495848467,-21.476580089553703,0.10344863711266643,15.492802364346383,0.12619829864875579,-702.9242859054574,5.245669225217242,-0.0
10590.0,ASTRA-SC-01,EPS,32.717195490341965,-21.3901306422208,15.745349932049098,39.99802582255451,1.0,NOMINAL,0.9999506455638628,0.0450026651395514,1.0,True,0.8449477351916377,800.1827805060739,95.0,STANDBY,False,ASTRA_SIMULATED_EPS,-699.8250857854919,0.008213219666387061,0.018860323279550784,0.012393465184702634,0.4354760809053685,32.743111098189765,0.1471052052170992,-21.48618524545102,0.08567784759770394,15.51966721790555,0.13450726619145748,-703.524204922872,4.166909503747942,0.0
10600.0,ASTRA-SC-01,EPS,32.959882406898025,-21.44683264443484,15.689132853460045,39.99802582255451,1.0,NOMINAL,0.9999506455638628,0.0450026651395514,1.0,True,0.8466898954703833,800.3709080097466,95.0,STANDBY,False,ASTRA_SIMULATED_EPS,-706.8850819609941,0.024268691655606033,-0.005670200221403831,-0.005621707858905367,4.280041393246882,32.74896492052079,0.1541806141336431,-21.495132239126985,0.07220773543438415,15.544608615119907,0.1283951952626794,-703.94385711852,4.167304357817135,0.0
10610.0,ASTRA-SC-01,EPS,32.7451755182749,-21.599129016431927,15.835526913168817,39.99802582255451,1.0,NOMINAL,0.9999506455638628,0.0450026651395514,1.0,True,0.8484320557491289,800.5586589394327,95.0,STANDBY,False,ASTRA_SIMULATED_EPS,-707.2672706849278,-0.02147068886231267,-0.015229637199708889,0.014639405970877206,1.4097964764861948,32.74017181999059,0.15005865867994028,-21.504739414054864,0.07597808956451782,15.571370473542153,0.14453687112028943,-704.0697895877861,4.241626810705513,-0.0
10620.0,ASTRA-SC-01,EPS,32.603154107136014,-21.41640647905831,15.838261866357726,39.99802582255451,1.0,NOMINAL,0.9999506455638628,0.0450026651395514,1.0,True,0.8501742160278746,800.7459782258624,95.0,STANDBY,False,ASTRA_SIMULATED_EPS,-698.2424008578042,-0.014202141113888445,0.018272253737361764,0.00027349531889093727,0.7772517456261537,32.75034443860743,0.13325481118175633,-21.503042705654604,0.07774625468432407,15.601438502146651,0.15029469099809645,-704.2325913771041,3.937523072260073,-0.0
10630.0,ASTRA-SC-01,EPS,33.09947644214951,-21.568856039393808,15.85378064303702,39.99802582255451,1.0,NOMINAL,0.9999506455638628,0.0450026651395514,1.0,True,0.8519163763066202,800.9328109353128,95.0,STANDBY,False,ASTRA_SIMULATED_EPS,-713.9178423600295,0.04963223350134953,-0.015244956033549783,0.0015518776679293467,3.2556495008659385,32.76562194292591,0.15869901508154022,-21.515382821589412,0.0719326152867149,15.631186890210133,0.15330876728731274,-704.967733152451,4.636456360239838,0.0
10640.0,ASTRA-SC-01,EPS,33.17360832840569,-21.5979718640517,15.765897417254576,39.99802582255451,1.0,NOMINAL,0.9999506455638628,0.0450026651395514,1.0,True,0.8536585365853658,801.1191022858496,95.0,STANDBY,False,ASTRA_SIMULATED_EPS,-716.4826593059773,0.007413188625618261,-0.0029115824657893084,-0.008788322578244311,3.9941292166128974,32.79835386243759,0.1882418194372856,-21.524937387084538,0.07280294107934179,15.654007417417196,0.14547672870429662,-705.9869445535727,5.370078846493791,0.0
10650.0,ASTRA-SC-01,EPS,32.491107767272155,-21.453759534047663,15.772911520749249,39.99802582255451,1.0,NOMINAL,0.9999506455638628,0.0450026651395514,1.0,True,0.8554006968641115,801.3047976635128,95.0,STANDBY,False,ASTRA_SIMULATED_EPS,-697.0564130338851,-0.0682500561133537,0.014421233000403788,0.0007014103494672241,4.732608932359857,32.76859392028751,0.19961418842777123,-21.52255916239607,0.07460593350476333,15.682302202007573,0.12103037388547978,-705.2701491188527,5.809219367752519,-0.0
10660.0,ASTRA-SC-01,EPS,32.73836474598904,-21.49041818375772,15.900682290577269,39.99802582255451,1.0,NOMINAL,0.9999506455638628,0.0450026651395514,1.0,True,0.8571428571428571,801.4898426384412,95.0,STANDBY,False,ASTRA_SIMULATED_EPS,-703.5611490436954,0.02472569787168837,-0.003665864971005561,0.012777076982801994,3.859032936925666,32.768621285980544,0.1996097160000837,-21.51723022890994,0.0737987324775113,15.713172679091459,0.11294914150697054,-705.0962788383132,5.8194092427441735,0.0
10670.0,ASTRA-SC-01,EPS,32.869195730830555,-21.520264978076572,15.979656341698146,39.99802582255451,1.0,NOMINAL,0.9999506455638628,0.0450026651395514,1.0,True,0.8588850174216028,801.6741829809347,95.0,STANDBY,False,ASTRA_SIMULATED_EPS,-707.3538017437368,0.013083098484151633,-0.0029846794318853396,0.007897405112087696,2.985456941491475,32.786801695134635,0.1951820637900782,-21.522098787641752,0.07121501600315519,15.737756226579943,0.12820027286290245,-705.6462239847563,5.598323911449374,0.0
10680.0,ASTRA-SC-01,EPS,32.643246854626675,-21.627254378509257,15.901304843966182,39.99802582255451,1.0,NOMINAL,0.9999506455638628,0.0450026651395514,1.0,True,0.8606271777003485,801.8577646774427,95.0,STANDBY,False,ASTRA_SIMULATED_EPS,-705.9838034654832,-0.022594887620387992,-0.01069894004326848,-0.007835149773196371,2.111880946057284,32.77296579543448,0.19766261563477278,-21.528354539896785,0.0762255366355347,15.758344480078858,0.1280009675135104,-705.552497836919,5.578784597065294,-0.0
10690.0,ASTRA-SC-01,EPS,32.93557306457535,-21.45494322437445,15.986659248019036,39.99802582255451,1.0,NOMINAL,0.9999506455638628,0.0450026651395514,1.0,True,0.8623693379790941,802.0405339464796,95.0,STANDBY,False,ASTRA_SIMULATED_EPS,-706.6308501627005,0.02923262099486763,0.01723111541348068,0.008535440405285399,1.6965019555262006,32.787061699093044,0.20143473715989735,-21.52207722766618,0.0782451782345203,15.78831408309606,0.12509769071849322,-705.649505039816,5.58441369881292,0.0
10700.0,ASTRA-SC-01,EPS,32.99351355128764,-21.69493333986444,16.071554926345193,39.99802582255451,1.0,NOMINAL,0.9999506455638628,0.0450026651395514,1.0,True,0.8641114982578397,802.2224372544601,95.0,STANDBY,False,ASTRA_SIMULATED_EPS,-715.7920771430995,0.0057940486712290355,-0.02399901154899915,0.00848956783261574,0.24142863798366182,32.819153994554696,0.19265977768796597,-21.533696122305912,0.09006526540930496,15.817896647845373,0.136389938820409,-706.7235002533312,5.895276034406048,0.0
10710.0,ASTRA-SC-01,EPS,33.0492307454103,-21.48455027407853,16.101315149617474,39.99802582255451,1.0,NOMINAL,0.9999506455638628,0.0450026651395514,1.0,True,0.8658536585365854,802.4034213314486,95.0,STANDBY,False,ASTRA_SIMULATED_EPS,-710.0478594693894,0.005571719412265708,0.021038306578591202,0.002976022327228023,0.2648368770296154,32.83686417792982,0.20117759740013466,-21.53070923924317,0.09095806043462096,15.851474988431445,0.1402374302041292,-707.0060748645683,5.949655932901291,0.0
10720.0,ASTRA-SC-01,EPS,32.527742563418016,-21.63223644627205,15.999427430600344,39.99802582255451,1.0,NOMINAL,0.9999506455638628,0.0450026651395514,1.0,True,0.867595818815331,802.5834331868223,95.0,STANDBY,False,ASTRA_SIMULATED_EPS,-703.6478181953258,-0.05214881819922823,-0.01476861721935201,-0.01018877190171299,3.5310562542642923,32.81210204068626,0.21532203278477766,-21.53042806130589,0.09061369009037278,15.870858443806815,0.13917973997881714,-706.4611639347422,5.850601323546088,-0.0
10730.0,ASTRA-SC-01,EPS,32.91774452961893,-21.69705452672992,16.097970847491624,39.99802582255451,1.0,NOMINAL,0.9999506455638628,0.0450026651395514,1.0,True,0.8693379790940766,802.7624201248362,95.0,STANDBY,False,ASTRA_SIMULATED_EPS,-714.2180979561075,0.039000196620091285,-0.006481808045787218,0.009854341689127999,6.016870037587591,32.83094745641565,0.2110484814565094,-21.538316104753466,0.09980315645779118,15.902628814959455,0.13239869579599073,-707.1274807445766,6.139544107895895,0.0
10740.0,ASTRA-SC-01,EPS,33.02418797884931,-21.505423621757387,16.098123384967757,39.99802582255451,1.0,NOMINAL,0.9999506455638628,0.0450026651395514,1.0,True,0.8710801393728222,802.9403297600927,95.0,STANDBY,False,ASTRA_SIMULATED_EPS,-710.1991522497024,0.010644344923038318,0.01916309049725342,1.525374761328635e-05,0.5554607658177022,32.85141362231614,0.2140927522420629,-21.54600230338924,0.09168509768874947,15.92614704515403,0.1337899947411302,-707.8190851755239,5.834940747052199,0.0
10750.0,ASTRA-SC-01,EPS,32.63741561556444,-21.684964329896573,16.170192950159425,39.99802582255451,1.0,NOMINAL,0.9999506455638628,0.0450026651395514,1.0,True,0.872822299651568,803.1171100329055,95.0,STANDBY,False,ASTRA_SIMULATED_EPS,-707.7411934435244,-0.03867723632848694,-0.017954070813918577,0.0072069565191668515,2.154232136508178,32.82991583622724,0.21856630890555104,-21.56187774908669,0.0938774188759108,15.958217718267322,0.13053500714808486,-707.8761592743592,5.829336599282825,-0.0
10760.0,ASTRA-SC-01,EPS,32.92723499049806,-21.599077305553234,16.110529295593242,39.99802582255451,1.0,NOMINAL,0.9999506455638628,0.0450026651395514,1.0,True,0.8745644599303136,803.2927092245575,95.0,STANDBY,False,ASTRA_SIMULATED_EPS,-711.1978940178849,0.02898193749336144,0.008588702434333939,-0.005966365456618305,3.3744256149222402,32.84205313437545,0.21857944381956307,-21.561874301694775,0.09387595415206886,15.97655121042895,0.13138152245200585,-708.1382008298897,5.888059966503468,0.0
10770.0,ASTRA-SC-01,EPS,32.46719734154171,-21.720991537209752,16.250645261177507,39.99802582255451,1.0,NOMINAL,0.9999506455638628,0.0450026651395514,1.0,True,0.8763066202090593,803.4670759724441,95.0,STANDBY,False,ASTRA_SIMULATED_EPS,-705.2197186925465,-0.046003764895634444,-0.012191423165651827,0.014011596558426476,3.7734532113728667,32.83298935000249,0.2316230717357499,-21.5821799722382,0.09310145392585961,16.00404343675027,0.14300892343183888,-708.6033553522059,5.296323875522216,-0.0
10780.0,ASTRA-SC-01,EPS,32.589432972466945,-21.583846110268304,16.229032973995423,39.99802582255451,1.0,NOMINAL,0.9999506455638628,0.0450026651395514,1.0,True,0.8780487804878049,803.640159285103,95.0,STANDBY,False,ASTRA_SIMULATED_EPS,-703.4053060986303,0.012223563092523194,0.013714542694144783,-0.0021612287182083633,0.8912847745001268,32.798986452023655,0.22710143198535923,-21.583179310296504,0.0930286433634815,16.029060258814162,0.14759391548592,-707.902519601446,5.238068311922192,0.0
10790.0,ASTRA-SC-01,EPS,32.593620295024,-21.589616686110173,16.249080123476972,39.99802582255451,1.0,NOMINAL,0.9999506455638628,0.0450026651395514,1.0,True,0.8797909407665505,803.8119085571182,95.0,STANDBY,False,ASTRA_SIMULATED_EPS,-703.6837685821894,0.00041873225570583373,-0.0005770575841868464,0.0020047149481548844,0.7940643594283054,32.76032058313154,0.20727118410712406,-21.582622298433737,0.09295873317623812,16.06127243922899,0.13850352899085364,-707.04926021986,4.761312275550535,0.0
10800.0,ASTRA-SC-01,EPS,32.80147385118363,-21.29133820088695,16.142215225399923,39.99802582255451,1.0,NOMINAL,0.9999506455638628,0.0450026651395514,1.0,True,0.8815331010452961,803.9822735839014,95.0,STANDBY,False,ASTRA_SIMULATED_EPS,-698.3872732531005,0.020785355615962686,0.02982784852232214,-0.010686489807704902,0.6968439443564841,32.781011655392305,0.1935117303264749,-21.571794209556355,0.11571537304944376,16.0858926862057,0.11429052970066185,-707.1379842344744,4.570372509535435,0.0
10810.0,ASTRA-SC-01,EPS,32.97305242814325,-21.64038784338429,16.28763947558342,39.99802582255451,1.0,NOMINAL,0.9999506455638628,0.0450026651395514,1.0,True,0.8832752613240418,804.1512045763434,95.0,STANDBY,False,ASTRA_SIMULATED_EPS,-713.5496429252639,0.017157857695961808,-0.03490496424973379,0.014542425018349547,0.49155923991793415,32.79665750086925,0.19922063668599366,-21.581792186864792,0.1146561012060011,16.111689831872777,0.11316518836779772,-707.803883826579,4.73663949174453,0.0
10820.0,ASTRA-SC-01,EPS,32.87179710029951,-21.70889020926016,16.28382917155031,39.99802582255451,1.0,NOMINAL,0.9999506455638628,0.0450026651395514,1.0,True,0.8850174216027874,804.318652175329,95.0,STANDBY,False,ASTRA_SIMULATED_EPS,-713.6102342314786,-0.010125532784373803,-0.006850236587587233,-0.0003810304033109446,1.478128916411657,32.796830925500515,0.19928941312951606,-21.59436720227703,0.1177286972840912,16.131968020529587,0.1150528058034273,-708.2209793257618,4.964172731815178,-0.0
10830.0,ASTRA-SC-01,EPS,32.49473351113082,-21.562746427743026,16.310560930288393,39.99802582255451,1.0,NOMINAL,0.9999506455638628,0.0450026651395514,1.0,True,0.8867595818815331,804.4845674661165,95.0,STANDBY,False,ASTRA_SIMULATED_EPS,-700.6756989375976,-0.03770635891686922,0.01461437815171358,0.0026731758738083753,2.5800864412727704,32.78693003593413,0.21082019239943842,-21.590066672225948,0.11761970648168374,16.159251759617735,0.10448648710982632,-707.8671056905695,5.3120486686877095,-0.0
10840.0,ASTRA-SC-01,EPS,32.904162426700026,-21.51625928343824,16.337245590980714,39.99802582255451,1.0,NOMINAL,0.9999506455638628,0.0450026651395514,1.0,True,0.8885017421602788,804.6489019925706,95.0,STANDBY,False,ASTRA_SIMULATED_EPS,-707.9744902772442,0.04094289155692081,0.004648714430478406,0.0026684660692321673,1.4692561387885636,32.784835993409104,0.20938942830394053,-21.594154409496866,0.11358447941012498,16.18262418248185,0.1023102915242832,-707.9566816982057,5.301030227507032,0.0
10850.0,ASTRA-SC-01,EPS,32.823710236737185,-21.740719079061137,16.306403255190524,39.99802582255451,1.0,NOMINAL,0.9999506455638628,0.0450026651395514,1.0,True,0.8902439024390244,804.8116077712532,95.0,STANDBY,False,ASTRA_SIMULATED_EPS,-713.6110633894065,-0.008045218996284121,-0.022445979562289508,-0.0030842335790190133,0.3584258363043569,32.773515772439076,0.2017526296848209,-21.597206792109983,0.11704856423247303,16.1982807377382,0.10206843078102666,-707.8112807812927,5.096738381087744,-0.0
10860.0,ASTRA-SC-01,EPS,32.994045058292805,-21.483251909846658,16.353196733441713,39.99802582255451,1.0,NOMINAL,0.9999506455638628,0.0450026651395514,1.0,True,0.89198606271777,804.9726373053595,95.0,STANDBY,False,ASTRA_SIMULATED_EPS,-708.8193815121356,0.01703348215556204,0.0257467169214479,0.0046793478251188955,0.6615788027471792,32.76983672663124,0.1968083039613796,-21.597120234494522,0.11713827031020475,16.215072843326485,0.10563363985401607,-707.7293822508092,5.068021324721082,0.0
10870.0,ASTRA-SC-01,EPS,32.806968316450245,-21.753195288043955,16.44676649150667,39.99802582255451,1.0,NOMINAL,0.9999506455638628,0.0450026651395514,1.0,True,0.8937282229965157,805.1319435985015,95.0,STANDBY,False,ASTRA_SIMULATED_EPS,-713.6563885964127,-0.018707674184256007,-0.026994337819729708,0.009356975806495527,0.6930221555789704,32.78845177683339,0.18513325100823158,-21.605184157279318,0.12370763703425987,16.244895447386906,0.10352939853227443,-708.3966202775483,5.150450066232127,-0.0
10880.0,ASTRA-SC-01,EPS,32.90855044106863,-21.435650653950777,16.36717748565299,39.99802582255451,1.0,NOMINAL,0.9999506455638628,0.0450026651395514,1.0,True,0.8954703832752613,805.2894801683316,95.0,STANDBY,False,ASTRA_SIMULATED_EPS,-705.4161907826649,0.010158212461838189,0.03175446340931778,-0.0079589005853677,0.3198987282794848,32.78783883759671,0.18468930021890534,-21.58775723242737,0.12817289962316092,16.262842556597665,0.09949561617734866,-707.8098264659856,4.936803154002594,0.0
10890.0,ASTRA-SC-01,EPS,32.7374317916158,-21.63407187898526,16.4663218666929,39.99802582255451,1.0,NOMINAL,0.9999506455638628,0.0450026651395514,1.0,True,0.8972125435540069,805.4452010600055,95.0,STANDBY,False,ASTRA_SIMULATED_EPS,-708.2439525131933,-0.01711186494528292,-0.01984212250344832,0.009914438103990975,0.862400932274714,32.7687217584478,0.1729450655143782,-21.596333782909234,0.12656420040455887,16.287389122046008,0.10135676133056495,-707.6794798168849,4.894844878100481,-0.0
10900.0,ASTRA-SC-01,EPS,32.76405512695571,-21.763914227714928,16.500910439879974,39.99802582255451,1.0,NOMINAL,0.9999506455638628,0.0450026651395514,1.0,True,0.8989547038327527,805.5990608594767,95.0,STANDBY,False,ASTRA_SIMULATED_EPS,-713.0740855351876,0.002662333533991301,-0.012984234872966738,0.0034588573187072313,0.20504354396224742,32.77716439254055,0.16912616652221865,-21.601597109430454,0.13203658802111332,16.309436954694046,0.10967142795689054,-708.0350059563292,5.08945035676844,0.0
10910.0,ASTRA-SC-01,EPS,32.91768812097081,-21.773476716814912,16.547393963319912,39.99802582255451,1.0,NOMINAL,0.9999506455638628,0.0450026651395514,1.0,True,0.9006968641114983,805.751014706622,95.0,STANDBY,False,ASTRA_SIMULATED_EPS,-716.7325158733327,0.015363299401509777,-0.0009562489099984361,0.004648352343993878,0.42408831443492045,32.776527934572066,0.16853802041049776,-21.6132237368479,0.13927870853438815,16.33856126587582,0.11107443068227167,-708.4039807466924,5.517736019961575,0.0
10920.0,ASTRA-SC-01,EPS,32.99133321651552,-21.65896683188916,16.506322724854734,39.99802582255451,1.0,NOMINAL,0.9999506455638628,0.0450026651395514,1.0,True,0.902439024390244,805.9010183081934,95.0,STANDBY,False,ASTRA_SIMULATED_EPS,-714.5581918763128,0.0073645095544712545,0.01145098849257522,-0.004107123846517879,0.6431330849075935,32.81147032623699,0.15348620991376896,-21.609088756493193,0.1367484348631279,16.35560643012097,0.11612248059513122,-709.02654562561,5.657843704446892,0.0
10930.0,ASTRA-SC-01,EPS,32.89028787716116,-21.776416270600464,16.526504824809507,39.99802582255451,1.0,NOMINAL,0.9999506455638628,0.0450026651395514,1.0,True,0.9041811846689896,806.0490279505923,95.0,STANDBY,False,ASTRA_SIMULATED_EPS,-716.2326000729454,-0.010104533935436422,-0.01174494387113043,0.002018209995477349,0.8603305427686031,32.83152731988327,0.14159540141449545,-21.621926767182003,0.14310110565046807,16.37543788684191,0.11834216383327195,-709.881698557231,5.716619406899023,-0.0
10940.0,ASTRA-SC-01,EPS,32.44643929595503,-21.58375128719667,16.469528581060274,39.99802582255451,1.0,NOMINAL,0.9999506455638628,0.0450026651395514,1.0,True,0.9059233449477352,806.1950005124638,95.0,STANDBY,False,ASTRA_SIMULATED_EPS,-700.315875919018,-0.04438485812061259,0.019266498340379457,-0.005697624374923294,2.3037324861253654,32.821715253278676,0.1627747110390923,-21.621535740587774,0.14320367676437323,16.390134450680797,0.11517535944197217,-709.6571723796862,6.0347255287974,-0.0
10950.0,ASTRA-SC-01,EPS,33.04598052039013,-21.72499030984658,16.55955961777332,39.99802582255451,1.0,NOMINAL,0.9999506455638628,0.0450026651395514,1.0,True,0.9076655052264808,806.3388934771049,95.0,STANDBY,False,ASTRA_SIMULATED_EPS,-717.9236065848544,0.05995412244351002,-0.014123902264990917,0.009003103671304658,4.244869535250113,32.83801569789244,0.1725518803988929,-21.650445881185078,0.11219803658181801,16.417957410172356,0.10047895187325072,-710.9595946018032,5.514458426885478,0.0
10960.0,ASTRA-SC-01,EPS,32.696477445669835,-21.72454531436877,16.663549152882297,39.99802582255451,1.0,NOMINAL,0.9999506455638628,0.0450026651395514,1.0,True,0.9094076655052264,806.4806649446872,95.0,STANDBY,False,ASTRA_SIMULATED_EPS,-710.3161058886907,-0.03495030747202961,4.449954778102949e-05,0.010398953510897613,3.002368973275913,32.81957736572755,0.171867203083162,-21.656056379250717,0.11375254732626135,16.443018055325616,0.11188523385051412,-710.7440254660316,5.468991817559477,-0.0
10970.0,ASTRA-SC-01,EPS,32.39143054362621,-21.55121025131255,16.63194343278498,39.99802582255451,1.0,NOMINAL,0.9999506455638628,0.0450026651395514,1.0,True,0.911149825783972,806.6202736442873,95.0,STANDBY,False,ASTRA_SIMULATED_EPS,-698.0745299864756,-0.030504690204362816,0.017333506305621783,-0.0031605720097317657,1.7598684113017122,32.787552928615995,0.20331819343631566,-21.645544382054204,0.11578883304140024,16.46622567274126,0.11260838356631407,-709.708311849698,6.2959659624291415,-0.0
10980.0,ASTRA-SC-01,EPS,32.60147592437247,-21.82235994087951,16.721221797400357,39.99802582255451,1.0,NOMINAL,0.9999506455638628,0.0450026651395514,1.0,True,0.9128919860627178,806.7576789457228,95.0,STANDBY,False,ASTRA_SIMULATED_EPS,-711.4411422255737,0.021004538074626565,-0.027114968956696118,0.008927836461537808,0.77464732149138,32.79466908949877,0.19399150810153817,-21.66285194959664,0.12177664454422517,16.49360306388206,0.12161935967099291,-710.4260080688965,5.78567757944981,0.0
10990.0,ASTRA-SC-01,EPS,32.64436359314581,-21.83536201507653,16.716568134102076,39.99802582255451,1.0,NOMINAL,0.9999506455638628,0.0450026651395514,1.0,True,0.9146341463414634,806.8928408711915,95.0,STANDBY,False,ASTRA_SIMULATED_EPS,-712.8014968081233,0.004288766877333927,-0.0013002074197018486,-0.000465366329828143,0.8442219428941413,32.777349167261825,0.19511189624073916,-21.68412546503919,0.12221047190970481,16.51889123342348,0.12613800590728835,-710.7478085042884,5.773811474549844,0.0
11000.0,ASTRA-SC-01,EPS,32.85494569506487,-21.81497677841455,16.692774449335445,39.99802582255451,1.0,NOMINAL,0.9999506455638628,0.0450026651395514,1.0,True,0.9163763066202092,807.0257201067108,95.0,STANDBY,False,ASTRA_SIMULATED_EPS,-716.7298773939112,0.021058210191905857,0.0020385236661979887,-0.0023793684766630465,0.9137965642969025,32.77943153115034,0.1958074778848784,-21.68907597832942,0.12610857214489588,16.544649313033144,0.11888866441952935,-710.9557294379222,5.938103582279961,0.0
11010.0,ASTRA-SC-01,EPS,32.631203512447975,-21.58745111377175,16.757193233607367,39.99802582255451,1.0,NOMINAL,0.9999506455638628,0.0450026651395514,1.0,True,0.9181184668989548,807.1562780133514,95.0,STANDBY,False,ASTRA_SIMULATED_EPS,-704.4245106085076,-0.02237421826168955,0.022752566464280123,0.006441878427192194,0.9833711856996638,32.75524209476068,0.18971851414701763,-21.696022591924425,0.11646196248467276,16.571582413044187,0.11817757618522667,-710.6627380443471,6.155486610342319,-0.0
11020.0,ASTRA-SC-01,EPS,32.88667148281365,-21.675293368019943,16.81430642577944,39.99802582255451,1.0,NOMINAL,0.9999506455638628,0.0450026651395514,1.0,True,0.9198606271777005,807.2844766382666,95.0,STANDBY,False,ASTRA_SIMULATED_EPS,-712.8282522876813,0.02554679703656717,-0.008784225424819426,0.005711319217207134,2.9082583609917236,32.76055563918491,0.19236835577695244,-21.69082913058949,0.11546299494194175,16.59608507532904,0.128133127863611,-710.6075289570981,6.130381038040473,0.0
11030.0,ASTRA-SC-01,EPS,32.79937255698404,-21.85446912387937,16.770784056458922,39.99802582255451,1.0,NOMINAL,0.9999506455638628,0.0450026651395514,1.0,True,0.921602787456446,807.4102787255107,95.0,STANDBY,False,ASTRA_SIMULATED_EPS,-716.812874829224,-0.00872989258296073,-0.017917575585942556,-0.004352236932051667,0.4872251014701938,32.75327711357927,0.18839317131212469,-21.718750361918065,0.09878255698184303,16.622992180049433,0.11865753347812924,-711.3673078935353,6.147237290439128,-0.0
11040.0,ASTRA-SC-01,EPS,33.14152970668077,-21.83926512893704,16.752241728187094,39.99802582255451,1.0,NOMINAL,0.9999506455638628,0.0450026651395514,1.0,True,0.9233449477351916,807.5336477266457,95.0,STANDBY,False,ASTRA_SIMULATED_EPS,-723.7866540427443,0.03421571496967317,0.0015203994942329046,-0.0018542328271827558,1.5414722281949682,32.7802169745836,0.21322196317392889,-21.732429911914846,0.10041283432848636,16.642053504149047,0.11458758065829269,-712.4034879955055,6.8526279638633625,0.0
11050.0,ASTRA-SC-01,EPS,32.867719949269684,-21.733780012877737,16.743145514525537,39.99802582255451,1.0,NOMINAL,0.9999506455638628,0.0450026651395514,1.0,True,0.9250871080139372,807.6545478111334,95.0,STANDBY,False,ASTRA_SIMULATED_EPS,-714.3397949023004,-0.02738097574110867,0.010548511605930243,-0.0009096213661557329,2.5957193549197424,32.78712796273786,0.2143377869854607,-21.730420964259036,0.10003868706700907,16.658202509125417,0.11026292134209074,-712.4878686199796,6.869247838768631,-0.0
11060.0,ASTRA-SC-01,EPS,32.98340545585112,-21.46757676713137,16.823954571312814,39.99802582255451,1.0,NOMINAL,0.9999506455638628,0.0450026651395514,1.0,True,0.926829268292683,807.7729438765094,95.0,STANDBY,False,ASTRA_SIMULATED_EPS,-708.0737886649035,0.01156855065814355,0.02662032457463681,0.008080905678727745,0.43457586798794257,32.791509118396554,0.21784014429474352,-21.710027634280134,0.11985208153099507,16.676639882991612,0.11348597348511943,-711.9106201394177,6.850864161370541,0.0
11070.0,ASTRA-SC-01,EPS,32.65115940259624,-21.91087287754069,16.848875736093714,39.99802582255451,1.0,NOMINAL,0.9999506455638628,0.0450026651395514,1.0,True,0.9285714285714286,807.8888015583358,95.0,STANDBY,False,ASTRA_SIMULATED_EPS,-715.4154029746037,-0.033224605325487745,-0.044329611040932096,0.002492116478089912,0.749490116094399,32.76883086413527,0.21320922367143866,-21.726821370656904,0.12945061461520943,16.69947675040754,0.11120808794055444,-711.9677675459703,6.878048081886482,-0.0
11080.0,ASTRA-SC-01,EPS,32.98045670351721,-21.684227843687967,16.857627473154622,39.99802582255451,1.0,NOMINAL,0.9999506455638628,0.0450026651395514,1.0,True,0.9303135888501742,808.0020872399336,95.0,STANDBY,False,ASTRA_SIMULATED_EPS,-715.1557375479534,0.03292973009209703,0.022664503385272282,0.0008751737060908483,1.4529208750938367,32.77484211922567,0.21809337529805678,-21.7206754755294,0.1291157943129902,16.721551593630547,0.10721281474513764,-711.895976710971,6.835843992331588,0.0
11090.0,ASTRA-SC-01,EPS,32.70278514460264,-21.865812611342182,16.92119790440961,39.99802582255451,1.0,NOMINAL,0.9999506455638628,0.0450026651395514,1.0,True,0.93205574912892,808.1127680618871,95.0,STANDBY,False,ASTRA_SIMULATED_EPS,-715.0729718408662,-0.02776715589145695,-0.018158476765421483,0.006357043125498762,1.5291566715735168,32.79193184246885,0.19979793337561333,-21.73947956380577,0.1282868119204084,16.75166288185384,0.09398591551160637,-712.879783105761,6.069120444583763,-0.0
11100.0,ASTRA-SC-01,EPS,32.949279912626594,-21.92070630470188,16.980607059434153,39.99802582255451,1.0,NOMINAL,0.9999506455638628,0.0450026651395514,1.0,True,0.9337979094076656,808.2208119313226,95.0,STANDBY,False,ASTRA_SIMULATED_EPS,-722.2714879161008,0.024649476802395043,-0.0054893693359698405,0.005940915502454303,4.4904023201492365,32.78548513528461,0.19243983892233552,-21.752527296796124,0.13640397686665864,16.779732711297893,0.09537893407203248,-713.1696418611773,6.420852269180927,0.0
11110.0,ASTRA-SC-01,EPS,32.89357002528586,-21.58894072387439,16.855605749472794,39.99802582255451,1.0,NOMINAL,0.9999506455638628,0.0450026651395514,1.0,True,0.9355400696864112,808.326187530956,95.0,STANDBY,False,ASTRA_SIMULATED_EPS,-710.1373334725079,-0.005570988734073268,0.033176558082749,-0.012500130996135894,0.16791943034530898,32.798624640592344,0.19265690416281053,-21.743486990763163,0.14273759570142344,16.79253648440393,0.09147951546484602,-713.1577237000985,6.426690494983232,-0.0
11120.0,ASTRA-SC-01,EPS,32.57543277048543,-21.76820818341754,16.969390792543418,39.99802582255451,1.0,NOMINAL,0.9999506455638628,0.0450026651395514,1.0,True,0.9372822299651568,808.4288643279089,95.0,STANDBY,False,ASTRA_SIMULATED_EPS,-709.1088022128488,-0.03181372548004333,-0.01792674595431478,0.011378504307062443,1.7746514376406441,32.81089145571629,0.16932302498918395,-21.757953519570165,0.13248662551619844,16.81503297505449,0.09065435187762073,-713.8933418485234,5.063926566263839,-0.0
11130.0,ASTRA-SC-01,EPS,33.09402199981537,-21.673977551070223,16.953599503168196,39.99802582255451,1.0,NOMINAL,0.9999506455638628,0.0450026651395514,1.0,True,0.9390243902439024,808.5288125822891,95.0,STANDBY,False,ASTRA_SIMULATED_EPS,-717.2790898986224,0.05185892293299403,0.009423063234731544,-0.0015791289375222562,5.503403897561922,32.84372786074582,0.17351793091485937,-21.748061360249544,0.1328731503321394,16.83052482210568,0.09329490377510938,-714.2825383600599,5.086289903528162,0.0
11140.0,ASTRA-SC-01,EPS,32.63110240428337,-21.617315135615677,16.93892300620924,39.99802582255451,1.0,NOMINAL,0.9999506455638628,0.0450026651395514,1.0,True,0.940766550522648,808.6260033555377,95.0,STANDBY,False,ASTRA_SIMULATED_EPS,-705.39682389594,-0.0462919595532,0.0056662415454546535,-0.0014676496958955453,8.169782241340293,32.84284378148832,0.17463643100612775,-21.73352490161882,0.13455677999283397,16.84534848024616,0.09154353919307431,-713.7888934992477,5.5760456321691665,-0.0
11150.0,ASTRA-SC-01,EPS,33.06648815136909,-21.792513870323297,17.088054959054343,39.99802582255451,1.0,NOMINAL,0.9999506455638628,0.0450026651395514,1.0,True,0.9425087108013938,808.7204085185335,95.0,STANDBY,False,ASTRA_SIMULATED_EPS,-720.6019016815919,0.043538574708572496,-0.017519873470762094,0.014913195284510294,2.485096412438795,32.856946611908604,0.18397541818774635,-21.732027374412734,0.1337078451507065,16.871700514227417,0.10090102239139716,-714.0470284517597,5.806770542754733,0.0
11160.0,ASTRA-SC-01,EPS,32.91076677463113,-21.778535281056666,17.003866634551013,39.99802582255451,1.0,NOMINAL,0.9999506455638628,0.0450026651395514,1.0,True,0.9442508710801394,808.8120007594612,95.0,STANDBY,False,ASTRA_SIMULATED_EPS,-716.7482953279315,-0.015572137673796504,0.0013978589266631758,-0.008418832450333013,2.5992058114702035,32.87558416272081,0.17332538587049168,-21.744766318898396,0.12792729788220203,16.88814540762366,0.10100695758885783,-714.8686140997213,5.186790408235006,-0.0
11170.0,ASTRA-SC-01,EPS,32.74351608832166,-21.716894567267815,17.054948047411493,39.99802582255451,1.0,NOMINAL,0.9999506455638628,0.0450026651395514,1.0,True,0.945993031358885,808.9007535914337,95.0,STANDBY,False,ASTRA_SIMULATED_EPS,-711.087486651719,-0.016725068630946537,0.006164071378885083,0.005108141286047996,2.7133152105016114,32.86604046975468,0.17658192511801296,-21.747539732181586,0.12675918561384455,16.904188182399132,0.10735257093267216,-714.7525630573239,5.254732269466398,-0.0
11180.0,ASTRA-SC-01,EPS,32.70204063764736,-21.78712338183216,17.0762161668263,39.99802582255451,1.0,NOMINAL,0.9999506455638628,0.0450026651395514,1.0,True,0.9477351916376306,808.9866413598734,95.0,STANDBY,False,ASTRA_SIMULATED_EPS,-712.4833942101122,-0.004147545067430513,-0.007022881456434505,0.0021268119414806106,0.5905759755677564,32.85955167513224,0.18094123659366687,-21.74305001604511,0.12386083295687626,16.92455032309029,0.10919241136873839,-714.4639310160497,5.25238430867197,-0.0
11190.0,ASTRA-SC-01,EPS,32.4503177376763,-21.71863388000728,17.044441821263593,39.99802582255451,1.0,NOMINAL,0.9999506455638628,0.0450026651395514,1.0,True,0.9494773519163764,809.0696392496468,95.0,STANDBY,False,ASTRA_SIMULATED_EPS,-704.7765702344976,-0.02517228999710568,0.006848950182488167,-0.0031774345562705975,3.67535013781642,32.813470877198604,0.1916964567854659,-21.735007932783123,0.12105186502756073,16.94403032929539,0.10209009243861572,-713.1965920955,5.134373992653627,-0.0
11200.0,ASTRA-SC-01,EPS,32.610280805869856,-21.96537126486228,17.024817449919375,39.99802582255451,1.0,NOMINAL,0.9999506455638628,0.0450026651395514,1.0,True,0.951219512195122,809.1497232919502,95.0,STANDBY,False,ASTRA_SIMULATED_EPS,-716.2969249523437,0.01599630681935551,-0.02467373848550025,-0.0019624371344217906,0.6483130567650252,32.796308267638615,0.197915991806741,-21.750447349582096,0.13486497996304528,16.962808458321646,0.08734005616204848,-713.3270674321695,5.190065662354361,0.0
11210.0,ASTRA-SC-01,EPS,32.5771345115783,-21.85633372400701,17.233202999489595,39.99802582255451,1.0,NOMINAL,0.9999506455638628,0.0450026651395514,1.0,True,0.9529616724738676,809.2268703709495,95.0,STANDBY,False,ASTRA_SIMULATED_EPS,-712.0167236569214,-0.0033146294291555023,0.01090375408552724,0.020838554957022026,0.3039897454726233,32.76922353802043,0.1982816172250086,-21.77636448004047,0.1120460914697197,16.990091686866766,0.10332444853254318,-713.5899297649706,5.001418056242664,-0.0
11220.0,ASTRA-SC-01,EPS,32.71318124607988,-21.75760989932854,17.176536005158283,39.99802582255451,1.0,NOMINAL,0.9999506455638628,0.0450026651395514,1.0,True,0.9547038327526132,809.3010582301674,95.0,STANDBY,False,ASTRA_SIMULATED_EPS,-711.7606361182362,0.013604673450157635,0.009872382467846918,-0.005666699433131228,1.3780537265919657,32.773358327586,0.19628032929466585,-21.76614694815966,0.10571316600139366,17.0119357048044,0.10593977587671599,-713.3462786412128,4.995155015338112,0.0
11230.0,ASTRA-SC-01,EPS,32.82091831145959,-21.788845539503047,17.11766321582412,39.99802582255451,1.0,NOMINAL,0.9999506455638628,0.0450026651395514,1.0,True,0.9564459930313588,809.3722654786192,95.0,STANDBY,False,ASTRA_SIMULATED_EPS,-715.1299195530403,0.010773706537971606,-0.003123564017450775,-0.00588727893341634,1.198089858842153,32.76272243478216,0.18842181570482197,-21.773121461214,0.10334707730019485,17.02927142098237,0.09999452698588354,-713.3445574415521,4.994491392029841,0.0
11240.0,ASTRA-SC-01,EPS,33.03737193762375,-21.576245499765403,17.114155161553935,39.99802582255451,1.0,NOMINAL,0.9999506455638628,0.0450026651395514,1.0,True,0.9581881533101044,809.4404715966965,95.0,STANDBY,False,ASTRA_SIMULATED_EPS,-712.8224475932303,0.02164536261641601,0.02126000397376444,-0.0003508054270184857,1.01812599109234,32.78502822098357,0.20025262225055082,-21.75381698710888,0.11151784337942518,17.042135238125322,0.0974781563576979,-713.1945224917096,4.972616046022049,0.0
11250.0,ASTRA-SC-01,EPS,32.63148625869421,-21.815967726437258,17.1708657715912,39.99802582255451,1.0,NOMINAL,0.9999506455638628,0.0450026651395514,1.0,True,0.9599303135888502,809.5056569417961,95.0,STANDBY,False,ASTRA_SIMULATED_EPS,-711.8874510853537,-0.04058856789295433,-0.023972222667185506,0.005671061003726408,1.6931499617894918,32.763841977388076,0.19843661101324533,-21.746834415224573,0.10329795216770446,17.054819152269125,0.10120717148495498,-712.5022533696598,4.295390644647319,-0.0
11260.0,ASTRA-SC-01,EPS,32.88240089197088,-21.868958328966063,17.348094550963474,39.99802582255451,1.0,NOMINAL,0.9999506455638628,0.0450026651395514,1.0,True,0.9616724738675958,809.5678027536919,95.0,STANDBY,False,ASTRA_SIMULATED_EPS,-719.1038548628677,0.025091463327667186,-0.005299060252880494,0.017722877937227467,4.735077944061462,32.76309736850041,0.19793537427396765,-21.765502255564016,0.09788588308545232,17.08765173903517,0.11134094361759471,-713.1000214623505,4.558616071536092,0.0
11270.0,ASTRA-SC-01,EPS,32.9946705390718,-21.763567374617494,17.311884816078937,39.99802582255451,1.0,NOMINAL,0.9999506455638628,0.0450026651395514,1.0,True,0.9634146341463414,809.6268911596534,95.0,STANDBY,False,ASTRA_SIMULATED_EPS,-718.081735280396,0.011226964710091636,0.010539095434856805,-0.0036209734884536716,1.0652683410532355,32.79104655307284,0.19913895931735873,-21.76519286831068,0.09788405364639488,17.110484673937542,0.12012789547298298,-713.6982170001869,4.586111018003591,0.0
11280.0,ASTRA-SC-01,EPS,32.98078848298146,-21.853756002667858,17.240363212678087,39.99802582255451,1.0,NOMINAL,0.9999506455638628,0.0450026651395514,1.0,True,0.9651567944250872,809.682905179303,95.0,STANDBY,False,ASTRA_SIMULATED_EPS,-720.754104282675,-0.0013882056090338325,-0.009018862805036321,-0.00715216034008499,0.15392246661725795,32.783497651950576,0.18870643142691446,-21.777178098417192,0.0969191636559689,17.129602254571534,0.11612899461662497,-713.9298846257904,4.8595388234268375,-0.0
11290.0,ASTRA-SC-01,EPS,32.81223923566336,-21.692920945006104,17.308710630638107,39.99802582255451,1.0,NOMINAL,0.9999506455638628,0.0450026651395514,1.0,True,0.9668989547038328,809.7358287292174,95.0,STANDBY,False,ASTRA_SIMULATED_EPS,-711.7933117678729,-0.016854924731809717,0.016083505766175323,0.006834741796001964,1.047963359285557,32.79557344070924,0.18399457264451255,-21.782218485709883,0.08970927585307939,17.154254762866792,0.11193373346118765,-714.356317150586,4.306438649231525,-0.0
11300.0,ASTRA-SC-01,EPS,32.540801117072235,-21.88412041948295,17.318587613897172,39.99802582255451,1.0,NOMINAL,0.9999506455638628,0.0450026651395514,1.0,True,0.9686411149825784,809.7856466272685,95.0,STANDBY,False,ASTRA_SIMULATED_EPS,-712.1268101924541,-0.027143811859112788,-0.019119947447684638,0.0009876983259065498,1.419659333969551,32.760527638422786,0.17869508572025186,-21.7883255889872,0.09349832578445144,17.16962360652298,0.11786435944547523,-713.7913110513102,3.97142193421097,-0.0
11310.0,ASTRA-SC-01,EPS,32.7870150571971,-21.56924062599826,17.2734607632714,39.99802582255451,1.0,NOMINAL,0.9999506455638628,0.0450026651395514,1.0,True,0.970383275261324,809.8323445967028,95.0,STANDBY,False,ASTRA_SIMULATED_EPS,-707.1910171769124,0.024621394012486773,0.03148797934846925,-0.004512685062577048,0.7819299466633991,32.752277523927184,0.17405990157635987,-21.774372611983303,0.10933866271894657,17.18759654843767,0.1111464551626578,-713.1541591745755,4.221893414260429,0.0
11320.0,ASTRA-SC-01,EPS,32.882339177948985,-21.625655487336697,17.476751953901445,39.99802582255451,1.0,NOMINAL,0.9999506455638628,0.0450026651395514,1.0,True,0.9721254355400696,809.8759092699619,95.0,STANDBY,False,ASTRA_SIMULATED_EPS,-711.102138680079,0.00953241207518829,-0.005641486133843898,0.02032911906300434,1.6896987511858441,32.761532396569,0.17722269521576572,-21.768290006654563,0.11514813147091389,17.215716808870337,0.12736434545809677,-713.1551359764661,4.221382766855236,0.0
11330.0,ASTRA-SC-01,EPS,32.73310398565466,-21.740597655398386,17.41203233924589,39.99802582255451,1.0,NOMINAL,0.9999506455638628,0.0450026651395514,1.0,True,0.9738675958188152,809.9163281922397,95.0,STANDBY,False,ASTRA_SIMULATED_EPS,-711.6372437644352,-0.014923519229432714,-0.011494216806168822,-0.006471961465555509,1.298350247006253,32.76360328643616,0.17665845743946018,-21.76518829155897,0.11523118107492183,17.238104553698307,0.13056598290144375,-713.0987259467544,4.236626377666301,-0.0
11340.0,ASTRA-SC-01,EPS,32.83148243937477,-21.809015574345334,17.425653639337263,39.99802582255451,1.0,NOMINAL,0.9999506455638628,0.0450026651395514,1.0,True,0.975609756097561,809.9535898247783,95.0,STANDBY,False,ASTRA_SIMULATED_EPS,-716.0223118491697,0.009837845372010889,-0.006841791894694893,0.0013621300091372745,1.4379047950346353,32.789014266549394,0.15438563124193092,-21.771213737848182,0.11498573784966765,17.263518674903217,0.12723597444875764,-713.8484420543991,3.6069774455112324,0.0
11350.0,ASTRA-SC-01,EPS,32.38414293330208,-21.721036007440116,17.43042015205906,39.99802582255451,1.0,NOMINAL,0.9999506455638628,0.0450026651395514,1.0,True,0.9773519163763066,809.9876835479001,95.0,STANDBY,False,ASTRA_SIMULATED_EPS,-703.4171347243418,-0.04473395060726872,0.008797956690521858,0.0004766512721797511,5.084584089333053,32.77393840837821,0.18170911760688302,-21.7549247206867,0.1021010552817333,17.290558855045862,0.11543587052396835,-712.9897893725323,4.423168271284532,-0.0
11360.0,ASTRA-SC-01,EPS,32.76293875604685,-21.56639084542953,17.410566925918097,39.99802582255451,1.0,NOMINAL,0.9999506455638628,0.0450026651395514,1.0,True,0.9790940766550522,810.018599663777,95.0,STANDBY,False,ASTRA_SIMULATED_EPS,-706.5783424577771,0.03787958227447703,0.015464516201058487,-0.001985322614096319,2.449451491530289,32.78632535800944,0.17348168257337823,-21.7355951954482,0.10875974006657199,17.302383116807764,0.1181920979548145,-712.6272306259228,4.721454889030078,0.0
11370.0,ASTRA-SC-01,EPS,32.73332069704442,-21.573532999698404,17.422859058610175,39.99802582255451,1.0,NOMINAL,0.9999506455638628,0.0450026651395514,1.0,True,0.980836236933798,810.0463293989358,95.0,STANDBY,False,ASTRA_SIMULATED_EPS,-706.1733742473986,-0.002961805900243064,-0.0007142154268873213,0.0012292132692078184,1.2740280390939334,32.78766798807374,0.17295228734715315,-21.72332340213953,0.11622702208240396,17.318804653704557,0.11655874122926788,-712.2547465012002,5.006495905566411,-0.0
11380.0,ASTRA-SC-01,EPS,32.709206676323845,-21.818085728308432,17.526593615628872,39.99802582255451,1.0,NOMINAL,0.9999506455638628,0.0450026651395514,1.0,True,0.9825783972125436,810.0708649065,95.0,STANDBY,False,ASTRA_SIMULATED_EPS,-713.6522753689922,-0.002411402072057456,-0.024455272861002797,0.010373455701869715,0.0986045866575776,32.78022054573136,0.1738212421786065,-21.725272748059883,0.11764105150945761,17.346066680358206,0.11394649916371656,-712.1562368889304,4.960205368998517,-0.0
11390.0,ASTRA-SC-01,EPS,32.83350301112203,-21.94934635587849,17.477989644988643,39.99802582255451,1.0,NOMINAL,0.9999506455638628,0.0450026651395514,1.0,True,0.9843205574912892,810.0921992681667,95.0,STANDBY,False,ASTRA_SIMULATED_EPS,-720.6739296678968,0.012429633479818847,-0.01312606275700574,-0.004860397064022947,0.9469430178661007,32.766629283964576,0.1596726307334883,-21.750146138467425,0.12319305863291642,17.370322312587188,0.09876702241122325,-712.6796690272415,5.427762349782815,0.0
11400.0,ASTRA-SC-01,EPS,32.69981962052785,-21.811331150034395,17.545877994548107,39.99802582255451,1.0,NOMINAL,0.9999506455638628,0.0450026651395514,1.0,True,0.9860627177700348,810.110326495919,95.0,STANDBY,False,ASTRA_SIMULATED_EPS,-713.226594289725,-0.013368339059418588,0.013801520584409487,0.006788834955946399,0.9686134928146808,32.77118484142016,0.15648447740642485,-21.7498370333739,0.12302180606440165,17.395323127450983,0.091896766843712,-712.7689452408663,5.4248135063440985,-0.0
11410.0,ASTRA-SC-01,EPS,32.86800853791867,-22.00547352766202,17.597717298830347,39.99802582255451,1.0,NOMINAL,0.9999506455638628,0.0450026651395514,1.0,True,0.9878048780487804,810.1252415334747,95.0,STANDBY,False,ASTRA_SIMULATED_EPS,-723.2760917881385,0.016818891739082176,-0.019414237762762455,0.0051839304282239596,0.8663173875073122,32.77022535115,0.15579645428482403,-21.7589380466203,0.13674763363310824,17.41196464397544,0.10447452925282283,-713.0470943692177,5.862160539568789,0.0
11420.0,ASTRA-SC-01,EPS,32.840844561732126,-21.645478620690835,17.586611445151632,39.99802582255451,1.0,NOMINAL,0.9999506455638628,0.0450026651395514,1.0,True,0.989547038327526,810.1369402574683,95.0,STANDBY,False,ASTRA_SIMULATED_EPS,-710.8557988464036,-0.002716397618654298,0.035999490697118476,-0.0011105853678714083,0.07545655691378235,32.75997028599404,0.14462992859853482,-21.75106546302519,0.13982661746584785,17.43027975258029,0.1096301792513494,-712.5653652736181,5.713906530962471,-0.0
11430.0,ASTRA-SC-01,EPS,32.980037791638665,-21.750402345897157,17.651541079187137,39.99802582255451,1.0,NOMINAL,0.9999506455638628,0.0450026651395514,1.0,True,0.9912891986062716,810.1454194783722,95.0,STANDBY,False,ASTRA_SIMULATED_EPS,-717.3290913510345,0.013919322990653881,-0.010492372520632287,0.0064929634035504336,1.3266134959736524,32.75992023990451,0.1445481681458636,-21.74417521924047,0.13692117707128126,17.45769161034756,0.11015573396889786,-712.3370310781754,5.424401098173564,0.0
11440.0,ASTRA-SC-01,EPS,32.88507159860986,-21.814921370832472,17.71762691462234,39.99802582255451,1.0,NOMINAL,0.9999506455638628,0.0450026651395514,1.0,True,0.9930313588850174,810.150676941149,95.0,STANDBY,False,ASTRA_SIMULATED_EPS,-717.3852511978703,-0.009496619302880305,-0.0064519024935314915,0.006608583543520297,1.4719099230655401,32.76477573076761,0.14762170988139484,-21.752308580962232,0.1372821562571384,17.484952695946507,0.12074279879145579,-712.7098270401752,5.574444399498403,-0.0
11450.0,ASTRA-SC-01,EPS,32.94522352600882,-21.738401398041617,17.559912610630143,39.99802582255451,1.0,NOMINAL,0.9999506455638628,0.0450026651395514,1.0,True,0.9947735191637632,810.1527113256415,95.0,STANDBY,False,ASTRA_SIMULATED_EPS,-716.1764931565837,0.006015192739895525,0.007651997279085521,-0.01577143039921971,0.7860944692618071,32.79173722469672,0.14055586487237962,-21.742593979532806,0.1323558279576877,17.501041029062037,0.11280914976425278,-712.9798059044505,5.641849757418671,0.0
11460.0,ASTRA-SC-01,EPS,32.588145259461285,-21.77040786364202,17.650673950461588,39.99802582255451,1.0,NOMINAL,0.9999506455638628,0.0450026651395514,1.0,True,0.9965156794425089,810.1515222466994,95.0,STANDBY,False,ASTRA_SIMULATED_EPS,-709.4572138180844,-0.03570782665475321,-0.0032006465600403545,0.00907613398314453,0.39757354185480415,32.77847923818099,0.1500890432010543,-21.75600512870906,0.12342645463573855,17.526188574874716,0.09974034420530263,-713.1308856805286,5.504431754684812,-0.0
11470.0,ASTRA-SC-01,EPS,32.698709666405556,-9.556874681399124,17.742446842600497,39.99802582255451,1.0,NOMINAL,0.9999506455638628,0.0450026651395514,1.0,True,0.9982578397212544,408.7042398844769,95.0,STANDBY,False,ASTRA_SIMULATED_EPS,-312.49747052529204,0.01105644069442704,1.2213533182242897,0.009177289213890915,0.009052614447801116,32.76623727074477,0.14849300210498612,-20.951419741646554,3.1544153320749717,17.543901567454654,0.11303959955480312,-686.5572411368762,103.62529390782295,0.0
11480.0,ASTRA-SC-01,EPS,32.77154772257466,2.874163243019512,17.55785655664047,39.99802582255451,0.999798851716396,NOMINAL,0.9999506455638628,0.0450026651395514,1.0,False,0.0,0.0,95.0,STANDBY,False,ASTRA_SIMULATED_EPS,94.19077788108389,0.0072838056169103995,1.2431037924418635,-0.018459028596002725,0.005859370441306929,32.76880018653943,0.14821178420840206,-19.310435681752033,6.89693450396857,17.553623181947625,0.10699763565301619,-632.835373027175,226.1451331549664,0.0
11490.0,ASTRA-SC-01,EPS,32.51683351012557,2.8888905221801577,17.443461576364896,39.998024213447664,0.999597699851622,NOMINAL,0.9999506053361916,0.0450026673118456,1.0,False,0.0017421602787456,0.0,95.0,STANDBY,False,ASTRA_SIMULATED_EPS,93.93757213871191,-0.025471421244908754,0.0014727279160645867,-0.011439498027557348,0.3380741456206868,32.74782359125615,0.16046631592525568,-17.663908608650328,8.911666867974311,17.554810377749465,0.10556553499241246,-578.8380474279828,291.9791916450834,6.317302951093302e-06
11500.0,ASTRA-SC-01,EPS,32.56208278759476,2.872092636217761,17.358770198866566,39.99802260431223,0.9993965408725984,NOMINAL,0.9999505651078058,0.0450026694841784,1.0,False,0.0034843205574912,0.0,95.0,STANDBY,False,ASTRA_SIMULATED_EPS,93.52131819416402,0.004524927746918905,-0.001679788596239673,-0.008469137749833067,0.6702889208000666,32.759686248209,0.13643871606430558,-16.024366699073138,10.27060607622141,17.550033714203302,0.1129581864057002,-525.7088172334157,336.76319763980825,-3.5561571833273415e-05
11510.0,ASTRA-SC-01,EPS,32.5416357915599,2.8395732777435567,17.36911330609786,39.99802099511995,0.9991953747784909,NOMINAL,0.9999505248779988,0.045002671656588,1.0,False,0.0052264808362369,0.0,95.0,STANDBY,False,ASTRA_SIMULATED_EPS,92.40435940777678,-0.0020446996034863218,-0.0032519358474204286,0.0010343107231292948,1.0025036959794467,32.7449327172432,0.14757268138498586,-14.397302424194931,11.219304205291483,17.54727013954862,0.11704711356857174,-472.44330377571225,367.86296051927957,7.870066971719544e-05
11520.0,ASTRA-SC-01,EPS,32.80484265016081,2.8894190329354426,17.169016586564094,39.998019385870826,0.9989942015684632,NOMINAL,0.9999504846467706,0.0450026738290743,1.0,False,0.0069686411149825,0.0,95.0,STANDBY,False,ASTRA_SIMULATED_EPS,94.786936725827,0.026320685860090974,0.004984575519188583,-0.02000967195337644,1.3347184711588265,32.74970084745096,0.14832423054628763,-12.766438955352676,11.861268706429561,17.53034730807888,0.15002434922303193,-419.0459497108305,389.03501923604915,-6.114009086318974e-06
11530.0,ASTRA-SC-01,EPS,32.431087664111296,2.929893058460103,17.16484653275382,39.99801777656483,0.9987930212416788,NOMINAL,0.9999504444141208,0.0450026760016374,1.0,False,0.0087108013937282,0.0,95.0,STANDBY,False,ASTRA_SIMULATED_EPS,95.01961862539076,-0.03737549860495122,0.004047402552466028,-0.0004170053810273799,1.6669332463382063,32.731159579970125,0.16960436880444196,-11.116573702901439,12.227800391153597,17.50623083588721,0.17727197388048108,-365.13449011120497,401.13671395677125,4.305778001567095e-06
11540.0,ASTRA-SC-01,EPS,32.643424836058955,2.916898781983605,16.980944120751005,39.998016167201975,0.9985918337973002,NOMINAL,0.9999504041800492,0.0450026781742773,1.0,False,0.0104529616724738,0.0,95.0,STANDBY,False,ASTRA_SIMULATED_EPS,95.21756614407373,0.021233717194765946,-0.0012994276476497647,-0.018390241200281564,1.9991480215175863,32.71848770163259,0.16850891174525184,-9.458824027043967,12.33935287287442,17.4730944676047,0.22338519307939175,-310.7417237237403,404.78269417636443,-7.579279877262495e-06
11550.0,ASTRA-SC-01,EPS,32.39613468826745,2.889033401245502,16.881260605856927,39.99801455778224,0.9983906392344896,NOMINAL,0.999950363944556,0.0450026803469939,1.0,False,0.0121951219512195,0.0,95.0,STANDBY,False,ASTRA_SIMULATED_EPS,93.5935151856527,-0.024729014779150304,-0.0027865380738103076,-0.009968351489407824,2.331362796696966,32.69824203948189,0.18802511461440974,-7.812133056958641,12.220726229530316,17.428786641691953,0.2691435290721654,-256.95371642538174,401.06840185380736,6.508224237225431e-06
11560.0,ASTRA-SC-01,EPS,32.53671412382795,2.8928996602926915,16.772861056659107,39.99801294830563,0.9981894375524076,NOMINAL,0.9999503237076408,0.0450026825197873,1.0,False,0.0139372822299651,0.0,95.0,STANDBY,False,ASTRA_SIMULATED_EPS,94.12544923586229,0.014057943556049678,0.0003866259047189402,-0.010839954919782003,2.663577571876346,32.67615574520918,0.1861070639989308,-6.152241511094994,11.840198799849762,17.373796225547206,0.3128757132909782,-202.46028035711504,388.5172441197316,-1.1448876615649068e-05
11570.0,ASTRA-SC-01,EPS,32.59474250997055,2.8982810278955093,16.62744596295837,39.99801133877214,0.9979882287502146,NOMINAL,0.9999502834693034,0.0450026846926576,1.0,False,0.0156794425087108,0.0,95.0,STANDBY,False,ASTRA_SIMULATED_EPS,94.46872382578691,0.005802838614260253,0.0005381367602817821,-0.014541509370073768,2.9957923470557257,32.65974894175841,0.1813382219532796,-4.515990867855903,11.226168810486644,17.309851860067656,0.36064348602434854,-148.77197884563566,368.3654445379245,-2.773700249771461e-05
11580.0,ASTRA-SC-01,EPS,32.488449532437336,2.8723326530040003,16.63268684627146,39.998009729181746,0.9977870128270704,NOMINAL,0.9999502432295436,0.0450026868656046,1.0,False,0.0174216027874564,0.0,95.0,STANDBY,False,ASTRA_SIMULATED_EPS,93.3176344374923,-0.010629297753321509,-0.002594837489150903,0.0005240883313092582,3.3280071222351055,32.626976391144986,0.16279207806871837,-2.874475201262493,10.287023401426602,17.241928244539945,0.3866974460014729,-94.72886379306719,337.1353825802072,1.5142960795646344e-05
11590.0,ASTRA-SC-01,EPS,32.25976103682336,2.9199479593584132,16.556704756647303,39.998008119534454,0.997585789782133,NOMINAL,0.9999502029883612,0.0450026890386284,1.0,False,0.019163763066202,0.0,95.0,STANDBY,False,ASTRA_SIMULATED_EPS,94.19682340886243,-0.022868849561397297,0.0047615306354412915,-0.007598208962415853,3.6602218974144853,32.58528902035922,0.1717939123806921,-1.2254839125831005,8.926554130677559,17.164533434008273,0.40061394487532126,-40.62339215261836,292.1991290458597,7.038601953188603e-06
11600.0,ASTRA-SC-01,EPS,32.551638122943004,2.846840453828461,16.37318140188023,39.998006509830255,0.9973845596145606,NOMINAL,0.9999501627457564,0.0450026912117291,1.0,False,0.0209059233449477,0.0,95.0,STANDBY,False,ASTRA_SIMULATED_EPS,92.6693202467789,0.02918770861196407,-0.007310750552995238,-0.01835233547670718,3.9924366725938656,32.559049993488166,0.14000926326690147,0.4135322108749047,6.923436364245208,17.085418020091613,0.432839963353236,13.299662074272481,225.6900770743549,-5.515007089690354e-06
11610.0,ASTRA-SC-01,EPS,32.58848750959451,2.8779775510362677,16.269611474157223,39.99800490006915,0.9971833223235104,NOMINAL,0.9999501225017288,0.0450026933849066,1.0,False,0.0226480836236933,0.0,95.0,STANDBY,False,ASTRA_SIMULATED_EPS,93.7889354748388,0.0036849386651503836,0.0031137097207806887,-0.010356992772300799,3.868927119882578,32.55907281016371,0.14001437126519287,2.0567579051867906,3.212909547265338,16.99334718833799,0.450537500970682,66.84940536046736,104.94609121224532,-4.368488197265538e-05
11620.0,ASTRA-SC-01,EPS,32.84654472994599,2.9107336058463966,16.153533167925875,39.99800329025112,0.9969820779081384,NOMINAL,0.999950082256278,0.0450026955581609,1.0,False,0.024390243902439,0.0,95.0,STANDBY,False,ASTRA_SIMULATED_EPS,95.60754158139065,0.025805722035148193,0.003275605481012889,-0.011607830623134774,3.74541756717129,32.56892848106641,0.15495183066246018,2.8879317910031586,0.02548226117260001,16.887419610026345,0.4486172466664869,94.05640616757954,0.8949705121414471,-6.238221220943275e-06
11630.0,ASTRA-SC-01,EPS,32.33508362405486,2.8915040373199967,16.09373898787408,39.99800168037616,0.9967808263676,NOMINAL,0.999950042009404,0.0450026977314921,1.0,False,0.0261324041811846,0.0,95.0,STANDBY,False,ASTRA_SIMULATED_EPS,93.49702484603434,-0.051146110589112934,-0.0019229568526399898,-0.005979418005179582,3.6219080144600024,32.53983087449842,0.15516575861701876,2.889087843956524,0.025204846524123626,16.789811772108585,0.45159542231188393,94.01015596524289,0.9053955936377173,3.147599960887191e-06
11640.0,ASTRA-SC-01,EPS,32.67472715238556,2.8875466282606608,16.03489691572155,39.99800007044427,0.9965795677010504,NOMINAL,0.9999500017611068,0.0450026999049002,1.0,False,0.0278745644599303,0.0,95.0,STANDBY,False,ASTRA_SIMULATED_EPS,94.34979821820798,0.033964352833069714,-0.0003957409059335948,-0.005884207215252957,3.4983984617487143,32.550357117315755,0.15880713308526798,2.8889982510285583,0.025207986323515296,16.69590746139903,0.4524146357194792,94.03763770387597,0.9092829314689367,-4.740063503050556e-06
11650.0,ASTRA-SC-01,EPS,32.907701393985874,2.9139768530717043,15.91208565491939,39.997998460455435,0.9963783019076426,NOMINAL,0.999949961511386,0.0450027020783851,1.0,False,0.0296167247386759,0.0,95.0,STANDBY,False,ASTRA_SIMULATED_EPS,95.89228014987029,0.02329742416003171,0.0026430224811043513,-0.012281126080216077,3.3748889090374266,32.57339835774182,0.18374474464446422,2.891790532152154,0.025519424370201313,16.599461825135887,0.4552055454769561,94.19570183425638,1.0132509567556278,-6.910587301511822e-06
11660.0,ASTRA-SC-01,EPS,32.56104705352801,2.8912330301354214,15.878946841893557,39.997996850409656,0.9961770289865304,NOMINAL,0.9999499212602414,0.0450027042519469,1.0,False,0.0313588850174216,0.0,95.0,STANDBY,False,ASTRA_SIMULATED_EPS,94.14157473695381,-0.034665434045786724,-0.0022743822936282855,-0.0033138813025832548,3.251379356326139,32.57469244187303,0.18357334285193347,2.895234515644945,0.021066439285972773,16.500117394188933,0.4375016685999782,94.31151618953486,0.885046915606798,4.6445279650927356e-06
11670.0,ASTRA-SC-01,EPS,32.48727194051225,2.8991689042383806,15.72815465663924,39.99799524030693,0.9959757489368656,NOMINAL,0.9999498810076732,0.0450027064255856,1.0,False,0.0331010452961672,0.0,95.0,STANDBY,False,ASTRA_SIMULATED_EPS,94.1860885934692,-0.007377511301575624,0.0007935874102959151,-0.015079218525431592,3.127869803614851,32.5535210612298,0.1731510954938068,2.895884507065141,0.02102456104589889,16.40405993219394,0.43832495601518245,94.27145964737767,0.8755386952587395,2.1824469833529666e-05
11680.0,ASTRA-SC-01,EPS,32.506371366995246,2.871637960425669,15.647677492811772,39.99799363014723,0.9957744617578002,NOMINAL,0.9999498407536808,0.0450027085993012,1.0,False,0.0348432055749128,0.0,95.0,STANDBY,False,ASTRA_SIMULATED_EPS,93.3465299731576,0.001909942648299534,-0.0027530943812711594,-0.008047716382746905,3.0043602509035634,32.55853997475539,0.17041829645476883,2.8920008338628453,0.01962782287840507,16.30291532953114,0.42507708731282295,94.15992040389547,0.8799793057575228,-8.430408636760529e-05
11690.0,ASTRA-SC-01,EPS,32.57686893507892,2.9082434626638256,15.511035686605224,39.99799201993057,0.9955731674484845,NOMINAL,0.9999498004982642,0.0450027107730937,1.0,False,0.0365853658536585,0.0,95.0,STANDBY,False,ASTRA_SIMULATED_EPS,94.74146611449953,0.007049756808367391,0.0036605502238156616,-0.013664180620654776,2.8808506981922752,32.554102914690056,0.16891010696929748,2.89142381257486,0.01895943206557031,16.20492143392142,0.42703092023569134,94.12818040192384,0.8470773107653818,-2.2840740477582027e-05
11700.0,ASTRA-SC-01,EPS,32.784418624374005,2.8815041800793906,15.529756545854651,39.997990409656936,0.995371866008068,NOMINAL,0.9999497602414232,0.0450027129469631,1.0,False,0.0383275261324041,0.0,95.0,STANDBY,False,ASTRA_SIMULATED_EPS,94.46843930760632,0.02075496892950852,-0.002673928258443503,0.0018720859249427234,2.7573411454809875,32.579988510430496,0.17268243848893855,2.890921864497119,0.019126172539063808,16.114821163254604,0.4165862768377072,94.18650867672075,0.837702470220174,-7.758496969043535e-06
11710.0,ASTRA-SC-01,EPS,32.29951406431241,2.9071728734245035,15.37461582450037,39.99798879932632,0.9951705574357004,NOMINAL,0.999949719983158,0.0450027151209094,1.0,False,0.0400696864111498,0.0,95.0,STANDBY,False,ASTRA_SIMULATED_EPS,93.90027111256228,-0.04849045600615938,0.0025668693345112905,-0.015514072135428058,2.6338315927697,32.56417517312946,0.18718048236839693,2.89187341203924,0.019581238538806348,16.02160481444402,0.4152594620593781,94.17149680183408,0.8408864091194564,3.3209228090972757e-06
11720.0,ASTRA-SC-01,EPS,32.45337997998856,2.9070734147019186,15.321760000227028,39.99798718893872,0.9949692417305296,NOMINAL,0.9999496797234678,0.0450027172949327,1.0,False,0.0418118466898954,0.0,95.0,STANDBY,False,ASTRA_SIMULATED_EPS,94.34435815704423,0.01538659156761497,-9.945872258487753e-06,-0.005285582427334212,2.510322040058412,32.554751004463995,0.1890805667530929,2.8924595711596672,0.019915495475091374,15.934559083595264,0.41604007099987217,94.16320575725125,0.8383557617502906,-1.0466174995251765e-05
11730.0,ASTRA-SC-01,EPS,32.22061152330458,2.9087036473315084,15.04030945410564,39.99798557849411,0.9947679188917034,NOMINAL,0.9999496394623528,0.0450027194690329,1.0,False,0.0435540069686411,0.0,95.0,STANDBY,False,ASTRA_SIMULATED_EPS,93.72021025708766,-0.023276845668398494,0.0001630232629589834,-0.028145054612138766,2.3868124873471244,32.53689513718847,0.20753507067922092,2.8948843041148344,0.01949975213748842,15.82840059078421,0.42816105217299366,94.19004414522426,0.8154847391043579,6.918654856258085e-06
11740.0,ASTRA-SC-01,EPS,32.423216750506775,2.9307661395236897,15.0433211461818,39.99798396799251,0.994566588918368,NOMINAL,0.9999495991998129,0.0450027216432101,1.0,False,0.0452961672473867,0.0,95.0,STANDBY,False,ASTRA_SIMULATED_EPS,95.02486578682257,0.020260522720219852,0.002206249219218126,0.00030116920761589225,2.2633029346358366,32.54779218476737,0.19590988438381254,2.8956055161258534,0.020658588260082707,15.72750835008651,0.4225551971720042,94.24524697042162,0.8435209359831651,-7.948963711289102e-06
11750.0,ASTRA-SC-01,EPS,32.38809088986124,2.895249220745758,15.08349034569003,39.997982357433905,0.9943652518096696,NOMINAL,0.9999495589358476,0.0450027238174642,1.0,False,0.0470383275261324,0.0,95.0,STANDBY,False,ASTRA_SIMULATED_EPS,93.77159491031352,-0.0035125860645536023,-0.0035516918777931837,0.004016919950823095,2.139793381924549,32.53688903589525,0.2001849308789721,2.8988327672536727,0.01567698532082489,15.641528946340495,0.41289216486921065,94.31873194799059,0.7378146582506566,4.585107883459443e-05
11760.0,ASTRA-SC-01,EPS,32.27974255055962,2.878714368778276,14.962898152146552,39.99798074681828,0.9941639075647531,NOMINAL,0.999949518670457,0.0450027259917953,1.0,False,0.048780487804878,0.0,95.0,STANDBY,False,ASTRA_SIMULATED_EPS,92.92415870075949,-0.010834833930162092,-0.0016534851967481945,-0.012059219354347839,2.016283829213261,32.51630603862626,0.21012634082143253,2.898881888436473,0.01560797388441498,15.554414724873117,0.4087382970536958,94.26108016305196,0.8122051506038773,1.4865162096876733e-05
11770.0,ASTRA-SC-01,EPS,32.87949855926601,2.8972968615141785,14.73425148225859,39.99797913614563,0.993962556182763,NOMINAL,0.9999494784036408,0.0450027281662034,1.0,False,0.0505226480836236,0.0,95.0,STANDBY,False,ASTRA_SIMULATED_EPS,95.26166798392137,0.059975600870639315,0.0018582492735902622,-0.022864666988796144,1.892774276501973,32.51850296058093,0.21396293475924166,2.897986105480992,0.015260913146950364,15.459795945828633,0.42412700862299896,94.23802192322067,0.7753212833207088,-2.6855464961069435e-06
11780.0,ASTRA-SC-01,EPS,32.917082600582404,2.930503051061726,14.738574296516264,39.997977525415955,0.9937611976628424,NOMINAL,0.9999494381353988,0.0450027303406884,1.0,False,0.0522648083623693,0.0,95.0,STANDBY,False,ASTRA_SIMULATED_EPS,96.46361099305759,0.0037584041316392814,0.0033206189547547284,0.00043228142576730023,1.7692647237906853,32.55730289234943,0.23045970830747795,2.900586039730441,0.01726779879229203,15.369451633071444,0.42377702495992225,94.43579433302223,0.9347721052050834,-4.285674502911876e-05
11790.0,ASTRA-SC-01,EPS,32.44220818256989,2.898562801965778,14.60527633859174,39.99797591462925,0.993559832004134,NOMINAL,0.9999493978657312,0.0450027325152505,1.0,False,0.0540069686411149,0.0,95.0,STANDBY,False,ASTRA_SIMULATED_EPS,94.03577785162688,-0.047487441801251154,-0.0031940249095947946,-0.013329795792452437,1.6457551710793976,32.54180162769505,0.22981630512686838,2.9013204513107818,0.01690404238608654,15.274143594596124,0.4241891138139738,94.41485964191682,0.9403353647815451,3.392026697841711e-06
11800.0,ASTRA-SC-01,EPS,32.62722644706058,2.9279132266826076,14.56617645425067,39.99797430378549,0.99335845920578,NOMINAL,0.9999493575946372,0.0450027346898895,1.0,False,0.0557491289198606,0.0,95.0,STANDBY,False,ASTRA_SIMULATED_EPS,95.52968786431725,0.01850182644906866,0.0029350424716829693,-0.003909988434106992,1.52224561836811,32.52310329790003,0.2083245793682613,2.902249542884842,0.017997015853856334,15.184416314551543,0.42195059694000653,94.39068682287997,0.9035854812144088,-8.706404013876434e-06
11810.0,ASTRA-SC-01,EPS,32.396698048715024,2.926563928552446,14.447016641871482,39.997972692884694,0.9931570792669212,NOMINAL,0.9999493173221172,0.0450027368646056,1.0,False,0.0574912891986062,0.0,95.0,STANDBY,False,ASTRA_SIMULATED_EPS,94.8110079135748,-0.023052839834555527,-0.00013492981301617136,-0.01191598123791877,1.3987360656568222,32.51214669757917,0.21049697609585985,2.9046049361126434,0.018748530901274374,15.088954301216736,0.41552745926301005,94.43531570132134,0.9069285308951859,6.987862699036637e-06
11820.0,ASTRA-SC-01,EPS,32.6828735442033,2.928423137151157,14.285177946479692,39.997971081926835,0.9929556921866975,NOMINAL,0.9999492770481708,0.0450027390393987,1.0,False,0.0592334494773519,0.0,95.0,STANDBY,False,ASTRA_SIMULATED_EPS,95.70928307543038,0.02861754954882727,0.00018592085987112483,-0.016183869539178986,1.2752265129455345,32.5251868044919,0.21485940819050303,2.9065552183068286,0.019642894029578604,14.992755853872769,0.42392302086019196,94.53686200011877,0.9607093732957026,-5.629265555410525e-06
11830.0,ASTRA-SC-01,EPS,32.56397053499596,2.8895664093614895,14.1720027292964,39.99796947091191,0.9927542979642489,NOMINAL,0.9999492367727978,0.0450027412142689,1.0,False,0.0609756097560975,0.0,95.0,STANDBY,False,ASTRA_SIMULATED_EPS,94.09575541336162,-0.011890300920733666,-0.0038856727789667645,-0.011317521718329181,1.1517169602342463,32.529026749025284,0.21501376924097262,2.907750448235883,0.01782811205991563,14.894377536305075,0.43222754626079296,94.58681036279903,0.9126780492276642,1.3548983612623139e-05
11840.0,ASTRA-SC-01,EPS,32.62508890424695,2.9490080830975605,14.068271705319496,39.99796785983992,0.9925528965987136,NOMINAL,0.999949196495998,0.0450027433892161,1.0,False,0.0627177700348432,0.0,95.0,STANDBY,False,ASTRA_SIMULATED_EPS,96.21165089040079,0.006111836925099113,0.005944167373607101,-0.010373102397690381,1.0282074075229588,32.532241413636484,0.21613767856820482,2.9104680895981323,0.02077248844580689,14.798193270886028,0.44552549232791744,94.68482268119244,1.0047682469759536,-2.6359865516342993e-05
11850.0,ASTRA-SC-01,EPS,32.56219929985732,2.9126260950773117,14.07654988364404,39.99796624871085,0.9923514880892296,NOMINAL,0.9999491562177713,0.0450027455642403,1.0,False,0.0644599303135888,0.0,95.0,STANDBY,False,ASTRA_SIMULATED_EPS,94.8415113938726,-0.006288960438963187,-0.0036381988020248723,0.0008278178324543362,1.1054723642994144,32.51742679200204,0.20494406544833302,2.9125428839313274,0.019164933057534934,14.701312826738652,0.432905346516072,94.7096941536102,1.0036462082273736,2.5618368575593546e-05
11860.0,ASTRA-SC-01,EPS,32.547862316727624,2.874901574361906,13.992395524499898,39.997964637524696,0.9921500724349338,NOMINAL,0.9999491159381174,0.0450027477393416,1.0,False,0.0662020905923344,0.0,95.0,STANDBY,False,ASTRA_SIMULATED_EPS,93.57190061647479,-0.0014336983129695114,-0.003772452071540577,-0.008415435914414182,1.18273732107587,32.533983342163054,0.19591498765909635,2.9103914639938204,0.021482097670326286,14.60916480673862,0.42640997185475565,94.68780278720436,1.0258968185714494,0.00011237972050051066
11870.0,ASTRA-SC-01,EPS,32.44189082611273,2.857633411285842,13.95108519314536,39.997963026281454,0.9919486496349624,NOMINAL,0.9999490756570364,0.04500274991452,1.0,False,0.0679442508710801,0.0,95.0,STANDBY,False,ASTRA_SIMULATED_EPS,92.7070311499874,-0.01059714906148912,-0.0017268163076063826,-0.004131033135453777,1.2600022778523257,32.53321739857133,0.19627474965454442,2.907095463766082,0.02545328451491733,14.51778648626651,0.40931854549623137,94.57864765340058,1.145216117135438,1.5204497290638763e-05
11880.0,ASTRA-SC-01,EPS,32.7199843799435,2.9014509058000955,13.813647244430332,39.997961414981106,0.9917472196884513,NOMINAL,0.9999490353745276,0.0450027520897755,1.0,False,0.0696864111498257,0.0,95.0,STANDBY,False,ASTRA_SIMULATED_EPS,94.93542831695204,0.02780935538307645,0.004381749451425332,-0.013743794871502856,1.337267234628781,32.56650892234726,0.18123927981636934,2.906611947663988,0.02548941469274138,14.43600900562149,0.41986833637672155,94.65966219072487,1.1229173331384967,-5.7940945630091945e-06
11890.0,ASTRA-SC-01,EPS,32.73768366175696,2.904921438743641,13.758470204496604,39.997959803623665,0.9915457825945342,NOMINAL,0.9999489950905917,0.045002754265108,1.0,False,0.0714285714285714,0.0,95.0,STANDBY,False,ASTRA_SIMULATED_EPS,95.10039912384522,0.0017699281813463585,0.0003470532943545379,-0.005517703993372791,1.414532191405237,32.587473383097276,0.18166747239315714,2.9048889676119845,0.02459797696591785,14.35035227617581,0.41817857941591574,94.66469774652637,1.1248397264931405,-9.104083755205364e-05
11900.0,ASTRA-SC-01,EPS,32.51316731657639,2.9262369561584047,13.640621677543663,39.99795819220911,0.9913443383523456,NOMINAL,0.9999489548052276,0.0450027564405177,1.0,False,0.073170731707317,0.0,95.0,STANDBY,False,ASTRA_SIMULATED_EPS,95.14123176352743,-0.022451634518056807,0.0021315517414763896,-0.011784852695294034,1.4917971481816923,32.59581181154495,0.1745950538160003,2.906954816639495,0.025028044989123057,14.25416103163272,0.40317147191405306,94.75600687007396,1.1025325844494849,7.177270556834827e-06
11910.0,ASTRA-SC-01,EPS,32.59202222813977,2.8759808755901477,13.550479858041614,39.99795658073743,0.991142886961018,NOMINAL,0.9999489145184358,0.0450027586160044,1.0,False,0.0749128919860627,0.0,95.0,STANDBY,False,ASTRA_SIMULATED_EPS,93.73403262493896,0.007885491156337566,-0.005025608056825703,-0.009014181950204935,1.569062104958148,32.61663045671696,0.1512758603249393,2.906772583760286,0.02525725709018859,14.159999812025722,0.39056050927014174,94.80999846501928,1.023409241361091,-2.0435907535492855e-05
11920.0,ASTRA-SC-01,EPS,32.42382161541808,2.88840543839926,13.40714893212266,39.997954969208635,0.9909414284196836,NOMINAL,0.9999488742302158,0.0450027607915683,1.0,False,0.0766550522648083,0.0,95.0,STANDBY,False,ASTRA_SIMULATED_EPS,93.65314268766106,-0.016820061272169083,0.0012424562809112416,-0.014333092591895458,1.1484776288985805,32.586251993793766,0.14005464434601275,2.9061798222192916,0.0255975706479001,14.071526308683326,0.40134872744635514,94.70276344526859,1.0564411398530706,9.580992416003796e-06
11930.0,ASTRA-SC-01,EPS,32.38451880169541,2.942400744673783,13.426505656036028,39.9979533576227,0.990739962727474,NOMINAL,0.9999488339405674,0.0450027629672093,1.0,False,0.078397212543554,0.0,95.0,STANDBY,False,ASTRA_SIMULATED_EPS,95.28823223801069,-0.003930281372267075,0.005399530627452309,0.0019356723913368512,0.7278931528390129,32.55074774053463,0.11555869196901643,2.9069730017934288,0.026570925944426903,13.984055065984645,0.38835381181341055,94.62440486159879,0.9552501151096592,4.100433999642429e-05
11940.0,ASTRA-SC-01,EPS,32.86952900582449,2.877207455993737,13.275757090427753,39.99795174597963,0.9905384898835198,NOMINAL,0.9999487936494906,0.0450027651429274,1.0,False,0.0801393728222996,0.0,95.0,STANDBY,False,ASTRA_SIMULATED_EPS,94.57245393056063,0.04850102041290825,-0.0065193288680046365,-0.015074856560827498,7.4395725994036095,32.57923579541827,0.1374825907017734,2.905549312061959,0.027605706380152233,13.895420449440378,0.3881632837561696,94.66018326686104,0.9415812946451105,-3.322905492959433e-06
11950.0,ASTRA-SC-01,EPS,32.34519832575382,2.887593171597082,13.138777835995564,39.99795013427941,0.9903370098869504,NOMINAL,0.9999487533569852,0.0450027673187227,1.0,False,0.0818815331010452,0.0,95.0,STANDBY,False,ASTRA_SIMULATED_EPS,93.39977381940011,-0.05243306800706691,0.0010385715603345336,-0.013697925443218928,5.62051428286114,32.560433920664494,0.14923333972413919,2.902861308389591,0.027233052650826504,13.800260541556705,0.3869434799493395,94.51818899719989,0.961479990987258,3.073823984850394e-06
11960.0,ASTRA-SC-01,EPS,32.7563558998173,2.8935371689464806,13.150826390089598,39.99794852252204,0.9901355227368948,NOMINAL,0.999948713063051,0.0450027694945952,1.0,False,0.0836236933797909,0.0,95.0,STANDBY,False,ASTRA_SIMULATED_EPS,94.7817333153607,0.041115757406348055,0.0005943997349398434,0.0012048554094034713,3.8014559663186698,32.584411110737975,0.14993823897282768,2.9006595244158597,0.026505195956001995,13.71384785810458,0.37679262763210536,94.51623735731896,0.9608726829345796,-3.920047862471169e-06
11970.0,ASTRA-SC-01,EPS,32.65174752652198,2.946305781392692,12.936391282294036,39.997946910707505,0.9899340284324812,NOMINAL,0.9999486727676876,0.0450027716705448,1.0,False,0.0853658536585365,0.0,95.0,STANDBY,False,ASTRA_SIMULATED_EPS,96.20203250996624,-0.010460837329532069,0.005276861244621145,-0.021443510779556262,1.9823976497761995,32.58233604289255,0.1486884111576241,2.9018517006986286,0.02819168962765109,13.62392874715887,0.39136724979961335,94.54908731962135,1.0116545426101924,1.5408083327700208e-05
11980.0,ASTRA-SC-01,EPS,32.757202287724574,2.9238360043790106,12.874882831172254,39.99794529883581,0.9897325269728372,NOMINAL,0.9999486324708952,0.0450027738465716,1.0,False,0.0871080139372822,0.0,95.0,STANDBY,False,ASTRA_SIMULATED_EPS,95.7766874515756,0.010545476120259422,-0.002246977701368147,-0.00615084511217816,2.0314863392694913,32.59521815974112,0.15521116681566255,2.9041363403664633,0.028511760287590723,13.537454087283926,0.4046932905099477,94.66114945550228,1.0502160397623888,-1.528495894629089e-05
11990.0,ASTRA-SC-01,EPS,32.714995729325,2.908132369193038,12.825597828949558,39.997943686906936,0.9895310183570888,NOMINAL,0.9999485921726734,0.0450027760226756,1.0,False,0.0888501742160278,0.0,95.0,STANDBY,False,ASTRA_SIMULATED_EPS,95.13953803846202,-0.004220655839957743,-0.0015703635185972508,-0.004928500222269605,2.0805750287627833,32.601211948079666,0.15815512515481073,2.9014112927728286,0.02573490310648776,13.454609162192599,0.41532224976385607,94.58967526537303,0.9706229502344318,3.81914312412321e-05
12000.0,ASTRA-SC-01,EPS,32.41581563993225,2.8876491666653292,12.853113086391776,39.997942074920886,0.9893295025843616,NOMINAL,0.999948551873022,0.0450027781988568,1.0,False,0.0905923344947735,0.0,95.0,STANDBY,False,ASTRA_SIMULATED_EPS,93.6055030194273,-0.029918008939274897,-0.0020483202527708856,0.0027515257442217943,2.1296637182560754,32.59145303741799,0.16509821100357525,2.89974616421203,0.025765463953040687,13.373046709042447,0.4044481917935399,94.50727470707668,0.9997446300811841,5.388012463303729e-06
12010.0,ASTRA-SC-01,EPS,32.54885332395104,2.917039283593612,12.624958706301058,39.99794046287765,0.9891279796537809,NOMINAL,0.9999485115719412,0.0450027803751151,1.0,False,0.0923344947735191,0.0,95.0,STANDBY,False,ASTRA_SIMULATED_EPS,94.94628378189171,0.013303768401879523,0.002939011692828286,-0.0228154380090718,2.1787524077493674,32.59151910456622,0.16507971863320933,2.902555344827477,0.02515303695833812,13.281884254495857,0.40896040374898984,94.5989002514378,0.9704463710792479,-1.2117192559305856e-05
12020.0,ASTRA-SC-01,EPS,32.42066200694876,2.9229926426929476,12.511135797840298,39.99793885077721,0.9889264495644704,NOMINAL,0.9999484712694302,0.0450027825514507,1.0,False,0.0940766550522648,0.0,95.0,STANDBY,False,ASTRA_SIMULATED_EPS,94.765356517546,-0.012819131700228326,0.0005953359099335476,-0.011382290846075982,2.2278410972426594,32.590103849955284,0.16653868511665454,2.9069126269212844,0.022316502826110456,13.185887628142186,0.409657833595108,94.73612194260838,0.817261032419386,1.2575738188778976e-05
12030.0,ASTRA-SC-01,EPS,32.47883642695683,2.9026505965631557,12.49852329767002,39.99793723861957,0.9887249123155536,NOMINAL,0.9999484309654892,0.0450027847278635,1.0,False,0.0958188153310104,0.0,95.0,STANDBY,False,ASTRA_SIMULATED_EPS,94.2747139303834,0.005817442000807205,-0.0020342046129791847,-0.0012612500170277486,2.276929786735951,32.574027319756176,0.16473496809106003,2.9069926063054883,0.022297672415473223,13.098212698358164,0.4064267423037891,94.69207431683714,0.8235328839998763,-2.7712483238543976e-05
12040.0,ASTRA-SC-01,EPS,32.51609320006196,2.909812334188261,12.442166029256676,39.997935626404725,0.9885233679061526,NOMINAL,0.999948390660118,0.0450027869043536,1.0,False,0.0975609756097561,0.0,95.0,STANDBY,False,ASTRA_SIMULATED_EPS,94.61572905315533,0.003725677310512765,0.0007161737625105413,-0.00563572684133451,2.326018476229243,32.559254622309844,0.15884089322957415,2.9073186660017964,0.02230098194258427,13.010459086675503,0.39564635798472503,94.65976297879115,0.8158400082641666,-4.327306717176429e-05
12050.0,ASTRA-SC-01,EPS,32.66360816389625,2.8829587318232774,12.308111965490328,39.99793401413266,0.9883218163353892,NOMINAL,0.9999483503533164,0.0450027890809209,1.0,False,0.0993031358885017,0.0,95.0,STANDBY,False,ASTRA_SIMULATED_EPS,94.16783436895878,0.014751496383428986,-0.0026853602364983685,-0.013405406376634765,2.375107165722535,32.56928401213117,0.16046423790645145,2.904433451046121,0.022477466254445872,12.921625105871948,0.39363861360919483,94.59486981915323,0.8135172138473656,-1.0929549269313573e-05
12060.0,ASTRA-SC-01,EPS,32.73730421696708,2.9197516174723384,12.168700523759156,39.997932401803375,0.9881202576023842,NOMINAL,0.9999483100450844,0.0450027912575654,1.0,False,0.1010452961672473,0.0,95.0,STANDBY,False,ASTRA_SIMULATED_EPS,95.58479693917364,0.0073696053070833045,0.0036792885649060913,-0.013941144173117159,2.424195855215827,32.57896947805299,0.16621617638110367,2.907351500504934,0.02133187225055534,12.829506483586451,0.39762406259690924,94.71825410676887,0.8139806681064035,-2.187809547472915e-05
12070.0,ASTRA-SC-01,EPS,32.59891904558433,2.8637996358538924,12.154940708071516,39.99793078941686,0.9879186917062576,NOMINAL,0.9999482697354216,0.0450027934342872,1.0,False,0.102787456445993,0.0,95.0,STANDBY,False,ASTRA_SIMULATED_EPS,93.35677249197492,-0.013838517138275108,-0.005595198161844594,-0.0013759815687640399,2.473284544709119,32.59064264006407,0.16059546056673377,2.905711113668576,0.02370673720195352,12.746025935316375,0.3991331401780985,94.69849609372315,0.8446984905375216,1.165143993532897e-05
12080.0,ASTRA-SC-01,EPS,32.84933344264757,2.8840060287441003,12.026354363339111,39.9979291769731,0.9877171186461284,NOMINAL,0.9999482294243276,0.0450027956110863,1.0,False,0.1045296167247386,0.0,95.0,STANDBY,False,ASTRA_SIMULATED_EPS,94.73767568882079,0.025041439706323842,0.0020206392890207868,-0.012858634473240472,2.3897830729454315,32.621630282794214,0.1628108042950452,2.9018181326065973,0.02198340869143445,12.652682515803248,0.3922900987373859,94.66179232377714,0.8290595523457064,-6.43910166366094e-06
12090.0,ASTRA-SC-01,EPS,32.66369789369884,2.8725001225179536,11.95213479974145,39.99792756447211,0.9875155384211152,NOMINAL,0.9999481891118028,0.0450027977879626,1.0,False,0.1062717770034843,0.0,95.0,STANDBY,False,ASTRA_SIMULATED_EPS,93.82647620153934,-0.018563554894873137,-0.0011505906226146668,-0.007421956359766035,2.306281601181744,32.6079082086525,0.14846704520310092,2.901504310374878,0.022389676597618733,12.564441029757493,0.3909903251438974,94.61206047517572,0.8567142048376636,8.686380405496872e-06
12100.0,ASTRA-SC-01,EPS,32.635259339345225,2.8903307485566203,11.88790096907632,39.997925951913864,0.987313951030335,NOMINAL,0.9999481487978464,0.0450027999649162,1.0,False,0.1080139372822299,0.0,95.0,STANDBY,False,ASTRA_SIMULATED_EPS,94.32669355562912,-0.00284385543536132,0.0017830626038666697,-0.0064233830665131105,2.222780129418057,32.6272456095586,0.12948167681435147,2.901686815505514,0.0222790672634553,12.481049238629543,0.3931338290200578,94.67385512425766,0.794172789131633,5.6703242483043284e-05
12110.0,ASTRA-SC-01,EPS,32.658122760610794,2.9110370613411076,11.829191587260402,39.99792433929835,0.9871123564729052,NOMINAL,0.9999481084824589,0.0450028021419472,1.0,False,0.1097560975609756,0.0,95.0,STANDBY,False,ASTRA_SIMULATED_EPS,95.0690057099656,0.002286342126556917,0.0020706312784487314,-0.005870938181591789,2.139278657654369,32.620696733611496,0.12488785815198386,2.902853474998489,0.022280019358117874,12.392940251774263,0.38019055061152757,94.69300661723132,0.8003994740120162,-7.053255479105099e-05
12120.0,ASTRA-SC-01,EPS,32.48071747195912,2.910135661682237,11.726038916103168,39.99792272662559,0.986910754747941,NOMINAL,0.9999480681656396,0.0450028043190554,1.0,False,0.1114982578397212,0.0,95.0,STANDBY,False,ASTRA_SIMULATED_EPS,94.52329423217354,-0.017740528865167703,-9.013996588707052e-05,-0.010315267115723437,2.0557771858906815,32.609294729973975,0.12957006825906328,2.900442133684459,0.018949742712738284,12.312250094028204,0.38502159609473674,94.58109073204514,0.6830977821830451,9.090330811496995e-06
12130.0,ASTRA-SC-01,EPS,32.609189498567204,2.893319509663171,11.63969507116171,39.99792111389554,0.986709145854558,NOMINAL,0.9999480278473886,0.045002806496241,1.0,False,0.1132404181184669,0.0,95.0,STANDBY,False,ASTRA_SIMULATED_EPS,94.34880417050789,0.012847202660808677,-0.0016816152019065722,-0.008634384494145664,1.9722757141269942,32.59942721069682,0.1229693581532958,2.8984077007034026,0.01786591588925406,12.229904243360837,0.3881683073354585,94.48589851330729,0.5988857674062864,-1.2553161089518459e-05
12140.0,ASTRA-SC-01,EPS,32.3725132967563,2.902437101819884,11.525093938641106,39.997919501108214,0.9865075297918702,NOMINAL,0.9999479875277054,0.0450028086735039,1.0,False,0.1149825783972125,0.0,95.0,STANDBY,False,ASTRA_SIMULATED_EPS,93.95918367166303,-0.023667620181090143,0.0009117592156712817,-0.011460113252060467,1.8887742423633067,32.57659504852557,0.13147914283957512,2.898028016211859,0.01770427268707102,12.14320398400694,0.39084136173703843,94.40720822218736,0.5842333034745715,6.814319805386053e-06
12150.0,ASTRA-SC-01,EPS,32.35116540103747,2.908271485959601,11.493323331382514,39.99791788826361,0.9863059065589912,NOMINAL,0.9999479472065902,0.0450028108508441,1.0,False,0.1167247386759581,0.0,95.0,STANDBY,False,ASTRA_SIMULATED_EPS,94.08597187340007,-0.0021347895718832888,0.0005834384139717042,-0.003177060725859171,1.8052727705996192,32.572285032599254,0.13802292102746097,2.899402837498144,0.01764133528781237,12.052551333672989,0.3716471987210243,94.43923947911887,0.5492638761354617,7.555051924348062e-05
12160.0,ASTRA-SC-01,EPS,32.65854820301621,2.894912446340538,11.420352652770156,39.9979162753617,0.9861042761550334,NOMINAL,0.9999479068840428,0.0450028130282616,1.0,False,0.1184668989547038,0.0,95.0,STANDBY,False,ASTRA_SIMULATED_EPS,94.54363767232404,0.03073828019787399,-0.001335903961906304,-0.007297067861235895,1.7217712988359317,32.57959802453693,0.13958987530807127,2.8979277150146054,0.016973747664866562,11.972244263437595,0.36926467021732756,94.41239640514769,0.5322907420661358,-5.247209323673448e-06
12170.0,ASTRA-SC-01,EPS,32.619627085424504,2.9121104361444767,11.276151711029655,39.99791466240251,0.9859026385791088,NOMINAL,0.9999478665600626,0.0450028152057566,1.0,False,0.1202090592334494,0.0,95.0,STANDBY,False,ASTRA_SIMULATED_EPS,94.99195645860574,-0.003892111759170547,0.0017197989803938718,-0.014420094174050036,1.6382698270722442,32.59286236310198,0.13269115427092723,2.8972022345780406,0.016032372804151505,11.889911990983553,0.37810157958119406,94.42750306788501,0.5460608235996257,4.144174924422616e-05
12180.0,ASTRA-SC-01,EPS,32.55316351056639,2.9106400543969224,11.235497831569813,39.99791304938599,0.9857009938303282,NOMINAL,0.9999478262346498,0.0450028173833289,1.0,False,0.1219512195121951,0.0,95.0,STANDBY,False,ASTRA_SIMULATED_EPS,94.75054161118688,-0.006646357485811194,-0.0001470381747554317,-0.0040653879459842555,1.5547683553085567,32.597817502009285,0.1294777911622313,2.8977348651002917,0.01635576047998959,11.805710293243541,0.37349245006952747,94.45922491327191,0.5503550263746773,2.4269180802665195e-05
12190.0,ASTRA-SC-01,EPS,32.188359349169694,2.906768531162878,11.263689514546703,39.997911436312165,0.985499341907802,NOMINAL,0.9999477859078042,0.0450028195609785,1.0,False,0.1236933797909407,0.0,95.0,STANDBY,False,ASTRA_SIMULATED_EPS,93.56411002592888,-0.03648041613966981,-0.0003871523234044272,0.0028191682976890673,1.4712668835448692,32.57596857861647,0.16658748522199143,2.8975319448986,0.016213479458548598,11.727145192262872,0.35346004400160835,94.38911697812348,0.5942269556782485,4.421752814507938e-06
12200.0,ASTRA-SC-01,EPS,32.4679773233695,2.889528142253663,11.089873400766251,39.99790982318102,0.9852976828106392,NOMINAL,0.9999477455795256,0.0450028217387056,1.0,False,0.1254355400696864,0.0,95.0,STANDBY,False,ASTRA_SIMULATED_EPS,93.81713419792993,0.027961797419980883,-0.00172403889092152,-0.017381611378045215,1.3877654117811817,32.56292652258135,0.1668937748504618,2.8979699055939587,0.0158769419510061,11.645929287947935,0.3503802664673482,94.36573696672154,0.6102387344127516,-5.769053836753154e-06
12210.0,ASTRA-SC-01,EPS,32.576162987023196,2.927123714017639,10.92667394715837,39.997908209992545,0.9850960165379484,NOMINAL,0.9999477052498136,0.04500282391651,1.0,False,0.127177700348432,0.0,95.0,STANDBY,False,ASTRA_SIMULATED_EPS,95.35445919101929,0.010818566365369264,0.003759557176397621,-0.01631994536078807,1.3042639400174942,32.55218377391842,0.15990755658300493,2.898461378696979,0.01669251411797949,11.563127516174548,0.36448840026092155,94.3503811168446,0.5794952095322524,-1.4911296182776715e-05
12220.0,ASTRA-SC-01,EPS,32.64313006202866,2.9154705592891905,10.901039199926592,39.99790659674673,0.9848943430888376,NOMINAL,0.9999476649186684,0.0450028260943919,1.0,False,0.1289198606271777,0.0,95.0,STANDBY,False,ASTRA_SIMULATED_EPS,95.17008465889249,0.0066967075005464945,-0.0011653154728448634,-0.002563474723177883,1.2207624682538067,32.555131175014715,0.16123246465847654,2.9019061069259986,0.014169494156267958,11.47953408229822,0.36284838102228584,94.4712685946391,0.5455570438490249,-2.409013405673754e-05
12230.0,ASTRA-SC-01,EPS,32.578098303196086,2.9241441735823166,10.870558676473811,39.997904983443576,0.9846926624624132,NOMINAL,0.9999476245860892,0.0450028282723511,1.0,False,0.1306620209059233,0.0,95.0,STANDBY,False,ASTRA_SIMULATED_EPS,95.26305633968279,-0.006503175883257484,0.0008673614293126075,-0.0030480523452780517,1.1372609964901192,32.53704883238461,0.1396451255375588,2.904581983248547,0.014336661305174098,11.4024810365072,0.36114958453162793,94.50629397136323,0.5796802241295312,2.4807927450055528e-05
12240.0,ASTRA-SC-01,EPS,32.335987359103086,2.920162267170568,10.742721487581164,39.997903370083066,0.9844909746577816,NOMINAL,0.9999475842520766,0.0450028304503878,1.0,False,0.1324041811846689,0.0,95.0,STANDBY,False,ASTRA_SIMULATED_EPS,94.42633015775729,-0.02421109440929996,-0.00039819064117487815,-0.012783718889264684,1.0537595247264318,32.515201463411564,0.14398332580802756,2.907759459558721,0.011770459776596806,11.321853482363183,0.36465812554421767,94.54628423511109,0.5493282888383976,6.663724005214449e-06
12250.0,ASTRA-SC-01,EPS,32.53253266516761,2.9056843106494754,10.657672830743534,39.9979017566652,0.984289279674048,NOMINAL,0.99994754391663,0.0450028326285019,1.0,False,0.1341463414634146,0.0,95.0,STANDBY,False,ASTRA_SIMULATED_EPS,94.52926975086908,0.01965453060645217,-0.0014477956521092405,-0.008504865683763008,0.9702580529627443,32.50835301846639,0.14025989462384492,2.9087830303649107,0.010771798313868819,11.239838273140997,0.3665949927538879,94.55978931479376,0.5460243050159082,-8.208885255990974e-06
12260.0,ASTRA-SC-01,EPS,32.71328196278231,2.902724356575665,10.528652211975412,39.99790014318997,0.9840875775103168,NOMINAL,0.9999475035797494,0.0450028348066935,1.0,False,0.1358885017421602,0.0,95.0,STANDBY,False,ASTRA_SIMULATED_EPS,94.9576403368956,0.018074929761470314,-0.0002959954073810334,-0.012902061876812176,0.8867565811990568,32.51203029861116,0.14510631404888952,2.908228850047215,0.010861015079766695,11.153135648121998,0.37101930532424404,94.5523649565891,0.5393218536543363,-8.926591961877114e-06
12270.0,ASTRA-SC-01,EPS,32.45435860260379,2.907950497195964,10.565749697088492,39.99789852965738,0.9838858681656916,NOMINAL,0.9999474632414344,0.0450028369849625,1.0,False,0.1376306620209059,0.0,95.0,STANDBY,False,ASTRA_SIMULATED_EPS,94.3756682346178,-0.025892336017852104,0.0005226140620298913,0.0037097485113079644,0.8032551094353693,32.510273040654134,0.14567110835971922,2.9080831724147966,0.010848259570715052,11.07578303352102,0.3639296679648276,94.54252322341873,0.5412338149654492,6.23169958597146e-06
12280.0,ASTRA-SC-01,EPS,32.615227979169774,2.8879604062543205,10.548422221395075,39.99789691606739,0.9836841516392748,NOMINAL,0.9999474229016848,0.045002839163309,1.0,False,0.1393728222996515,0.0,95.0,STANDBY,False,ASTRA_SIMULATED_EPS,94.19148704480043,0.016086937656598365,-0.0019990090941643503,-0.0017327475693416972,0.7197536376716818,32.51067560602764,0.14597202470239679,2.9077258988542067,0.011441252473083974,11.003031510203243,0.35202963784967384,94.53203541503824,0.5467518377941492,-1.0030436005933989e-05
12290.0,ASTRA-SC-01,EPS,32.55905042794888,2.929568457489179,10.33666452824745,39.997895302420034,0.9834824279301686,NOMINAL,0.9999473825605008,0.0450028413417329,1.0,False,0.1411149825783972,0.0,95.0,STANDBY,False,ASTRA_SIMULATED_EPS,95.3839671395186,-0.005617755122089107,0.0041608051234858666,-0.021175769314762505,0.6362521659079943,32.52311141477381,0.14122960220484887,2.9095346558988266,0.012628436101267747,10.923802882843665,0.35979024320718117,94.62702097956192,0.5636247923109059,2.8724060075797765e-05
12300.0,ASTRA-SC-01,EPS,32.60154357054621,2.9211615529859687,10.32546069655075,39.997893688715266,0.983280697037474,NOMINAL,0.9999473422178816,0.0450028435202343,1.0,False,0.1428571428571428,0.0,95.0,STANDBY,False,ASTRA_SIMULATED_EPS,95.23437564627649,0.004249314259732984,-0.0008406904503210466,-0.0011203831696700917,0.5527506941443068,32.53980329274106,0.13407036987910853,2.9103939937005845,0.012970284149352198,10.845945373854882,0.35406004560404314,94.70358123108703,0.5628780739137997,-3.797565134979054e-05
12310.0,ASTRA-SC-01,EPS,32.685557538814166,2.921904324149891,10.169309953625897,39.99789207495311,0.9830789589602916,NOMINAL,0.9999473018738276,0.0450028456988133,1.0,False,0.1445993031358885,0.0,95.0,STANDBY,False,ASTRA_SIMULATED_EPS,95.50407190991118,0.00840139682679535,7.427711639222956e-05,-0.015615074292485254,0.4692492223806193,32.54160391512759,0.13594731385742576,2.912193452221208,0.012534051980466863,10.762542527245266,0.35642775966152346,94.76761018025948,0.5969776231276308,-1.9208260148157478e-05
12320.0,ASTRA-SC-01,EPS,32.4195482652811,2.911472694810954,10.152446074241665,39.997890461133544,0.9828772136977206,NOMINAL,0.9999472615283386,0.0450028478774697,1.0,False,0.1463414634146341,0.0,95.0,STANDBY,False,ASTRA_SIMULATED_EPS,94.38862955247176,-0.026600927353306502,-0.0010431629338937044,-0.001686387938423195,0.38574775061693156,32.52826532711803,0.13755118726071883,2.9121509361323064,0.012535435236602796,10.687628818126065,0.35884863513072424,94.72738838651723,0.6010930596163715,6.066779333980332e-06
12330.0,ASTRA-SC-01,EPS,32.47511767888442,2.9258798476844583,10.099357374097178,39.99788884725656,0.9826754612488596,NOMINAL,0.999947221181414,0.0450028500562036,1.0,False,0.1480836236933798,0.0,95.0,STANDBY,False,ASTRA_SIMULATED_EPS,95.01829236782922,0.005556941360332246,0.001440715287350436,-0.005308870014448708,0.3022462788532443,32.523062271672565,0.13801741189840805,2.913166922351475,0.013012732064128866,10.611886120961223,0.3548300694349992,94.74523843696005,0.6057869627000846,-2.904254116835784e-05
12340.0,ASTRA-SC-01,EPS,32.36120336636885,2.888843649436466,9.940855571886042,39.99788723332215,0.9824737016128066,NOMINAL,0.9999471808330538,0.045002852235015,1.0,False,0.1498257839721254,0.0,95.0,STANDBY,False,ASTRA_SIMULATED_EPS,93.48645683305664,-0.01139143125155755,-0.0037036198247992315,-0.015850180221113598,0.21874480708955701,32.53458520615251,0.1130309288989314,2.911971930236381,0.014392207325963106,10.523697191450513,0.3455261328789864,94.74006155743523,0.6168326133354913,1.4167968648533325e-05
12350.0,ASTRA-SC-01,EPS,32.50642282132611,3.962607873066097,9.937630940104912,39.99788561933032,0.9821975996429194,NOMINAL,0.999947140483258,0.045002854413904,1.0,False,0.151567944250871,0.0,130.0,STANDBY,False,ASTRA_SIMULATED_EPS,128.8102069970023,0.014521945495726385,0.1073764223629631,-0.00032246317811299716,0.13524333532586927,32.53714823934961,0.11184231412742941,2.98351057895721,0.2711701344805194,10.446881027406421,0.3386784847152932,97.07293307737339,8.797789604921181,-1.1114157086450858e-05
12360.0,ASTRA-SC-01,EPS,32.520530385772695,3.976833242710223,9.72062448786719,39.99788341063132,0.9819214842108605,NOMINAL,0.9999470852657828,0.0450028573956477,1.0,False,0.1533101045296167,0.0,130.0,STANDBY,False,ASTRA_SIMULATED_EPS,129.32872630870878,0.0014107564446582898,0.001422536964412613,-0.02170064522377224,1.4247190404729893,32.53343939926625,0.11137758023668896,3.0534912142033828,0.3722054426776673,10.366477730120346,0.35917769043518,99.3378842185527,12.08348464540403,-0.00015656132636036584
12370.0,ASTRA-SC-01,EPS,32.23404184958258,3.983037062274278,9.608434885207352,39.99788120182474,0.9816453553143104,NOMINAL,0.9999470300456186,0.0450028603775366,1.0,False,0.1550522648083623,0.0,130.0,STANDBY,False,ASTRA_SIMULATED_EPS,128.38938335378754,-0.028648853619011306,0.0006203819564055025,-0.011218960265983745,2.714194745620109,32.50616685176985,0.13096332334626162,3.1246623144023884,0.4398491934543404,10.280304109139061,0.3764121204322101,101.55250413154569,14.135061132086767,7.709930062178108e-06
12380.0,ASTRA-SC-01,EPS,32.60805148067712,3.972304123670373,9.80010306922406,39.997878992910586,0.9813692129509476,NOMINAL,0.9999469748227646,0.0450028633595707,1.0,False,0.156794425087108,0.0,130.0,STANDBY,False,ASTRA_SIMULATED_EPS,129.52909736154953,0.037400963109453754,-0.0010732938603905228,0.01916681840167076,4.003670450767229,32.508163730268585,0.13235936469480317,3.1945396444082585,0.48650274371887686,10.208940401989079,0.3575118465288798,103.83690686633682,15.725444627643785,-5.906035487234299e-06
12390.0,ASTRA-SC-01,EPS,32.81478322217409,3.971918060543378,9.555748590362157,39.99787678388882,0.9810930571184476,NOMINAL,0.9999469195972204,0.04500286634175,1.0,False,0.1585365853658536,0.0,130.0,STANDBY,False,ASTRA_SIMULATED_EPS,130.3376301329691,0.02067317414969736,-3.8606312699496216e-05,-0.024435447886190252,5.293146155914349,32.54008345447331,0.14500093547549692,3.2646566972997793,0.5188501789798488,10.129808875507813,0.36225646044821314,106.23099353135095,16.881539235829262,-1.0685450378897991e-05
12400.0,ASTRA-SC-01,EPS,32.59887203354233,4.0190069364370915,9.402509187941387,39.99787457475942,0.9808168878144822,NOMINAL,0.9999468643689856,0.0450028693240747,1.0,False,0.1602787456445993,0.0,130.0,STANDBY,False,ASTRA_SIMULATED_EPS,131.01509282283172,-0.02159111886317646,0.004708887589371357,-0.015323940242076972,6.582621861061469,32.54450607903163,0.1457638713156158,3.33887820568562,0.5429040785762967,10.046131299321,0.3763083683117297,108.66338173614845,17.68450227532661,1.0231657805795094e-05
12410.0,ASTRA-SC-01,EPS,32.14492551082756,3.96134168027165,9.437116472596935,39.99787236552239,0.980540705036721,NOMINAL,0.9999468091380598,0.0450028723065447,1.0,False,0.1620209059233449,0.0,130.0,STANDBY,False,ASTRA_SIMULATED_EPS,127.33703323526869,-0.045394652271476585,-0.0057665256165441384,0.0034607284655548297,7.872097566208589,32.50661564890131,0.1705251442815621,3.4094526939320193,0.5509049023923205,9.973362250029103,0.38183340073708383,110.82200792937331,17.867259757805712,4.866734121729274e-06
12420.0,ASTRA-SC-01,EPS,32.5126384322462,4.00363562332584,9.27178358665762,39.99787015617769,0.9802645087828306,NOMINAL,0.9999467539044424,0.0450028752891601,1.0,False,0.1637630662020905,0.0,130.0,STANDBY,False,ASTRA_SIMULATED_EPS,130.16875743565367,0.03677129214186366,0.004229394305418977,-0.016533288593931595,7.273205724545933,32.51050097087747,0.16991228551815823,3.4824983690073448,0.5522978493312026,9.887097842667043,0.3845982093283337,113.20821387610904,17.90401100779316,-6.008341212360451e-06
12430.0,ASTRA-SC-01,EPS,32.05411715097617,3.998560720340786,9.21436412349544,39.997867946725314,0.9799882990504744,NOMINAL,0.9999466986681328,0.0450028782719208,1.0,False,0.1655052264808362,0.0,130.0,STANDBY,False,ASTRA_SIMULATED_EPS,128.17033376509522,-0.04585212812700305,-0.0005074902985053864,-0.005741946316218005,6.674313882883278,32.47309358233123,0.20362980079656154,3.556538389946442,0.5412338346026399,9.798160636140402,0.3748708614880199,115.47347032412868,17.470401240193173,4.8186473910292705e-06
12440.0,ASTRA-SC-01,EPS,32.10015697629095,3.981012240587118,9.219651940454815,39.99786573716523,0.9797120758373132,NOMINAL,0.9999466434291308,0.0450028812548269,1.0,False,0.1672473867595819,0.0,130.0,STANDBY,False,ASTRA_SIMULATED_EPS,127.79111784738222,0.004603982531477868,-0.0017548479753668022,0.0005287816959375746,6.075422041220623,32.44250068555404,0.2233136157374622,3.6266346421529714,0.5219784736347345,9.72369313028756,0.3711852643750996,117.63394703798627,16.79951164414054,-4.799236469273225e-05
12450.0,ASTRA-SC-01,EPS,32.405508942293324,3.9662010434858503,9.096455536310437,39.99786352749743,0.9794358391410046,NOMINAL,0.9999465881874358,0.0450028842378784,1.0,False,0.1689895470383275,0.0,130.0,STANDBY,False,ASTRA_SIMULATED_EPS,128.52676338161385,0.03053519660023767,-0.001481119710126766,-0.012319640414437848,5.476530199557968,32.42943171033718,0.2190364241948496,3.69630394151963,0.4898445284981688,9.641759452938206,0.3644472223284557,119.85343955367543,15.798170609956772,-7.236461670768021e-06
12460.0,ASTRA-SC-01,EPS,32.36318395825613,3.944238449173738,8.993329235905009,39.99786131772189,0.9791595889592036,NOMINAL,0.9999465329430474,0.0450028872210754,1.0,False,0.1707317073170731,0.0,130.0,STANDBY,False,ASTRA_SIMULATED_EPS,127.64811450583656,-0.004232498403719376,-0.002196259431211223,-0.010312630040542814,4.877638357895313,32.40794013829998,0.20762902724232107,3.764459549854553,0.44331270951818597,9.56336073842348,0.3693103349588037,121.99637572673711,14.375408928418553,5.220971934030752e-05
12470.0,ASTRA-SC-01,EPS,32.505805946886866,3.9859904736087968,8.96231314580465,39.99785910783861,0.9788833252895623,NOMINAL,0.9999464776959652,0.0450028902044178,1.0,False,0.1724738675958188,0.0,130.0,STANDBY,False,ASTRA_SIMULATED_EPS,129.56783284126723,0.01426219886307365,0.004175202443505865,-0.003101609010035844,4.2787465162326574,32.41369065040703,0.20916232988249586,3.8360940684410765,0.3775752554496639,9.484018543194345,0.36147225201385036,124.34165594599015,12.26425575880031,-1.5494688480939327e-05
12480.0,ASTRA-SC-01,EPS,32.2580977215628,3.9736601739347654,8.770109418825381,39.997856897847534,0.9786070481297292,NOMINAL,0.9999464224461884,0.0450028931879058,1.0,False,0.1742160278745644,0.0,130.0,STANDBY,False,ASTRA_SIMULATED_EPS,128.1827182030699,-0.02477082253240681,-0.001233029967403132,-0.01922037269792689,3.6798546745700023,32.39922265325225,0.21209505263644288,3.905946090191096,0.28197365137352853,9.39540201284289,0.36277715167961866,126.55261766833952,9.20922054287367,8.921750865588305e-06
12490.0,ASTRA-SC-01,EPS,32.44649460584842,4.013938937656107,8.730512769629122,39.99785468774868,0.9783307574773508,NOMINAL,0.9999463671937168,0.0450028961715392,1.0,False,0.1759581881533101,0.0,130.0,STANDBY,False,ASTRA_SIMULATED_EPS,130.23824808886383,0.01883968842856234,0.004027876372134154,-0.0039596649196258936,3.080962832907347,32.40490873588423,0.21214626982876522,3.980952442739073,0.020535243643755016,9.314712492692431,0.3673649222763654,129.00273708539333,1.118129942182854,-1.1731079652969547e-05
12500.0,ASTRA-SC-01,EPS,32.32079923389827,3.986758507146304,8.792321123028826,39.997852477542,0.97805445333007,NOMINAL,0.99994631193855,0.0450028991553182,1.0,False,0.1777003484320557,0.0,130.0,STANDBY,False,ASTRA_SIMULATED_EPS,128.85522130351168,-0.012569537195015102,-0.00271804305098029,0.006180835339970337,2.482070991244692,32.392533830055704,0.21121363281198646,3.9825624850110866,0.01993211845734169,9.23835850488736,0.3471119811935751,129.00573803916066,1.117636598605582,1.758383500120134e-05
12510.0,ASTRA-SC-01,EPS,32.34135681277537,3.96152749607444,8.556894213384673,39.9978502672275,0.9777781356855269,NOMINAL,0.9999462566806876,0.0450029021392428,1.0,False,0.1794425087108014,0.0,130.0,STANDBY,False,ASTRA_SIMULATED_EPS,128.12117427416405,0.0020557578877102856,-0.0025231011071864097,-0.023542690964415237,1.8831791495820367,32.38058892518921,0.20850702953843764,3.9815421019020345,0.02062605783200712,9.160776486588524,0.3613805615412021,128.92523457019098,1.1360483338540612,-0.00010751823022324244
12520.0,ASTRA-SC-01,EPS,32.42902730367713,4.029791419856252,8.595070401686382,39.99784805680514,0.9775018045413588,NOMINAL,0.9999462014201286,0.045002905123313,1.0,False,0.181184668989547,0.0,130.0,STANDBY,False,ASTRA_SIMULATED_EPS,130.68221598264225,0.00876704909017576,0.006826392378181234,0.0038176188301708436,1.2842873079193813,32.39358795546219,0.2047626061806148,3.984659059074166,0.024107067887693987,9.093218854353792,0.3664021571970881,129.0780900787813,1.2106036421057087,-2.5212843411645423e-05
12530.0,ASTRA-SC-01,EPS,32.406940358329045,3.987167079132332,8.506709771633913,39.99784584627492,0.9772254598952004,NOMINAL,0.999946146156873,0.0450029081075288,1.0,False,0.1829268292682926,0.0,130.0,STANDBY,False,ASTRA_SIMULATED_EPS,129.2118857321345,-0.002208694534808586,-0.0042624340723920184,-0.008836063005246864,1.2957469589000428,32.38018054730564,0.19611866899021013,3.9856499227716298,0.02386723498672465,9.00699263451445,0.33935766711800697,129.05694263682028,1.2049197361869275,0.0001000831117421568
12540.0,ASTRA-SC-01,EPS,32.277112226153946,3.9998397978019327,8.444813258300638,39.99784363563681,0.9769491017446826,NOMINAL,0.9999460908909202,0.0450029110918903,1.0,False,0.1846689895470383,0.0,130.0,STANDBY,False,ASTRA_SIMULATED_EPS,129.1032780402899,-0.012982813217509914,0.0012672718669600514,-0.006189651333327539,1.3072066098807045,32.34433581423763,0.15605547847353243,3.9875113719222,0.023808525336491852,8.932930279043683,0.33219237452958394,128.97465249730834,1.152204517127625,1.702741979791328e-05
12550.0,ASTRA-SC-01,EPS,32.410031966447384,3.955252742952868,8.425159500518767,39.997841424890794,0.9766727300874342,NOMINAL,0.9999460356222698,0.0450029140763974,1.0,False,0.1864111498257839,0.0,130.0,STANDBY,False,ASTRA_SIMULATED_EPS,128.18986783448113,0.013291974029343834,-0.004458705484906478,-0.001965375778187095,1.318666260861366,32.3317464764313,0.14093977922292325,3.9832610923565857,0.023472655390083114,8.867773633215506,0.3293468445431004,128.78630416475164,1.0179256680478266,-1.663218731370633e-05
12560.0,ASTRA-SC-01,EPS,32.513212332839494,3.965964413907419,8.336731625853151,39.99783921403685,0.9763963449210804,NOMINAL,0.9999459803509212,0.0450029170610502,1.0,False,0.1881533101045296,0.0,130.0,STANDBY,False,ASTRA_SIMULATED_EPS,128.94624309385725,0.01031803663921096,0.0010711670954551167,-0.008842787466561575,1.3301259118420277,32.3562989312321,0.13812047987310752,3.98356927459897,0.023192990828001886,8.794414643432589,0.3157419878234532,128.89358482199088,0.9357569305159051,-2.142707978167122e-05
12570.0,ASTRA-SC-01,EPS,32.32324069402188,3.9604541384409,8.175508152666056,39.99783700307496,0.976119946243244,NOMINAL,0.999945925076874,0.0450029200458488,1.0,False,0.1898954703832752,0.0,130.0,STANDBY,False,ASTRA_SIMULATED_EPS,128.01471237446026,-0.018997163881761737,-0.0005510275466519054,-0.01612234731870945,1.3415855628226891,32.343672415350476,0.13129604263587982,3.980690508939974,0.023204293510127705,8.721329614499817,0.3241191199446172,128.74998181791133,0.8902647561582901,1.1638378770637731e-05
12580.0,ASTRA-SC-01,EPS,32.11527719106448,3.99186179255508,8.048984960031808,39.9978347920051,0.9758435340515448,NOMINAL,0.9999458698001276,0.0450029230307931,1.0,False,0.1916376306620209,0.0,130.0,STANDBY,False,ASTRA_SIMULATED_EPS,128.1997479763259,-0.020796350295739785,0.0031407654114179893,-0.012652319263424871,1.3530452138033509,32.34774975135637,0.12230344834584589,3.98024391375426,0.02289823875862737,8.643637670268907,0.33691548210481087,128.7519427653267,0.8889281844838655,1.0632009130781418e-05
12590.0,ASTRA-SC-01,EPS,32.201558504781524,3.928629102116338,8.063482937849336,39.99783258082727,0.9755671083435988,NOMINAL,0.9999458145206818,0.0450029260158831,1.0,False,0.1933797909407665,0.0,130.0,STANDBY,False,ASTRA_SIMULATED_EPS,126.50797987538657,0.008628131371704484,-0.006323269043874191,0.0014497977817528706,1.3645048647840123,32.354509853255735,0.10980439827488425,3.976751704522875,0.02648608301680374,8.566559736761878,0.3278545567922381,128.66640023386032,1.037343051761139,-2.562754012453364e-05
12600.0,ASTRA-SC-01,EPS,32.374584489415454,3.972373378120125,7.943096456702512,39.99783036954143,0.9752906691170206,NOMINAL,0.9999457592385358,0.045002929001119,1.0,False,0.1951219512195122,0.0,130.0,STANDBY,False,ASTRA_SIMULATED_EPS,128.60393755345467,0.017302598463393083,0.0043744276003787165,-0.012038648114682448,1.3998317187277651,32.35244822306388,0.10906630076494732,3.977163193498493,0.0263580968261271,8.489669131454683,0.3299431738050402,128.67154517864972,1.0367922569707944,-1.2780079498236624e-05
12610.0,ASTRA-SC-01,EPS,32.20741983320878,3.992267860081213,7.89533076155499,39.99782815814757,0.9750142163694204,NOMINAL,0.9999457039536892,0.0450029319865007,1.0,False,0.1968641114982578,0.0,130.0,STANDBY,False,ASTRA_SIMULATED_EPS,128.58064705626163,-0.016716465620667264,0.0019894481961087785,-0.004776569514752182,1.435158572671518,32.34206394806072,0.115213122956501,3.980365154225658,0.024952545865507925,8.416469233164682,0.3320140048296862,128.7337140153447,0.9982846802806088,1.3228836243711609e-05
12620.0,ASTRA-SC-01,EPS,32.446923181928895,3.958851257018961,7.859738023793111,39.99782594664568,0.974737750098406,NOMINAL,0.999945648666142,0.0450029349720283,1.0,False,0.1986062717770035,0.0,130.0,STANDBY,False,ASTRA_SIMULATED_EPS,128.45254262517687,0.023950334872011324,-0.0033416603062252025,-0.0035592737761879433,1.4704854266152707,32.33813843039686,0.11012647379697103,3.978555873119669,0.025493577223960173,8.342964225030578,0.3245024169899974,128.659361334272,0.9729333613031665,-9.233699229362048e-06
12630.0,ASTRA-SC-01,EPS,32.60514938563606,3.995691194927555,7.758083664054586,39.99782373503571,0.9744612703015828,NOMINAL,0.999945593375893,0.0450029379577017,1.0,False,0.2003484320557491,0.0,130.0,STANDBY,False,ASTRA_SIMULATED_EPS,130.28010830948358,0.015822620370716578,0.0036839937908593966,-0.01016543597385251,1.5058122805590233,32.36127520800174,0.12723668642430713,3.9800246078525214,0.02582386544687091,8.275495841379191,0.3344054396548428,128.79918734136626,1.0474033524028512,-1.3977520299738718e-05
12640.0,ASTRA-SC-01,EPS,32.43409315001965,3.975292928532622,7.707310211957987,39.99782152331768,0.974184776976552,NOMINAL,0.999945538082942,0.0450029409435211,1.0,False,0.2020905923344947,0.0,130.0,STANDBY,False,ASTRA_SIMULATED_EPS,128.93502114264146,-0.017105623561641182,-0.002039826639493292,-0.0050773452096598785,1.541139134502776,32.36044844427982,0.12668247568736607,3.977448207244289,0.024066645256163602,8.20728233753445,0.33928246195627404,128.71230554495145,0.9707538030205902,1.2929771420090397e-05
12650.0,ASTRA-SC-01,EPS,32.33808417331294,3.9773884860215256,7.645924547032528,39.99781931149155,0.9739082701209132,NOMINAL,0.9999454827872888,0.0450029439294864,1.0,False,0.2038327526132404,0.0,130.0,STANDBY,False,ASTRA_SIMULATED_EPS,128.62112365092983,-0.009600897670670605,0.00020955574889036654,-0.006138566492545916,1.5764659884465289,32.36160077357413,0.1263742960522656,3.976823539169304,0.02392893723940791,8.130855899134696,0.3269789668861289,128.6966990347793,0.9701736597663398,2.303770138427154e-05
12660.0,ASTRA-SC-01,EPS,32.22833092512082,3.956372397292064,7.494487714964007,39.997817099557295,0.973631749732262,NOMINAL,0.9999454274889324,0.0450029469155976,1.0,False,0.205574912891986,0.0,130.0,STANDBY,False,ASTRA_SIMULATED_EPS,127.50727888294223,-0.010975324819212063,-0.002101608872946148,-0.01514368320685211,1.6117928423902816,32.354065714397166,0.13095415109436545,3.976479865917146,0.024199800949395337,8.060028799239983,0.342785030139271,128.65577267536455,1.0083821577710348,2.0153701946837216e-05
12670.0,ASTRA-SC-01,EPS,32.12844129208915,3.9515492472757545,7.5006736826371085,39.99781488751491,0.9733552158081914,NOMINAL,0.9999453721878728,0.0450029499018548,1.0,False,0.2073170731707317,0.0,130.0,STANDBY,False,ASTRA_SIMULATED_EPS,126.95711800389815,-0.009988963303167253,-0.00048231500163096184,0.0006185967673101977,1.6471196963340344,32.334026646957966,0.14125699283849832,3.9712637210784454,0.019946565371432884,7.987069017970033,0.33719258605888475,128.40743281011493,0.9292681048915139,2.2144864437067192e-05
12680.0,ASTRA-SC-01,EPS,32.241402445265216,3.994859992683034,7.423412181476612,39.99781267536437,0.9730786683462916,NOMINAL,0.9999453168841091,0.0450029528882581,1.0,False,0.2090592334494773,0.0,130.0,STANDBY,False,ASTRA_SIMULATED_EPS,128.79988873658294,0.011296115317606593,0.0043310745407279415,-0.007726150116049624,1.6824465502777872,32.32299078608705,0.14161958914560235,3.971776581981826,0.020476534345596455,7.914849178626213,0.33394083092643617,128.37996634374483,0.9096745885838672,-1.9583285747110475e-05
12690.0,ASTRA-SC-01,EPS,32.06561402085407,3.9985767309557465,7.391382061048076,39.99781046310566,0.9728021073441498,NOMINAL,0.9999452615776414,0.0450029558748073,1.0,False,0.2108013937282229,0.0,130.0,STANDBY,False,ASTRA_SIMULATED_EPS,128.2168180875954,-0.017578842441114517,0.0003716738272712572,-0.003203012042853626,1.71777340422154,32.30889090573372,0.15628302394954371,3.9716923775254136,0.020355125662472783,7.844620432142709,0.32518186612465977,128.3208690135652,0.8878609980583794,1.2584780376789402e-05
12700.0,ASTRA-SC-01,EPS,32.22182473369749,3.9929231473083218,7.237372029961527,39.99780825073874,0.97252553279935,NOMINAL,0.9999452062684686,0.0450029588615026,1.0,False,0.2125435540069686,0.0,130.0,STANDBY,False,ASTRA_SIMULATED_EPS,128.6592698276925,0.015621071284341781,-0.0005653583647424743,-0.015401003108654887,1.7531002581652926,32.29634375688373,0.15513379249497236,3.974203737815777,0.0205052537054778,7.765434600772226,0.31826252847985925,128.35216247977928,0.8911799847429195,-1.416270929933939e-05
12710.0,ASTRA-SC-01,EPS,32.396945632754786,3.951147272521328,7.120085094842855,39.997806038263626,0.9722489447094734,NOMINAL,0.9999451509565906,0.0450029618483441,1.0,False,0.2142857142857142,0.0,130.0,STANDBY,False,ASTRA_SIMULATED_EPS,128.00510337488083,0.017512089905729767,-0.004177587478699385,-0.011728693511867228,1.7884271121090456,32.288592643544746,0.14616978187222468,3.973215928390038,0.021273044034392296,7.6843248320382065,0.31729755003974236,128.2894198318475,0.879419181745969,-1.2633986741741271e-05
12720.0,ASTRA-SC-01,EPS,32.31754295996613,3.979762279916824,7.1195880586696765,39.99780382568027,0.971972343072098,NOMINAL,0.9999450956420068,0.0450029648353316,1.0,False,0.2160278745644599,0.0,130.0,STANDBY,False,ASTRA_SIMULATED_EPS,128.6161384516647,-0.00794026727886532,0.002861500739549605,-4.970361731784223e-05,1.8237539660527982,32.288212794607695,0.14608068734114063,3.974503137821766,0.021028435592646007,7.613930159105115,0.31767275533259137,128.32951490366113,0.8797101799031141,2.7865351078998323e-05
12730.0,ASTRA-SC-01,EPS,32.186226176314236,3.9730762138274898,7.0828560478205445,39.99780161298867,0.9716957278847994,NOMINAL,0.9999450403247166,0.0450029678224653,1.0,False,0.2177700348432055,0.0,130.0,STANDBY,False,ASTRA_SIMULATED_EPS,127.8783296339858,-0.013131678365189714,-0.0006686066089334197,-0.0036732010849132024,1.859080819996551,32.29294272695768,0.1411465561632347,3.973250765906593,0.020472835897082917,7.549521564957697,0.3210878539762449,128.3080870141718,0.8869812924495014,1.6850028941601133e-05
12740.0,ASTRA-SC-01,EPS,32.369029406105795,3.987781928608264,6.96599195142241,39.99779940018878,0.9714190991451496,NOMINAL,0.9999449850047196,0.0450029708097451,1.0,False,0.2195121951219512,0.0,130.0,STANDBY,False,ASTRA_SIMULATED_EPS,129.08063051225818,0.018280322979155984,0.0014705714780774315,-0.011686409639813444,1.8944076739403037,32.30410745371263,0.1400207240433411,3.977194287672722,0.016593263449393037,7.476355499195902,0.32064835645443435,128.4795970566299,0.7525909394286338,-1.2104818318489637e-05
12750.0,ASTRA-SC-01,EPS,32.56435532136843,3.9541227735531135,6.954168757896249,39.997797187280625,0.9711424568507177,NOMINAL,0.9999449296820156,0.0450029737971711,1.0,False,0.2212543554006968,0.0,130.0,STANDBY,False,ASTRA_SIMULATED_EPS,128.76345898229843,0.019532591526263587,-0.00336591550551506,-0.0011823193526161013,1.9297345278840565,32.31675884250949,0.15465221806715201,3.975977580701588,0.01760997575172248,7.410426985942151,0.31949161596804077,128.49023181855284,0.7555945752857244,-1.1329311597933819e-05
12760.0,ASTRA-SC-01,EPS,32.5643812403866,3.9956079788792938,6.850143691826845,39.99779497426414,0.9708658009990698,NOMINAL,0.9999448743566036,0.0450029767847434,1.0,False,0.2229965156794425,0.0,130.0,STANDBY,False,ASTRA_SIMULATED_EPS,130.1145015113559,2.591901817083908e-06,0.004148520532618027,-0.01040250660694042,1.9650613818278093,32.340556269654684,0.16381814604654613,3.9762002552881266,0.017850156090642104,7.340747847960275,0.32015693266258133,128.5924887822258,0.8646284954190574,-0.08538195667447501
12770.0,ASTRA-SC-01,EPS,32.28595399415903,4.0096380496749635,6.71978594588897,39.99779276113934,0.9705891315877696,NOMINAL,0.9999448190284834,0.0450029797724618,1.0,False,0.2247386759581881,0.0,130.0,STANDBY,False,ASTRA_SIMULATED_EPS,129.45498960503542,-0.02784272462275723,0.0014030070795669758,-0.013035774593787509,2.0003882357715623,32.32982499047003,0.16161008472914956,3.979586041465193,0.019097378553091966,7.264751042766664,0.3234431531710457,128.65931858088302,0.8913666675357456,7.948664621109876e-06
12780.0,ASTRA-SC-01,EPS,32.21283760188286,3.9741075736281326,6.783667300077468,39.99779054790618,0.9703124486143776,NOMINAL,0.9999447636976544,0.0450029827603266,1.0,False,0.2264808362369338,0.0,130.0,STANDBY,False,ASTRA_SIMULATED_EPS,128.01728188169577,-0.0073116392276169504,-0.0035530476046830906,0.006388135418849838,2.035715089715315,32.303670871553145,0.14473409862731954,3.978147133378565,0.01860399139388371,7.199789951834857,0.3150262992300829,128.50846348569718,0.7822758184813934,3.026999952417927e-05
12790.0,ASTRA-SC-01,EPS,32.42970229713168,3.9600851245106545,6.637303782138612,39.99778833456466,0.9700357520764504,NOMINAL,0.9999447083641164,0.0450029857483377,1.0,False,0.2282229965156794,0.0,130.0,STANDBY,False,ASTRA_SIMULATED_EPS,128.42438165918017,0.02168646952488231,-0.0014022449117478074,-0.014636351793885626,2.0710419436590675,32.303378148027285,0.14445565174215327,3.9771332797771004,0.01917623181578212,7.128456189846899,0.3130344870966586,128.4744208534664,0.7734482711138414,-1.0206094240637218e-05
12800.0,ASTRA-SC-01,EPS,32.26721112577872,3.966715594795951,6.6329823415137215,39.99778612111474,0.9697590419715428,NOMINAL,0.9999446530278686,0.045002988736495,1.0,False,0.229965156794425,0.0,130.0,STANDBY,False,ASTRA_SIMULATED_EPS,127.99484957319987,-0.016249117135296132,0.0006630470285296397,-0.00043214406248903714,2.1063687976028205,32.29865327819167,0.1443984501960417,3.9764217536953956,0.019363181414372054,7.060926709478979,0.30251158590308297,128.4326692482844,0.7818215976300293,1.3621970345504484e-05
12810.0,ASTRA-SC-01,EPS,32.14303519689167,4.0246957885724965,6.55685169271873,39.997783907556425,0.969482318297206,NOMINAL,0.9999445976889106,0.0450029917247988,1.0,False,0.2317073170731707,0.0,130.0,STANDBY,False,ASTRA_SIMULATED_EPS,129.36593838886742,-0.012417592888705541,0.005798019377654562,-0.00761306487949911,2.141695651546573,32.29296689630973,0.14897255348091568,3.9809766464474245,0.022146039881704195,6.998417641329294,0.3033964117770743,128.55657988201276,0.7719070276418093,1.7825985582032107e-05
12820.0,ASTRA-SC-01,EPS,32.53992626089359,3.973257052255987,6.439528674390008,39.997781693889685,0.9692055810509884,NOMINAL,0.999944542347242,0.0450029947132489,1.0,False,0.2334494773519163,0.0,130.0,STANDBY,False,ASTRA_SIMULATED_EPS,129.28949149598523,0.039689106400192034,-0.0051438736316509635,-0.011732301832872239,7.715801211752071,32.32039922756335,0.15430298696536268,3.9824238334461066,0.020751014112088635,6.927674640779487,0.30162873607220453,128.7120714481519,0.6523574369580587,-5.577517209310193e-06
12830.0,ASTRA-SC-01,EPS,32.129897976087854,3.9719133991155258,6.403476622973718,39.99777948011449,0.9689288302304354,NOMINAL,0.9999444870028622,0.0450029977018454,1.0,False,0.235191637630662,0.0,130.0,STANDBY,False,ASTRA_SIMULATED_EPS,127.61717228343817,-0.04100282848057333,-0.0001343653140461143,-0.0036052051416289644,7.2258381512496,32.31296559628486,0.160924364909327,3.980894060541606,0.020614094189731955,6.859678936879294,0.2968158566139944,128.6332236846089,0.7099205647350606,5.3990792317759045e-06
12840.0,ASTRA-SC-01,EPS,32.569887440950026,3.9575889467652825,6.292468934196965,39.99777726623083,0.968652065833089,NOMINAL,0.9999444316557708,0.0450030006905883,1.0,False,0.2369337979094076,0.0,130.0,STANDBY,False,ASTRA_SIMULATED_EPS,128.89822653369322,0.04399894648621725,-0.0014324452350243267,-0.01110076887767537,6.73587509074713,32.34658382429126,0.15821016101651528,3.978161541595575,0.02081830222936161,6.786418061755886,0.2917810793654414,128.67865091434876,0.7031408772705049,-5.0316742515129245e-06
12850.0,ASTRA-SC-01,EPS,32.334092469337435,3.950588463065156,6.272443737343689,39.99777505223869,0.9683752878564889,NOMINAL,0.9999443763059672,0.0450030036794777,1.0,False,0.2386759581881533,0.0,130.0,STANDBY,False,ASTRA_SIMULATED_EPS,127.73869267304642,-0.023579497161259157,-0.0007000483700126292,-0.0020025196853275416,6.245912030244659,32.35406834000059,0.15449856779639792,3.9753392293126972,0.02153155801057753,6.7220895089146975,0.2916265297448282,128.61727910403903,0.74394449142036,9.389479871865022e-06
12860.0,ASTRA-SC-01,EPS,32.239829220616976,3.9807058465881617,6.152592059594707,39.99777283813804,0.9680984962981712,NOMINAL,0.999944320953451,0.0450030066685136,1.0,False,0.2404181184668989,0.0,130.0,STANDBY,False,ASTRA_SIMULATED_EPS,128.33727667151385,-0.009426324872045911,0.0030117383523005524,-0.011985167774898197,5.755948969742188,32.34359391252474,0.15669435991658867,3.977309800917153,0.020486606052909934,6.657589973231487,0.30404046567233933,128.63942399048125,0.7292184655663775,2.3488482275744408e-05
12870.0,ASTRA-SC-01,EPS,32.22765137930542,3.985596271580149,6.096903027287398,39.997770623928865,0.9678216911556692,NOMINAL,0.9999442655982216,0.045003009657696,1.0,False,0.2421602787456446,0.0,130.0,STANDBY,False,ASTRA_SIMULATED_EPS,128.44640717914453,-0.001217784131155497,0.000489042499198744,-0.005568903230730893,5.265985909239717,32.33760114048069,0.15945645019966848,3.9776987336947083,0.020591600746355673,6.589410971139335,0.3076837943451529,128.6281085723132,0.730920490112976,0.00018182279752825266
12880.0,ASTRA-SC-01,EPS,32.29358105389895,3.967806882111309,6.056333960610968,39.99776840961114,0.9675448724265135,NOMINAL,0.9999442102402786,0.0450030126470249,1.0,False,0.2439024390243902,0.0,130.0,STANDBY,False,ASTRA_SIMULATED_EPS,128.13469315367962,0.00659296745935265,-0.0017789389468840344,-0.004056906667643023,4.776022848737247,32.344758132319676,0.1545093809929195,3.977347444913629,0.02072063546817907,6.520976165325364,0.3042324837061021,128.64519947362615,0.7149593153014326,-3.358605572358174e-05
12890.0,ASTRA-SC-01,EPS,32.61961407046358,3.9896502656509183,6.0230176205982024,39.99776619518486,0.9672680401082312,NOMINAL,0.9999441548796216,0.0450030156365004,1.0,False,0.2456445993031359,0.0,130.0,STANDBY,False,ASTRA_SIMULATED_EPS,130.14085194165543,0.03260330165646295,0.002184338353960946,-0.003331634001276562,4.286059788234776,32.36146377661019,0.17008287835676555,3.977472000716473,0.020793327423499628,6.458111209937083,0.30313213539635864,128.71588090225262,0.8074993881436873,-6.792030772797505e-06
12900.0,ASTRA-SC-01,EPS,32.125639744364626,3.990291525798065,5.851376559042675,39.99776398064999,0.9669911941983466,NOMINAL,0.9999440995162496,0.0450030186261225,1.0,False,0.2473867595818815,0.0,130.0,STANDBY,False,ASTRA_SIMULATED_EPS,128.19066803277968,-0.04939743260989502,6.412601471468271e-05,-0.017164106155552705,3.7960967277323054,32.3322160714766,0.17042199064973193,3.9798832508661364,0.019973225685003912,6.384591730013511,0.30792211653558327,128.67769483895137,0.818556478505102,4.48309709552038e-06
12910.0,ASTRA-SC-01,EPS,32.11001487382328,3.968119197207034,5.8990520109661215,39.99776176600652,0.966714334694381,NOMINAL,0.9999440441501628,0.0450030216158911,1.0,False,0.2491289198606271,0.0,130.0,STANDBY,False,ASTRA_SIMULATED_EPS,127.41636644342157,-0.001562487054134465,-0.0022172328591031133,0.004767545192344613,3.306133667229835,32.30192498037238,0.16654485070258004,3.9780506654213195,0.019686410769718516,6.32118561795613,0.3030947025336396,128.49781916775575,0.7755962208992363,0.000141738356627844
12920.0,ASTRA-SC-01,EPS,32.50093905297537,3.992808350587641,5.6962124126917075,39.997759551254426,0.9664374615938528,NOMINAL,0.9999439887813606,0.0450030246058065,1.0,False,0.2508710801393728,0.0,130.0,STANDBY,False,ASTRA_SIMULATED_EPS,129.77002085266002,0.0390924179152087,0.0024689153380606844,-0.0202839598274414,2.816170606727364,32.3162573176268,0.1741491381512179,3.9769286854821644,0.018179483350825545,6.252947382409646,0.321602240560357,128.51882125093073,0.8069961293423605,-5.665426217750987e-06
12930.0,ASTRA-SC-01,EPS,32.31393012720839,3.994467733593701,5.715192500166077,39.99775733639368,0.966160574894277,NOMINAL,0.999943933409842,0.0450030275958685,1.0,False,0.2526132404181184,0.0,130.0,STANDBY,False,ASTRA_SIMULATED_EPS,129.0769512387353,-0.01870089257669818,0.00016593830060602778,0.0018980087474369078,2.326207546224893,32.32299681931517,0.17180125091614293,3.9782860294798685,0.018706252591588184,6.18171572908222,0.31389255119037257,128.58946587473335,0.8063367756243038,1.1843609783473752e-05
12940.0,ASTRA-SC-01,EPS,32.045882676796566,3.9649398560342535,5.636957425708119,39.99775512142428,0.965883674593166,NOMINAL,0.9999438780356068,0.0450030305860772,1.0,False,0.2543554006968641,0.0,130.0,STANDBY,False,ASTRA_SIMULATED_EPS,127.05999744702835,-0.026804745041182087,-0.0029527877559447635,-0.007823507445795741,1.836244485722423,32.29740884462616,0.18299188110141712,3.9786096782481084,0.018408481314616556,6.115025971986854,0.31644089396022984,128.49850692725656,0.8980305380335472,8.263348159843725e-06
12950.0,ASTRA-SC-01,EPS,32.42917348038518,3.9325720842717553,5.565977644550345,39.99775290634619,0.9656067606880292,NOMINAL,0.9999438226586548,0.0450030335764326,1.0,False,0.2560975609756097,0.0,130.0,STANDBY,False,ASTRA_SIMULATED_EPS,127.53006234496868,0.03832908035886149,-0.0032367771762498165,-0.007097978115777437,1.346281425219952,32.30820633493326,0.18583895288770855,3.976333444213162,0.02178545189142014,6.043892325522629,0.3115815739810083,128.46752111204117,0.9242849061715307,-5.7791057413425315e-06
12960.0,ASTRA-SC-01,EPS,32.36396725533495,4.008719260061621,5.542825684356723,39.9977506911594,0.9653298331763724,NOMINAL,0.999943767278985,0.0450030365669348,1.0,False,0.2578397212543554,0.0,130.0,STANDBY,False,ASTRA_SIMULATED_EPS,129.73805886846486,-0.006520622505023254,0.0076147175789865965,-0.0023151960193621866,0.8563183647174806,32.32293513882948,0.18049126219144335,3.9752683423124373,0.019525424602926417,5.9762905916318285,0.3022006939036807,128.49232914401435,0.954617247132256,3.3972013988685894e-05
12970.0,ASTRA-SC-01,EPS,32.43342205068568,3.967778236462156,5.347057622024257,39.99774847586389,0.965052892055699,NOMINAL,0.9999437118965973,0.0450030395575837,1.0,False,0.259581881533101,0.0,130.0,STANDBY,False,ASTRA_SIMULATED_EPS,128.68862614670243,0.0069454795350729626,-0.004094102359946517,-0.019576806233246556,1.5229176867884986,32.31583485814895,0.17329688420148706,3.9749030879261817,0.01961676782646,5.903459188140777,0.3139986396977609,128.45227145406213,0.9310943123671398,-3.189550132022749e-05
12980.0,ASTRA-SC-01,EPS,32.27405732563421,4.012903751637677,5.446580871676668,39.99774626045963,0.9647759373235092,NOMINAL,0.9999436565114908,0.0450030425483794,1.0,False,0.2613240418118467,0.0,130.0,STANDBY,False,ASTRA_SIMULATED_EPS,129.512685722607,-0.015936472505146782,0.004512551517552099,0.009952324965241033,2.189517008859516,32.32544548145204,0.1660965119491613,3.9776357780943252,0.021893483031327352,5.839666138054309,0.3021363342429465,128.5786390166734,0.9382608928324631,1.3901471969723093e-05
12990.0,ASTRA-SC-01,EPS,32.45087740960069,3.998827263392091,5.330515568854241,39.99774404494661,0.9644989689773,NOMINAL,0.9999436011236652,0.045003045539322,1.0,False,0.2630662020905923,0.0,130.0,STANDBY,False,ASTRA_SIMULATED_EPS,129.76545330650578,0.017682008396648286,-0.0014076488245585938,-0.011606530282242655,2.856116330930534,32.31751147936209,0.15612947674971095,3.980384999202779,0.02178527474767309,5.775535913698127,0.30125010342134606,128.63645413486088,0.9849192208142598,-1.2529758901495218e-05
13000.0,ASTRA-SC-01,EPS,32.244473514028684,3.9850711846345575,5.329787061860843,39.9977418293248,0.9642219870145652,NOMINAL,0.99994354573312,0.0450030485304115,1.0,False,0.2648083623693379,0.0,130.0,STANDBY,False,ASTRA_SIMULATED_EPS,128.4965222644679,-0.020640389557200933,-0.0013756078757533707,-7.285069933979927e-05,3.522715653001552,32.31153688234151,0.15716096551671904,3.9826838473074058,0.02017642006087159,5.7126921353326034,0.2882282446113574,128.68697610762234,0.954547029503172,1.073439916913796e-05
13010.0,ASTRA-SC-01,EPS,32.18039105584149,4.028787683935362,5.165206269516063,39.99773961359419,0.9639449914327964,NOMINAL,0.9999434903398547,0.0450030515216478,1.0,False,0.2665505226480836,0.0,130.0,STANDBY,False,ASTRA_SIMULATED_EPS,129.64796314999788,-0.006408245818719393,0.004371649930080457,-0.016458079234477997,4.18931497507257,32.30757433802314,0.15982483265087502,3.985889303130553,0.023401401102856836,5.646866415994027,0.29329297199349075,128.77435520618795,0.9799023361857224,3.457624244175651e-05
13020.0,ASTRA-SC-01,EPS,32.545418529768575,3.9536159548663776,5.145750607289459,39.99773739775477,0.9636679822294814,NOMINAL,0.9999434349438692,0.045003054513031,1.0,False,0.2682926829268293,0.0,130.0,STANDBY,False,ASTRA_SIMULATED_EPS,128.6720859570969,0.036502747392708555,-0.007517172906898439,-0.0019455662226603998,4.855914297143588,32.32875881472068,0.1692559619690314,3.983757282016301,0.024842444180839956,5.583456254660831,0.29186128281813734,128.7894004580514,0.9762330640669028,-6.0703360194233255e-06
13030.0,ASTRA-SC-01,EPS,32.21044360674528,3.953599695316512,5.062702984686763,39.99773518180649,0.963390959402105,NOMINAL,0.9999433795451624,0.0450030575045612,1.0,False,0.2700348432055749,0.0,130.0,STANDBY,False,ASTRA_SIMULATED_EPS,127.34720002963783,-0.03349749230232959,-1.6259549865615953e-06,-0.008304762260269615,4.3082650401855425,32.323216318243766,0.17183180186341088,3.9828101362299813,0.02574832444148129,5.517214189599217,0.28961952792352674,128.73690091644863,1.0334543783066557,6.615266176363018e-06
13040.0,ASTRA-SC-01,EPS,32.49109734831462,3.968021356807304,4.9123190734858015,39.99773296574936,0.9631139229481492,NOMINAL,0.999943324143734,0.0450030604962383,1.0,False,0.2717770034843205,0.0,130.0,STANDBY,False,ASTRA_SIMULATED_EPS,128.92536818421758,0.02806537415693384,0.0014421661490791938,-0.01503839112009615,3.7606157832274976,32.31464853676717,0.15869955067629946,3.9813682089737408,0.02594279458835126,5.4431676197917245,0.2930297603789805,128.6558686659528,0.9605927996411391,-7.896054123352684e-06
13050.0,ASTRA-SC-01,EPS,32.31146743552786,3.987113662260305,4.95035168493371,39.99773074958333,0.9628368728650928,NOMINAL,0.9999432687395832,0.0450030634880625,1.0,False,0.2735191637630662,0.0,130.0,STANDBY,False,ASTRA_SIMULATED_EPS,128.82949325987207,-0.017962991278675844,0.0019092305453001224,0.0038032611447908595,3.2129665262694522,32.32703704951139,0.14990028363344307,3.981156351404557,0.02587761259498275,5.383099294851126,0.2957122297094992,128.6984570144256,0.9526229479418847,1.233739965491179e-05
13060.0,ASTRA-SC-01,EPS,32.47817484583422,3.9880086711062184,4.9515484851753175,39.9977285333084,0.9625598091504118,NOMINAL,0.9999432133327102,0.0450030664800336,1.0,False,0.2752613240418118,0.0,130.0,STANDBY,False,ASTRA_SIMULATED_EPS,129.52324290689072,0.016670741030635837,8.950088459132033e-05,0.00011968002416073986,2.665317269311407,32.35158104764545,0.1417465599326041,3.982482316331169,0.025670613857577053,5.31993239313174,0.278313563291691,128.83891544532355,0.9041749873001971,-1.3294399642732588e-05
13070.0,ASTRA-SC-01,EPS,32.35932331561815,3.981044228988185,4.714203893146697,39.99772631692456,0.962282731801579,NOMINAL,0.999943157923114,0.0450030694721518,1.0,False,0.2770034843205575,0.0,130.0,STANDBY,False,ASTRA_SIMULATED_EPS,128.82389733960446,-0.011885153021606953,-0.0006964442118033265,-0.02373445920286201,2.1176680123533616,32.34213999848831,0.13567407094041517,3.9816980415578715,0.025511818870991788,5.254465158495406,0.29826272378316754,128.7758405444532,0.8668104638914149,1.8648340747216886e-05
13080.0,ASTRA-SC-01,EPS,32.279021141009395,3.9814905063859594,4.778977311546069,39.99772410043177,0.962005640816064,NOMINAL,0.999943102510794,0.0450030724644171,1.0,False,0.2787456445993031,0.0,130.0,STANDBY,False,ASTRA_SIMULATED_EPS,128.51861622836057,-0.008030217460875377,4.462773977742529e-05,0.006477341839937178,1.5700187553953162,32.339812732741706,0.13648948159411392,3.9808328930773555,0.025266707961899053,5.192050812587405,0.2928718496186216,128.7386182104282,0.8649425864797674,2.7601902517896652e-05
13090.0,ASTRA-SC-01,EPS,32.39459104697143,3.960653609147691,4.675925015043443,39.99772188383,0.9617285361913336,NOMINAL,0.99994304709575,0.0450030754568294,1.0,False,0.2804878048780488,0.0,130.0,STANDBY,False,ASTRA_SIMULATED_EPS,128.30375394705086,0.01155699059620332,-0.00208368972382682,-0.010305229650262593,1.0223694984372709,32.36305995742002,0.10997096509495109,3.9805471432849178,0.025482601230404245,5.12798198520976,0.29370862736672765,128.8215353104297,0.7436382602180547,-1.9179748792804997e-05
13100.0,ASTRA-SC-01,EPS,32.42675259514432,4.0284020330882395,4.648207677058075,39.99771966711926,0.9614514179248514,NOMINAL,0.9999429916779816,0.0450030784493889,1.0,False,0.2822299651567944,0.0,130.0,STANDBY,False,ASTRA_SIMULATED_EPS,130.62799608072874,0.0032161548172894073,0.006774842394054836,-0.0027717337985368575,0.47472024147922565,32.36289856507064,0.10986873588965398,3.9869358065393503,0.024592885781165946,5.066797320710275,0.29153489752729905,129.02806422614702,0.7881966427747035,-6.892425477724773e-05
13110.0,ASTRA-SC-01,EPS,32.43956394287539,3.9919710781926767,4.559937767722056,39.99771745029952,0.961174286014078,NOMINAL,0.999942936257488,0.0450030814420956,1.0,False,0.28397212543554,0.0,130.0,STANDBY,False,ASTRA_SIMULATED_EPS,129.49780104914055,0.0012811347731066292,-0.0036430954895562808,-0.008826990933601842,0.45311335968860844,32.36793834424,0.11164081281623475,3.985819261081421,0.023903788464696214,5.0012714596012975,0.28732701342545747,129.01204703819207,0.7750699186730128,-0.00017303563927819978
13120.0,ASTRA-SC-01,EPS,32.51689752843943,3.957410824860334,4.459908943687236,39.99771523337075,0.960897140456471,NOMINAL,0.9999428808342686,0.0450030844349494,1.0,False,0.2857142857142857,0.0,130.0,STANDBY,False,ASTRA_SIMULATED_EPS,128.68272226992045,0.007733358556404113,-0.0034560253332342585,-0.010002882403481994,0.43150647789799124,32.37350337609025,0.11708591908229314,3.985128100307966,0.024602367151648336,4.94212821437883,0.3019971415070245,129.0116534464066,0.7752473665073841,-2.8667088874365876e-05
13130.0,ASTRA-SC-01,EPS,32.188571739424205,4.000325900509286,4.475919364502035,39.99771301633292,0.9606199812494848,NOMINAL,0.9999428254083232,0.0450030874279505,1.0,False,0.2874564459930314,0.0,130.0,STANDBY,False,ASTRA_SIMULATED_EPS,128.76477722961988,-0.03283257890152243,0.004291507564895181,0.0016010420814798643,0.4098995961073741,32.36780433700958,0.12414006543730229,3.9842895768994064,0.02378896814262698,4.877417447233854,0.28993814441051463,128.96179288020747,0.7647007861888195,6.75255462291458e-06
13140.0,ASTRA-SC-01,EPS,32.21533129108526,3.931409975295122,4.330992717656962,39.99771079918604,0.9603428083905708,NOMINAL,0.999942769979651,0.0450030904210988,1.0,False,0.289198606271777,0.0,130.0,STANDBY,False,ASTRA_SIMULATED_EPS,126.65167479520969,0.002675955166105837,-0.006891592521416401,-0.014492664684507339,0.3882927143167569,32.352101262441884,0.12772701860258734,3.9797950910262756,0.026998296192787558,4.810782590487368,0.29320602233288556,128.75420764612105,0.9346941110885334,-8.285441078102319e-05
13150.0,ASTRA-SC-01,EPS,32.45773453587276,4.004674384255472,4.310376271647003,39.99770858193007,0.9600656218771773,NOMINAL,0.9999427145482518,0.0450030934143944,1.0,False,0.2909407665505226,0.0,130.0,STANDBY,False,ASTRA_SIMULATED_EPS,129.98265806677384,0.02424032447874964,0.0073264408960350465,-0.0020616446009958265,3.3086084802606024,32.36631866389816,0.1267566049561465,3.9811019710010025,0.027736302927472693,4.74282187113978,0.28225340102567514,128.85328336627478,0.9829471662691585,-9.146973136048157e-06
13160.0,ASTRA-SC-01,EPS,32.26331540691803,3.9595324548942528,4.252262137683898,39.99770636456499,0.9597884217067496,NOMINAL,0.9999426591141248,0.0450030964078372,1.0,False,0.2926829268292683,0.0,130.0,STANDBY,False,ASTRA_SIMULATED_EPS,127.74764445618172,-0.019441912895472768,-0.004514192936121963,-0.0058114133963105274,2.1804023550422054,32.37184695396993,0.11967917895182913,3.9764849557315958,0.024844946824886346,4.681958929017635,0.28309684861090545,128.72659545335372,0.9955890530278548,1.140507670734896e-05
13170.0,ASTRA-SC-01,EPS,32.17216489873461,4.046161265756546,4.192720056395564,39.997704147090786,0.95951120787673,NOMINAL,0.9999426036772696,0.0450030994014274,1.0,False,0.2944250871080139,0.0,130.0,STANDBY,False,ASTRA_SIMULATED_EPS,130.17376744879235,-0.009115050818342496,0.008662881086229346,-0.005954208128833382,1.0521962298238083,32.346963378567665,0.11981575994299454,3.9826546431242735,0.029764097138406834,4.6184235589580425,0.2784798485437239,128.8267075528001,1.0629394851572191,2.432761208303639e-05
13180.0,ASTRA-SC-01,EPS,32.21152407613383,3.9765868288440394,4.097411127271854,39.99770192950744,0.9592339803845574,NOMINAL,0.999942548237686,0.0450031023951649,1.0,False,0.2961672473867596,0.0,130.0,STANDBY,False,ASTRA_SIMULATED_EPS,128.09192237814645,0.003935917739921991,-0.006957443691250687,-0.009530892912371058,0.5657132007940779,32.34703540986023,0.11972811680391399,3.984187118692775,0.028735271825019486,4.554070768463715,0.2800082761287935,128.87635570936735,1.0046946066742999,-5.634221775341681e-05
13190.0,ASTRA-SC-01,EPS,32.26501395613785,4.0199194863389565,4.049408711370836,39.99769971181492,0.958956739227668,NOMINAL,0.999942492795373,0.0450031053890498,1.0,False,0.2979094076655052,0.0,130.0,STANDBY,False,ASTRA_SIMULATED_EPS,129.70275832927692,0.005348988000402244,0.00433326574949171,-0.004800241590101795,1.6677142813540822,32.33196318371511,0.11440954133936469,3.9876469939948853,0.029756069056433257,4.496543410989384,0.289626098463537,128.92818171903795,1.0272017320249678,-4.1460039271956034e-05
13200.0,ASTRA-SC-01,EPS,32.18391539787079,4.039427315702058,3.980748365987137,39.99769749401321,0.958679484403495,NOMINAL,0.9999424373503304,0.0450031083830821,1.0,False,0.2996515679442508,0.0,130.0,STANDBY,False,ASTRA_SIMULATED_EPS,130.00458698440335,-0.008109855826705824,0.0019507829363101692,-0.006866034538369847,2.7697153619140864,32.323459714537975,0.12061362173478889,3.991134570891002,0.03261726145106309,4.431903189726279,0.2893086689026708,129.00652130067337,1.0633122142095401,2.7346993029302974e-05
13210.0,ASTRA-SC-01,EPS,32.424634380577466,3.977253603788163,3.934798817342155,39.99769527610229,0.958402215909468,NOMINAL,0.9999423819025574,0.0450031113772619,1.0,False,0.3013937282229965,0.0,130.0,STANDBY,False,ASTRA_SIMULATED_EPS,128.9609939416653,0.024071898270667448,-0.006217371191389498,-0.004594954864498213,3.871716442474091,32.31989035018753,0.11642762198034286,3.9904175664031323,0.03280853437603651,4.3641198785374025,0.27774036532812657,128.969038036325,1.0536622088125054,-9.213693465699216e-06
13220.0,ASTRA-SC-01,EPS,32.349090757916834,3.945461288088541,3.955931477984756,39.99769305808214,0.958124933743014,NOMINAL,0.9999423264520536,0.0450031143715891,1.0,False,0.3031358885017421,0.0,130.0,STANDBY,False,ASTRA_SIMULATED_EPS,127.63208529022367,-0.007554362266063208,-0.0031792315699622265,0.0021132660642600777,3.4984437903684467,32.319208179674106,0.11620984742504574,3.9880453703431558,0.03476286687180145,4.313568384193272,0.27847583850190893,128.88958389969963,1.1088777831012437,2.9360786147801337e-05
13230.0,ASTRA-SC-01,EPS,32.50565265375231,3.9829139589516345,3.7387430830290103,39.997690839952746,0.9578476379015568,NOMINAL,0.9999422709988188,0.0450031173660637,1.0,False,0.3048780487804878,0.0,130.0,STANDBY,False,ASTRA_SIMULATED_EPS,129.4672176994633,0.01565618958354733,0.0037452670863093564,-0.02171883949557456,3.125171138262802,32.3343169471903,0.12501103435281719,3.9881402671808672,0.03474563368691787,4.244219435625468,0.28377085876733765,128.95282399777315,1.1132511356178192,-1.4167747419497357e-05
13240.0,ASTRA-SC-01,EPS,32.35173802514954,3.9951907454593103,3.7504925884440854,39.99768862171408,0.9575703283825172,NOMINAL,0.999942215542852,0.0450031203606859,1.0,False,0.3066202090592334,0.0,130.0,STANDBY,False,ASTRA_SIMULATED_EPS,129.2513643576015,-0.015391462860277016,0.001227678650767583,0.0011749505415075134,2.751898486157158,32.33146007906884,0.12402094389956705,3.990442742934975,0.03392881076546547,4.182523940518844,0.2838087993926766,129.01599802514318,1.1006025402688966,1.4412136670267235e-05
13250.0,ASTRA-SC-01,EPS,32.32493130414104,4.005861958480884,3.7440902837817687,39.99768640336613,0.9572930051833124,NOMINAL,0.999942160084153,0.0450031233554557,1.0,False,0.3083623693379791,0.0,130.0,STANDBY,False,ASTRA_SIMULATED_EPS,129.48921262176646,-0.00268067210084979,0.0010671213021574033,-0.0006402304662316727,2.3786258340515136,32.32467199300196,0.12118684303753867,3.9889400712944854,0.03260069342782304,4.122249447633757,0.27366971700421266,128.94007912787902,1.0176128390176429,8.27534240704599e-05
13260.0,ASTRA-SC-01,EPS,32.384107038451845,3.967213033010521,3.679031850698492,39.99768418490885,0.9570156683013568,NOMINAL,0.9999421046227212,0.045003126350373,1.0,False,0.3101045296167247,0.0,130.0,STANDBY,False,ASTRA_SIMULATED_EPS,128.4746515053539,0.0059175734310805694,-0.003864892547036325,-0.006505843308327685,2.005353181945869,32.32097486604038,0.11824153434542557,3.9872895349490083,0.03305977930097678,4.063522386498852,0.2674842255856932,128.87186915829324,1.0118329405081057,-3.748930720679518e-05
13270.0,ASTRA-SC-01,EPS,32.55564605508773,4.072317538272082,3.494070132889418,39.99768196634225,0.9567383177340624,NOMINAL,0.9999420491585562,0.0450031293454379,1.0,False,0.3118466898954704,0.0,130.0,STANDBY,False,ASTRA_SIMULATED_EPS,132.57692839991208,0.0171539016635883,0.01051045052615609,-0.01849617178090739,1.6320805298402248,32.32355810115027,0.12314904645356349,3.9949499825097914,0.03850609718331789,3.9991331324456647,0.2811498429890521,129.1314829002927,1.3890896455169703,-1.2933306038909026e-05
13280.0,ASTRA-SC-01,EPS,32.32835725539829,3.9418255313670967,3.517405403038124,39.99767974766629,0.9564609534788372,NOMINAL,0.9999419936916571,0.0450031323406505,1.0,False,0.313588850174216,0.0,130.0,STANDBY,False,ASTRA_SIMULATED_EPS,127.43274401648569,-0.02272887996894397,-0.01304920069049853,0.0023335270148705954,1.7417833098002296,32.33287713554854,0.11735741348291114,3.991049957900312,0.04081598708107661,3.935232201681404,0.2738769065125357,129.04268068608374,1.4552106831679295,9.761483902547646e-06
13290.0,ASTRA-SC-01,EPS,32.19902709799335,4.042039048530794,3.3906818596615387,39.99767752888096,0.9561835755330864,NOMINAL,0.999941938222024,0.0450031353360107,1.0,False,0.3153310104529617,0.0,130.0,STANDBY,False,ASTRA_SIMULATED_EPS,130.14972485479032,-0.012933015740493659,0.010021351716369776,-0.01267235433765852,1.2905460367554717,32.331790189342414,0.11859286903812215,3.998425229449357,0.03923397543809022,3.8725448111483756,0.2842386941969887,129.2758840233891,1.3185439622931487,1.715597793010216e-05
13300.0,ASTRA-SC-01,EPS,32.013225322536314,3.982439509510256,3.2704640040685766,39.997675309986235,0.955906183894212,NOMINAL,0.999941882749656,0.0450031383315185,1.0,False,0.3170731707317073,0.0,130.0,STANDBY,False,ASTRA_SIMULATED_EPS,127.49073335132283,-0.01858017754570369,-0.005959953902053838,-0.012021785559296205,3.11750356647907,32.302156241786655,0.13870544160660853,3.9969429044663425,0.03940068853398225,3.8032173266431477,0.29638214987910483,129.1097557090257,1.37874344055112,1.1942268705143951e-05
13310.0,ASTRA-SC-01,EPS,32.40553491028555,3.9428351396411,3.310647748076086,39.9976730909821,0.9556287785596134,NOMINAL,0.9999418272745524,0.0450031413271741,1.0,False,0.3188153310104529,0.0,130.0,STANDBY,False,ASTRA_SIMULATED_EPS,127.76968176314028,0.039230958774923864,-0.003960436986915594,0.004018374400750924,2.7242127405889924,32.311637542011155,0.1407071188868293,3.995829750116132,0.04074600890658266,3.7404430340026265,0.2941898892232631,129.11122486282295,1.3771992123561563,-5.656257728754717e-06
13320.0,ASTRA-SC-01,EPS,31.947286560483956,3.986602662725972,3.3315405166577237,39.99767087186852,0.9553513595266864,NOMINAL,0.999941771796713,0.0450031443229774,1.0,False,0.3205574912891986,0.0,130.0,STANDBY,False,ASTRA_SIMULATED_EPS,127.361137668895,-0.04582483498015968,0.004376752308487175,0.0020892768581637798,2.330921914698915,32.296645652794446,0.16628430358427482,3.9918591765807605,0.03832074899307701,3.6830310646867708,0.28345728114683805,128.9237162108298,1.4132006077385013,4.842600254914517e-06
13330.0,ASTRA-SC-01,EPS,32.33926529928766,3.973233639567628,3.1881180104193536,39.99766865264548,0.9550739267928234,NOMINAL,0.999941716316137,0.0450031473189285,1.0,False,0.3222996515679442,0.0,130.0,STANDBY,False,ASTRA_SIMULATED_EPS,128.4914567660318,0.03919787388037044,-0.0013369023158343652,-0.014342250623837005,1.9376310888088377,32.305161734338036,0.1648786288326381,3.9916356306289997,0.03842584108124375,3.6224115235632706,0.28572959079947474,128.9503518366888,1.4001078735743224,-5.661590341736841e-06
13340.0,ASTRA-SC-01,EPS,32.282344217312684,4.006799552908154,3.06180125267406,39.99766643331297,0.9547964803554148,NOMINAL,0.9999416608328242,0.0450031503150274,1.0,False,0.3240418118466899,0.0,130.0,STANDBY,False,ASTRA_SIMULATED_EPS,129.3488823767556,-0.005692108197497703,0.003356591334052572,-0.012631675774529371,1.5443402629187601,32.30631708508302,0.16463775037918404,3.99076096840028,0.037881512843212076,3.556571026316819,0.29397671167288714,128.92676010652073,1.3894652445743372,3.898964023499674e-05
13350.0,ASTRA-SC-01,EPS,32.37345160407338,3.9276479684237535,3.0392749141259583,39.997664213870955,0.9545190202118468,NOMINAL,0.999941605346774,0.0450031533112742,1.0,False,0.3257839721254355,0.0,130.0,STANDBY,False,ASTRA_SIMULATED_EPS,127.15152142360351,0.00911073867606973,-0.00791515844844004,-0.0022526338548101597,1.1510494370286826,32.3189528321632,0.16182181182275068,3.9833090119150594,0.03861160890249466,3.4938061295260736,0.29742822258304213,128.73655573580075,1.426175890408387,-2.436072524686867e-05
13360.0,ASTRA-SC-01,EPS,32.197400809539324,4.011208501234988,3.0126842163130676,39.99766199431943,0.954241546359503,NOMINAL,0.9999415498579856,0.0450031563076687,1.0,False,0.3275261324041811,0.0,130.0,STANDBY,False,ASTRA_SIMULATED_EPS,129.1504878448944,-0.017605079453405635,0.00835605328112341,-0.0026590697812890695,2.1068653898098124,32.30380392742732,0.16185799502533268,3.9855726717448476,0.039221750514497895,3.4323318227908013,0.29505532835656684,128.74918866268268,1.4291421204298151,1.2607449637238749e-05
13370.0,ASTRA-SC-01,EPS,32.04776020671775,3.9709840448496743,2.9624283443459465,39.99765977465835,0.9539640587957636,NOMINAL,0.9999414943664588,0.0450031593042112,1.0,False,0.3292682926829268,0.0,130.0,STANDBY,False,ASTRA_SIMULATED_EPS,127.26114445404447,-0.014964060282157732,-0.004022445638531336,-0.005025587196712112,2.272539803118669,32.28371522401405,0.17407434733005384,3.9872741888622567,0.037888292119494585,3.366098280548214,0.2802621863602152,128.72445927360408,1.452865230384745,1.483328077613785e-05
13380.0,ASTRA-SC-01,EPS,32.26020222010226,3.981318492432116,2.8695520411893165,39.99765755488773,0.9536865575180064,NOMINAL,0.999941438872193,0.0450031623009015,1.0,False,0.3310104529616725,0.0,130.0,STANDBY,False,ASTRA_SIMULATED_EPS,128.4381396684927,0.021244201338451063,0.001033444758244162,-0.009287630315662997,2.438214216427526,32.26735186177071,0.16289929883497464,3.987167824427622,0.03790364337034715,3.3081522110922346,0.28747475888852597,128.65585407153938,1.439522044144361,-1.0448830653468097e-05
13390.0,ASTRA-SC-01,EPS,32.38367304446175,3.9830497616533247,2.8304458513439537,39.99765533500751,0.9534090425236053,NOMINAL,0.9999413833751876,0.0450031652977398,1.0,False,0.3327526132404181,0.0,130.0,STANDBY,False,ASTRA_SIMULATED_EPS,128.98578120120257,0.012347082435949374,0.00017312692212088088,-0.003910618984536285,2.6038886297363826,32.26948086305819,0.16428375824612007,3.986358425507223,0.03784967523015833,3.2468157619522255,0.28449080763253726,128.63814852777944,1.4332941362462606,-1.7978986001504388e-05
13400.0,ASTRA-SC-01,EPS,32.6198385329518,3.960614132381822,2.6836718365299377,39.99765311501769,0.953131513809931,NOMINAL,0.9999413278754422,0.0450031682947261,1.0,False,0.3344947735191638,0.0,130.0,STANDBY,False,ASTRA_SIMULATED_EPS,129.19459348962204,0.02361654884900517,-0.0022435629271502664,-0.014677401481401597,2.769563043045239,32.28914134497891,0.1874120502920121,3.9833419037672853,0.03798708482531603,3.1761211988021034,0.2838477442193969,128.61850725230315,1.422778552740134,-9.400144919813822e-06
13410.0,ASTRA-SC-01,EPS,32.39452749402238,3.979422580110696,2.7019221146846593,39.997650894918245,0.9528539713743518,NOMINAL,0.999941272372956,0.0450031712918603,1.0,False,0.3362369337979094,0.0,130.0,STANDBY,False,ASTRA_SIMULATED_EPS,128.91151418172942,-0.02253110389294264,0.0018808447728873912,0.0018250278154721578,2.935237456354096,32.289836042016944,0.1878081069943037,3.9841558735739637,0.037746847562510524,3.1109805497345144,0.27206481262361115,128.64763143072818,1.424094164727406,9.853487237255186e-06
13420.0,ASTRA-SC-01,EPS,32.14045719454313,3.990083207951201,2.739486955872148,39.997648674709154,0.9525764152142324,NOMINAL,0.9999412168677289,0.0450031742891426,1.0,False,0.337979094076655,0.0,130.0,STANDBY,False,ASTRA_SIMULATED_EPS,128.24309854782092,-0.025407029947924542,0.0010660627840505033,0.0037564841187488706,3.1009118696629527,32.26215678464731,0.17606276243653368,3.978673584885905,0.028981970804890143,3.06067500460003,0.26586245305752004,128.35870944058877,0.9205880145584152,8.73856210231582e-06
13430.0,ASTRA-SC-01,EPS,32.394266016303156,4.018312866722901,2.530630381850731,39.9976464543904,0.9522988453269348,NOMINAL,0.99994116135976,0.0450031772865729,1.0,False,0.3397212543554007,0.0,130.0,STANDBY,False,ASTRA_SIMULATED_EPS,130.1702959413554,0.025380882176002473,0.002822965877170036,-0.0208856574021417,3.2665862829718098,32.266550702040966,0.17863652193071994,3.9837727405762924,0.02876361494939372,2.9948900031875367,0.2668586389198309,128.54121290224674,0.9924562990034893,-8.74799678010603e-06
13440.0,ASTRA-SC-01,EPS,32.077543425132134,3.9260347389238577,2.5030095881913605,39.99764423396195,0.952021261709817,NOMINAL,0.9999411058490488,0.0450031802841513,1.0,False,0.3414634146341463,0.0,130.0,STANDBY,False,ASTRA_SIMULATED_EPS,125.93754982640735,-0.03167225911710218,-0.009227812779904365,-0.0027620793659370426,3.4322606962806663,32.25845179051688,0.18457180670945267,3.9760391199358294,0.027547904377665723,2.9357118517561918,0.27120811845586557,128.2604012336879,1.0953960760866104,7.010641207806283e-06
13450.0,ASTRA-SC-01,EPS,32.415947022596086,4.010082526735732,2.474594657096321,39.9976420134238,0.9517436643602348,NOMINAL,0.999941050335595,0.0450031832818778,1.0,False,0.343205574912892,0.0,130.0,STANDBY,False,ASTRA_SIMULATED_EPS,129.99062274290375,0.03384035974639517,0.00840477878118744,-0.0028414931095039455,4.026323669831814,32.2852999038542,0.17541602291423092,3.9778819877508615,0.028898176699152806,2.882653895291375,0.2787852055665582,128.42706052645994,1.1582975164586042,-6.561804207877148e-06
13460.0,ASTRA-SC-01,EPS,32.25640568982853,3.980150682352432,2.4382543390205593,39.99763979277592,0.9514660532755403,NOMINAL,0.999940994819398,0.0450031862797525,1.0,False,0.3449477351916376,0.0,130.0,STANDBY,False,ASTRA_SIMULATED_EPS,128.3853551166079,-0.0159541332767553,-0.0029931844383300097,-0.0036340318075761767,3.5244623357540448,32.275357955823736,0.17231340201664191,3.9803696905982835,0.02722328318396958,2.824494334687673,0.27407909208409115,128.46810541669112,1.1441611453191738,1.3918950283246184e-05
13470.0,ASTRA-SC-01,EPS,32.38191223434974,3.9571838640554793,2.3854988259725016,39.99763757201829,0.951188428453083,NOMINAL,0.9999409393004572,0.0450031892777753,1.0,False,0.3466898954703832,0.0,130.0,STANDBY,False,ASTRA_SIMULATED_EPS,128.14118058102952,0.012550654452120825,-0.0022966818296952683,-0.00527555130480577,3.022601001676276,32.304333000748116,0.14803870020322357,3.9784084373535844,0.027795856524447188,2.7614248886419914,0.25740820592716185,128.52010827750007,1.1073908834004675,-1.7694357197206597e-05
13480.0,ASTRA-SC-01,EPS,32.40714829219462,3.987386103076137,2.348205080353706,39.99763535115088,0.9509107898902086,NOMINAL,0.999940883778772,0.0450031922759463,1.0,False,0.3484320557491289,0.0,130.0,STANDBY,False,ASTRA_SIMULATED_EPS,129.21981274062438,0.00252360578448787,0.0030202239020657553,-0.0037293745618795617,2.5207396675985065,32.30885853360858,0.15020460012190257,3.979351934920818,0.027847803316542814,2.7054306933042818,0.2491813917349964,128.5686653424729,1.1219180820350918,-8.800373742401845e-05
13490.0,ASTRA-SC-01,EPS,32.709076251067295,3.9953491218192454,2.2756421624599463,39.99763313017368,0.9506331375842602,NOMINAL,0.999940828254342,0.0450031952742655,1.0,False,0.3501742160278746,0.0,130.0,STANDBY,False,ASTRA_SIMULATED_EPS,130.68417907522044,0.030192795887267466,0.0007963018743108563,-0.007256291789375968,2.0188783335207376,32.33730733585889,0.18189304230113967,3.9785885728482238,0.027190859184230403,2.653020087290008,0.25153730980510786,128.65768512237057,1.2354754571714714,-7.355983889515111e-06
13500.0,ASTRA-SC-01,EPS,32.13449525129327,4.002683936846076,2.221949895115745,39.997630909086666,0.9503554715325772,NOMINAL,0.9999407727271666,0.045003198272733,1.0,False,0.3519163763066202,0.0,130.0,STANDBY,False,ASTRA_SIMULATED_EPS,128.62422796100805,-0.05745809997740281,0.0007334815026830199,-0.005369226734420129,1.5170169994429687,32.32137691234022,0.18883302551361913,3.9835909707430455,0.02384635512887653,2.5985317526893263,0.2504122736821909,128.75586555819754,1.1636639732909888,3.865576857770966e-06
13510.0,ASTRA-SC-01,EPS,32.283319040184935,3.9728680925117112,2.152366242773776,39.997628687889815,0.9500777917324968,NOMINAL,0.9999407171972454,0.0450032012713487,1.0,False,0.3536585365853658,0.0,130.0,STANDBY,False,ASTRA_SIMULATED_EPS,128.25736813512654,0.014882378889166858,-0.002981584433436435,-0.006958365234196906,1.0151556653651994,32.32710479438325,0.18608695345025564,3.981034943494827,0.022702004535068262,2.5411772211200403,0.2472833193047355,128.69632424421303,1.164878571503804,-1.4925012109148282e-05
13520.0,ASTRA-SC-01,EPS,32.48605874936697,4.009762496291964,2.1334112842609603,39.99762646658311,0.949800098181352,NOMINAL,0.9999406616645776,0.0450032042701128,1.0,False,0.3554006968641115,0.0,130.0,STANDBY,False,ASTRA_SIMULATED_EPS,130.2613800255491,0.02027397091820333,0.0036894403780252994,-0.00189549585128157,0.5132943312874305,32.35632469722653,0.1730447670682482,3.983620173590979,0.023663314954840108,2.485909417114375,0.23890960007896242,128.89633994898,1.1584088084573014,-1.0956446161000551e-05
13530.0,ASTRA-SC-01,EPS,32.56992200627753,-3.3254318864802053,2.161814123488757,39.99762424516652,0.9500321752387504,NOMINAL,0.999940606129163,0.0450032072690251,1.0,True,0.3571428571428571,203.6396249999948,95.0,STANDBY,False,ASTRA_SIMULATED_EPS,-108.30905717984864,0.008386325691056129,-0.7335194382772169,0.002840283922779685,0.011432997209661823,32.376972682971555,0.17912726318602398,3.4965034816634915,1.8873798160493105,2.438726889267671,0.22733744435334097,113.11319349242392,61.265442107076375,-2.6488556115196164e-05
13540.0,ASTRA-SC-01,EPS,33.32556500654601,-20.705876511141025,2.202335236854783,39.99762238866033,0.951472573394031,NOMINAL,0.9999405597165084,0.0450032097753085,1.0,True,0.3588850174216028,769.3052499999949,95.0,STANDBY,False,ASTRA_SIMULATED_EPS,-690.0350336895442,0.07556430002684777,-1.7380444624660818,0.004052111336602593,0.04347662079923483,32.43976548044384,0.3035328341988895,1.8505750634772016,6.517849670860235,2.396852848301726,0.20696585794169733,58.51180583304079,215.90735849335124,-2.456856196950241e-06
13550.0,ASTRA-SC-01,EPS,33.96048905135667,-31.024229106368026,2.426017332501054,39.99761086616003,0.9536292698000016,NOMINAL,0.9999402716540008,0.0450032253306839,1.0,True,0.3606271777003484,1104.8905011291931,95.0,STANDBY,False,ASTRA_SIMULATED_EPS,-1053.5979928935922,0.063492404481066,-1.0318352595227,0.022368209564627105,0.06153347047903355,32.529142181670835,0.4964302205440701,-0.48174781910612174,10.655171898295297,2.379675881366467,0.19158135928997466,-20.341033259173493,357.6859575083608,-1.8147840510417397e-05
13560.0,ASTRA-SC-01,EPS,33.92770644498046,-30.12233859978184,2.5972612400752677,39.99759361361931,0.9557326755084647,NOMINAL,0.9999398403404828,0.0450032486216139,1.0,True,0.3623693379790941,1080.3144459123678,95.0,STANDBY,False,ASTRA_SIMULATED_EPS,-1021.981861449702,-0.003278260637620889,0.09018905065861844,0.017124390757421358,0.03634876532883894,32.6313541117347,0.6112839648137058,-2.7551985644322907,13.012608008818589,2.3726984897258414,0.18059788297853305,-97.06725830126892,437.8399691687655,0.000526271173325269
13570.0,ASTRA-SC-01,EPS,34.05725031183457,-29.81862739681987,2.718096318890146,39.99757678738597,0.9577872099550956,NOMINAL,0.9999394196846492,0.0450032713370289,1.0,True,0.3641114982578397,1057.78103615163,95.0,STANDBY,False,ASTRA_SIMULATED_EPS,-1015.5404572088224,0.012954386685411379,0.03037112029619706,0.01208350788148782,0.42653634634062115,32.75914031955413,0.6958352465847188,-5.009112604750362,14.592855314297013,2.3712724472603743,0.17755355575257206,-173.31949535171182,492.04137063316824,-0.00012988830540861543
13580.0,ASTRA-SC-01,EPS,34.13633315718695,-28.92114322593824,2.8633490264486485,39.997560352106106,0.9597969213677032,NOMINAL,0.9999390088026529,0.0450032935246567,1.0,True,0.3658536585365853,1037.1199875493169,95.0,STANDBY,False,ASTRA_SIMULATED_EPS,-987.2617804473482,0.007908284535237443,0.08974841708816292,0.01452527075585026,0.08811614501756465,32.875278128946384,0.7718169962012628,-7.205076344261105,15.582217231151272,2.393453690233569,0.21559187759954335,-247.81496711095872,526.2141271222231,-0.0002078235777605659
13590.0,ASTRA-SC-01,EPS,33.89442229705455,-28.403033675997634,3.021860759909641,39.997544275395406,0.9617655180197257,NOMINAL,0.9999386068848852,0.0450033152282162,1.0,True,0.367595818815331,1018.1751824508016,95.0,STANDBY,False,ASTRA_SIMULATED_EPS,-962.7044179317254,-0.024191086013239983,0.051810954994060764,0.015851173346099267,0.46691063725833803,32.996403387074544,0.7802025796512067,-9.360347571922539,16.157817134800574,2.428043768348121,0.2693462794432029,-320.39109829483425,545.6964663146118,6.645716811421998e-05
13600.0,ASTRA-SC-01,EPS,34.364705144721476,-27.903487952845133,3.276026891720196,39.997528527589054,0.9636963968327646,NOMINAL,0.9999382131897264,0.0450033364877547,1.0,True,0.3693379790940767,1000.803492105937,95.0,STANDBY,False,ASTRA_SIMULATED_EPS,-958.8951360088108,0.04702828476669296,0.04995457231525009,0.02541661318105546,0.9414210268863858,33.126320595216235,0.8368379177623361,-11.48791893722793,16.371211708600942,2.4814725839897123,0.34741419009038815,-392.9834822116152,553.8684581692453,-3.348581907571098e-05
13610.0,ASTRA-SC-01,EPS,33.94103698425537,-27.11906895380326,3.334931285593809,39.99751308151297,0.9655926695563948,NOMINAL,0.9999378270378244,0.0450033573399574,1.0,True,0.3710801393728223,984.873696798297,95.0,STANDBY,False,ASTRA_SIMULATED_EPS,-920.449322339608,-0.042366816046610724,0.07844189990418719,0.005890439387361335,0.5401044097396881,33.23862934817803,0.8247068665611087,-13.561200246304974,16.241099236187434,2.5412510470945957,0.41080710119958586,-462.90579404202964,549.5349701569878,3.645795819764618e-05
13620.0,ASTRA-SC-01,EPS,34.42398841904029,-26.836256573742048,3.556069967875039,39.99749791227436,0.9674571867332667,NOMINAL,0.999937447806859,0.0450033778184296,1.0,True,0.3728222996515679,970.2654957129714,95.0,STANDBY,False,ASTRA_SIMULATED_EPS,-923.8109855048901,0.048295143478492265,0.028281238006121256,0.022113868228123,1.7076743057725816,33.374767760490734,0.8415583641879559,-15.614096275491477,15.80900256330999,2.619289123221432,0.48380369463908457,-533.0359384477576,535.668146200012,-3.1409449306413835e-05
13630.0,ASTRA-SC-01,EPS,34.215116533500264,-26.578369969961035,3.721768383389495,39.99748299706998,0.969292559639211,NOMINAL,0.9999370749267495,0.0450033979539555,1.0,True,0.3745644599303135,956.8685990886804,95.0,STANDBY,False,ASTRA_SIMULATED_EPS,-909.3820257927007,-0.020887188554002734,0.025788660378101368,0.016569841551445565,0.8099369353725424,33.49529897657778,0.8223254803468347,-17.65181334702729,15.053847851510309,2.7108600100904843,0.5537611501762613,-602.2760610166459,510.4833744896277,7.140838674018296e-05
13640.0,ASTRA-SC-01,EPS,34.26452101324047,-26.012532690579576,3.862690824453459,39.997468315010664,0.9711011803714092,NOMINAL,0.9999367078752666,0.0450034177747356,1.0,True,0.3763066202090592,944.5818958189622,95.0,STANDBY,False,ASTRA_SIMULATED_EPS,-891.3069729839685,0.004940447974020401,0.05658372793814585,0.014092244106396423,0.08731216825128632,33.59899529405598,0.8141310535291606,-19.65233880118721,13.92307218126955,2.816663254223385,0.6131012799814095,-670.4088044872585,472.4543025784987,-0.0002971807292188885
13650.0,ASTRA-SC-01,EPS,34.10783157251408,-25.609362081504496,3.9201207561937585,39.997453846960575,0.9728852402425896,NOMINAL,0.9999363461740144,0.0450034373066032,1.0,True,0.3780487804878049,933.3126902347876,95.0,STANDBY,False,ASTRA_SIMULATED_EPS,-873.4798085554839,-0.015668944072638878,0.04031706090750795,0.005742993174029954,0.38864301414692076,33.73055104880404,0.7138367883887186,-21.62647520241058,12.338658624634185,2.9298746449619197,0.6510533611807859,-737.2157402550246,419.2526938407985,9.233583336861514e-05
13660.0,ASTRA-SC-01,EPS,34.261671455776955,-25.354540401917863,4.021649486609232,39.9974395753901,0.9746467466254604,NOMINAL,0.9999359893847526,0.0450034565732233,1.0,True,0.3797909407665505,922.976002321428,95.0,STANDBY,False,ASTRA_SIMULATED_EPS,-868.6889331627328,0.015383988326287578,0.02548216795866338,0.01015287304154735,0.6037158357657461,33.86244120984351,0.60122283886648,-23.581635768705887,10.115854789015211,3.054493527884283,0.6702180725669957,-803.6788270082153,344.6323992618942,-9.276898921454405e-05
13670.0,ASTRA-SC-01,EPS,34.14967427350184,-24.889703944972503,4.286361374165686,39.99742548424109,0.976387538379094,NOMINAL,0.9999356371060272,0.0450034755962745,1.0,True,0.3815331010452961,913.4939260996688,95.0,STANDBY,False,ASTRA_SIMULATED_EPS,-849.9752824847046,-0.011199718227511823,0.04648364569453598,0.026471188755645424,0.24093889496340254,33.9733489114525,0.4678317011836356,-25.508266864790183,6.6406455527641075,3.1980235338779313,0.6891394560823003,-869.0279378422323,228.13566231327042,0.00012581699580137436
13680.0,ASTRA-SC-01,EPS,34.27087628445862,-24.760409701383757,4.371067596724198,39.99741155880339,0.9781092999775898,NOMINAL,0.9999352889700848,0.0450034943956154,1.0,True,0.3832752613240418,904.7950413390986,95.0,STANDBY,False,ASTRA_SIMULATED_EPS,-848.5609376286318,0.012120201095678596,0.012929424358874541,0.00847062225585118,0.9374122744574851,34.08674586333124,0.26594352756351153,-26.937265385783753,2.6080233082758326,3.345307098760294,0.6879420845092352,-918.3780632054843,90.1730421659966,-0.00011489444431679793
13690.0,ASTRA-SC-01,EPS,34.512398580384115,-24.56554083727123,4.539448669382782,39.99739778560194,0.979813574450981,NOMINAL,0.9999349446400484,0.0450035129894373,1.0,True,0.3850174216027874,896.8138741725157,95.0,STANDBY,False,ASTRA_SIMULATED_EPS,-847.8157367186076,0.02415222959254919,0.019486886411252867,0.016838107265858417,1.2394093690925545,34.16586810158711,0.1886119311366939,-27.1945763408591,2.0878343903964485,3.5011146609288275,0.6751269631966772,-928.8967767407553,68.14655333636023,-5.702662522091719e-05
13700.0,ASTRA-SC-01,EPS,34.474592600441134,-24.40687209577169,4.746250832145374,39.99738415229313,0.9815017752388984,NOMINAL,0.9999346038073282,0.0450035313944042,1.0,True,0.3867595818815331,889.4904025484792,95.0,STANDBY,False,ASTRA_SIMULATED_EPS,-841.4169721528039,-0.003780597994298063,0.01586687414995396,0.020680216276259156,0.23826986705563763,34.200141671526076,0.19522012226370128,-26.753419206819345,1.9125991026443694,3.655796894238449,0.6770092186461896,-914.751375358036,62.17272911547722,0.0003606124965238179
13710.0,ASTRA-SC-01,EPS,34.01433806292398,-23.891205089048327,4.788551845252564,39.99737064757005,0.9831751970488876,NOMINAL,0.9999342661892512,0.0450035496257804,1.0,True,0.3885017421602787,882.7696027964689,95.0,STANDBY,False,ASTRA_SIMULATED_EPS,-812.6435266295397,-0.04602545375171516,0.051566700672336194,0.004230101310719015,0.8925421473863321,34.20591711272231,0.18772210433901923,-26.33801030610378,1.8021153848005438,3.801882934583602,0.668650016825131,-900.7954863700252,59.83453882055079,2.9341857554158787e-05
13720.0,ASTRA-SC-01,EPS,34.23377207015019,-24.135260767783368,4.921789886921976,39.99735726107557,0.98483502580342,NOMINAL,0.9999339315268893,0.0450035676975479,1.0,True,0.3902439024390244,876.601033888537,95.0,STANDBY,False,ASTRA_SIMULATED_EPS,-826.2410159779339,0.02194340072262051,-0.0244055678735041,0.013323804166941233,0.8991145314198307,34.21768522994335,0.18321552309228767,-25.959119197501344,1.604696481216553,3.948795839119057,0.6554794843012399,-888.1755236212992,53.53598077669154,-6.100464850107324e-05
13730.0,ASTRA-SC-01,EPS,34.09624846811979,-23.79496561886082,5.073533988627585,39.99734398332283,0.9864823477524668,NOMINAL,0.9999335995830708,0.0450035856225141,1.0,True,0.39198606271777,870.9384562650696,95.0,STANDBY,False,ASTRA_SIMULATED_EPS,-811.3190600310463,-0.013752360203039871,0.034029514892254656,0.015174410170560915,0.40413036290946364,34.215012917338875,0.18477256274139628,-25.617374023696183,1.4689364244052043,4.096141503264319,0.6423354103495513,-876.4460089268792,49.389504601841516,9.654890176370784e-05
13740.0,ASTRA-SC-01,EPS,34.43805211106431,-23.52860557421194,5.230238868732819,39.9973308056223,0.9881181578219498,NOMINAL,0.9999332701405574,0.0450036034124098,1.0,True,0.3937282229965156,865.7394823524402,95.0,STANDBY,False,ASTRA_SIMULATED_EPS,-810.279344865389,0.03418036429445195,0.026636004464888074,0.015670488010523353,1.283239171231892,34.25125490493952,0.17013408794513607,-25.292412150243806,1.3423830014023526,4.243366710519198,0.6315115486726136,-866.2843373891235,45.93407161338833,-3.8553423296645045e-05
13750.0,ASTRA-SC-01,EPS,34.086078419913015,-23.508904976122235,5.437893688456995,39.997317720015005,0.989743367262415,NOMINAL,0.999932943000375,0.0450036210779797,1.0,True,0.3954703832752613,860.9652561389119,95.0,STANDBY,False,ASTRA_SIMULATED_EPS,-801.3263785823858,-0.035197369115129364,0.0019700598089706033,0.02076548197241763,0.710764904152088,34.23267978995229,0.17206213603153483,-24.999439951795612,1.2042656348999863,4.387491163634985,0.6415865497618671,-855.7797535606951,40.99366437111998,3.717779942599785e-05
13760.0,ASTRA-SC-01,EPS,34.148169864033605,-23.05991258274614,5.467615225534899,39.997304719211336,0.9913588106568056,NOMINAL,0.9999326179802832,0.0450036386290647,1.0,True,0.397212543554007,856.5801593939026,95.0,STANDBY,False,ASTRA_SIMULATED_EPS,-787.453811925381,0.006209144412058975,0.04489923933760949,0.002972153707790337,0.13829063707228412,34.24648864860418,0.15438852519935145,-24.72882952705847,1.1487281585397078,4.529670092964391,0.6278323925988237,-846.9133861997467,40.385483054487864,-0.00020938156380970508
13770.0,ASTRA-SC-01,EPS,34.27534962605182,-23.00204810311218,5.673942905232034,39.99729179653499,0.9929652523412208,NOMINAL,0.9999322949133748,0.0450036560746777,1.0,True,0.3989547038327526,852.5515423163273,95.0,STANDBY,False,ASTRA_SIMULATED_EPS,-788.4032408494321,0.012717976201821557,0.005786447963395958,0.020632767969713493,2.197890015130736,34.23657939573828,0.14676398013579875,-24.47321562901648,1.0701975020333288,4.670861622121524,0.6313741550597707,-837.8862032227161,36.957182971001295,-0.00010160953395886983
13780.0,ASTRA-SC-01,EPS,34.2572098893676,-23.05826150936476,5.736960495710627,39.99727894587163,0.994563392287986,NOMINAL,0.9999319736467908,0.0450036734230732,1.0,True,0.4006968641114982,848.8494765816648,95.0,STANDBY,False,ASTRA_SIMULATED_EPS,-789.9117042102347,-0.0018139736684219087,-0.005621340625257787,0.0063017590478593455,0.32269413816899284,34.239385619462766,0.14672670453997858,-24.238541731643394,0.9553929818559548,4.805207762942932,0.6293943846860857,-829.9215151172183,33.12317195538139,0.0007084261245797123
13790.0,ASTRA-SC-01,EPS,34.335805966326895,-22.794818536173647,5.868261394674979,39.99726616162178,0.9961538714961916,NOMINAL,0.9999316540405444,0.0450036906818105,1.0,True,0.4024390243902439,845.4465289260662,95.0,STANDBY,False,ASTRA_SIMULATED_EPS,-782.67846629569,0.007859607695929327,0.026344297319111122,0.013130089896435226,0.2983418992249104,34.244137949668534,0.14873958239283397,-24.024027454682997,0.8874484940533882,4.938912467624368,0.627894025659884,-822.6796146713332,30.515894779631427,-0.00016265760762852911
13800.0,ASTRA-SC-01,EPS,34.38606891460392,-22.604512162341468,6.014348289000745,39.99725343865774,0.9977372769310384,NOMINAL,0.9999313359664436,0.045003707857812,1.0,True,0.4041811846689895,842.3175535604809,95.0,STANDBY,False,ASTRA_SIMULATED_EPS,-777.2803129952762,0.005026294827702315,0.01903063738321791,0.014608689432576583,0.26411594769467545,34.26268710580785,0.14787359216520327,-23.823704126738793,0.8420088167496963,5.078527636478166,0.6179315974881737,-816.2663149673193,29.15544347168054,-0.00025312808898445444
13810.0,ASTRA-SC-01,EPS,34.33593025421683,-22.885380527943905,5.989970334000016,39.99724077228405,0.9993141460498486,NOMINAL,0.999931019307101,0.0450037249574165,1.0,True,0.4059233449477352,839.4395018495848,95.0,STANDBY,False,ASTRA_SIMULATED_EPS,-785.7908296486938,-0.005013866038709125,-0.02808683656024371,-0.002437795500072948,0.1785130207866179,34.26763769237051,0.14907531468353147,-23.659093468473866,0.7585816326358221,5.209749026304219,0.5856134145624824,-810.73977473305,26.217555431092258,0.00025262688686199876
13820.0,ASTRA-SC-01,EPS,34.34631025923371,-22.629509026340923,6.2210315750686185,39.99722815820128,1.0,NOMINAL,0.999930703955032,0.0450037419864282,1.0,True,0.4076655052264808,836.7912478203517,95.0,STANDBY,False,ASTRA_SIMULATED_EPS,-777.2401380328351,0.0010380005016884298,0.025587150160298222,0.023106124106860283,0.04056725720471293,34.28074675808596,0.14658605049559278,-23.508413807231758,0.720184593457385,5.338727039697748,0.5807458699592954,-805.8907651029255,25.146925619495267,-0.0012152289666328888
13830.0,ASTRA-SC-01,EPS,33.21841295667894,-22.548768928977506,6.369093907575287,39.9972155924729,1.0,NOMINAL,0.9999303898118224,0.0450037589501615,1.0,True,0.4094076655052265,834.3534281843233,95.0,STANDBY,False,ASTRA_SIMULATED_EPS,-749.0343179475059,-0.11278973025547714,0.008074009736341736,0.014806233250666878,13.969481575901739,34.21058253623399,0.31115395726916295,-23.360971089071345,0.6702161766099547,5.471928793754486,0.572018430786607,-799.2556571241837,26.192545620290247,1.1140844432103169e-05
13840.0,ASTRA-SC-01,EPS,33.123642432020496,-22.560871975044716,6.422721225961854,39.9972155924729,1.0,NOMINAL,0.9999303898118224,0.0450037589501615,1.0,True,0.4111498257839721,832.1082956669965,95.0,STANDBY,False,ASTRA_SIMULATED_EPS,-747.2982562559732,-0.009477052465844338,-0.0012103046067210243,0.005362731838656654,7.235078183602337,34.11799879300975,0.40683487478160996,-23.22732649825624,0.6100300514629817,5.597480297526426,0.5592667749280373,-792.554491760008,25.735742462278722,-0.0
13850.0,ASTRA-SC-01,EPS,33.01731588972906,-22.34850549656727,6.4061696329551445,39.9972155924729,1.0,NOMINAL,0.9999303898118224,0.0450037589501615,1.0,True,0.4128919860627177,830.0395845379817,95.0,STANDBY,False,ASTRA_SIMULATED_EPS,-737.8876656435078,-0.010632654229143413,0.02123664784774455,-0.0016551593006709276,0.5006747913029344,34.02084701229561,0.4825506115111758,-23.09010205830928,0.5547492113070431,5.7081415509137425,0.5427844021486566,-785.6525379927217,25.577562099865986,-0.0
13860.0,ASTRA-SC-01,EPS,32.89995361503946,-22.34216222024247,6.484998184273537,39.9972155924729,1.0,NOMINAL,0.9999303898118224,0.0450037589501615,1.0,True,0.4146341463414634,828.1323873275319,95.0,STANDBY,False,ASTRA_SIMULATED_EPS,-735.0561007056643,-0.011736227468960437,0.0006343276324798808,0.007882855131839239,0.6827621244659506,33.94655471576997,0.5627445981921552,-22.98683253372222,0.5389230424203479,5.821237973515141,0.513434353223531,-780.48004293113,27.502115480621626,-0.0
13870.0,ASTRA-SC-01,EPS,33.04863369527088,-22.3296451874874,6.445129129665281,39.9972155924729,1.0,NOMINAL,0.9999303898118224,0.0450037589501615,1.0,True,0.4163763066202091,826.3730417993215,95.0,STANDBY,False,ASTRA_SIMULATED_EPS,-737.9642643466393,0.014868008023142209,0.0012517032755070545,-0.0039869054608256075,0.8648494576289669,33.86754549077802,0.6014074115304204,-22.866458161702493,0.45995268365324626,5.922793923031361,0.47178512375831905,-774.5949261557104,26.43473738052466,0.0
13880.0,ASTRA-SC-01,EPS,32.867424327314104,-22.156559888020855,6.573468414749081,39.9972155924729,1.0,NOMINAL,0.9999303898118224,0.0450037589501615,1.0,True,0.4181184668989547,824.7490273266627,95.0,STANDBY,False,ASTRA_SIMULATED_EPS,-728.2290554731285,-0.01812093679567752,0.017308529946654615,0.012833928508380055,1.0469367907919833,33.785623881390975,0.6497770102948132,-22.757231112979827,0.41616118401965735,6.022789551439461,0.4365681761905545,-769.0555925185158,26.891320245148826,-0.0
13890.0,ASTRA-SC-01,EPS,32.87290638681352,-22.088664396699023,6.603281060314611,39.9972155924729,1.0,NOMINAL,0.9999303898118224,0.0450037589501615,1.0,True,0.4198606271777003,823.248869890208,95.0,STANDBY,False,ASTRA_SIMULATED_EPS,-726.1185969224277,0.0005482059499414049,0.006789549132183126,0.002981264556552965,0.08074261475520594,33.68128083310759,0.6630568192451365,-22.661235034478967,0.3908229434291836,6.114325697544914,0.4010197386514188,-763.444875988985,26.45209848146112,0.0
13900.0,ASTRA-SC-01,EPS,32.63904761502909,-22.179419412519287,6.664602446724063,39.9972155924729,1.0,NOMINAL,0.9999303898118224,0.0450037589501615,1.0,True,0.4216027874564459,821.8620549801761,95.0,STANDBY,False,ASTRA_SIMULATED_EPS,-723.9151262789176,-0.023385877178442628,-0.00907550158202639,0.006132138640945239,2.5768137404942193,33.584812112782,0.7039590401146977,-22.572602663572106,0.33103328809300503,6.196106281429385,0.37762026563864154,-758.2841258354205,26.08239956398442,-0.0
13910.0,ASTRA-SC-01,EPS,32.71702905040452,-22.141973100519134,6.7628654251253115,39.9972155924729,1.0,NOMINAL,0.9999303898118224,0.0450037589501615,1.0,True,0.4233449477351916,820.5789477457336,95.0,STANDBY,False,ASTRA_SIMULATED_EPS,-724.41957716296,0.007798143537542756,0.0037446312000152917,0.00982629784012481,2.068561858557536,33.48940272520672,0.7189748575536878,-22.5114066980903,0.31914609282766465,6.282456294735413,0.34589746073175365,-754.0818435179258,26.124880530524134,0.0
13920.0,ASTRA-SC-01,EPS,32.86047825378068,-22.05003675099529,6.878093566626644,39.9972155924729,1.0,NOMINAL,0.9999303898118224,0.0450037589501615,1.0,True,0.4250871080139373,819.3907197887901,95.0,STANDBY,False,ASTRA_SIMULATED_EPS,-724.5747531511454,0.014344920337615719,0.0091936349523845,0.011522814150133254,1.5603099766208532,33.395077967055315,0.7010871099802717,-22.447939274615845,0.3091082487302959,6.362733005495054,0.33411511135223665,-749.8266110047066,25.32113229425028,0.0
13930.0,ASTRA-SC-01,EPS,32.79434155939163,-22.019807445095857,6.810821072163257,39.9972155924729,1.0,NOMINAL,0.9999303898118224,0.0450037589501615,1.0,True,0.4268292682926829,818.2892820495751,95.0,STANDBY,False,ASTRA_SIMULATED_EPS,-722.1250864265083,-0.006613669438904424,0.003022930589943229,-0.006727249446338668,1.4537923578033243,33.29755341172358,0.6738095903973486,-22.378709003664586,0.2773061625510328,6.434323710591896,0.3041585526990233,-745.3075031524583,23.64991860335986,-0.0
13940.0,ASTRA-SC-01,EPS,32.70239485865894,-22.0880538821974,6.860975917437814,39.9972155924729,1.0,NOMINAL,0.9999303898118224,0.0450037589501615,1.0,True,0.4285714285714285,817.2672232772943,95.0,STANDBY,False,ASTRA_SIMULATED_EPS,-722.3322597149539,-0.009194670073269151,-0.0068246437101542766,0.005015484527455705,1.347274738985795,33.18865933787905,0.6241936308967754,-22.331591360066167,0.26112587010852056,6.5005046787760845,0.27916721875426403,-741.2844227137425,21.907201002592195,-0.0
13950.0,ASTRA-SC-01,EPS,32.89278360884026,-21.72173394401289,6.897549634062837,39.9972155924729,1.0,NOMINAL,0.9999303898118224,0.0450037589501615,1.0,True,0.4303135888501742,816.3177536212845,95.0,STANDBY,False,ASTRA_SIMULATED_EPS,-714.4882942292163,0.019038875018132017,0.03663199381845104,0.003657371662502218,0.5197335179867386,33.089106984161475,0.5318257186046484,-22.27273947884426,0.29278236984749473,6.559384768446891,0.2619125250894923,-737.0982881293385,20.491163468274074,0.0
13960.0,ASTRA-SC-01,EPS,32.7591592851578,-21.97210490570428,7.001407331289023,39.9972155924729,1.0,NOMINAL,0.9999303898118224,0.0450037589501615,1.0,True,0.4320557491289198,815.4346529167126,95.0,STANDBY,False,ASTRA_SIMULATED_EPS,-719.7876844361637,-0.013362432368246146,-0.025037096169139163,0.010385769722618666,0.5337053577609667,32.98398891955754,0.40955467403252366,-22.21185443736162,0.24778280994929386,6.6268139015994905,0.23350209835735233,-732.6980784485032,15.849052801908432,-0.0
13970.0,ASTRA-SC-01,EPS,32.86569797428019,-21.79249794604539,6.908405696228331,39.9972155924729,1.0,NOMINAL,0.9999303898118224,0.0450037589501615,1.0,True,0.4337979094076655,814.6122232742658,95.0,STANDBY,False,ASTRA_SIMULATED_EPS,-716.2256555998491,0.010653868912238806,0.017960695965889072,-0.009300163506069214,0.5931768419482529,32.88528143389397,0.16040489697145596,-22.15605369867525,0.24116786791917263,6.672638843010138,0.21488551479636647,-728.6304462863042,10.541942818481063,0.0
13980.0,ASTRA-SC-01,EPS,32.42659829145004,-21.97321716914938,7.132550517219429,39.9972155924729,1.0,NOMINAL,0.9999303898118224,0.0450037589501615,1.0,True,0.4355400696864111,813.8452456157639,95.0,STANDBY,False,ASTRA_SIMULATED_EPS,-712.5166863147999,-0.043909968283014675,-0.018071922310398846,0.02241448209910981,2.429734232409147,32.83249378954538,0.17275743034779306,-22.117683581353376,0.21898909351540227,6.723535950319748,0.22787566626010064,-726.1959375107904,9.67429807130847,-0.0
13990.0,ASTRA-SC-01,EPS,32.55797357492709,-22.238851573197927,7.154063778053573,39.9972155924729,1.0,NOMINAL,0.9999303898118224,0.0450037589501615,1.0,True,0.4372822299651568,813.1289398273803,95.0,STANDBY,False,ASTRA_SIMULATED_EPS,-724.0519418569038,0.01313752834770483,-0.02656344040485479,0.0021513260834144176,0.49457179294078896,32.79478253240582,0.16628150589944662,-22.09621555456359,0.1856917011825495,6.772292120459196,0.23697343431452883,-724.646183217519,7.716176837440576,0.0
14000.0,ASTRA-SC-01,EPS,32.85203325091152,-17.094094437326792,7.123910885728664,39.9972155924729,1.0,ANOMALOUS,0.9999303898118224,0.0450037589501615,1.0,True,0.4390243902439024,812.4589282294721,255.0,STANDBY,True,ASTRA_SIMULATED_EPS,-561.5757588492813,0.029405967598442828,0.5144757135871135,-0.0030152892324909254,0.05715715401493616,32.78376368981798,0.15561602816981923,-21.74592148394756,1.298342793401084,6.8201415373107634,0.23012982358248704,-712.892056097904,42.40770252766678,0.0
14010.0,ASTRA-SC-01,EPS,32.65068314408638,-16.966923781104622,7.18942215745498,39.9972155924729,1.0,ANOMALOUS,0.9999303898118224,0.0450037589501615,1.0,True,0.440766550522648,811.8312020870334,255.0,STANDBY,True,ASTRA_SIMULATED_EPS,-553.981652306711,-0.020135010682513867,0.01271706562221695,0.006551127172631599,1.583306344455566,32.767145658421114,0.15563162172799513,-21.387572254671703,1.775966931899203,6.86710313552286,0.2287235595271965,-700.8204262046404,58.40327357933484,-0.0
14020.0,ASTRA-SC-01,EPS,32.88893932434389,-17.215227895634033,7.225314663527766,39.9972155924729,1.0,ANOMALOUS,0.9999303898118224,0.0450037589501615,1.0,True,0.4425087108013937,811.2420909077512,255.0,STANDBY,True,ASTRA_SIMULATED_EPS,-566.19058571426,0.02382561802575083,-0.02483041145294109,0.0035892506072785933,0.9595337584681365,32.756499367025974,0.13964108403484196,-21.046611101881478,2.0517232831514565,6.919115504447026,0.21415559645778884,-689.3688476291485,66.83222200162491,0.0
14030.0,ASTRA-SC-01,EPS,32.62164946344526,-16.965008316935844,7.288545125276727,39.9972155924729,1.0,ANOMALOUS,0.9999303898118224,0.0450037589501615,1.0,True,0.4442508710801394,810.6882342956696,255.0,STANDBY,True,ASTRA_SIMULATED_EPS,-553.4265544595145,-0.02672898608986287,0.025021957869818933,0.006323046174896074,1.068221209104621,32.74011437610139,0.1401142349434011,-20.700507663809145,2.276661703448745,6.966787285148869,0.21128755404478025,-677.7153475615742,74.38546945693923,-0.0
14040.0,ASTRA-SC-01,EPS,32.935967899143904,-17.09276022689199,7.364884474790622,39.9972155924729,1.0,ANOMALOUS,0.9999303898118224,0.0450037589501615,1.0,True,0.445993031358885,810.1665561477754,255.0,STANDBY,True,ASTRA_SIMULATED_EPS,-562.9666021406782,0.031431843569864525,-0.012775190995614593,0.007633934951389509,2.460381498848377,32.74431847692341,0.14523570770504574,-20.367447385822008,2.4199994744571938,7.017560846113936,0.20919391319172,-666.8385479094576,78.61052337564759,0.0
14050.0,ASTRA-SC-01,EPS,32.895650614356484,-16.744824044917696,7.385557043194341,39.9972155924729,1.0,ANOMALOUS,0.9999303898118224,0.0450037589501615,1.0,True,0.4477351916376306,809.6742409984951,255.0,STANDBY,True,ASTRA_SIMULATED_EPS,-550.831881380488,-0.004031728478742025,0.03479361819742941,0.0020672568403719005,0.11587551647732611,32.76142534354524,0.14705138539881843,-20.005141027981903,2.5335003056159233,7.065624485878621,0.20508868705041505,-655.2996649162288,82.25275721185452,-0.0
14060.0,ASTRA-SC-01,EPS,32.85644597037063,-17.058321604705814,7.336956753065916,39.9972155924729,1.0,ANOMALOUS,0.9999303898118224,0.0450037589501615,1.0,True,0.4494773519163763,809.2087123333245,255.0,STANDBY,True,ASTRA_SIMULATED_EPS,-560.4758221502226,-0.003920464398585466,-0.0313497559788118,-0.0048600290128424815,0.1250556591647849,32.770719804876315,0.14844422299639787,-19.666230928261015,2.5670372827105625,7.1038972410746615,0.19799806407409345,-644.3700812487131,83.29782490131834,-0.0
14070.0,ASTRA-SC-01,EPS,32.941093420965835,-16.8839526011102,7.562263797555129,39.9972155924729,1.0,ANOMALOUS,0.9999303898118224,0.0450037589501615,1.0,True,0.4512195121951219,808.7676127076743,255.0,STANDBY,True,ASTRA_SIMULATED_EPS,-556.1758599483302,0.008464745059520596,0.01743690035956149,0.022530704448921312,0.48545010208072725,32.77609414935532,0.1533057074245202,-19.321825318268672,2.5709203449054465,7.149508589803228,0.21986228497991198,-633.1434883685254,83.0637759824217,0.0
14080.0,ASTRA-SC-01,EPS,32.576723280263344,-16.82423102938354,7.6434375430108705,39.9972155924729,1.0,ANOMALOUS,0.9999303898118224,0.0450037589501615,1.0,True,0.4529616724738676,808.3487855206527,255.0,STANDBY,True,ASTRA_SIMULATED_EPS,-548.0783186474478,-0.03643701407024906,0.0059721571726658595,0.00811737454557413,6.10114787953316,32.7615862640801,0.16153185299482556,-18.97545355722119,2.5311503398413757,7.205016354526402,0.23296103874674912,-621.540370516588,81.89415881614022,-0.0
14090.0,ASTRA-SC-01,EPS,32.87034740676786,-16.833838932292696,7.596958281943723,39.9972155924729,1.0,ANOMALOUS,0.9999303898118224,0.0450037589501615,1.0,True,0.4547038327526132,807.9502583060121,255.0,STANDBY,True,ASTRA_SIMULATED_EPS,-553.3341338940352,0.02936241265045183,-0.0009607902909156251,-0.004647926106714717,4.565802399247966,32.7727831006207,0.16295055777364886,-18.625172560560873,2.431223815424954,7.254081845493462,0.23282966706117683,-610.2738287951936,78.59580451610881,0.0
14100.0,ASTRA-SC-01,EPS,32.543500464172766,-16.725984918414497,7.612397172844997,39.9972155924729,1.0,ANOMALOUS,0.9999303898118224,0.0450037589501615,1.0,True,0.4564459930313589,807.5702274139405,255.0,STANDBY,True,ASTRA_SIMULATED_EPS,-544.3220979561688,-0.032684694259509685,0.01078540138781996,0.001543889090127326,3.030456918962772,32.74949755764287,0.16940600799547278,-18.292122625520978,2.3161895552177363,7.301738348078939,0.22774400988527313,-598.9294157103236,74.66149667324353,-0.0
14110.0,ASTRA-SC-01,EPS,32.88356130400938,-16.975266696458682,7.630252782566399,39.9972155924729,1.0,ANOMALOUS,0.9999303898118224,0.0450037589501615,1.0,True,0.4581881533101045,807.2070439678935,255.0,STANDBY,True,ASTRA_SIMULATED_EPS,-558.2072230649079,0.03400608398366174,-0.024928177804418538,0.001785560972140221,1.3641624450237246,32.757791025566306,0.172921442235595,-17.95900007823794,2.0981889684510278,7.343661378164098,0.22638503606979202,-588.1573849522399,67.26906174433738,0.0
14120.0,ASTRA-SC-01,EPS,33.03592862438316,-16.856224896237247,7.808051750193687,39.9972155924729,1.0,ANOMALOUS,0.9999303898118224,0.0450037589501615,1.0,True,0.4599303135888501,806.8592009902983,255.0,STANDBY,True,ASTRA_SIMULATED_EPS,-556.8610425486441,0.01523673203737772,0.011904180022143506,0.017779896762728776,1.2799480526197673,32.76913973557317,0.1856283284646766,-17.62991520825073,1.8230569242610999,7.4036377817617876,0.22196459787498543,-577.5330774154929,57.4683849689371,0.0
14130.0,ASTRA-SC-01,EPS,32.787532458620944,-16.97915956893496,7.826030419624547,39.9972155924729,1.0,ANOMALOUS,0.9999303898118224,0.0450037589501615,1.0,True,0.4616724738675958,806.5253215997941,255.0,STANDBY,True,ASTRA_SIMULATED_EPS,-556.7047454865594,-0.0248396165762216,-0.012293467269771341,0.001797866943086035,2.0205541716697164,32.79320201338456,0.15962657801373034,-17.296978034903102,1.373889557969142,7.449869775255462,0.23339455176725105,-567.1456146936102,43.778148337150874,-0.0
14140.0,ASTRA-SC-01,EPS,32.70344941260502,-16.743097817907625,7.828603843166824,39.9972155924729,1.0,ANOMALOUS,0.9999303898118224,0.0450037589501615,1.0,True,0.4634146341463415,806.2041481907664,255.0,STANDBY,True,ASTRA_SIMULATED_EPS,-547.5570524982395,-0.008408304601592675,0.02360617510273357,0.00025734235422767424,0.35619089348443417,32.80290040256309,0.14833390218279968,-16.930594451217083,0.14568324624575438,7.49483911292968,0.23728026246525977,-555.3792887363659,6.087385508687526,-0.0
14150.0,ASTRA-SC-01,EPS,32.54698124821448,-16.781241134973705,7.982948252064911,39.9972155924729,1.0,ANOMALOUS,0.9999303898118224,0.0450037589501615,1.0,True,0.4651567944250871,805.8945325133756,255.0,STANDBY,True,ASTRA_SIMULATED_EPS,-546.1787405417547,-0.015646816439053877,-0.003814331706607987,0.015434440889808698,0.2785087880293418,32.78256360238329,0.16144836562180523,-16.909737564393545,0.1429734083690451,7.552108270685429,0.24490426072538374,-554.3528208491974,6.263482446516899,-0.0
14160.0,ASTRA-SC-01,EPS,32.88078864862216,-16.791855991456483,7.97257592894045,39.9972155924729,1.0,ANOMALOUS,0.9999303898118224,0.0450037589501615,1.0,True,0.4668989547038327,805.5954265790689,255.0,STANDBY,True,ASTRA_SIMULATED_EPS,-552.1294678731803,0.033380740040767874,-0.001061485648277838,-0.0010372323124460791,0.20082668257424943,32.79790396935234,0.158934813280278,-16.898066378417003,0.14510146453286596,7.604318522117794,0.24553971696318946,-554.2293418869621,6.289525303271315,0.0
14170.0,ASTRA-SC-01,EPS,32.834395127928694,-16.75928735061294,7.9097773633,39.9972155924729,1.0,ANOMALOUS,0.9999303898118224,0.0450037589501615,1.0,True,0.4686411149825784,805.3058743228205,255.0,STANDBY,True,ASTRA_SIMULATED_EPS,-550.2810629325226,-0.004639352069346359,0.003256864084354305,-0.006279856564044994,0.12314457711915705,32.79426768959133,0.15731898419917245,-16.86767034208226,0.1193947520131711,7.649949368769275,0.23337356669196405,-553.1687070348463,5.408043995686806,-0.0
14180.0,ASTRA-SC-01,EPS,32.838120033924426,-16.677353706017982,7.967983904553772,39.9972155924729,1.0,ANOMALOUS,0.9999303898118224,0.0450037589501615,1.0,True,0.470383275261324,805.0250039590653,255.0,STANDBY,True,ASTRA_SIMULATED_EPS,-547.6529428464329,0.0003724905995731831,0.008193364459495811,0.005820654125377178,0.045462471664064696,32.808699060956606,0.15011702291541648,-16.84849336802107,0.12558460179669065,7.6952452873877455,0.2239646397333274,-552.7837995939741,5.590757815021645,0.0
14190.0,ASTRA-SC-01,EPS,33.03332187338987,-16.76917065326943,8.01070578009285,39.9972155924729,1.0,ANOMALOUS,0.9999303898118224,0.0450037589501615,1.0,True,0.4721254355400697,804.752020973534,255.0,STANDBY,True,ASTRA_SIMULATED_EPS,-553.9414117392527,0.019520183946544735,-0.009181694725144851,0.00427218755390788,2.1259892134168927,32.81518932590634,0.15791450796710946,-16.826920729779566,0.10705339283355947,7.738300041074561,0.21791440269793555,-552.1821202338792,4.853660979356601,0.0
14200.0,ASTRA-SC-01,EPS,32.963265354154935,-16.77837947794621,8.138256421312569,39.9972155924729,1.0,ANOMALOUS,0.9999303898118224,0.0450037589501615,1.0,True,0.4738675958188153,804.4862016980113,255.0,STANDBY,True,ASTRA_SIMULATED_EPS,-553.0701749442485,-0.0070056519234938715,-0.0009208824676779414,0.01275506412197185,1.6115405444387667,32.81969697522623,0.1613039706441259,-16.829157758648133,0.10555544508941041,7.7884799996157765,0.21754813532976458,-552.3313398047965,4.843580786077594,-0.0
14210.0,ASTRA-SC-01,EPS,32.751765612340506,-16.750324316508287,8.170024609338395,39.9972155924729,1.0,ANOMALOUS,0.9999303898118224,0.0450037589501615,1.0,True,0.4756097560975609,804.2268874194552,255.0,STANDBY,True,ASTRA_SIMULATED_EPS,-548.6026959449671,-0.021149974181442842,0.002805516143792275,0.0031768188025825595,1.097091875460641,32.812718284690895,0.1618639734983521,-16.808624606101635,0.08592430879621889,7.844017856700607,0.19964556452557206,-551.5397980577794,4.363942884078863,-0.0
14220.0,ASTRA-SC-01,EPS,32.84728562511908,-16.914266866109504,8.134230157192931,39.9972155924729,1.0,ANOMALOUS,0.9999303898118224,0.0450037589501615,1.0,True,0.4773519163763066,803.973478978943,255.0,STANDBY,True,ASTRA_SIMULATED_EPS,-555.5877548905867,0.009552001277857158,-0.016394254960121656,-0.0035794452145463396,0.582643206482515,32.806464431634446,0.158323201998176,-16.810645557101587,0.08815025014667939,7.882148947343127,0.19658604958763012,-551.5005910539298,4.321753874850756,0.0
14230.0,ASTRA-SC-01,EPS,32.95197215207536,-16.741441416796103,8.208931667933406,39.9972155924729,1.0,ANOMALOUS,0.9999303898118224,0.0450037589501615,1.0,True,0.4790940766550522,803.7254318196391,255.0,STANDBY,True,ASTRA_SIMULATED_EPS,-551.6635113518663,0.010468652695628577,0.017282544931340026,0.007470151074047493,0.6057355983866015,32.83148102308858,0.14878828689212684,-16.805126249595755,0.08981498405891503,7.919848555671297,0.20169459823336458,-551.7396039008911,4.216832589677746,0.0
14240.0,ASTRA-SC-01,EPS,32.576725047278394,-16.817990650165015,8.178734653653693,39.9972155924729,1.0,ANOMALOUS,0.9999303898118224,0.0450037589501615,1.0,True,0.4808362369337979,803.4822514463551,255.0,STANDBY,True,ASTRA_SIMULATED_EPS,-547.8750572581245,-0.037524710479696924,-0.007654923336891173,-0.0030197014279712774,4.902036092099716,32.81190619912261,0.1620347771003435,-16.804069697453908,0.08954590569684995,7.958633647118629,0.190812096515563,-551.3756654584971,4.304058767675357,-0.0
14250.0,ASTRA-SC-01,EPS,32.782899341556245,-16.768040770031508,8.27608232634607,39.9972155924729,1.0,ANOMALOUS,0.9999303898118224,0.0450037589501615,1.0,True,0.4825783972125435,803.2434892624086,255.0,STANDBY,True,ASTRA_SIMULATED_EPS,-549.7049927190542,0.020617429427785085,0.00499498801335072,0.009734767269237743,2.480362734945852,32.827866124281506,0.1445566465648595,-16.806873420895045,0.08756283747585808,8.0028793240187,0.18151315486250721,-551.7345251093561,3.8771817398692083,0.0
14260.0,ASTRA-SC-01,EPS,32.78832162967639,-16.675651170343432,8.473539853456575,39.9972155924729,1.0,ANOMALOUS,0.9999303898118224,0.0450037589501615,1.0,True,0.4843205574912892,803.0087387523298,255.0,STANDBY,True,ASTRA_SIMULATED_EPS,-546.7666139575099,0.0005422288120144003,0.009238959968807591,0.019745752711050456,0.058689377791987775,32.82151681265931,0.144026248739257,-16.78689905248736,0.0802762462558433,8.059098462078046,0.18832348266973575,-550.9718178355295,3.6303681633571423,0.0
14270.0,ASTRA-SC-01,EPS,32.551536106423505,-16.598220805461136,8.461884688707078,39.9972155924729,1.0,ANOMALOUS,0.9999303898118224,0.0450037589501615,1.0,True,0.4860627177700348,802.7776319815935,255.0,STANDBY,True,ASTRA_SIMULATED_EPS,-540.297583851358,-0.023678552325288392,0.0077430364882296486,-0.0011655164749496904,3.058044781434603,32.78922397812867,0.14679543440382314,-16.769698779768955,0.09125142955687617,8.102687324645606,0.2012874164797257,-549.8675872557105,4.1873998738338,-0.0
14280.0,ASTRA-SC-01,EPS,32.67170157260464,-16.675905565724893,8.434579336136906,39.9972155924729,1.0,ANOMALOUS,0.9999303898118224,0.0450037589501615,1.0,True,0.4878048780487805,802.5498363869441,255.0,STANDBY,True,ASTRA_SIMULATED_EPS,-544.8302100963004,0.012016546618113466,-0.0077684760263757365,-0.0027305352570172305,1.5468344855946734,32.781501919060915,0.14990444467906736,-16.749481846221617,0.07337185443158564,8.143257252413097,0.20286470070207813,-549.0759515630266,3.9161622774895366,0.0
14290.0,ASTRA-SC-01,EPS,32.82991467878674,-16.553572180694655,8.531854747734993,39.9972155924729,1.0,ANOMALOUS,0.9999303898118224,0.0450037589501615,1.0,True,0.4895470383275261,802.3250518331024,255.0,STANDBY,True,ASTRA_SIMULATED_EPS,-543.4523623213433,0.015821310618210304,0.012233338503023817,0.009727541159808695,1.2932945993687348,32.78993293680636,0.1487529510200385,-16.736846803740754,0.08916805284332416,8.190140646050972,0.20618779087942812,-548.8023055512334,4.1653592476215415,0.0
14300.0,ASTRA-SC-01,EPS,32.88286570492776,-16.71830258501323,8.471367404469918,39.9972155924729,1.0,ANOMALOUS,0.9999303898118224,0.0450037589501615,1.0,True,0.4912891986062718,802.1030079136311,255.0,STANDBY,True,ASTRA_SIMULATED_EPS,-549.7456987173366,0.005295102614101666,-0.016473040431857554,-0.006048734326507521,0.32144051585409555,32.81232523392058,0.13413051159506895,-16.732650900410054,0.08840738915520513,8.222701922877974,0.20966706972934446,-549.040102762939,4.1062820502156265,0.0
14310.0,ASTRA-SC-01,EPS,32.765261426926514,-16.56694370663542,8.513090324325796,39.9972155924729,1.0,ANOMALOUS,0.9999303898118224,0.0450037589501615,1.0,True,0.4930313588850174,801.8834614756172,255.0,STANDBY,True,ASTRA_SIMULATED_EPS,-542.8202415930845,-0.011760427800124517,0.01513588783778097,0.004172291985587861,0.7769896240093096,32.80462341914087,0.1332323189779154,-16.71765674808865,0.09636366854141291,8.258736215903664,0.21005599228858007,-548.4194876775992,4.30470491595713,-0.0
14320.0,ASTRA-SC-01,EPS,32.626413263329574,-16.655791129657164,8.58397744804947,39.9972155924729,1.0,ANOMALOUS,0.9999303898118224,0.0450037589501615,1.0,True,0.494773519163763,801.6661943495029,255.0,STANDBY,True,ASTRA_SIMULATED_EPS,-543.4187246238936,-0.013884816359693986,-0.008884742302174332,0.007088712372367389,1.562770859014786,32.79075796150093,0.14053485910721408,-16.71075700002493,0.09687382900079612,8.303682888220296,0.20203178790565549,-547.9619984570239,4.454768750402884,-0.0
14330.0,ASTRA-SC-01,EPS,32.66946955537327,-16.697788949223114,8.60857408994904,39.9972155924729,1.0,ANOMALOUS,0.9999303898118224,0.0450037589501615,1.0,True,0.4965156794425087,801.4510112669639,255.0,STANDBY,True,ASTRA_SIMULATED_EPS,-545.5079077186928,0.00430562920436941,-0.004199781956594961,0.0024596641899568895,0.9218819788284026,32.779514596264185,0.14319621038707345,-16.71211934957194,0.09651354189979851,8.34638890057998,0.19352806947072101,-547.8189961151746,4.499601614181517,0.0
14340.0,ASTRA-SC-01,EPS,32.63968482484799,-16.591790863614527,8.655014857841913,39.9972155924729,1.0,ANOMALOUS,0.9999303898118224,0.0450037589501615,1.0,True,0.4982578397212543,801.2377379511526,255.0,STANDBY,True,ASTRA_SIMULATED_EPS,-541.5508244681706,-0.0029784730525278746,0.010599808560858648,0.004644076789287332,0.2809930986420193,32.753272126361395,0.12869576195223784,-16.700294030261613,0.09983365214479827,8.389342839096583,0.18501637051651978,-546.9929569637692,4.432193089336959,-0.0
14350.0,ASTRA-SC-01,EPS,32.537388999592736,-16.703024798923675,8.800393433168495,39.9972155924729,1.0,ANOMALOUS,0.9999303898118224,0.0450037589501615,1.0,True,0.5,801.0262193649352,255.0,STANDBY,True,ASTRA_SIMULATED_EPS,-543.4728153524238,-0.010229582525525416,-0.011123393530914783,0.014537857532658193,0.919645834438453,32.72488036939058,0.12600832704019807,-16.695270384993442,0.09749218949984505,8.433485306553646,0.1992709288561726,-546.3531329909807,4.177652245457366,-0.0
14360.0,ASTRA-SC-01,EPS,32.76713881267118,-16.682012091347215,8.809310142840554,39.9972155924729,1.0,ANOMALOUS,0.9999303898118224,0.0450037589501615,1.0,True,0.5017421602787456,800.8163181039463,255.0,STANDBY,True,ASTRA_SIMULATED_EPS,-546.6218058718332,0.02297498130784419,0.002101270757646034,0.0008916709672059042,1.8561496976817056,32.72590524941263,0.12630478523417024,-16.690716236649372,0.09632531233744908,8.476104342120456,0.20710792199170802,-546.2210736527719,4.1325273534353615,0.0
14370.0,ASTRA-SC-01,EPS,32.513140662682815,-16.591059832340825,8.869445042000343,39.9972155924729,1.0,ANOMALOUS,0.9999303898118224,0.0450037589501615,1.0,True,0.5034843205574913,800.6079129223855,255.0,STANDBY,True,ASTRA_SIMULATED_EPS,-539.4274620718841,-0.025399814998836236,0.009095225900638937,0.006013489915978987,2.792653560924958,32.70362891858354,0.13267377630175559,-16.669169101064792,0.07694722234189758,8.525118667774285,0.20741858385483364,-545.1437207981918,3.5866523974164717,-0.0
14380.0,ASTRA-SC-01,EPS,32.73230489760068,-16.53970411270369,8.836964423379138,39.9972155924729,1.0,ANOMALOUS,0.9999303898118224,0.0450037589501615,1.0,True,0.5052264808362369,800.4008973804844,255.0,STANDBY,True,ASTRA_SIMULATED_EPS,-541.382637933117,0.02191642349178622,0.005135571963713659,-0.003248061862120544,4.267572073109051,32.68898443495189,0.11413139967763715,-16.655719947458632,0.08093954973806097,8.566987518137331,0.20235984778825547,-544.4583292369418,3.214795121767579,0.0
14390.0,ASTRA-SC-01,EPS,32.984403031001015,-16.60848361562701,8.919462694226988,39.9972155924729,1.0,ANOMALOUS,0.9999303898118224,0.0450037589501615,1.0,True,0.5069686411149826,800.195178603498,255.0,STANDBY,True,ASTRA_SIMULATED_EPS,-547.8209173116182,0.025209813340033804,-0.006877950292332002,0.00824982708478501,3.6653090337304977,32.71616296720007,0.13254475175159544,-16.641752811822766,0.06797595524743277,8.616369387508886,0.190902562954564,-544.4547199071746,3.210712873996654,0.0
14400.0,ASTRA-SC-01,EPS,32.796169017499075,-16.62530899227376,9.040141027680525,39.9972155924729,1.0,ANOMALOUS,0.9999303898118224,0.0450037589501615,1.0,True,0.5087108013937283,799.9906761429185,255.0,STANDBY,True,ASTRA_SIMULATED_EPS,-545.2464436787574,-0.018823401350194047,-0.0016825376646750101,0.012067833345353662,3.5156151988338955,32.717047612262924,0.13306524782586288,-16.63223735997225,0.0583424743214224,8.667306634264516,0.1954995637572819,-544.1574833044882,2.8792074578052445,-0.0
14410.0,ASTRA-SC-01,EPS,32.62285517383347,-16.6767997506505,9.073664355776971,39.9972155924729,1.0,ANOMALOUS,0.9999303898118224,0.0450037589501615,1.0,True,0.5104529616724739,799.7873209313884,255.0,STANDBY,True,ASTRA_SIMULATED_EPS,-544.0448230284934,-0.017331384366560343,-0.005149075837674033,0.0033523328096446646,3.3659213639372934,32.706016515206734,0.13359212868988946,-16.632313931992723,0.058404244049642506,8.707314934419209,0.21358373789071353,-543.9760305758871,2.7873304096217577,-0.0
14420.0,ASTRA-SC-01,EPS,32.70176081685268,-16.524231804948204,9.14942941242822,39.9972155924729,1.0,ANOMALOUS,0.9999303898118224,0.0450037589501615,1.0,True,0.5121951219512195,799.5850543234942,255.0,STANDBY,True,ASTRA_SIMULATED_EPS,-540.371476167646,0.007890564301921189,0.01525679457022946,0.007576505665124777,0.5171836237028468,32.71603149590201,0.12663372733039696,-16.627381331958524,0.06431464334784534,8.75315124933395,0.23027419571328772,-543.9809567303063,2.7804217247625487,0.0
14430.0,ASTRA-SC-01,EPS,32.73353309260593,-16.537408480935152,9.049267778909318,39.9972155924729,1.0,ANOMALOUS,0.9999303898118224,0.0450037589501615,1.0,True,0.5139372822299652,799.3838272152822,255.0,STANDBY,True,ASTRA_SIMULATED_EPS,-541.3278077766328,0.0031772275753247925,-0.0013176675986947828,-0.010016163351890128,0.8307586144696755,32.72015359723543,0.12609285143519813,-16.618148192972544,0.0667463089996556,8.794130478852113,0.2241450979979044,-543.7474632423285,2.85019560108524,0.0
14440.0,ASTRA-SC-01,EPS,32.923199997299754,-16.57371416006968,9.172985767370122,39.9972155924729,1.0,ANOMALOUS,0.9999303898118224,0.0450037589501615,1.0,True,0.5156794425087108,799.1835992359294,255.0,STANDBY,True,ASTRA_SIMULATED_EPS,-545.659705990053,0.018966690469382284,-0.0036305679134528645,0.012371798846080395,1.1443336052365043,32.72637261846963,0.13394879158573347,-16.619490991597544,0.06554619527324386,8.836872546827786,0.2315651488509981,-543.8946194869092,2.8905680715798634,0.0
14450.0,ASTRA-SC-01,EPS,32.69355359205022,-16.731231857598235,9.216764899557823,39.9972155924729,1.0,ANOMALOUS,0.9999303898118224,0.0450037589501615,1.0,True,0.5174216027874564,798.984338005552,255.0,STANDBY,True,ASTRA_SIMULATED_EPS,-547.0034253974059,-0.02296464052495324,-0.015751769752855437,0.004377913218770147,1.4579085960033331,32.71375181094446,0.12688285750167452,-16.62035294310321,0.067007141273173,8.88656571316698,0.22747007387690882,-543.7118012655804,2.562136125632046,-0.0
14460.0,ASTRA-SC-01,EPS,32.46103308743954,-16.607026905420657,9.280817116851338,39.9972155924729,1.0,ANOMALOUS,0.9999303898118224,0.0450037589501615,1.0,True,0.519163763066202,798.7860184536358,255.0,STANDBY,True,ASTRA_SIMULATED_EPS,-539.0812498608586,-0.02325205046106831,0.012420495217757833,0.006405221729351496,1.8720711254591833,32.69346992164533,0.1415306177266841,-16.62302515635556,0.06550753698604767,8.937747499335352,0.22377500783475374,-543.4625351500987,2.8236084446906142,-0.0
14470.0,ASTRA-SC-01,EPS,32.8308957206081,-16.401922642536352,9.3270567930968,39.9972155924729,1.0,ANOMALOUS,0.9999303898118224,0.0450037589501615,1.0,True,0.5209059233449478,798.5886221930358,255.0,STANDBY,True,ASTRA_SIMULATED_EPS,-538.4898118945918,0.03698626331685588,0.020510426288430493,0.004623967624546132,1.8032908139856199,32.707102085463895,0.14442856291451556,-16.606100590547506,0.08602052177142253,8.987286122338507,0.22210854928659748,-543.1339409681452,3.1021323340616522,0.0
14480.0,ASTRA-SC-01,EPS,32.69218739887586,-16.564725291417822,9.315363996779327,39.9972155924729,1.0,ANOMALOUS,0.9999303898118224,0.0450037589501615,1.0,True,0.5226480836236934,798.392136944907,255.0,STANDBY,True,ASTRA_SIMULATED_EPS,-541.53710343793,-0.013870832173223846,-0.016280264888147045,-0.0011692796317472442,0.8520028555138927,32.70861660836407,0.14412454209033784,-16.59722968002715,0.08268623429270983,9.034405449460525,0.21070624960583165,-542.8692206827611,3.0541326776214497,-0.0
14490.0,ASTRA-SC-01,EPS,32.53995226095812,-16.643733926993246,9.331513866472529,39.9972155924729,1.0,ANOMALOUS,0.9999303898118224,0.0450037589501615,1.0,True,0.524390243902439,798.1965560103256,255.0,STANDBY,True,ASTRA_SIMULATED_EPS,-541.5863074284492,-0.015223513791774224,-0.007900863557542336,0.0016149869693201425,1.9268164398613776,32.70196777077141,0.14972339652689282,-16.600692550919067,0.08352560724576336,9.079505383369233,0.19555522796706734,-542.8715862134463,3.0530521459051383,-0.0
14500.0,ASTRA-SC-01,EPS,32.46549026802998,-16.551057232198392,9.38880618115738,39.9972155924729,1.0,ANOMALOUS,0.9999303898118224,0.0450037589501615,1.0,True,0.5261324041811847,798.001877784705,255.0,STANDBY,True,ASTRA_SIMULATED_EPS,-537.3381874975441,-0.00744619929281356,0.009267669479485364,0.005729231468485097,0.803459738103117,32.69717452200056,0.1563718428753264,-16.59056137980405,0.07933813052877876,9.118732899901826,0.1945814909273897,-542.462611023121,3.3620136180959412,-0.0
14510.0,ASTRA-SC-01,EPS,32.5250746822322,-16.513849922930252,9.478650051228898,39.9972155924729,1.0,ANOMALOUS,0.9999303898118224,0.0450037589501615,1.0,True,0.5278745644599303,797.8081053114404,255.0,STANDBY,True,ASTRA_SIMULATED_EPS,-537.114202034481,0.005958441420222016,0.003720730926814042,0.008984387007151895,3.08710764503629,32.68103691330463,0.16105614861242337,-16.579350568576253,0.07734880460309233,9.163355560461047,0.19530152114517024,-541.8287707672976,3.417645104321814,0.0
14520.0,ASTRA-SC-01,EPS,32.83665738400581,-16.57186460983205,9.513914237811308,39.9972155924729,1.0,ANOMALOUS,0.9999303898118224,0.0450037589501615,1.0,True,0.5296167247386759,797.6152458715125,255.0,STANDBY,True,ASTRA_SIMULATED_EPS,-544.1646404071862,0.031158270177360947,-0.005801468690179945,0.0035264186582409708,5.370755551969463,32.70260469472616,0.1586096295218308,-16.57807088707567,0.07730001616089716,9.206320173515113,0.19690755663565318,-542.1445826563177,3.398719497446567,0.0
14530.0,ASTRA-SC-01,EPS,32.91097849434596,-16.510630888598797,9.484486605354723,39.9972155924729,1.0,ANOMALOUS,0.9999303898118224,0.0450037589501615,1.0,True,0.5313588850174216,797.4233106060565,255.0,STANDBY,True,ASTRA_SIMULATED_EPS,-543.3810181027592,0.007432111034015065,0.00612337212332541,-0.002942763245658497,1.21372846273777,32.71451626784252,0.16746160728108392,-16.57613267213534,0.07868285747233913,9.24948831898015,0.18043929805253212,-542.2778080009605,3.4058782911493006,0.0
14540.0,ASTRA-SC-01,EPS,32.844785985420025,-16.426968888620188,9.537150519031549,39.9972155924729,1.0,ANOMALOUS,0.9999303898118224,0.0450037589501615,1.0,True,0.5331010452961672,797.2323141691475,255.0,STANDBY,True,ASTRA_SIMULATED_EPS,-539.5402775358831,-0.006619250892593698,0.008366199997860946,0.005266391367682565,0.7911896553137739,32.70520846480378,0.15479001103171286,-16.564031690334886,0.08688277537656877,9.290667507300457,0.16991878501793742,-541.7257653492449,3.100654803601004,-0.0
14550.0,ASTRA-SC-01,EPS,33.14348022116033,-16.572030268858466,9.60975703737058,39.9972155924729,1.0,ANOMALOUS,0.9999303898118224,0.0450037589501615,1.0,True,0.5348432055749129,797.0422744082889,255.0,STANDBY,True,ASTRA_SIMULATED_EPS,-549.2547574403809,0.029869423574030662,-0.01450613802382783,0.007260651833903076,2.059088609591819,32.728362545047865,0.19108821896979078,-16.56047977544053,0.08527286506693442,9.328641907946459,0.1735423566393001,-541.9929862666863,3.56386912220654,0.0
14560.0,ASTRA-SC-01,EPS,32.68913846959737,-16.50064635966726,9.562070570907272,39.9972155924729,1.0,ANOMALOUS,0.9999303898118224,0.0450037589501615,1.0,True,0.5365853658536586,796.8532120702944,255.0,STANDBY,True,ASTRA_SIMULATED_EPS,-539.3919136890208,-0.04543417515629642,0.007138390919120496,-0.0047686466463307655,6.364764226430773,32.73278143143213,0.1892314773664133,-16.54873621604165,0.0800809833115581,9.361202322288479,0.16801572492741848,-541.6827923107215,3.5749977401137096,-0.0
14570.0,ASTRA-SC-01,EPS,32.70987485705408,-16.610111057458695,9.69688408851888,39.9972155924729,1.0,ANOMALOUS,0.9999303898118224,0.0450037589501615,1.0,True,0.5383275261324042,796.6651505304561,255.0,STANDBY,True,ASTRA_SIMULATED_EPS,-543.3146540512441,0.002073638745671502,-0.010946469779143441,0.013481351761160809,0.1894344740824529,32.73332236744555,0.18914804704481478,-16.55446149954235,0.08126509370244032,9.397699300694523,0.17789724458994863,-541.879004169628,3.578651582598821,0.0
14580.0,ASTRA-SC-01,EPS,32.962510620343316,-16.452215177657834,9.612360557291655,39.9972155924729,1.0,ANOMALOUS,0.9999303898118224,0.0450037589501615,1.0,True,0.5400696864111498,796.4781155430534,255.0,STANDBY,True,ASTRA_SIMULATED_EPS,-542.3063175217198,0.02526357632892342,0.015789587980086138,-0.008452353122722477,1.6000149187417616,32.74858753596138,0.19818995255743763,-16.54878194599053,0.08541322301845271,9.435238819253346,0.15734418886260987,-541.9442381526338,3.576804312352257,0.0
14590.0,ASTRA-SC-01,EPS,33.13431763607865,-16.47725723569738,9.732836052242394,39.9972155924729,1.0,ANOMALOUS,0.9999303898118224,0.0450037589501615,1.0,True,0.5418118466898955,796.2921350114381,255.0,STANDBY,True,ASTRA_SIMULATED_EPS,-545.9626750189722,0.01718070157353324,-0.0025042058039545624,0.012047549495073894,1.1021028918563602,32.762662045213304,0.2179836860618587,-16.54235148436571,0.08701796516590254,9.472562171578165,0.15709248258656014,-541.9644360878951,3.6000637047248687,0.0
14600.0,ASTRA-SC-01,EPS,32.825192602265574,-16.482047252945023,9.778927477394754,39.9972155924729,1.0,ANOMALOUS,0.9999303898118224,0.0450037589501615,1.0,True,0.5435540069686411,796.107238776063,255.0,STANDBY,True,ASTRA_SIMULATED_EPS,-541.0263755575626,-0.030912503381307486,-0.00047900172476431633,0.0046091425152360085,0.604190864970959,32.77143797922766,0.21765228830257835,-16.52573917738883,0.07062528960797909,9.510039676767292,0.15875670480778753,-541.5659660985723,3.3225774290065098,-0.0
14610.0,ASTRA-SC-01,EPS,32.831881825453074,-16.544987564562987,9.832552427172518,39.9972155924729,1.0,ANOMALOUS,0.9999303898118224,0.0450037589501615,1.0,True,0.5452961672473867,795.9234584189637,255.0,STANDBY,True,ASTRA_SIMULATED_EPS,-543.2030765233227,0.0006689223187500204,-0.006294031161796454,0.005362494977776322,0.10627883808555777,32.79616122842856,0.20024073661141648,-16.52160322133165,0.06726135333988241,9.546822030788706,0.16562199801897828,-541.8407545427365,3.272471501890469,0.0
14620.0,ASTRA-SC-01,EPS,32.68687624847348,-16.61155087254796,9.900454962246304,39.9972155924729,1.0,ANOMALOUS,0.9999303898118224,0.0450037589501615,1.0,True,0.5470383275261324,795.7408270833347,255.0,STANDBY,True,ASTRA_SIMULATED_EPS,-542.9797076661968,-0.014500557697959238,-0.006656330798497123,0.00679025350737863,2.1784610977016343,32.78655993028625,0.20190218359891643,-16.535578436665755,0.062206335522323485,9.585048575398671,0.17705316130845666,-542.1400809275102,3.1470102540411578,-0.0
14630.0,ASTRA-SC-01,EPS,32.89541146303992,-16.435755521834118,9.974444299664002,39.9972155924729,1.0,ANOMALOUS,0.9999303898118224,0.0450037589501615,1.0,True,0.5487804878048781,795.5593793069397,255.0,STANDBY,True,ASTRA_SIMULATED_EPS,-540.6609405966637,0.020853521456643875,0.0175795350713841,0.007398933741769831,1.1862385081269389,32.80010820123052,0.20193563882768198,-16.526980452026844,0.06664457409775487,9.62898726225765,0.18685549078253527,-542.0816700714257,3.167068567870757,0.0
14640.0,ASTRA-SC-01,EPS,32.85261489366732,-16.52181102644214,10.015608702155047,39.9972155924729,1.0,ANOMALOUS,0.9999303898118224,0.0450037589501615,1.0,True,0.5505226480836237,795.3791508682189,255.0,STANDBY,True,ASTRA_SIMULATED_EPS,-542.78469499765,-0.004279656937259802,-0.008605550460802292,0.004116440249104514,0.4973135602136497,32.82095237674447,0.18887839547881388,-16.518852258656768,0.058300530336728974,9.674593584636485,0.1924645253162177,-542.1615625760392,3.168794769813538,-0.0
14650.0,ASTRA-SC-01,EPS,32.57679505988128,-16.548479643793453,9.965485837338504,39.9972155924729,1.0,ANOMALOUS,0.9999303898118224,0.0450037589501615,1.0,True,0.5522648083623694,795.2001786440354,255.0,STANDBY,True,ASTRA_SIMULATED_EPS,-539.0964299084765,-0.027581983378604492,-0.0026668617351312206,-0.005012286481654371,1.4497281954540235,32.82837269620123,0.17563847679549086,-16.518680419429774,0.05820254315997072,9.713038895048559,0.18886305382043028,-542.278778736768,3.0059659821481257,-0.0
14660.0,ASTRA-SC-01,EPS,32.97655010502589,-16.382063625546504,10.07802458051949,39.9972155924729,1.0,ANOMALOUS,0.9999303898118224,0.0450037589501615,1.0,True,0.554006968641115,795.0225004781056,255.0,STANDBY,True,ASTRA_SIMULATED_EPS,-540.2239419715564,0.03997550451446159,0.016641601824694874,0.01125387431809859,2.4021428306943973,32.858471057720806,0.15772091811406871,-16.509894666270856,0.06809052651748544,9.752997197001266,0.19887109526466518,-542.4860947325731,2.717751743994103,0.0
14670.0,ASTRA-SC-01,EPS,32.97521742836319,-16.535770325610397,10.110945983143845,39.9972155924729,1.0,ANOMALOUS,0.9999303898118224,0.0450037589501615,1.0,True,0.5557491289198606,794.8461550592256,255.0,STANDBY,True,ASTRA_SIMULATED_EPS,-545.2706218324788,-0.00013326766627059784,-0.015370670006389276,0.0032921402624355167,0.008670257458861661,32.867708394011295,0.1603871176518728,-16.50748838065608,0.06635989532432499,9.792799313356767,0.20717479172618594,-542.5598268275925,2.7808140232746354,-0.0
14680.0,ASTRA-SC-01,EPS,32.77889576830108,-16.3797725923354,10.127505638917448,39.9972155924729,1.0,ANOMALOUS,0.9999303898118224,0.0450037589501615,1.0,True,0.5574912891986062,794.6711818084899,255.0,STANDBY,True,ASTRA_SIMULATED_EPS,-536.9108585126369,-0.019632166006210382,0.015599773327499733,0.001655965577360341,1.2584904661148013,32.858902878941635,0.16146399633828928,-16.49876449423852,0.07407079346388429,9.835667248927617,0.2053405221521857,-542.1284828549177,3.1248610988567678,-0.0
14690.0,ASTRA-SC-01,EPS,32.73629448613593,-16.401197138945566,10.2167199306365,39.9972155924729,1.0,ANOMALOUS,0.9999303898118224,0.0450037589501615,1.0,True,0.5592334494773519,794.4976207747653,255.0,STANDBY,True,ASTRA_SIMULATED_EPS,-536.9144194656922,-0.004260128216515113,-0.0021424546610166574,0.008921429171905259,1.5647757167790275,32.8516701123227,0.16454212382910613,-16.497046377593545,0.07612548624374026,9.880971876367944,0.20969492972366308,-541.9534256502383,3.3459417988683486,-0.0
14700.0,ASTRA-SC-01,EPS,32.68981732174473,-16.448466507741518,10.159528343335449,39.9972155924729,1.0,ANOMALOUS,0.9999303898118224,0.0450037589501615,1.0,True,0.5609756097560976,794.3255125377327,255.0,STANDBY,True,ASTRA_SIMULATED_EPS,-537.6973653609067,-0.004647716439120586,-0.004726936879595201,-0.005719158730105178,1.871060967443254,32.82142591902832,0.14792856987084155,-16.488808793519084,0.0740901035017917,9.917623296765605,0.20693232276432724,-541.1829328449401,2.836424901818778,-0.0
14710.0,ASTRA-SC-01,EPS,32.38974919445029,-16.42045998677776,10.282329108496883,39.9972155924729,1.0,ANOMALOUS,0.9999303898118224,0.0450037589501615,1.0,True,0.5627177700348432,794.1548981178892,255.0,STANDBY,True,ASTRA_SIMULATED_EPS,-531.8545806292382,-0.030006812729443767,0.0028006520963757,0.012280076516143445,2.17734621810748,32.80146663401852,0.1830747884590313,-16.483463035326448,0.07604208541868673,9.96564053260491,0.20204341312937757,-540.6804439742879,3.7096136360001104,-0.0
14720.0,ASTRA-SC-01,EPS,32.84240220737642,-16.602714487341807,10.273669678938504,39.9972155924729,1.0,ANOMALOUS,0.9999303898118224,0.0450037589501615,1.0,True,0.5644599303135889,793.9858188929304,255.0,STANDBY,True,ASTRA_SIMULATED_EPS,-545.273026927515,0.045265301292613455,-0.01822545005640457,-0.0008659429558379728,2.4836314687717063,32.81030179070668,0.18153021433349503,-16.48296993065199,0.07518126789014706,10.004092905299554,0.20212703313070657,-540.8110021660392,3.8410781636411326,0.0
14730.0,ASTRA-SC-01,EPS,32.43562136030199,-16.30832264873186,10.276132855601912,39.9972155924729,1.0,ANOMALOUS,0.9999303898118224,0.0450037589501615,1.0,True,0.5662020905923345,793.8183165200005,255.0,STANDBY,True,ASTRA_SIMULATED_EPS,-528.9705784559038,-0.040678084707443676,0.02943918386099469,0.00024631766634080065,1.3817667262624054,32.77517584003726,0.20000990564327956,-16.47337709539026,0.08754860017929174,10.048344391853568,0.1818856227064261,-539.9219528949849,4.874554023233791,-0.0
14740.0,ASTRA-SC-01,EPS,33.00530657951827,-16.340221037677054,10.324524905521791,39.9972155924729,1.0,ANOMALOUS,0.9999303898118224,0.0450037589501615,1.0,True,0.5679442508710801,793.6524328633276,255.0,STANDBY,True,ASTRA_SIMULATED_EPS,-539.3140049256253,0.056968521921628226,-0.0031898388945194255,0.004839204991987955,1.9201753191340916,32.76657510293323,0.18572699057359807,-16.46424134885557,0.09402513180477264,10.08779031540553,0.1724909453017186,-539.4787082220951,4.579380543803083,0.0
14750.0,ASTRA-SC-01,EPS,32.61365053265398,-16.38709872141735,10.366352742827711,39.9972155924729,1.0,ANOMALOUS,0.9999303898118224,0.0450037589501615,1.0,True,0.5696864111498258,793.4882099268118,255.0,STANDBY,True,ASTRA_SIMULATED_EPS,-534.4431109444063,-0.039165604686429135,-0.004687768374029488,0.004182783730592022,2.4585839120057775,32.75247229829245,0.1889614070331917,-16.457911446753723,0.09591777564701935,10.126951999767726,0.16382481440140326,-539.0398239145512,4.7333379987075705,-0.0
14760.0,ASTRA-SC-01,EPS,32.81623118771236,-16.45469336996208,10.358421506777752,39.9972155924729,1.0,ANOMALOUS,0.9999303898118224,0.0450037589501615,1.0,True,0.5714285714285714,793.3256897911648,255.0,STANDBY,True,ASTRA_SIMULATED_EPS,-539.9810217515934,0.020258065505838373,-0.006759464854473052,-0.0007931236049959267,2.996992504877464,32.751428922443075,0.1885343432811257,-16.45189183378033,0.09284689594444628,10.162009938408078,0.15217732039507403,-538.8250202631027,4.602203761662093,0.0
14770.0,ASTRA-SC-01,EPS,32.43363366958034,-16.388024724812887,10.458208261711166,39.9972155924729,1.0,ANOMALOUS,0.9999303898118224,0.0450037589501615,1.0,True,0.573170731707317,793.1649145552311,255.0,STANDBY,True,ASTRA_SIMULATED_EPS,-531.5231904926063,-0.03825975181320231,0.0066668645149192685,0.00997867549334135,5.738792460471295,32.7345460838502,0.20531928129335336,-16.436990090597995,0.08278401972724847,10.199193491705733,0.1518444475281383,-538.06125245153,4.809433319929892,-0.0
14780.0,ASTRA-SC-01,EPS,32.708718863433496,-16.342357484551812,10.583661499795246,39.9972155924729,1.0,ANOMALOUS,0.9999303898118224,0.0450037589501615,1.0,True,0.5749128919860628,793.0059262811645,255.0,STANDBY,True,ASTRA_SIMULATED_EPS,-534.5375765279334,0.027508519385315823,0.004566724026107494,0.01254532380840807,3.1388063956409744,32.72209991054311,0.20047263233851403,-16.430763554779173,0.08632040590287869,10.239807971714482,0.16804648964688637,-537.6530281802812,4.832828894668127,0.0
14790.0,ASTRA-SC-01,EPS,32.754727450750934,-16.42774510763615,10.588596565923416,39.9972155924729,1.0,ANOMALOUS,0.9999303898118224,0.0450037589501615,1.0,True,0.5766550522648084,792.8487669431428,255.0,STANDBY,True,ASTRA_SIMULATED_EPS,-538.0863136310292,0.004600858731743785,-0.00853876230843369,0.0004935066128169297,0.5388203308106541,32.71557408101534,0.1974916756345163,-16.424492493525438,0.08256882429721375,10.278007162632374,0.17825647969279262,-537.3398027558399,4.624232532551724,0.0
14800.0,ASTRA-SC-01,EPS,32.57689047435584,-16.373974806275218,10.629680807754117,39.9972155924729,1.0,ANOMALOUS,0.9999303898118224,0.0450037589501615,1.0,True,0.578397212543554,792.6934783793474,255.0,STANDBY,True,ASTRA_SIMULATED_EPS,-533.4131838938897,-0.0177836976395092,0.005377030136093097,0.0041084241830700915,3.3073457260610923,32.71558044198032,0.19748688793205563,-16.412858837690887,0.07587378830000018,10.322286827326748,0.17757285407537696,-536.9609196882008,4.702193122522812,-0.0
14810.0,ASTRA-SC-01,EPS,32.910979794669075,-16.557093666267388,10.602413181648124,39.9972155924729,1.0,ANOMALOUS,0.9999303898118224,0.0450037589501615,1.0,True,0.5801393728222997,792.5401022469467,255.0,STANDBY,True,ASTRA_SIMULATED_EPS,-544.9101751089693,0.033408932031323245,-0.018311885999217025,-0.0027267626105992094,1.8244397126954446,32.711209087956526,0.1919456961211945,-16.424527507072284,0.08384024669419353,10.357246067401991,0.17766826254751839,-537.273335230695,5.07534641686151,0.0
14820.0,ASTRA-SC-01,EPS,32.655391355280095,-16.375406721791727,10.702810224939936,39.9972155924729,1.0,ANOMALOUS,0.9999303898118224,0.0450037589501615,1.0,True,0.5818815331010453,792.3886799798496,255.0,STANDBY,True,ASTRA_SIMULATED_EPS,-534.7453151019931,-0.025558843938897978,0.018168694447566126,0.010039704329181198,1.4067518176751461,32.68988734975099,0.17776390267263087,-16.41383660015104,0.07870926249209384,10.39670368352173,0.1846466634750841,-536.5716481153293,4.595625234767579,-0.0
14830.0,ASTRA-SC-01,EPS,33.04488019545827,-16.422544496903196,10.692084309713536,39.9972155924729,1.0,ANOMALOUS,0.9999303898118224,0.0450037589501615,1.0,True,0.5836236933797909,792.2392527490144,255.0,STANDBY,True,ASTRA_SIMULATED_EPS,-542.6810154047486,0.03894888401781742,-0.004713777511146944,-0.0010725915226400319,1.0917552498506526,32.7076196448948,0.19924517898310712,-16.41668806045556,0.0781599004230848,10.434342261574804,0.18339139514741154,-536.95632524147,4.859941620687115,0.0
14840.0,ASTRA-SC-01,EPS,32.98796689906298,-16.349274255176603,10.818433609029384,39.9972155924729,1.0,ANOMALOUS,0.9999303898118224,0.0450037589501615,1.0,True,0.5853658536585366,792.0918614251127,255.0,STANDBY,True,ASTRA_SIMULATED_EPS,-539.3293179534684,-0.005691329639528675,0.007327024172659335,0.012634929931584793,0.7767586820261592,32.7243978057566,0.2120193244297291,-16.41322653487096,0.08002254172616272,10.474456506800996,0.1976438079715764,-537.1173184739885,4.898301540871267,-0.0
14850.0,ASTRA-SC-01,EPS,32.846774559867455,-16.47110812752995,10.726381146308508,39.9972155924729,1.0,ANOMALOUS,0.9999303898118224,0.0450037589501615,1.0,True,0.5871080139372822,791.9465465433717,255.0,STANDBY,True,ASTRA_SIMULATED_EPS,-541.0227754161768,-0.014119233919552698,-0.012183387235334565,-0.009205246272087565,1.1588923217185236,32.73486162163145,0.21405416595458268,-16.41473597619019,0.0809429902836373,10.512246693665865,0.1870347275070832,-537.3390124776731,5.000613732772148,-0.0
14860.0,ASTRA-SC-01,EPS,32.544980458336035,-16.308756382257915,10.890352638364291,39.9972155924729,1.0,ANOMALOUS,0.9999303898118224,0.0450037589501615,1.0,True,0.5888501742160279,791.8033482704302,255.0,STANDBY,True,ASTRA_SIMULATED_EPS,-530.768157760347,-0.030179410153142072,0.016235174527203355,0.016397149205578287,1.8588904050630324,32.74521037255717,0.19943033559345139,-16.407289069222198,0.0853948020945683,10.552781595657027,0.19914167343268332,-537.2665842864137,5.092742590015381,-0.0
14870.0,ASTRA-SC-01,EPS,33.10271406375236,-16.288753280915657,10.926848931960796,39.9972155924729,1.0,ANOMALOUS,0.9999303898118224,0.0450037589501615,1.0,True,0.5905923344947736,791.6623063730533,255.0,STANDBY,True,ASTRA_SIMULATED_EPS,-539.2019423131591,0.0557733605416324,0.0020003101342258136,0.003649629359650497,2.1059471356698407,32.76256449631556,0.21887040765518945,-16.386358322127123,0.07140428538541761,10.596326879191846,0.2050755469906497,-536.8618453121234,4.631334747448808,0.0
14880.0,ASTRA-SC-01,EPS,32.704302990571726,-16.4580734757911,10.9488944176967,39.9972155924729,1.0,ANOMALOUS,0.9999303898118224,0.0450037589501615,1.0,True,0.5923344947735192,791.5234601885717,255.0,STANDBY,True,ASTRA_SIMULATED_EPS,-538.2498215933641,-0.03984110731806325,-0.016932019487544282,0.002204548573590337,2.353003866276649,32.78047660500021,0.2004191160618507,-16.39634171059774,0.07017248334441212,10.641177649998165,0.20360843047818833,-537.4804615212873,4.090090436902767,-0.0
14890.0,ASTRA-SC-01,EPS,32.86792243906784,-16.344222060379423,10.963341983904604,39.9972155924729,1.0,ANOMALOUS,0.9999303898118224,0.0450037589501615,1.0,True,0.5940766550522648,791.3868485969197,255.0,STANDBY,True,ASTRA_SIMULATED_EPS,-537.2006230074525,0.016361944849611378,0.011385141541167699,0.0014447566207904216,1.4371314392928698,32.77131766230352,0.19238901664269475,-16.396608445444564,0.06995117923019947,10.683765455223686,0.19941066413902983,-537.3395693934092,4.0586981221231735,0.0
14900.0,ASTRA-SC-01,EPS,32.852425486928084,-16.238081427446815,11.046205426687475,39.9972155924729,1.0,ANOMALOUS,0.9999303898118224,0.0450037589501615,1.0,True,0.5958188153310104,791.2525099941531,255.0,STANDBY,True,ASTRA_SIMULATED_EPS,-533.4603601458673,-0.0015496952139756105,0.010614063293260756,0.00828634427828714,0.1460039544855142,32.78723599258846,0.18824530519735388,-16.386673959179863,0.08109267845397677,10.729088967481005,0.19937458877471512,-537.2740526735066,4.1163162491478085,-0.0
14910.0,ASTRA-SC-01,EPS,32.88867456897179,-16.272069650938707,11.044542058674674,39.9972155924729,1.0,ANOMALOUS,0.9999303898118224,0.0450037589501615,1.0,True,0.5975609756097561,791.1204822673451,255.0,STANDBY,True,ASTRA_SIMULATED_EPS,-535.1668033133654,0.003624908204370314,-0.0033988223491892454,-0.00016633680128013139,0.5984684586508898,32.792065551339086,0.18996377904302914,-16.374499044578304,0.08381458875087529,10.774830337607463,0.18655435157673136,-536.9531047776247,4.077679114748584,0.0
14920.0,ASTRA-SC-01,EPS,32.72379349063654,-16.275870266256405,10.98639727379433,39.9972155924729,1.0,ANOMALOUS,0.9999303898118224,0.0450037589501615,1.0,True,0.5993031358885017,790.9908027707629,255.0,STANDBY,True,ASTRA_SIMULATED_EPS,-532.6082174733662,-0.01648810783352488,-0.00038006153176972646,-0.005814478488034425,1.0509329628162654,32.8114095394095,0.1638340046620935,-16.367022080674538,0.08744570195836633,10.810042938413009,0.17178630537495598,-537.0254399096754,3.9830007393396842,-0.0
14930.0,ASTRA-SC-01,EPS,32.97225917785552,-16.44113972604725,11.107595866171064,39.9972155924729,1.0,ANOMALOUS,0.9999303898118224,0.0450037589501615,1.0,True,0.6010452961672473,790.8635083032362,255.0,STANDBY,True,ASTRA_SIMULATED_EPS,-542.1015202265664,0.024846568721898166,-0.01652694597908457,0.012119859237673402,1.503397466981641,32.8289788937043,0.1661494880417173,-16.3736075634409,0.08915839251362562,10.844971896171396,0.1756897008357845,-537.5297028229176,4.121919103545189,0.0
14940.0,ASTRA-SC-01,EPS,32.66082118334341,-16.285820190656228,11.128693958663384,39.9972155924729,1.0,ANOMALOUS,0.9999303898118224,0.0450037589501615,1.0,True,0.6027874564459931,790.7386350866386,255.0,STANDBY,True,ASTRA_SIMULATED_EPS,-531.9082610711067,-0.03114379945121115,0.01553195353910226,0.0021098092492319864,2.0051437427240235,32.82271847587713,0.1708497626516965,-16.364145902308906,0.09052307087023137,10.880978389020727,0.17473634824911002,-537.1178326522561,4.363888138227348,-0.0
14950.0,ASTRA-SC-01,EPS,32.53788861423043,-16.293595811798934,11.13847980719825,39.9972155924729,1.0,ANOMALOUS,0.9999303898118224,0.0450037589501615,1.0,True,0.6045296167247387,790.6162187454055,255.0,STANDBY,True,ASTRA_SIMULATED_EPS,-530.1592056496052,-0.01229325691129759,-0.0007775621142705802,0.0009785848534866303,1.8761477543531182,32.82011835186877,0.17510205466177026,-16.358787302677154,0.09226203293742781,10.914898322317004,0.1718298904404191,-536.9009007693037,4.633738472743678,-0.0
14960.0,ASTRA-SC-01,EPS,32.94392952295094,-16.32627839431488,11.22403389305318,39.9972155924729,1.0,ANOMALOUS,0.9999303898118224,0.0450037589501615,1.0,True,0.6062717770034843,790.4962942870288,255.0,STANDBY,True,ASTRA_SIMULATED_EPS,-537.851764794386,0.040604090872050594,-0.0032682582515946024,0.00855540858549304,1.747151765982213,32.8223150004209,0.1765242271876749,-16.34339961788032,0.07433114168362247,10.95633970307734,0.16594193796291704,-536.4303400816648,4.088622784262566,0.0
14970.0,ASTRA-SC-01,EPS,32.64238544762002,-16.373858428000055,11.218119544395302,39.9972155924729,1.0,ANOMALOUS,0.9999303898118224,0.0450037589501615,1.0,True,0.60801393728223,790.3788960834564,255.0,STANDBY,True,ASTRA_SIMULATED_EPS,-534.4817980715394,-0.03015440753309164,-0.004758003368517549,-0.0005914348657878321,1.6181557776113076,32.82144793991023,0.17743230152330108,-16.343296398294207,0.07428458085283565,10.9906936577077,0.16302119732965592,-536.4127722796346,4.096937751679876,-0.0
14980.0,ASTRA-SC-01,EPS,32.93992073787774,-16.174057646104455,11.237483418010012,39.9972155924729,1.0,ANOMALOUS,0.9999303898118224,0.0450037589501615,1.0,True,0.6097560975609756,790.2640578533509,255.0,STANDBY,True,ASTRA_SIMULATED_EPS,-532.7721768725462,0.029753529025771996,0.019980078189560047,0.0019363873614709703,1.4891597892404023,32.814450642738194,0.16990133717990322,-16.326730608240958,0.08259189619664697,11.027053598260798,0.15212065578451422,-535.7521830441544,3.8023111031133214,0.0
14990.0,ASTRA-SC-01,EPS,32.9760239928135,-16.50374005148118,11.254625223527617,39.9972155924729,1.0,ANOMALOUS,0.9999303898118224,0.0450037589501615,1.0,True,0.6114982578397212,790.1518126451509,255.0,STANDBY,True,ASTRA_SIMULATED_EPS,-544.2277279088006,0.0036103254935760274,-0.0329682405376726,0.0017141805517605136,0.10950919535577071,32.813654448988224,0.1690560026896302,-16.337028327994595,0.09439029154836819,11.056133039227346,0.1510799341985488,-536.0787437078433,4.308175904480085,0.0
15000.0,ASTRA-SC-01,EPS,32.64218709288995,-16.429625302329352,11.271650381576633,39.9972155924729,1.0,ANOMALOUS,0.9999303898118224,0.0450037589501615,1.0,True,0.6132404181184669,790.0421928208896,255.0,STANDBY,True,ASTRA_SIMULATED_EPS,-536.2989029847133,-0.033383689992355414,0.007411474915182836,0.0017025158049015943,4.504324763208331,32.800015284523056,0.17436266781556858,-16.334262806314555,0.09071756220752678,11.092484321578555,0.13023117612407492,-535.763818879079,4.087984751446173,-0.0
15010.0,ASTRA-SC-01,EPS,32.86715463056076,-16.327814120107266,11.406197858143424,39.9972155924729,1.0,ANOMALOUS,0.9999303898118224,0.0450037589501615,1.0,True,0.6149825783972126,789.9352300407285,255.0,STANDBY,True,ASTRA_SIMULATED_EPS,-536.648791464619,0.0224967537670814,0.010181118222208596,0.013454747656679089,2.2096545071059164,32.82149356267137,0.15995042574039073,-16.33553332217118,0.09046793434605346,11.126874002897162,0.14072806660677584,-536.1558611260305,3.8497101950835937,0.0
15020.0,ASTRA-SC-01,EPS,32.912659530363534,-16.28312417625257,11.456416473501983,39.9972155924729,1.0,ANOMALOUS,0.9999303898118224,0.0450037589501615,1.0,True,0.6167247386759582,789.8309552481708,255.0,STANDBY,True,ASTRA_SIMULATED_EPS,-535.920922103632,0.004550489980277206,0.004468994385469572,0.005021861535855976,1.6132222805901315,32.80882326044545,0.14267749767096488,-16.335158048526974,0.09068725453416207,11.162178505666576,0.1528663128415196,-535.9371264453954,3.7563534087862354,0.0
15030.0,ASTRA-SC-01,EPS,32.78802090371308,-16.4057046697881,11.512622948229652,39.9972155924729,1.0,ANOMALOUS,0.9999303898118224,0.0450037589501615,1.0,True,0.6184668989547039,789.7293986559121,255.0,STANDBY,True,ASTRA_SIMULATED_EPS,-537.9105876531556,-0.012463862665045155,-0.01225804935355299,0.005620647472766827,1.0167900540743466,32.81440445465488,0.13990740868827284,-16.331666794793442,0.08653004623150584,11.199760407702106,0.16546228511954988,-535.9145108493815,3.742430373024893,-0.0
15040.0,ASTRA-SC-01,EPS,32.70281130527224,-16.38092842307108,11.486943726093893,39.9972155924729,1.0,ANOMALOUS,0.9999303898118224,0.0450037589501615,1.0,True,0.6202090592334495,789.6305897323042,255.0,STANDBY,True,ASTRA_SIMULATED_EPS,-535.7024112248642,-0.008520959844084075,0.0024776246717021166,-0.0025679222135758907,1.0039772327203489,32.80339704573517,0.1418773546434738,-16.334113885639553,0.08742487964535453,11.234667190514726,0.16724491965687863,-535.8146300638756,3.725608776284849,-0.0
15050.0,ASTRA-SC-01,EPS,32.649725636536694,-16.33317308917144,11.54905341030926,39.9972155924729,1.0,ANOMALOUS,0.9999303898118224,0.0450037589501615,1.0,True,0.6219512195121951,789.5345571883989,255.0,STANDBY,True,ASTRA_SIMULATED_EPS,-533.2736201355119,-0.00530856687355481,0.004775533389964082,0.006210968421536655,0.9911644113663509,32.78988372237574,0.1464534392087216,-16.340453329754528,0.08331496089719757,11.268190389422843,0.17688896232843823,-535.8021807298519,3.7343393982209103,-0.0
15060.0,ASTRA-SC-01,EPS,32.856551040406195,-16.37186549393321,11.5433805103457,39.9972155924729,1.0,ANOMALOUS,0.9999303898118224,0.0450037589501615,1.0,True,0.6236933797909407,789.4413289655449,255.0,STANDBY,True,ASTRA_SIMULATED_EPS,-537.9230342280815,0.020682540386950166,-0.0038692404761771827,-0.0005672899963558465,0.9783515900123532,32.78774215380471,0.145134578721153,-16.34710638595416,0.0814273589983726,11.301446286200912,0.17872116683743008,-535.9859294574997,3.7684965887450557,0.0
15070.0,ASTRA-SC-01,EPS,32.97561151709006,-16.248555606698645,11.707338322216582,39.9972155924729,1.0,ANOMALOUS,0.9999303898118224,0.0450037589501615,1.0,True,0.6254355400696864,789.3509322235165,255.0,STANDBY,True,ASTRA_SIMULATED_EPS,-535.80605740033,0.011906047668386321,0.01233098872345657,0.016395781187088156,0.9655387686583553,32.804530022234935,0.1516279802231286,-16.34528540865031,0.08341537160305296,11.349509022762396,0.18478165525370568,-536.1991187859638,3.6524316940322303,0.0
15080.0,ASTRA-SC-01,EPS,32.99296162010924,-16.189886843704986,11.569915415872366,39.9972155924729,1.0,ANOMALOUS,0.9999303898118224,0.0450037589501615,1.0,True,0.627177700348432,789.2633933291494,255.0,STANDBY,True,ASTRA_SIMULATED_EPS,-534.1523152682702,0.001735010301918294,0.005866876299365842,-0.01374229063442165,0.29572982510400525,32.80591018505185,0.153348213949933,-16.32853521649416,0.08789842711084814,11.380330326075816,0.18004510414633554,-535.6691717887442,3.2939555735799937,0.0
15090.0,ASTRA-SC-01,EPS,32.924694896137225,-16.290813212321904,11.64738826296919,39.9972155924729,1.0,ANOMALOUS,0.9999303898118224,0.0450037589501615,1.0,True,0.6289198606271778,789.1787378454659,255.0,STANDBY,True,ASTRA_SIMULATED_EPS,-536.3700546256599,-0.006826672397201606,-0.010092636861691772,0.007747284709682489,0.6764012706246609,32.82350176590477,0.15062642519067498,-16.328868084605205,0.08773441375155298,11.41490994636287,0.17806302687214795,-535.9666246923811,3.1273176590317435,-0.0
15100.0,ASTRA-SC-01,EPS,32.82697803035432,-16.202046883436168,11.735512433087925,39.9972155924729,1.0,ANOMALOUS,0.9999303898118224,0.0450037589501615,1.0,True,0.6306620209059234,789.096990521269,255.0,STANDBY,True,ASTRA_SIMULATED_EPS,-531.8642370893298,-0.009771686578290684,0.00887663288857361,0.008812417011873385,1.100832568041563,32.842774393646366,0.12831383925588782,-16.32276482271435,0.09336691052738778,11.454712121422181,0.17858557714683607,-536.0802934550294,2.9256413174859337,-0.0
15110.0,ASTRA-SC-01,EPS,32.655356824983386,-16.21717446661525,11.71403022082448,39.9972155924729,1.0,ANOMALOUS,0.9999303898118224,0.0450037589501615,1.0,True,0.632404181184669,789.0181752811928,255.0,STANDBY,True,ASTRA_SIMULATED_EPS,-529.5776189003307,-0.017162120537093272,-0.0015127583179083358,-0.0021482212263444823,1.5703235727625229,32.823536213781864,0.13358880144889257,-16.315491227534377,0.09724296524432072,11.4873785432736,0.17819057254077236,-535.528683728759,3.3210782023585295,-0.0
15120.0,ASTRA-SC-01,EPS,32.834959405852366,-16.3052229504586,11.77031052641369,39.9972155924729,1.0,ANOMALOUS,0.9999303898118224,0.0450037589501615,1.0,True,0.6341463414634146,788.9423152161905,255.0,STANDBY,True,ASTRA_SIMULATED_EPS,-535.3813336816804,0.01796025808689805,-0.008804848384334818,0.005628030558921004,2.0398145774834826,32.836374477664016,0.12383344925431806,-16.310915529031615,0.09590597040300625,11.52419127540816,0.17561092585034516,-535.588652769435,3.308923477680398,0.0
15130.0,ASTRA-SC-01,EPS,32.92508563951163,-16.366648985358015,11.913763582476982,39.9972155924729,1.0,ANOMALOUS,0.9999303898118224,0.0450037589501615,1.0,True,0.6358885017421603,788.8694325744489,255.0,STANDBY,True,ASTRA_SIMULATED_EPS,-538.8733194747388,0.009012623365926231,-0.006142603489941579,0.014345305606329184,1.467231831044323,32.83538547110628,0.12300386009670168,-16.323754951648517,0.0889119743915908,11.569276619705958,0.1833855471748304,-535.9953956095812,3.3129674543813574,0.0
15140.0,ASTRA-SC-01,EPS,32.50077112776881,-16.326284823047796,11.870170413050188,39.9972155924729,1.0,ANOMALOUS,0.9999303898118224,0.0450037589501615,1.0,True,0.6376306620209059,788.7995487527141,255.0,STANDBY,True,ASTRA_SIMULATED_EPS,-530.6168464006419,-0.04243145117428213,0.004036416231021888,-0.004359316942679392,1.2813493171359331,32.80370194676996,0.14366358859835668,-16.311924603086293,0.07376950373770932,11.61031296567413,0.1766949496360489,-535.0880035090373,2.7053866517864127,-0.0
15150.0,ASTRA-SC-01,EPS,32.895249838856174,-16.28130109611957,11.883852523886882,39.9972155924729,1.0,ANOMALOUS,0.9999303898118224,0.0450037589501615,1.0,True,0.6393728222996515,788.7326842880257,255.0,STANDBY,True,ASTRA_SIMULATED_EPS,-535.5774672584961,0.03944787110873662,0.004498372692822628,0.0013682110836693794,1.0954668032275432,32.82057279650105,0.13809255659239902,-16.302036322672308,0.06644268678307601,11.651126441828147,0.16306022543821144,-535.0399077939561,2.6886831130552666,0.0
15160.0,ASTRA-SC-01,EPS,32.866753029996225,-16.290631400315135,11.991349863109606,39.9972155924729,1.0,ANOMALOUS,0.9999303898118224,0.0450037589501615,1.0,True,0.6411149825783972,788.668858849835,255.0,STANDBY,True,ASTRA_SIMULATED_EPS,-535.4201589368591,-0.002849680885994843,-0.000933030419556502,0.010749733922272497,0.9095842893191531,32.82054602313008,0.13808291881439794,-16.299557474686164,0.0661050224375969,11.690136575492557,0.1701209710417012,-534.9579989587722,2.6546681896604674,-0.0
15170.0,ASTRA-SC-01,EPS,32.937074835791634,-16.193461808938224,11.908258455243772,39.9972155924729,1.0,ANOMALOUS,0.9999303898118224,0.0450037589501615,1.0,True,0.6428571428571429,788.6080912325145,255.0,STANDBY,True,ASTRA_SIMULATED_EPS,-533.3652634515321,0.007032180579540892,0.009716959137691106,-0.00830914078658349,0.7237017754107632,32.822173710158616,0.1393840583336366,-16.293579983531874,0.07152847428334552,11.720259374275344,0.16572726094583265,-534.7876217152988,2.670417892623861,0.0
15180.0,ASTRA-SC-01,EPS,32.78640452542646,-16.293006961323016,11.941068712517389,39.9972155924729,1.0,ANOMALOUS,0.9999303898118224,0.0450037589501615,1.0,True,0.6445993031358885,788.5503993482388,255.0,STANDBY,True,ASTRA_SIMULATED_EPS,-534.1891171695257,-0.015067031036517164,-0.009954515238479188,0.003281025727361708,1.5135876208492343,32.82206595160618,0.1394129698453682,-16.286066802967536,0.06448154870068785,11.74882242522786,0.1643001414064805,-534.5395236830568,2.5286620690974706,-0.0
15190.0,ASTRA-SC-01,EPS,32.858489887280925,-16.311814846848268,12.058808709377567,39.9972155924729,1.0,ANOMALOUS,0.9999303898118224,0.0450037589501615,1.0,True,0.6463414634146342,788.4958002202322,255.0,STANDBY,True,ASTRA_SIMULATED_EPS,-535.9816031883627,0.0072085361854462345,-0.0018807885525252033,0.011773999686017866,1.3540719367755973,32.83244452374009,0.13564475064356143,-16.281459231219348,0.05949548047273316,11.786946757446772,0.1655364835100994,-534.5581364806234,2.538840221115122,0.0
15200.0,ASTRA-SC-01,EPS,32.62391566423511,-16.115445506756306,12.015819115574423,39.9972155924729,1.0,ANOMALOUS,0.9999303898118224,0.0450037589501615,1.0,True,0.6480836236933798,788.444309976382,255.0,STANDBY,True,ASTRA_SIMULATED_EPS,-525.7489351039944,-0.023457422304581144,0.01963693400919624,-0.0042989593803143935,1.1945562527019604,32.83072385891999,0.13826647679504722,-16.26694405905834,0.07135517351169272,11.818064471131116,0.16144375697989818,-534.0564908118556,3.406058219818944,-0.0
15210.0,ASTRA-SC-01,EPS,32.83538895009775,-21.052830716209765,12.066608698331343,39.9972155924729,1.0,NOMINAL,0.9999303898118224,0.0450037589501615,1.0,True,0.6498257839721254,788.3959438432016,95.0,STANDBY,False,ASTRA_SIMULATED_EPS,-691.2778850673127,0.021147328586263826,-0.493738520945346,0.005078958275692003,0.042831028346286784,32.82931305289942,0.1380919788304109,-16.57900840721011,1.2393610703506426,11.852946350330159,0.1542189967601614,-544.280147534471,40.79407043595192,0.0
15220.0,ASTRA-SC-01,EPS,32.939226400795754,-21.27517774042061,12.2021595628809,39.9972155924729,1.0,NOMINAL,0.9999303898118224,0.0450037589501615,1.0,True,0.6515679442508711,788.350716140149,95.0,STANDBY,False,ASTRA_SIMULATED_EPS,-700.7878963088847,0.010383745069800198,-0.022234702421084405,0.013555086454955578,0.46700625325003897,32.8268873784798,0.13563632299477027,-16.914116549458242,1.7271894474967118,11.885934433041113,0.17266688643965042,-555.2789367950412,57.26283468304291,0.0
15230.0,ASTRA-SC-01,EPS,32.80174443709364,-21.203846017942148,12.148915779492611,39.9972155924729,1.0,NOMINAL,0.9999303898118224,0.0450037589501615,1.0,True,0.6533101045296167,788.3086402742844,95.0,STANDBY,False,ASTRA_SIMULATED_EPS,-695.523138164024,-0.013748196370211473,0.007133172247846176,-0.005324378338828773,1.927360771971078,32.81413956627876,0.12766442693016383,-17.248380494407385,2.034801708456161,11.924534457282464,0.1613194906115455,-566.0369916547583,67.29068977107755,-0.0
15240.0,ASTRA-SC-01,EPS,32.9320844288756,-21.201332790546903,12.160636650661203,39.9972155924729,1.0,NOMINAL,0.9999303898118224,0.0450037589501615,1.0,True,0.6550522648083623,788.2697287352728,95.0,STANDBY,False,ASTRA_SIMULATED_EPS,-698.2040814629793,0.013033999178195898,0.00025132273952443995,0.0011720871168591884,2.274006562174685,32.81463220179465,0.128134904343123,-17.57574846628905,2.2530487569851285,11.95875101646193,0.15252829516919006,-576.8259267772462,74.75412682238024,0.0
15250.0,ASTRA-SC-01,EPS,32.763092634412615,-21.265817419463676,12.32327011843575,39.9972155924729,1.0,NOMINAL,0.9999303898118224,0.0450037589501615,1.0,True,0.6567944250871081,788.2339930907215,95.0,STANDBY,False,ASTRA_SIMULATED_EPS,-696.7339460603939,-0.016899179446298263,-0.006448462891677309,0.016263346777454578,2.620652352378292,32.81037317539854,0.12875546309901295,-17.913333168690887,2.406647092503034,11.997934862151787,0.1659854631613371,-587.8172407086505,79.63252991864145,-0.0
15260.0,ASTRA-SC-01,EPS,32.7065369166509,-21.04252414532576,12.276763779426275,39.9972155924729,1.0,NOMINAL,0.9999303898118224,0.0450037589501615,1.0,True,0.6585365853658537,788.2014439818471,95.0,STANDBY,False,ASTRA_SIMULATED_EPS,-688.2280927786148,-0.005655571776171797,0.022329327413791587,-0.004650633900947376,0.2532799878548363,32.81378518150971,0.1249768100885969,-18.235023147271587,2.484953554909227,12.03545043272524,0.1607457808692917,-598.3939389672028,81.84970764048502,-0.0
15270.0,ASTRA-SC-01,EPS,32.63796324957606,-21.13432558754302,12.33944697347544,39.9972155924729,1.0,NOMINAL,0.9999303898118224,0.0450037589501615,1.0,True,0.6602787456445993,788.1720911194788,95.0,STANDBY,False,ASTRA_SIMULATED_EPS,-689.7813418308041,-0.006857366707483692,-0.009180144221726038,0.006268319404916412,0.7469781020710782,32.80065210442462,0.13270447325474746,-18.556963323077216,2.5294982855070356,12.073392862529355,0.16086134049447434,-608.6872728438109,83.0589391054482,-0.0
15280.0,ASTRA-SC-01,EPS,32.768549681629096,-21.000834320621266,12.385188612590303,39.9972155924729,1.0,NOMINAL,0.9999303898118224,0.0450037589501615,1.0,True,0.662020905923345,788.1459432803806,95.0,STANDBY,False,ASTRA_SIMULATED_EPS,-688.1668827909393,0.013058643205303611,0.013349126692175518,0.004574163911486373,0.978239513822116,32.79021637389912,0.1283020918787836,-18.865909012094765,2.525871547499475,12.104821197870244,0.1730376034464908,-618.6401770648911,83.04049738803647,0.0
15290.0,ASTRA-SC-01,EPS,32.95012338807085,-21.183036145658917,12.3138964196476,39.9972155924729,1.0,NOMINAL,0.9999303898118224,0.0450037589501615,1.0,True,0.6637630662020906,788.1230083039032,95.0,STANDBY,False,ASTRA_SIMULATED_EPS,-697.9836547334261,0.01815737064417533,-0.01822018250376516,-0.007129219294270328,0.9965526218205087,32.820173191252586,0.10649966935264574,-19.189692433602172,2.488074852649346,12.134402931643404,0.16791014685587916,-629.7979642870765,81.60005968231856,0.0
15300.0,ASTRA-SC-01,EPS,32.698797398246796,-21.109853452389675,12.42886350826786,39.9972155924729,1.0,NOMINAL,0.9999303898118224,0.0450037589501615,1.0,True,0.6655052264808362,788.1032930889534,95.0,STANDBY,False,ASTRA_SIMULATED_EPS,-690.2668211463707,-0.02513259898240534,0.00731826932692421,0.011496708862025962,3.434227118417396,32.80707636187863,0.10866501277806914,-19.511595924020178,2.39554916045783,12.170736997268802,0.16878610795202395,-640.1105878796017,78.56012432314509,-0.0
15310.0,ASTRA-SC-01,EPS,32.44329254215146,-21.131964083634113,12.443074436063826,39.9972155924729,1.0,NOMINAL,0.9999303898118224,0.0450037589501615,1.0,True,0.6672473867595818,788.0868035912847,95.0,STANDBY,False,ASTRA_SIMULATED_EPS,-685.5904927555791,-0.025550485609533526,-0.0022110631244437683,0.0014210927795966556,2.7942485628998113,32.77884566268897,0.14195974458465255,-19.834351436241445,2.252452546227101,12.200851968799084,0.1746888595965188,-650.1219434675163,73.68302338688434,-0.0
15320.0,ASTRA-SC-01,EPS,32.75390753968298,-20.987778351823753,12.489765191910749,39.9972155924729,1.0,NOMINAL,0.9999303898118224,0.0450037589501615,1.0,True,0.6689895470383276,788.0735448211038,95.0,STANDBY,False,ASTRA_SIMULATED_EPS,-687.4317515989952,0.031061499753151624,0.01441857318103601,0.004669075584692273,2.1542700073822267,32.766634509615066,0.13508852177712563,-20.153972539100483,2.0278691535092896,12.239619084576884,0.16956737276039288,-660.3930426773471,66.64731179115843,0.0
15330.0,ASTRA-SC-01,EPS,33.014291697951045,-21.154252878691523,12.54896692632169,39.9972155924729,1.0,NOMINAL,0.9999303898118224,0.0450037589501615,1.0,True,0.6707317073170732,788.0635208409917,95.0,STANDBY,False,ASTRA_SIMULATED_EPS,-698.3926751893425,0.026038415826806726,-0.016647452686776986,0.005920173441094079,1.5641081141194022,32.781826987783376,0.14951487755375992,-20.47805560025838,1.7338974339333846,12.280145632163835,0.16571728535448596,-671.3399465453349,57.26200376893489,0.0
15340.0,ASTRA-SC-01,EPS,33.067570178087145,-20.985009704900065,12.48081372388705,39.9972155924729,1.0,NOMINAL,0.9999303898118224,0.0450037589501615,1.0,True,0.6724738675958188,788.0567347641402,95.0,STANDBY,False,ASTRA_SIMULATED_EPS,-693.9232811046227,0.005327848013610037,0.016924317379145747,-0.006815320243464029,0.3148043075684131,32.79576567383712,0.166008486584011,-20.789601924128498,1.2965098239309967,12.3082792997978,0.16121772371169524,-681.8693917397522,43.44964795255097,0.0
15350.0,ASTRA-SC-01,EPS,32.75782185226121,-21.168234000188576,12.59312240816948,39.9972155924729,1.0,NOMINAL,0.9999303898118224,0.0450037589501615,1.0,True,0.6742160278745645,788.0531887528975,95.0,STANDBY,False,ASTRA_SIMULATED_EPS,-693.4252383051561,-0.030974832582593592,-0.018322429528851103,0.011230868428243035,1.6905417774329325,32.80469275303886,0.1595832436827287,-21.126454490357318,0.0951342637803147,12.346766185970806,0.1552095802143524,-693.047811953163,4.749369382805968,-0.0
15360.0,ASTRA-SC-01,EPS,32.91198400470763,-21.2228557724036,12.60520184796107,39.9972155924729,1.0,NOMINAL,0.9999303898118224,0.0450037589501615,1.0,True,0.6759581881533101,788.0528840176264,95.0,STANDBY,False,ASTRA_SIMULATED_EPS,-698.4862897155642,0.015416215244641762,-0.0054621772215025285,0.0012079439791589763,2.8223572065648006,32.809799090012845,0.16184503154728586,-21.137789494103576,0.095861844950298,12.38267239594612,0.14789526406270068,-693.5283722630465,4.919142343220056,0.0
15370.0,ASTRA-SC-01,EPS,32.46816173332238,-20.9705696088955,12.60925305043868,39.9972155924729,1.0,NOMINAL,0.9999303898118224,0.0450037589501615,1.0,True,0.6777003484320557,788.0558208158689,95.0,STANDBY,False,ASTRA_SIMULATED_EPS,-680.8758457015142,-0.0443822271385244,0.025228616350810286,0.0004051202477610261,1.7592017937638085,32.77839477884796,0.1796593189952182,-21.117482285335235,0.09693669705584214,12.409811961783307,0.14974447221661707,-692.2009022225551,5.475429193171947,-0.0
15380.0,ASTRA-SC-01,EPS,32.8085855236349,-21.16457326796956,12.725146816523258,39.9972155924729,1.0,NOMINAL,0.9999303898118224,0.0450037589501615,1.0,True,0.6794425087108014,788.0619984518195,95.0,STANDBY,False,ASTRA_SIMULATED_EPS,-694.3797121334163,0.03404237903125207,-0.01940036590740597,0.01158937660845787,1.7547287094341144,32.77885085128405,0.17973149559534476,-21.11486410200373,0.09494741717003531,12.448227364252014,0.1519306239490362,-692.1246738205144,5.433673759397221,0.0
15390.0,ASTRA-SC-01,EPS,32.33408111404124,-21.13243513440278,12.695440245396975,39.9972155924729,1.0,NOMINAL,0.9999303898118224,0.0450037589501615,1.0,True,0.681184668989547,788.0714152761054,95.0,STANDBY,False,ASTRA_SIMULATED_EPS,-683.2978717729944,-0.04745044095936635,0.003213813356677875,-0.0029706571126283166,1.8929839041480307,32.73898396362842,0.20749299575452965,-21.110270924927455,0.09208909363376115,12.483880937234401,0.14205103056241095,-691.1309265078489,5.60285372830688,-0.0
15400.0,ASTRA-SC-01,EPS,32.72502893730041,-20.93996748080247,12.689162760507012,39.9972155924729,1.0,NOMINAL,0.9999303898118224,0.0450037589501615,1.0,True,0.6829268292682927,788.0840686858689,95.0,STANDBY,False,ASTRA_SIMULATED_EPS,-685.2610417553904,0.03909478232591681,0.01924676536003105,-0.0006277484889963602,2.0312390988619473,32.73644638382094,0.20740983085674067,-21.088547595683373,0.09120448843302913,12.50827378003915,0.14390437403342246,-690.3660662208488,5.566315328016122,0.0
15410.0,ASTRA-SC-01,EPS,32.925996348676435,-21.092045298370824,12.82931578478738,39.9972155924729,1.0,NOMINAL,0.9999303898118224,0.0450037589501615,1.0,True,0.6846689895470384,788.0999551251555,95.0,STANDBY,False,ASTRA_SIMULATED_EPS,-694.4766064802757,0.02009674113760269,-0.015207781756835459,0.01401530242803677,1.3214774816563755,32.751077012622645,0.212819090605742,-21.091849005886377,0.0903114485093406,12.545110580396559,0.15095775299347816,-690.7826338009595,5.628351770820638,0.0
15420.0,ASTRA-SC-01,EPS,32.690006909995425,-21.21316058834113,12.853666678008713,39.9972155924729,1.0,NOMINAL,0.9999303898118224,0.0450037589501615,1.0,True,0.686411149825784,788.1190700856039,95.0,STANDBY,False,ASTRA_SIMULATED_EPS,-693.4583662157141,-0.023598943868100974,-0.012111528997030519,0.0024350893221333435,1.9484694190045633,32.75454658998394,0.21126181777695163,-21.09710467260625,0.09512552526769424,12.57939189403211,0.15908592104289693,-691.0277687599535,5.661602513609057,-0.0
15430.0,ASTRA-SC-01,EPS,32.86917546802634,-21.303699530112077,12.804434296757984,39.9972155924729,1.0,NOMINAL,0.9999303898118224,0.0450037589501615,1.0,True,0.6881533101045296,788.1414081074367,95.0,STANDBY,False,ASTRA_SIMULATED_EPS,-700.2350379733642,0.017916855803091637,-0.00905389417709479,-0.00492323812507287,1.978911554811301,32.76125497574375,0.21332577963879207,-21.11729568657231,0.10487489710748124,12.607341606309955,0.15935763823475133,-691.8323124387817,6.068844219117765,0.0
15440.0,ASTRA-SC-01,EPS,32.86278964083492,-21.04079692040337,12.829887616028216,39.9972155924729,1.0,NOMINAL,0.9999303898118224,0.0450037589501615,1.0,True,0.6898954703832753,788.1669627807524,95.0,STANDBY,False,ASTRA_SIMULATED_EPS,-691.4592830707431,-0.0006385827191422777,0.026290260970870706,0.00254533192702322,0.024289706361219455,32.755432725928024,0.20894974921624943,-21.107813071555267,0.10493667139800061,12.641741019401996,0.14667623496343887,-691.3973543279361,5.825403068173165,-0.0
15450.0,ASTRA-SC-01,EPS,32.32149440913974,-21.076481077931543,12.835196183127495,39.9972155924729,1.0,NOMINAL,0.9999303898118224,0.0450037589501615,1.0,True,0.6916376306620209,788.1957267471128,95.0,STANDBY,False,ASTRA_SIMULATED_EPS,-681.2233653247039,-0.05412952316951802,-0.003568415752817344,0.000530856709927896,0.20966125321255202,32.73027919332088,0.23707207571324168,-21.105588246591388,0.1052436469192099,12.668829864392638,0.14199995810467408,-690.7944572731584,6.39125611830557,-0.0
15460.0,ASTRA-SC-01,EPS,32.468586245448904,-21.4488345541122,12.96918802805425,39.9972155924729,1.0,NOMINAL,0.9999303898118224,0.0450037589501615,1.0,True,0.6933797909407665,788.2276917014324,95.0,STANDBY,False,ASTRA_SIMULATED_EPS,-696.4133345845565,0.014709183630916556,-0.037235347618065615,0.013399184492675431,0.3950328000638846,32.73196544020738,0.23496558665196626,-21.12671294462326,0.13770976282407843,12.703904103858665,0.14713752371037134,-691.5159800617569,6.372685996278144,0.0
15470.0,ASTRA-SC-01,EPS,32.82051688983611,-21.16140976594748,13.030130899232384,39.9972155924729,1.0,NOMINAL,0.9999303898118224,0.0450037589501615,1.0,True,0.6951219512195121,788.2628483941618,95.0,STANDBY,False,ASTRA_SIMULATED_EPS,-694.5284066360219,0.03519306443872026,0.028742478816472072,0.00609428711781348,1.2244269070679947,32.73640606355092,0.23603687563244694,-21.13828837223151,0.13239197573543243,12.739928484346773,0.15679705284607226,-691.9890903975587,6.3109432517873,0.0
15480.0,ASTRA-SC-01,EPS,32.90394341090455,-20.958697458455497,12.923147761659669,39.9972155924729,1.0,NOMINAL,0.9999303898118224,0.0450037589501615,1.0,True,0.6968641114982579,788.3011866337653,95.0,STANDBY,False,ASTRA_SIMULATED_EPS,-689.6237951392887,0.00834265210684464,0.02027123074919821,-0.010698313757271549,0.4115513364759373,32.72904951108116,0.22835189748739934,-21.125251344215776,0.14011104338548572,12.764873873369309,0.1539859273186128,-691.4044983942217,6.07720901929993,0.0
15490.0,ASTRA-SC-01,EPS,32.79375779556661,-21.31782904802434,13.01333465991453,39.9972155924729,1.0,NOMINAL,0.9999303898118224,0.0450037589501615,1.0,True,0.6986062717770035,788.3426952894944,95.0,STANDBY,False,ASTRA_SIMULATED_EPS,-699.0917225282046,-0.011018561533794014,-0.035913158956884315,0.00901868982548617,0.3068112595447922,32.71079535224645,0.2095261580285478,-21.147439300424065,0.1426457490968706,12.800375269104473,0.14493857783066647,-691.7490611557938,6.3696987403172995,-0.0
15500.0,ASTRA-SC-01,EPS,32.758651714386914,-21.070863000854573,13.059015827160378,39.9972155924729,1.0,NOMINAL,0.9999303898118224,0.0450037589501615,1.0,True,0.7003484320557491,788.3873622944528,95.0,STANDBY,False,ASTRA_SIMULATED_EPS,-690.2530623665565,-0.003510608117969838,0.02469660471697672,0.004568116724584748,0.1421494232993334,32.71085067638817,0.20953957116175437,-21.14094790046846,0.14384236717234278,12.831434830370533,0.14725377111960222,-691.5375827598873,6.3627288870191885,-0.0
15510.0,ASTRA-SC-01,EPS,32.901660973649314,-21.063810811710383,13.196332766617498,39.9972155924729,1.0,NOMINAL,0.9999303898118224,0.0450037589501615,1.0,True,0.7020905923344948,788.4351746489517,95.0,STANDBY,False,ASTRA_SIMULATED_EPS,-693.034362139984,0.014300925926239928,0.0007052189144189924,0.013731693945712031,0.4902766724883217,32.71016247431761,0.20884760264122276,-21.130344903088915,0.14323398688561043,12.870843558280962,0.16085593544266572,-691.1741209215153,6.0871921570353935,0.0
15520.0,ASTRA-SC-01,EPS,32.74771625497897,-21.24742722223762,13.1326542832935,39.9972155924729,1.0,NOMINAL,0.9999303898118224,0.0450037589501615,1.0,True,0.7038327526132404,788.486118424157,95.0,STANDBY,False,ASTRA_SIMULATED_EPS,-695.8047178221535,-0.015394471867034553,-0.018361641052723598,-0.006367848332399895,0.8384039216773099,32.72879944242805,0.19789578334138458,-21.14880207731172,0.13894854278944901,12.905736973804615,0.15677482778420274,-692.1693790628912,5.472558755301245,-0.0
15530.0,ASTRA-SC-01,EPS,32.66785238451104,-20.98079968783991,13.137868266973676,39.9972155924729,1.0,NOMINAL,0.9999303898118224,0.0450037589501615,1.0,True,0.705574912891986,788.5401787660217,95.0,STANDBY,False,ASTRA_SIMULATED_EPS,-685.3976671113495,-0.007986387046792488,0.02666275343977098,0.0005213983680176781,0.29953346959582,32.71941723315312,0.1971777139412674,-21.136550505303077,0.14541033633174946,12.933251737167977,0.159017755543223,-691.5705760614202,5.700104169327313,-0.0
15540.0,ASTRA-SC-01,EPS,32.70667110292215,-21.19882199781167,13.219544628977395,39.9972155924729,1.0,NOMINAL,0.9999303898118224,0.0450037589501615,1.0,True,0.7073170731707317,788.5973398995087,95.0,STANDBY,False,ASTRA_SIMULATED_EPS,-693.3428988518174,0.003881871841110751,-0.021802230997176153,0.00816763620037193,0.17804929420358565,32.74425656574519,0.1662034821581065,-21.140976296197003,0.14628380217323853,12.968192029406673,0.1606037728716356,-692.2402445333416,5.229403677229602,0.0
15550.0,ASTRA-SC-01,EPS,32.77355394745161,-21.219528183249015,13.298401690330849,39.9972155924729,1.0,NOMINAL,0.9999303898118224,0.0450037589501615,1.0,True,0.7090592334494773,788.6575851330953,95.0,STANDBY,False,ASTRA_SIMULATED_EPS,-695.4393516531815,0.006688284452945936,-0.002070618543734426,0.007885706135345316,0.8728059321679392,32.747491566421935,0.1662747341813863,-21.159613676360106,0.136313946173269,13.008807958061595,0.16202872064763715,-692.9187985265277,4.909697121843591,0.0
15560.0,ASTRA-SC-01,EPS,32.6590146102965,-21.146459752465137,13.279175711111652,39.9972155924729,1.0,NOMINAL,0.9999303898118224,0.0450037589501615,1.0,True,0.710801393728223,788.7208968635631,95.0,STANDBY,False,ASTRA_SIMULATED_EPS,-690.6225380118059,-0.0114539337155108,0.007306843078387715,-0.0019225979219196887,1.5675625701322928,32.72969278386327,0.1599719363219427,-21.16324130663306,0.1351060513045165,13.038798619816545,0.16795747190054244,-692.6618606286297,4.923178068189349,-0.0
15570.0,ASTRA-SC-01,EPS,32.531889738538844,-21.09922729732729,13.2251475253477,39.9972155924729,1.0,NOMINAL,0.9999303898118224,0.0450037589501615,1.0,True,0.7125435540069687,788.7872565810706,95.0,STANDBY,False,ASTRA_SIMULATED_EPS,-686.3977360050203,-0.01271248717576583,0.004723245513784846,-0.005402818576395241,2.0263842544232813,32.7191516390995,0.1677920962529293,-21.155645753898806,0.13530164811804798,13.063564009639144,0.16608693589723703,-692.1911519479169,5.1727920637958515,-0.0
15580.0,ASTRA-SC-01,EPS,32.93435800482473,-21.26117293733091,13.34380028628984,39.9972155924729,1.0,NOMINAL,0.9999303898118224,0.0450037589501615,1.0,True,0.7142857142857143,788.8566448745023,95.0,STANDBY,False,ASTRA_SIMULATED_EPS,-700.2230811205472,0.04024682662858865,-0.016194564000362278,0.011865276094214039,2.4852059387142695,32.72349714155273,0.17272645707644604,-21.152810647713395,0.13239200508724733,13.099521742274602,0.16435544418581152,-692.1903548243956,5.171464717952917,0.0
15590.0,ASTRA-SC-01,EPS,32.98077743645318,-21.061311602585313,13.35290323555011,39.9972155924729,1.0,NOMINAL,0.9999303898118224,0.0450037589501615,1.0,True,0.7160278745644599,788.9290414371012,95.0,STANDBY,False,ASTRA_SIMULATED_EPS,-694.6184304846553,0.0046419431628450525,0.019986133474559863,0.0009102949260270776,0.2322581888464686,32.731362994593944,0.18196245310606932,-21.154178293192192,0.13125328444745848,13.134389450242729,0.1584390896218615,-692.4009646519899,5.203792577240591,0.0
15600.0,ASTRA-SC-01,EPS,32.761491309897096,-21.222907601681143,13.444981571270691,39.9972155924729,1.0,NOMINAL,0.9999303898118224,0.0450037589501615,1.0,True,0.7177700348432056,789.0044250723731,95.0,STANDBY,False,ASTRA_SIMULATED_EPS,-695.2941029632258,-0.021928612655608505,-0.016159599909583024,0.0092078335720581,1.3570022016822534,32.7606961213111,0.14231595984209336,-21.16394006144217,0.13050490529671496,13.175041809452274,0.15436572334207851,-693.3390138278913,4.220230861472128,-0.0
15610.0,ASTRA-SC-01,EPS,32.68470879683336,-21.276346135472412,13.435707803916864,39.9972155924729,1.0,NOMINAL,0.9999303898118224,0.0450037589501615,1.0,True,0.7195121951219512,789.0827737002683,95.0,STANDBY,False,ASTRA_SIMULATED_EPS,-695.4111776985467,-0.00767825130637334,-0.0053438533791268835,-0.0009273767353827012,1.4368379447618502,32.775104291403395,0.1197871974392,-21.15244083353285,0.10952109848223357,13.206143127843117,0.15690408190778984,-693.272203368824,4.175783414676974,-0.0
15620.0,ASTRA-SC-01,EPS,32.668859855546806,-21.269195817869097,13.361185972437626,39.9972155924729,1.0,NOMINAL,0.9999303898118224,0.0450037589501615,1.0,True,0.7212543554006968,789.1640643636333,95.0,STANDBY,False,ASTRA_SIMULATED_EPS,-694.8403774141477,-0.001584894128655634,0.0007150317603315415,-0.007452183147923818,0.992966945428122,32.76499382245078,0.12205908104047221,-21.15962657032762,0.11361116538377174,13.228213466056799,0.15362662401257932,-693.293001420699,4.183257228622897,-0.0
15630.0,ASTRA-SC-01,EPS,32.72022817550169,-21.17564509996587,13.476365128767693,39.9972155924729,1.0,NOMINAL,0.9999303898118224,0.0450037589501615,1.0,True,0.7229965156794426,789.2482732349359,95.0,STANDBY,False,ASTRA_SIMULATED_EPS,-692.8719394343275,0.005136831995488223,0.009355071790322711,0.01151791563300666,0.5490959460943937,32.752746140090586,0.1161971105092042,-21.17408974642831,0.09908556545744195,13.265094623864,0.14104883175845043,-693.5095443737016,4.062070463225862,0.0
15640.0,ASTRA-SC-01,EPS,32.95543548268446,-21.110728852327895,13.485429036627307,39.9972155924729,1.0,NOMINAL,0.9999303898118224,0.0450037589501615,1.0,True,0.7247386759581882,789.3353756232553,95.0,STANDBY,False,ASTRA_SIMULATED_EPS,-695.7132626853372,0.023520730718276893,0.006491624763797432,0.0009063907859614417,3.6232424969242794,32.76352465256511,0.12724642223945573,-21.160283066715216,0.091786063350625,13.296567582311518,0.13331830558701013,-693.2843137175104,3.8166978902492477,0.0
15650.0,ASTRA-SC-01,EPS,32.766920478267856,-21.115320509153737,13.589281228691114,39.9972155924729,1.0,NOMINAL,0.9999303898118224,0.0450037589501615,1.0,True,0.7264808362369338,789.4253459815393,95.0,STANDBY,False,ASTRA_SIMULATED_EPS,-691.8840279965789,-0.018851500441660108,-0.00045916568258412837,0.010385219206380646,2.0504851089288545,32.76407590349051,0.1272417147345828,-21.163246900601827,0.08937859231142566,13.331918609080235,0.13610337574844708,-693.3930447595119,3.7467656313834823,-0.0
15660.0,ASTRA-SC-01,EPS,32.82013916331832,-21.226720125961577,13.50660767990229,39.9972155924729,1.0,NOMINAL,0.9999303898118224,0.0450037589501615,1.0,True,0.7282229965156795,789.5181579141263,95.0,STANDBY,False,ASTRA_SIMULATED_EPS,-696.6639085148688,0.005321868505046723,-0.011139961680784082,-0.008267354878882393,0.4777277209334301,32.75864111613511,0.12260177679565516,-21.174107521551907,0.08627674613965187,13.352603603299222,0.13759477784486507,-693.6350145178375,3.8380351537196735,0.0
15670.0,ASTRA-SC-01,EPS,32.56241449722818,-21.10374003580803,13.615666570191994,39.9972155924729,1.0,NOMINAL,0.9999303898118224,0.0450037589501615,1.0,True,0.7299651567944251,789.6137841845252,95.0,STANDBY,False,ASTRA_SIMULATED_EPS,-687.1887304877303,-0.02577246660901409,0.012298009015354694,0.010905889028970429,2.095661710512315,32.74628766561839,0.13270083343201147,-21.16452837578993,0.08552814114186902,13.384804422425788,0.13895619822592506,-693.0606153622094,4.124189472705716,-0.0
15680.0,ASTRA-SC-01,EPS,32.89410995369488,-21.194890586166615,13.687549667587245,39.9972155924729,1.0,NOMINAL,0.9999303898118224,0.0450037589501615,1.0,True,0.7317073170731707,789.7121967234584,95.0,STANDBY,False,ASTRA_SIMULATED_EPS,-697.1870613978972,0.03316954564666972,-0.009115055035858433,0.007188309739525067,3.6389846815166154,32.76137150356398,0.13596734369795438,-21.17880110234505,0.06893104897232329,13.421449849133358,0.14163773192685392,-693.8465749813126,3.6563636936372137,0.0
15690.0,ASTRA-SC-01,EPS,32.720029959542245,-21.077749295037915,13.645619911062395,39.9972155924729,1.0,NOMINAL,0.9999303898118224,0.0450037589501615,1.0,True,0.7334494773519163,789.8133666371564,95.0,STANDBY,False,ASTRA_SIMULATED_EPS,-689.664588413361,-0.017407999415263477,0.011714129112869998,-0.004192975652484954,1.4860685969508203,32.762262094005315,0.13562678620116583,-21.1707295888268,0.07336515556815867,13.449854867939024,0.14097651319436522,-693.6013542854154,3.8125662580446438,-0.0
15700.0,ASTRA-SC-01,EPS,32.69965622503668,-21.12114204461016,13.698312042930576,39.9972155924729,1.0,NOMINAL,0.9999303898118224,0.0450037589501615,1.0,True,0.735191637630662,789.9172642159085,95.0,STANDBY,False,ASTRA_SIMULATED_EPS,-690.6540839389205,-0.0020373734505568565,-0.004339274957224503,0.005269213186818078,2.063079048726226,32.757335579177656,0.13652647114949493,-21.164170512917543,0.07308827553702071,13.47651555811234,0.14793152339695184,-693.2823364377981,3.847827243789225,-0.0
15710.0,ASTRA-SC-01,EPS,32.85796650282434,-21.18110602604245,13.706128035611878,39.9972155924729,1.0,NOMINAL,0.9999303898118224,0.0450037589501615,1.0,True,0.7369337979094077,790.0238589428643,95.0,STANDBY,False,ASTRA_SIMULATED_EPS,-695.9680722964736,0.015831027778766327,-0.005996398143228987,0.0007815992681301509,2.6400895005016314,32.770599038679514,0.1359552084974822,-21.16648026448936,0.07303602857387168,13.504979046412355,0.14832363763063294,-693.6387053901092,3.8313976371531715,0.0
15720.0,ASTRA-SC-01,EPS,33.19111012668916,-21.06204135711444,13.774275973941132,39.9972155924729,1.0,NOMINAL,0.9999303898118224,0.0450037589501615,1.0,True,0.7386759581881533,790.1331195030815,95.0,STANDBY,False,ASTRA_SIMULATED_EPS,-699.072534176867,0.03331436238648209,0.011906466892801148,0.0068147938329254035,2.7980057128974605,32.8145470645562,0.15803468709085752,-21.164001201808503,0.07605073404489171,13.541587609651918,0.14195345619953284,-694.483691934899,3.504072464297377,0.0
15730.0,ASTRA-SC-01,EPS,32.81775873835187,-21.08508789170838,13.794066009000254,39.9972155924729,1.0,NOMINAL,0.9999303898118224,0.0450037589501615,1.0,True,0.740418118466899,790.2450137928198,95.0,STANDBY,False,ASTRA_SIMULATED_EPS,-691.9653274070299,-0.037335138833729076,-0.002304653459394146,0.0019790035059122245,1.4461185468489088,32.80677378012468,0.15454975313388908,-21.152262198767,0.07352837135765071,13.571605324499277,0.14472154074113203,-693.9331750206644,3.1707916121626867,-0.0
15740.0,ASTRA-SC-01,EPS,32.80372150237403,-21.23405351078997,13.7940719599104,39.9972155924729,1.0,NOMINAL,0.9999303898118224,0.0450037589501615,1.0,True,0.7421602787456446,790.3595089290782,95.0,STANDBY,False,ASTRA_SIMULATED_EPS,-696.5559777344617,-0.0014037235977838237,-0.014896561908159,5.950910146879096e-07,0.094231380800357,32.79497005118606,0.14688209324961177,-21.163778325980648,0.07177265173038368,13.601016572789964,0.14190188215630128,-694.0623448373183,3.239423655421041,-0.0
15750.0,ASTRA-SC-01,EPS,32.27948330855664,-21.180545536844857,13.803565708583232,39.9972155924729,1.0,NOMINAL,0.9999303898118224,0.0450037589501615,1.0,True,0.7439024390243902,790.476571259368,95.0,STANDBY,False,ASTRA_SIMULATED_EPS,-683.6970661227075,-0.05242381938173892,0.005350797394511275,0.000949374867283126,9.797384486191548,32.762836184430036,0.19841476494266477,-21.16095418832489,0.07009362174089037,13.624922181944132,0.14392782832006745,-693.2892090479504,4.1736401479916845,-0.0
15760.0,ASTRA-SC-01,EPS,33.060617291204956,-21.205424696680417,13.798333369578431,39.9972155924729,1.0,NOMINAL,0.9999303898118224,0.0450037589501615,1.0,True,0.7456445993031359,790.5961663717256,95.0,STANDBY,False,ASTRA_SIMULATED_EPS,-701.0644303944172,0.07811339826483135,-0.0024879159835560216,-0.0005232339004800579,6.002240108869549,32.78789675072148,0.21117140708407242,-21.156226092405426,0.06386963430307148,13.649097219654903,0.1402843920472123,-693.6660925610084,4.611247952291853,0.0
15770.0,ASTRA-SC-01,EPS,32.791243796767226,-21.327473546029083,13.911164493899324,39.9972155924729,1.0,NOMINAL,0.9999303898118224,0.0450037589501615,1.0,True,0.7473867595818815,790.7182591049561,95.0,STANDBY,False,ASTRA_SIMULATED_EPS,-699.3543846169433,-0.026937349443772973,-0.012204884934866555,0.011283112432089303,2.20709573154755,32.79605568013617,0.20859221714432646,-21.160111274282762,0.07243111729284944,13.685762454419017,0.13124057176473672,-693.9670263745281,4.835211708178865,-0.0
15780.0,ASTRA-SC-01,EPS,32.84713852820991,-21.108700004394972,13.877583382534,39.9972155924729,1.0,NOMINAL,0.9999303898118224,0.0450037589501615,1.0,True,0.7491289198606271,790.842813559106,95.0,STANDBY,False,ASTRA_SIMULATED_EPS,-693.3603931947868,0.005589473144268453,0.021877354163411057,-0.0033581111365323935,0.25549127661957444,32.80451637031671,0.20786944399891105,-21.155648267911367,0.07346076556090399,13.712510338003437,0.1263084424305358,-693.9995899585587,4.828950597947404,0.0
15790.0,ASTRA-SC-01,EPS,32.805001228226814,-21.370610729825973,13.981756537955984,39.9972155924729,1.0,NOMINAL,0.9999303898118224,0.0450037589501615,1.0,True,0.7508710801393729,790.9697931061646,95.0,STANDBY,False,ASTRA_SIMULATED_EPS,-701.0629112398982,-0.004213729998309645,-0.026191072543100092,0.010417315542198402,0.16088420935704414,32.79448742001954,0.2036542657520778,-21.172973726411236,0.0907269492676095,13.745598838092016,0.12757585502407953,-694.3562331955294,5.151342485325066,-0.0
15800.0,ASTRA-SC-01,EPS,32.884517377627986,-21.16781692706744,13.976238265630634,39.9972155924729,1.0,NOMINAL,0.9999303898118224,0.0450037589501615,1.0,True,0.7526132404181185,791.099160400986,95.0,STANDBY,False,ASTRA_SIMULATED_EPS,-696.0934435845971,0.007951614940117225,0.020279380275853142,-0.0005518272325350182,0.39210344852526335,32.802327213310214,0.2047776426540065,-21.176473487605488,0.08934615057691855,13.771395973887984,0.132728334333481,-694.6368609013973,5.121616892895376,0.0
15810.0,ASTRA-SC-01,EPS,32.86744555792908,-21.048626290145354,13.991299515039852,39.9972155924729,1.0,NOMINAL,0.9999303898118224,0.0450037589501615,1.0,True,0.7543554006968641,791.2308773924314,95.0,STANDBY,False,ASTRA_SIMULATED_EPS,-691.8145786605471,-0.0017071819698905699,0.011919063692208808,0.0015061249409217936,0.14323121463026595,32.80548097295094,0.20543478306087679,-21.164600565217736,0.09390875954225604,13.803708762897154,0.12224633563459338,-694.3135722444425,5.137551223590785,-0.0
15820.0,ASTRA-SC-01,EPS,32.8221614092182,-21.351738620217635,13.99145970187099,39.9972155924729,1.0,NOMINAL,0.9999303898118224,0.0450037589501615,1.0,True,0.7560975609756098,791.3649053347269,95.0,STANDBY,False,ASTRA_SIMULATED_EPS,-700.810211360221,-0.0045284148710884155,-0.03031123300722811,1.601868311382759e-05,0.14939725051793687,32.82279743375027,0.19411839711744847,-21.18113380417838,0.10374432837988308,13.828761638342423,0.11943144548600437,-695.2216709692754,4.989956744603074,-0.0
15830.0,ASTRA-SC-01,EPS,32.81546509675322,-21.112435013622385,14.051299048071792,39.9972155924729,1.0,NOMINAL,0.9999303898118224,0.0450037589501615,1.0,True,0.7578397212543554,791.5012047990353,95.0,STANDBY,False,ASTRA_SIMULATED_EPS,-692.814374296996,-0.0006696312464974597,0.02393036065952501,0.005983934620080155,0.027982497047361724,32.81755444328749,0.19311419323853485,-21.17563676600876,0.10513848443753576,13.853011597041391,0.12548629776742823,-694.9301584958819,4.994661301840289,-0.0
15840.0,ASTRA-SC-01,EPS,32.7607343670233,-21.284633714107876,14.066537620837398,39.9972155924729,1.0,NOMINAL,0.9999303898118224,0.0450037589501615,1.0,True,0.759581881533101,791.6397356852345,95.0,STANDBY,False,ASTRA_SIMULATED_EPS,-697.3002312072767,-0.005473072972991844,-0.01721987004854917,0.0015238572765605696,0.3178347430939508,32.8202680704529,0.19192824596212474,-21.189429060613424,0.10494977696922035,13.881072777693058,0.12283146308043397,-695.4392013488097,4.805184166628502,-0.0
15850.0,ASTRA-SC-01,EPS,32.84779846760507,-21.41020228108611,14.18640703200127,39.9972155924729,1.0,NOMINAL,0.9999303898118224,0.0450037589501615,1.0,True,0.7613240418118467,791.7804572339007,95.0,STANDBY,False,ASTRA_SIMULATED_EPS,-703.2780096797749,0.008706410058176317,-0.012556856697823448,0.011986941116387229,0.693359036237584,32.830144219957454,0.18906876166970718,-21.208699743045155,0.11732424238133214,13.913612443631106,0.13500556319420423,-696.2807963981999,5.008439037328387,0.0
15860.0,ASTRA-SC-01,EPS,32.69029665791734,-21.16773090533853,14.087867163156458,39.9972155924729,1.0,NOMINAL,0.9999303898118224,0.0450037589501615,1.0,True,0.7630662020905923,791.9233280384955,95.0,STANDBY,False,ASTRA_SIMULATED_EPS,-691.9794028704816,-0.01575018096877301,0.02424713757475807,-0.009853986884481181,0.6495686725994979,32.81896623029699,0.19223627618531916,-21.207808068331563,0.1175994400172019,13.939061718800742,0.1289437786992206,-696.0148851031337,5.130622490307702,-0.0
15870.0,ASTRA-SC-01,EPS,32.9091118535336,-21.17769362851367,14.199506884378378,39.9972155924729,1.0,NOMINAL,0.9999303898118224,0.0450037589501615,1.0,True,0.764808362369338,792.068306057746,95.0,STANDBY,False,ASTRA_SIMULATED_EPS,-696.9390884206223,0.02188151956162656,-0.0009962723175139133,0.011163972122191978,2.9743724270993006,32.80016634541995,0.16511913903048855,-21.215518219758177,0.11096397258126157,13.967410446163226,0.13664175275176194,-695.8726553860507,5.069006062479418,0.0
15880.0,ASTRA-SC-01,EPS,32.63634058477597,-21.22916790666747,14.149996513459287,39.9972155924729,1.0,NOMINAL,0.9999303898118224,0.0450037589501615,1.0,True,0.7665505226480837,792.2153486282226,95.0,STANDBY,False,ASTRA_SIMULATED_EPS,-692.8423541333951,-0.027277126875763003,-0.005147427815380112,-0.004951037091909072,5.299176181599104,32.788071801848226,0.17030137966826592,-21.225123554088785,0.10493955801784294,13.991139146460496,0.13528730542795092,-695.9311238344751,5.02558987166564,-0.0
15890.0,ASTRA-SC-01,EPS,32.757971552513425,-21.146902196075494,14.277760020855688,39.9972155924729,1.0,NOMINAL,0.9999303898118224,0.0450037589501615,1.0,True,0.7682926829268293,792.3644124771018,95.0,STANDBY,False,ASTRA_SIMULATED_EPS,-692.7296205628247,0.012163096773745252,0.008226571059197597,0.01277635073964003,1.4785135491106567,32.78502180519085,0.17041072516677805,-21.219313466441154,0.10680584242425846,14.023385017190181,0.14241696254232944,-695.6760333563659,5.088326018140203,0.0
15900.0,ASTRA-SC-01,EPS,32.801913957238625,-21.374614154690583,14.298903176978856,39.9972155924729,1.0,NOMINAL,0.9999303898118224,0.0450037589501615,1.0,True,0.7700348432055749,792.5154537351187,95.0,STANDBY,False,ASTRA_SIMULATED_EPS,-701.1282543713353,0.004394240472520039,-0.022771195861508886,0.0021143156123168082,0.19297363648554836,32.81985051510298,0.09749652053699065,-21.23225137429753,0.11332927410661532,14.056407515083224,0.14520643544068387,-696.8381125729411,4.03953232586109,0.0
15910.0,ASTRA-SC-01,EPS,32.80260246555334,-21.52912830843569,14.334377619242318,39.9972155924729,1.0,NOMINAL,0.9999303898118224,0.0450037589501615,1.0,True,0.7717770034843205,792.6684279496963,95.0,STANDBY,False,ASTRA_SIMULATED_EPS,-706.2114373315069,6.885083147167848e-05,-0.015451415374510802,0.003547444226346208,0.004455956286390257,32.802649526726206,0.07119828747800329,-21.253831615081214,0.13633990681919905,14.092143798394149,0.14310276266737434,-697.1812463687471,4.603421417330658,0.0
15920.0,ASTRA-SC-01,EPS,32.795449883425114,-21.141548069882603,14.26902861230988,39.9972155924729,1.0,NOMINAL,0.9999303898118224,0.0450037589501615,1.0,True,0.7735191637630662,792.8232900982533,95.0,STANDBY,False,ASTRA_SIMULATED_EPS,-693.3465801838579,-0.0007152582128227891,0.03875802385530882,-0.006534900693243806,0.01845445514696482,32.8029299325034,0.07115843024746762,-21.241436583338118,0.13761226352911415,14.116001406288186,0.1405841274531511,-696.780726073208,4.661826203586216,-0.0
15930.0,ASTRA-SC-01,EPS,32.27845372195741,-21.24916129433276,14.366840209717449,39.9972155924729,1.0,NOMINAL,0.9999303898118224,0.0450037589501615,1.0,True,0.7752613240418118,792.979994601687,95.0,STANDBY,False,ASTRA_SIMULATED_EPS,-685.8900694695287,-0.05169961614677021,-0.010761322445015865,0.009781159740756884,4.804206584360366,32.76501761208657,0.1517634544841885,-21.25080066933397,0.1326233310660722,14.148618528100418,0.1380510666927235,-696.2827044915243,5.394733354703404,-0.0
15940.0,ASTRA-SC-01,EPS,32.52215872060943,-21.394113734531537,14.518416881000322,39.9972155924729,1.0,NOMINAL,0.9999303898118224,0.0450037589501615,1.0,True,0.7770034843205574,793.1384953380204,95.0,STANDBY,False,ASTRA_SIMULATED_EPS,-695.7827625612049,0.024370499865202077,-0.014495244019877517,0.015157667128287321,1.6812755847216156,32.746161444912076,0.1635539385995352,-21.252367536314345,0.1342685552971219,14.184395884303372,0.15958002202420396,-695.9306945796113,5.2303029976562945,0.0
15950.0,ASTRA-SC-01,EPS,32.749304737828794,-21.20850451037726,14.376441253129068,39.9972155924729,1.0,NOMINAL,0.9999303898118224,0.0450037589501615,1.0,True,0.7787456445993032,793.2987456562153,95.0,STANDBY,False,ASTRA_SIMULATED_EPS,-694.5637772439613,0.022714601721936133,0.018560922415427682,-0.014197562787125407,1.2237862544512308,32.73714726892546,0.15904787178749308,-21.25508004186833,0.1328418564111639,14.211076083469935,0.15570010140189347,-695.828716823569,5.241802825671543,0.0
15960.0,ASTRA-SC-01,EPS,32.456620343066255,-21.313886907173465,14.423936751831189,39.9972155924729,1.0,NOMINAL,0.9999303898118224,0.0450037589501615,1.0,True,0.7804878048780488,793.460698390146,95.0,STANDBY,False,ASTRA_SIMULATED_EPS,-691.7767353811798,-0.02926843947625386,-0.010538239679620531,0.0047495498702121,2.777355646299722,32.70975892126794,0.17000274062613463,-21.272764083003537,0.12047573542009231,14.23991856592269,0.15211013262614248,-695.8261939382778,5.243881530129315,-0.0
15970.0,ASTRA-SC-01,EPS,32.73384511889992,-21.312677961801064,14.478597814814854,39.9972155924729,1.0,NOMINAL,0.9999303898118224,0.0450037589501615,1.0,True,0.7822299651567944,793.6243058727258,95.0,STANDBY,False,ASTRA_SIMULATED_EPS,-697.6458994705877,0.02772247758336661,0.00012089453724009047,0.0054661062983665685,1.5424060209424864,32.70387116858005,0.16734030481729534,-21.270160039109097,0.11906062803510369,14.272394440118946,0.14719778601773564,-695.6152398123023,5.090463653745974,0.0
15980.0,ASTRA-SC-01,EPS,32.77480525072139,-21.445900533878326,14.51778594907405,39.9972155924729,1.0,NOMINAL,0.9999303898118224,0.0450037589501615,1.0,True,0.7839721254355401,793.7895199501866,95.0,STANDBY,False,ASTRA_SIMULATED_EPS,-702.885213424204,0.004096013182147118,-0.013322257207726196,0.00391881342591951,0.30745639558525034,32.701160512177935,0.16572505435229737,-21.292391073792828,0.11863820101586248,14.303493566852431,0.14642577835797538,-696.2866290874496,5.352073685182554,0.0
15990.0,ASTRA-SC-01,EPS,32.47973264472247,-21.538734825867763,14.558453129672376,39.9972155924729,1.0,NOMINAL,0.9999303898118224,0.0450037589501615,1.0,True,0.7857142857142857,793.9562919965015,95.0,STANDBY,False,ASTRA_SIMULATED_EPS,-699.5723486497579,-0.029507260599892504,-0.009283429198943694,0.004066718059832652,3.1784871697249506,32.682427064024544,0.17417647784238205,-21.309331147910154,0.1345285137737697,14.336287934108096,0.14464027309509633,-696.4381035836149,5.414597295293044,-0.0
16000.0,ASTRA-SC-01,EPS,32.88257386279672,-21.32155181101203,14.479664362086378,39.9972155924729,1.0,NOMINAL,0.9999303898118224,0.0450037589501615,1.0,True,0.7874564459930313,794.1245729279519,95.0,STANDBY,False,ASTRA_SIMULATED_EPS,-701.1075022950502,0.04028412180742506,0.021718301485573476,-0.007878876758599773,1.8548467905827744,32.68474542370399,0.17674732855782485,-21.303421116571883,0.13169806547463608,14.355838422780435,0.1427411522371619,-696.2934030913,5.245099683225722,0.0
16010.0,ASTRA-SC-01,EPS,32.683328642907654,-21.34964594178543,14.497510257462562,39.9972155924729,1.0,NOMINAL,0.9999303898118224,0.0450037589501615,1.0,True,0.789198606271777,794.2943132178291,95.0,STANDBY,False,ASTRA_SIMULATED_EPS,-697.7774947250929,-0.019924521988906464,-0.0028094130773400395,0.0017845895376183308,0.9537495224628014,32.68428088937001,0.17674085313105645,-21.315548785668344,0.12658707392046917,14.383147962400844,0.1260174761212214,-696.679942548274,5.116539905143545,-0.0
16020.0,ASTRA-SC-01,EPS,32.67822542688167,-21.25272291180919,14.676464077556684,39.9972155924729,1.0,NOMINAL,0.9999303898118224,0.0450037589501615,1.0,True,0.7909407665505227,794.4654629112695,95.0,STANDBY,False,ASTRA_SIMULATED_EPS,-694.5012702471537,-0.0005103216025986512,0.009692302997623869,0.01789538200941223,0.05265225434282852,32.668888460926546,0.16545530507735878,-21.320550737888045,0.12215557269153558,14.41494510861273,0.1361380812410852,-696.5174213367095,5.146350910127267,-0.0
16030.0,ASTRA-SC-01,EPS,32.73063790692845,-21.24633560254328,14.53711554232127,39.9972155924729,1.0,NOMINAL,0.9999303898118224,0.0450037589501615,1.0,True,0.7926829268292683,794.6379716402155,95.0,STANDBY,False,ASTRA_SIMULATED_EPS,-695.4061174559266,0.005241248004678312,0.0006387309265910801,-0.013934853523541336,0.5190426021444565,32.67517494907005,0.16592107472644782,-21.32169525094643,0.12131576006868593,14.440753043870195,0.11777921059005395,-696.6883388915448,5.057382671971872,0.0
16040.0,ASTRA-SC-01,EPS,32.90757210270674,-21.42588530786617,14.675831643897109,39.9972155924729,1.0,NOMINAL,0.9999303898118224,0.0450037589501615,1.0,True,0.794425087108014,794.8117886385007,95.0,STANDBY,False,ASTRA_SIMULATED_EPS,-705.073865632931,0.017693419577828707,-0.017954970532289137,0.013871610157583803,0.9854329499460845,32.685148319082934,0.1754745362830941,-21.340294125065807,0.11375392461889605,14.467291152072958,0.12315447590483752,-697.5112885628853,5.36234615744467,0.0
16050.0,ASTRA-SC-01,EPS,32.758793315326635,-21.193937929981576,14.644314675676547,39.9972155924729,1.0,NOMINAL,0.9999303898118224,0.0450037589501615,1.0,True,0.7961672473867596,794.9868627570512,95.0,STANDBY,False,ASTRA_SIMULATED_EPS,-694.2878321861281,-0.014877878738010252,0.023194737788459464,-0.0031516968220561383,0.6414333662100176,32.68227360962213,0.17376992018867887,-21.328249043418545,0.11929117637545418,14.490318585319471,0.12170433335971345,-697.0552604172047,5.323501752204965,-0.0
16060.0,ASTRA-SC-01,EPS,32.902349623677935,-21.37804264647693,14.707619753638143,39.9972155924729,1.0,NOMINAL,0.9999303898118224,0.0450037589501615,1.0,True,0.7979094076655052,795.1631424792014,95.0,STANDBY,False,ASTRA_SIMULATED_EPS,-703.3878334242811,0.014355630835130029,-0.01841047164953551,0.006330507796159601,0.7797535613647474,32.688923420163775,0.18048247064914433,-21.318176665954628,0.10684786201137202,14.515201394279192,0.12563613184372874,-696.8670201567231,5.017752641152936,0.0
16070.0,ASTRA-SC-01,EPS,32.76927248941157,-21.44673515820076,14.74225531916986,39.9972155924729,1.0,NOMINAL,0.9999303898118224,0.0450037589501615,1.0,True,0.7996515679442509,795.3405759361158,95.0,STANDBY,False,ASTRA_SIMULATED_EPS,-702.793908407324,-0.013307713426636525,-0.006869251172382818,0.0034635565531717207,1.937287353844178,32.68717826056287,0.17950274824521786,-21.338522471842502,0.09962460480274973,14.54674984140319,0.1186245593795536,-697.4968420382876,5.135827618966133,-0.0
16080.0,ASTRA-SC-01,EPS,32.78914987038839,-21.33069718629973,14.77453763070326,39.9972155924729,1.0,NOMINAL,0.9999303898118224,0.0450037589501615,1.0,True,0.8013937282229965,795.5191109223155,95.0,STANDBY,False,ASTRA_SIMULATED_EPS,-699.4154268814539,0.001987738097682268,0.011603797190102938,0.003228231153340033,0.17130065832050573,32.72122467045827,0.14067500619125564,-21.343958197973635,0.09657841914319137,14.573929669468912,0.1211385454780751,-698.3985325324157,4.018193150923962,0.0
16090.0,ASTRA-SC-01,EPS,32.930292806294666,-21.259877483891593,14.745060374331445,39.9972155924729,1.0,NOMINAL,0.9999303898118224,0.0450037589501615,1.0,True,0.8031358885017421,795.6986949113018,95.0,STANDBY,False,ASTRA_SIMULATED_EPS,-700.0939905705013,0.01411429359062737,0.007081970240813718,-0.0029477256371816195,1.9929896781104857,32.74843360950395,0.13888066324048412,-21.33500911459764,0.09781037479766579,14.589039235690986,0.1276779498804721,-698.6859477330356,3.9716448529120165,0.0
16100.0,ASTRA-SC-01,EPS,32.941900186414074,-21.501329533665487,14.854190757388594,39.9972155924729,1.0,NOMINAL,0.9999303898118224,0.0450037589501615,1.0,True,0.8048780487804879,795.8792750712731,95.0,STANDBY,False,ASTRA_SIMULATED_EPS,-708.2946513732055,0.0011607380119407651,-0.024145204977389412,0.010913038305714906,0.04807323081447141,32.7612733060763,0.14759631990797747,-21.354530782816855,0.09995670698996709,14.62088920264162,0.1304153654803881,-699.6013393416519,4.500803490759513,0.0
16110.0,ASTRA-SC-01,EPS,32.901059374227565,-21.588000920702672,14.856580797406894,39.9972155924729,1.0,NOMINAL,0.9999303898118224,0.0450037589501615,1.0,True,0.8066202090592335,796.0607982809305,95.0,STANDBY,False,ASTRA_SIMULATED_EPS,-710.2681000629179,-0.004084081218650937,-0.008667138703718536,0.00023900400182998993,0.47121447553374324,32.790902574820386,0.1249410559849603,-21.37280505038547,0.11579722228394503,14.649732139013336,0.1315826413410468,-700.834096987101,4.7310617566584865,-0.0
16120.0,ASTRA-SC-01,EPS,32.72259198507048,-21.46464649583168,14.946535966721823,39.9972155924729,1.0,NOMINAL,0.9999303898118224,0.0450037589501615,1.0,True,0.8083623693379791,796.2432111453656,95.0,STANDBY,False,ASTRA_SIMULATED_EPS,-702.3788693868729,-0.01784673891570847,0.012335442487099257,0.008995516931492985,1.4467854667048285,32.79015236589843,0.125341272926412,-21.38293628598751,0.116804448587967,14.680928015807133,0.14307932248570904,-701.1496283148533,4.660545284738251,-0.0
16130.0,ASTRA-SC-01,EPS,32.69222250192564,-21.47558366008988,14.909767448253298,39.9972155924729,1.0,NOMINAL,0.9999303898118224,0.0450037589501615,1.0,True,0.8101045296167247,796.4264600120259,95.0,STANDBY,False,ASTRA_SIMULATED_EPS,-702.084559374377,-0.003036948314483823,-0.0010937164258201903,-0.0036768518468525357,2.3199103047643885,32.78464684931205,0.1278520767482138,-21.38491516106828,0.1181905873566617,14.707060115752418,0.1468995155862589,-701.0962513781983,4.643802758739734,-0.0
16140.0,ASTRA-SC-01,EPS,32.911858742277936,-21.406797620936537,14.991218607999832,39.9972155924729,1.0,NOMINAL,0.9999303898118224,0.0450037589501615,1.0,True,0.8118466898954704,796.6104909867548,95.0,STANDBY,False,ASTRA_SIMULATED_EPS,-704.5374994247946,0.0219636240352294,0.006878603915334481,0.008145115974653372,3.1930351428239483,32.81345525581574,0.09985971541394383,-21.376119347406195,0.11059064377150994,14.735911147640913,0.15772689536523424,-701.4272614298674,4.703988054581099,0.0
16150.0,ASTRA-SC-01,EPS,32.88650247773692,-21.640494728072152,14.933272332325776,39.9972155924729,1.0,NOMINAL,0.9999303898118224,0.0450037589501615,1.0,True,0.813588850174216,796.7952499498972,95.0,STANDBY,False,ASTRA_SIMULATED_EPS,-711.6801834941975,-0.0025356264541017024,-0.02336971071356153,-0.005794627567405541,0.10850054950103721,32.81371716347842,0.1000588985622279,-21.397382208543537,0.128552144443727,14.766151678990207,0.14829037763086728,-702.1321068431439,5.394131134527396,-0.0
16160.0,ASTRA-SC-01,EPS,32.70728351220508,-21.348532161559564,14.855278839201082,39.9972155924729,1.0,NOMINAL,0.9999303898118224,0.0450037589501615,1.0,True,0.8153310104529616,796.9806825724698,95.0,STANDBY,False,ASTRA_SIMULATED_EPS,-698.252493977557,-0.017921896553183814,0.02919625665125878,-0.007799349312469417,0.6138422732494757,32.81531415476492,0.09799914892123303,-21.39730795652848,0.12858200468434833,14.790002917772775,0.12958800617605964,-702.1637734599749,5.368072395585898,-0.0
16170.0,ASTRA-SC-01,EPS,33.2174542494502,-21.34840243908219,15.020666146370289,39.9972155924729,1.0,NOMINAL,0.9999303898118224,0.0450037589501615,1.0,True,0.8170731707317073,797.1667343323874,95.0,STANDBY,False,ASTRA_SIMULATED_EPS,-709.1395813190637,0.05101707372451188,1.297224773750827e-05,0.016538730716920646,0.8747657033316257,32.85126274293615,0.13574989771585638,-21.403686591680014,0.12315589907723577,14.812949722360347,0.13823345625719613,-703.1396608647688,5.203634813539054,0.0
16180.0,ASTRA-SC-01,EPS,32.99319770095719,-21.15093946977569,15.083391045587357,39.9972155924729,1.0,NOMINAL,0.9999303898118224,0.0450037589501615,1.0,True,0.818815331010453,797.3533505307417,95.0,STANDBY,False,ASTRA_SIMULATED_EPS,-697.837127487288,-0.02242565484930097,0.019746296930649977,0.006272489921706814,1.1356891334137758,32.86876672920474,0.13601255835799822,-21.39732684949551,0.1338598242630048,14.849368089244754,0.13220071070060016,-703.3017282001929,4.97855826134252,-0.0
16190.0,ASTRA-SC-01,EPS,32.95502661362097,-21.404643215527468,15.059337815787302,39.9972155924729,1.0,NOMINAL,0.9999303898118224,0.0450037589501615,1.0,True,0.8205574912891986,797.5404763081291,95.0,STANDBY,False,ASTRA_SIMULATED_EPS,-705.3905868227693,-0.0038171087336216656,-0.025370374575177834,-0.0024053229800054866,0.1504553558052822,32.87193036326568,0.13752314256543352,-21.39591071000626,0.13364831184485743,14.874935167370767,0.13332175009522948,-703.3228429461822,4.987274984822258,-0.0
16200.0,ASTRA-SC-01,EPS,32.721394915866895,-21.51763997610823,15.05855296086146,39.9972155924729,1.0,NOMINAL,0.9999303898118224,0.0450037589501615,1.0,True,0.8222996515679443,797.728056661017,95.0,STANDBY,False,ASTRA_SIMULATED_EPS,-704.0871953156822,-0.023363169775407755,-0.011299676058076358,-7.848549258415716e-05,2.0675964209353688,32.869437136635035,0.14003680460016338,-21.417490846414704,0.12452930626662721,14.902551053049761,0.12476714667387719,-703.9761338214859,4.315849075818794,-0.0
16210.0,ASTRA-SC-01,EPS,32.57793670984879,-21.439252576175463,15.03508921054286,39.9972155924729,1.0,NOMINAL,0.9999303898118224,0.0450037589501615,1.0,True,0.8240418118466899,797.9160364581512,95.0,STANDBY,False,ASTRA_SIMULATED_EPS,-698.4466135331069,-0.014345820601810288,0.007838739993276889,-0.0023463750318599708,1.830118184059476,32.84780960904642,0.15843369743616123,-21.421571508394607,0.12414660372789807,14.92438235017674,0.11660520728866541,-703.6467191620741,4.546376362619093,-0.0
16220.0,ASTRA-SC-01,EPS,32.83073375850743,-21.440560652872502,15.153017827418434,39.9972155924729,1.0,NOMINAL,0.9999303898118224,0.0450037589501615,1.0,True,0.8257839721254355,798.1043604569915,95.0,STANDBY,False,ASTRA_SIMULATED_EPS,-703.9093384275873,0.02527970486586355,-0.0001308076697039695,0.011792861687557377,1.0852330179690655,32.85190702698615,0.15704616786396314,-21.421159874706056,0.12406741996144004,14.951766517393313,0.11898690742912471,-703.721081163425,4.540549601052666,0.0
16230.0,ASTRA-SC-01,EPS,32.713795924648835,-21.09697736532384,15.239955068008118,39.9972155924729,1.0,NOMINAL,0.9999303898118224,0.0450037589501615,1.0,True,0.8275261324041812,798.2929733201754,95.0,STANDBY,False,ASTRA_SIMULATED_EPS,-690.1622121561398,-0.011693783385859292,0.03435832875486611,0.0086937240589684,0.34034785187865463,32.84688343060351,0.16036713500277228,-21.405578553307667,0.1485086056886634,14.98279434654697,0.12967322877468512,-703.1042001817374,5.658296104532779,-0.0
16240.0,ASTRA-SC-01,EPS,32.595322612667516,-21.421855994832445,15.167757101124238,39.9972155924729,1.0,NOMINAL,0.9999303898118224,0.0450037589501615,1.0,True,0.8292682926829268,798.4818196320028,95.0,STANDBY,False,ASTRA_SIMULATED_EPS,-698.2523071136692,-0.011847331198131883,-0.03248786295086035,-0.007219796688388058,0.36466945259069866,32.824552084361706,0.17089930987884508,-21.416377120703718,0.14294212142801532,15.010974128333157,0.11987920264184757,-702.9814212846153,5.7475571945746715,-0.0
16250.0,ASTRA-SC-01,EPS,32.63305224491876,-21.604204395051585,15.245906489720344,39.9972155924729,1.0,NOMINAL,0.9999303898118224,0.0450037589501615,1.0,True,0.8310104529616724,798.6708439149369,95.0,STANDBY,False,ASTRA_SIMULATED_EPS,-705.0111307336218,0.003772963225124215,-0.018234840021914066,0.007814938859610621,0.20690958739369167,32.80396222159535,0.1743220567060776,-21.42323544479613,0.14962117031197766,15.037088510488609,0.1258051497516413,-702.7625199086431,5.591143067105189,0.0
16260.0,ASTRA-SC-01,EPS,32.68767960221815,-21.350838353711065,15.300053310828416,39.9972155924729,1.0,NOMINAL,0.9999303898118224,0.0450037589501615,1.0,True,0.8327526132404182,798.8599906461154,95.0,STANDBY,False,ASTRA_SIMULATED_EPS,-697.9093633448581,0.005462735729938828,0.02533660413405201,0.0054146821108071565,0.21560646805847963,32.78973690346139,0.17453876109398483,-21.407424606996685,0.14336637938846744,15.066653344716709,0.1322965716671192,-701.938604127439,5.309621779093345,0.0
16270.0,ASTRA-SC-01,EPS,33.02474200067917,-21.56103730374348,15.300131509436223,39.9972155924729,1.0,NOMINAL,0.9999303898118224,0.0450037589501615,1.0,True,0.8344947735191638,799.0492042738684,95.0,STANDBY,False,ASTRA_SIMULATED_EPS,-712.0476942231476,0.033706239846102194,-0.021019895003241373,7.819860780777788e-06,1.6035398769073073,32.8098802378353,0.18344433850162417,-21.413850660857474,0.14819339821956343,15.090226380897668,0.1406063168238692,-702.5831924498574,5.91883570598292,0.0
16280.0,ASTRA-SC-01,EPS,32.90314466844509,-21.52433730513237,15.263704329088242,39.9972155924729,1.0,NOMINAL,0.9999303898118224,0.0450037589501615,1.0,True,0.8362369337979094,799.2384292342362,95.0,STANDBY,False,ASTRA_SIMULATED_EPS,-708.2183842431798,-0.012159733223408154,0.0036699998611108954,-0.003642718034798165,1.8981426043209186,32.82394171560326,0.18185838062279266,-21.417100903860305,0.15016558480493405,15.11382217295333,0.13783003501391425,-702.9921141077775,6.091300139019677,-0.0
16290.0,ASTRA-SC-01,EPS,33.063380752143765,-21.451261749398807,15.35995186668825,39.9972155924729,1.0,NOMINAL,0.9999303898118224,0.0450037589501615,1.0,True,0.837979094076655,799.4276099674821,95.0,STANDBY,False,ASTRA_SIMULATED_EPS,-709.2512348342702,0.01602360836986776,0.007307555573356339,0.009624753760000892,2.19274533173453,32.83404318292765,0.191065740826653,-21.420065179091125,0.15038636950286943,15.138404390199225,0.14697997206981486,-703.3063631350759,6.294908447615748,0.0
16300.0,ASTRA-SC-01,EPS,32.66460590003474,-21.619656828148297,15.32547258115032,39.9972155924729,1.0,NOMINAL,0.9999303898118224,0.0450037589501615,1.0,True,0.8397212543554007,799.6166909345969,95.0,STANDBY,False,ASTRA_SIMULATED_EPS,-706.1975699854593,-0.039877485210902106,-0.01683950787494908,-0.003447928553793034,2.368090891196706,32.819250077747505,0.19525809261739588,-21.418675985762867,0.14828629025575163,15.164551073454197,0.14270453538563416,-702.9408555678267,5.922092330618582,-0.0
16310.0,ASTRA-SC-01,EPS,32.77908484803962,-21.608016252829536,15.379175642589406,39.9972155924729,1.0,NOMINAL,0.9999303898118224,0.0450037589501615,1.0,True,0.8414634146341463,799.805616633786,95.0,STANDBY,False,ASTRA_SIMULATED_EPS,-708.2909981493186,0.011447894800488,0.0011640575318761393,0.005370306143908543,3.2244894342047026,32.82403683346981,0.19318628254302267,-21.435974925180865,0.15452330276729845,15.199477527013416,0.1245622951716592,-703.6100891792775,5.921641138678008,0.0
16320.0,ASTRA-SC-01,EPS,32.522514010454294,-21.620079414297827,15.438867664414378,39.9972155924729,1.0,NOMINAL,0.9999303898118224,0.0450037589501615,1.0,True,0.8432055749128919,799.9943316169393,95.0,STANDBY,False,ASTRA_SIMULATED_EPS,-703.1393356586356,-0.025657083758532907,-0.0012063161468290674,0.005969202182497213,4.080887977212699,32.77770748420342,0.17452707060390618,-21.454086723528572,0.15937137208740515,15.227357628216357,0.1284232240593366,-703.2100728019155,5.720688032263936,-0.0
16330.0,ASTRA-SC-01,EPS,32.898443904793,-21.543938422115364,15.380019694274685,39.9972155924729,1.0,NOMINAL,0.9999303898118224,0.0450037589501615,1.0,True,0.8449477351916377,800.1827805060739,95.0,STANDBY,False,ASTRA_SIMULATED_EPS,-708.7620496682769,0.03759298943387037,0.007614099218246295,-0.005884797013969312,4.937286520220696,32.77139056445913,0.16775374699764942,-21.480286653684555,0.13666115671163812,15.24713287146218,0.12750595742580462,-703.9384009473148,5.683100130680556,0.0
16340.0,ASTRA-SC-01,EPS,32.63093277486923,-21.547591377508123,15.488651413218188,39.9972155924729,1.0,NOMINAL,0.9999303898118224,0.0450037589501615,1.0,True,0.8466898954703833,800.3709080097466,95.0,STANDBY,False,ASTRA_SIMULATED_EPS,-703.1180056998194,-0.026751112992376848,-0.0003652955392759338,0.010863171894350288,3.943598347213019,32.74978430854235,0.16322250644184205,-21.48981653114993,0.13599199613996651,15.27575377795757,0.1304896403260129,-703.7868955391183,5.671902399103121,-0.0
16350.0,ASTRA-SC-01,EPS,32.95165361841439,-21.56720038973303,15.424200399366988,39.9972155924729,1.0,NOMINAL,0.9999303898118224,0.0450037589501615,1.0,True,0.8484320557491289,800.5586589394327,95.0,STANDBY,False,ASTRA_SIMULATED_EPS,-710.6749167614147,0.03207208435451605,-0.0019609012224908184,-0.006445101385119933,2.949910174205342,32.76513488871218,0.17100394074544598,-21.493120558724915,0.13731192090182298,15.30013027385794,0.12081055075398492,-704.2260769688338,5.945274996819138,0.0
16360.0,ASTRA-SC-01,EPS,32.843349583607235,-21.60974132019236,15.481344055334723,39.9972155924729,1.0,NOMINAL,0.9999303898118224,0.0450037589501615,1.0,True,0.8501742160278746,800.7459782258624,95.0,STANDBY,False,ASTRA_SIMULATED_EPS,-709.7362885903998,-0.010830403480715489,-0.004254093045932805,0.0057143655967735185,1.9562220011976654,32.78282908029608,0.16383157348700042,-21.504486474992706,0.13957199176070179,15.329880596844065,0.10476098374599856,-704.9787219726533,5.8755622467263775,-0.0
16370.0,ASTRA-SC-01,EPS,33.016765460414845,-21.429575312797365,15.540469385057616,39.9972155924729,1.0,NOMINAL,0.9999303898118224,0.0450037589501615,1.0,True,0.8519163763066202,800.9328109353128,95.0,STANDBY,False,ASTRA_SIMULATED_EPS,-707.5352620189267,0.017341587680760995,0.018016600739499466,0.005912532972289242,0.9625338281899882,32.79523119375658,0.17441640815493195,-21.503754118987704,0.13995966222059247,15.355710700686675,0.10579879035244959,-705.2204502120759,5.902947639756671,0.0
16380.0,ASTRA-SC-01,EPS,32.59083294534347,-21.50458734031454,15.610950012199233,39.9972155924729,1.0,NOMINAL,0.9999303898118224,0.0450037589501615,1.0,True,0.8536585365853658,801.1191022858496,95.0,STANDBY,False,ASTRA_SIMULATED_EPS,-700.8524135667393,-0.04259325150713735,-0.007501202751717529,0.007048062714161673,5.678189607311294,32.78703366180289,0.1812721151077855,-21.53092811732041,0.08353736240250263,15.380443696966081,0.11930731615419479,-705.9331303061158,4.412139008034709,-0.0
16390.0,ASTRA-SC-01,EPS,32.73782115903143,-21.381830579057695,15.647633566408674,39.9972155924729,1.0,NOMINAL,0.9999303898118224,0.0450037589501615,1.0,True,0.8554006968641115,801.3047976635128,95.0,STANDBY,False,ASTRA_SIMULATED_EPS,-699.9945455499002,0.014698821368795478,0.012275676125684499,0.003668355420944103,1.1973940350251677,32.796533564893814,0.17409954822835733,-21.528259756268763,0.08780067466051353,15.41243546131838,0.12249840906174791,-706.0492795351979,4.21398160133104,0.0
16400.0,ASTRA-SC-01,EPS,33.07227139129656,-21.50530228327455,15.637477896784576,39.9972155924729,1.0,NOMINAL,0.9999303898118224,0.0450037589501615,1.0,True,0.8571428571428571,801.4898426384412,95.0,STANDBY,False,ASTRA_SIMULATED_EPS,-711.2291934643255,0.03344502322651337,-0.012347170421685405,-0.0010155669624097642,2.7087196567542056,32.825814841319,0.18142165711767594,-21.521666282150296,0.08537010495648371,15.438540221789328,0.1261440120054479,-706.4638170505782,4.406027593885277,0.0
16410.0,ASTRA-SC-01,EPS,33.03134664080451,-21.4948897570164,15.608091650906646,39.9972155924729,1.0,NOMINAL,0.9999303898118224,0.0450037589501615,1.0,True,0.8588850174216028,801.6741829809347,95.0,STANDBY,False,ASTRA_SIMULATED_EPS,-710.0051545698868,-0.004092475049205291,0.001041252625815048,-0.002938624587793015,1.9888001429713125,32.84872597722475,0.18440669756378758,-21.531269709037314,0.07180538257169142,15.459076111127876,0.1270589250398636,-707.2702031322466,3.7927715435780387,-0.0
16420.0,ASTRA-SC-01,EPS,32.7258642650054,-21.524021893794636,15.59360354291539,39.9972155924729,1.0,NOMINAL,0.9999303898118224,0.0450037589501615,1.0,True,0.8606271777003485,801.8577646774427,95.0,STANDBY,False,ASTRA_SIMULATED_EPS,-704.3922189333277,-0.030548237579910875,-0.0029132136778237338,-0.0014488107991255106,1.2688806291884194,32.8288007948465,0.18012689731609213,-21.52880201504073,0.07134386546559673,15.47864091335982,0.12337750062679782,-706.7598381129253,3.6148790621562745,-0.0
16430.0,ASTRA-SC-01,EPS,32.77592994885609,-21.43282111026791,15.573480570483737,39.9972155924729,1.0,NOMINAL,0.9999303898118224,0.0450037589501615,1.0,True,0.8623693379790941,802.0405339464796,95.0,STANDBY,False,ASTRA_SIMULATED_EPS,-702.4806433165049,0.005006568385068988,0.009120078352672678,-0.0020122972431654063,0.5489611154055263,32.82031981354057,0.17936976912623243,-21.5227009353831,0.07554247282424695,15.499292662786187,0.1100349007108793,-706.377322051147,3.7505455041810896,0.0
16440.0,ASTRA-SC-01,EPS,33.051074643762476,-21.435423073199647,15.684900250215698,39.9972155924729,1.0,NOMINAL,0.9999303898118224,0.0450037589501615,1.0,True,0.8641114982578397,802.2224372544601,95.0,STANDBY,False,ASTRA_SIMULATED_EPS,-708.46376801295,0.02751446949063876,-0.00026019629317382,0.01114196797319611,0.8911849725329676,32.81949940631515,0.178202988760694,-21.521645023636484,0.07671396617798301,15.520955888354683,0.11259992392984172,-706.3248242630591,3.7127658529656897,0.0
16450.0,ASTRA-SC-01,EPS,32.88853852919,-21.567201045485792,15.794166963479803,39.9972155924729,1.0,NOMINAL,0.9999303898118224,0.0450037589501615,1.0,True,0.8658536585365854,802.4034213314486,95.0,STANDBY,False,ASTRA_SIMULATED_EPS,-709.3137225512463,-0.01625361145724753,-0.013177797228614452,0.010926671326410542,1.2334088296604089,32.83442824825884,0.17362102000337037,-21.518147971458987,0.07303426455569673,15.552202180509983,0.11930992257255565,-706.5325677674448,3.7914827741835166,-0.0
16460.0,ASTRA-SC-01,EPS,32.96058120366789,-21.731063784330157,15.786743452544256,39.9972155924729,1.0,NOMINAL,0.9999303898118224,0.0450037589501615,1.0,True,0.867595818815331,802.5834331868223,95.0,STANDBY,False,ASTRA_SIMULATED_EPS,-716.2684925055006,0.007204267447789192,-0.01638627388443652,-0.0007423510935547384,0.43965257132872143,32.84652800530072,0.17579924317682605,-21.526351140225696,0.08901184066321816,15.579373367840306,0.1234287911794765,-707.0644007245236,4.541147128996522,0.0
16470.0,ASTRA-SC-01,EPS,32.76570162260137,-21.56915032878939,15.745618722604236,39.9972155924729,1.0,NOMINAL,0.9999303898118224,0.0450037589501615,1.0,True,0.8693379790940766,802.7624201248362,95.0,STANDBY,False,ASTRA_SIMULATED_EPS,-706.7283439261474,-0.019487958106652315,0.01619134555407662,-0.004112472994001947,1.2036033720338752,32.862740512777194,0.15359510523389663,-21.522955867858464,0.08610515662341912,15.599823438386297,0.12389739862186776,-707.3036679423578,4.412290527913763,-0.0
16480.0,ASTRA-SC-01,EPS,33.086113443075966,-21.46648228068988,15.769620019940335,39.9972155924729,1.0,NOMINAL,0.9999303898118224,0.0450037589501615,1.0,True,0.8710801393728222,802.9403297600927,95.0,STANDBY,False,ASTRA_SIMULATED_EPS,-710.2424679626855,0.03204118204745967,0.010266804809950968,0.0024001297336099015,3.1208523625971893,32.87525181532939,0.16400198873812782,-21.517792125096765,0.08707402714066814,15.625796793430673,0.11504840006082633,-707.4023624953184,4.463501723641199,0.0
16490.0,ASTRA-SC-01,EPS,32.58055170254501,-21.63287581552745,15.852849420901846,39.9972155924729,1.0,NOMINAL,0.9999303898118224,0.0450037589501615,1.0,True,0.872822299651568,803.1171100329055,95.0,STANDBY,False,ASTRA_SIMULATED_EPS,-704.8110289825275,-0.05055617405309576,-0.016639353483756735,0.008322940096151043,3.03834966319145,32.87189307717444,0.16977722345446852,-21.52347775429805,0.09181416460226688,15.650076660609585,0.12224309564679428,-707.5152307141655,4.367804896694714,-0.0
16500.0,ASTRA-SC-01,EPS,32.8388170650014,-21.453098532081626,15.89507060993673,39.9972155924729,1.0,NOMINAL,0.9999303898118224,0.0450037589501615,1.0,True,0.8745644599303136,803.2927092245575,95.0,STANDBY,False,ASTRA_SIMULATED_EPS,-704.4943781724786,0.025826536245639176,0.017977728344582288,0.004222118903488337,1.4365850763020445,32.86437064028025,0.16848563975364353,-21.51587096378796,0.09265581033550442,15.681468007980898,0.12054280257401333,-707.1031948082365,4.339876602615902,0.0
16510.0,ASTRA-SC-01,EPS,32.95843052624586,-21.56305065641235,15.810494821653595,39.9972155924729,1.0,NOMINAL,0.9999303898118224,0.0450037589501615,1.0,True,0.8763066202090593,803.4670759724441,95.0,STANDBY,False,ASTRA_SIMULATED_EPS,-710.6843069932867,0.011961346124446237,-0.01099521243307251,-0.008457578828313394,1.08786857891601,32.872042703122816,0.17007271981315236,-21.512758252869293,0.0900239387570637,15.703411392402158,0.11109956344246814,-707.1663960350955,4.387601611791734,0.0
16520.0,ASTRA-SC-01,EPS,32.76733000289424,-21.485444282335916,15.901703719049475,39.9972155924729,1.0,NOMINAL,0.9999303898118224,0.0450037589501615,1.0,True,0.8780487804878049,803.640159285103,95.0,STANDBY,False,ASTRA_SIMULATED_EPS,-704.0206430580981,-0.01911005233516221,0.0077606374076435005,0.009120889739588023,2.4624333455317213,32.855413672621445,0.16707962678760346,-21.51648285083853,0.08745566048310377,15.727493681334948,0.11240042622111021,-706.9320881043736,4.459747488330859,-0.0
16530.0,ASTRA-SC-01,EPS,32.881929369938966,-21.646533957611226,15.87704452674068,39.9972155924729,1.0,NOMINAL,0.9999303898118224,0.0450037589501615,1.0,True,0.8797909407665505,803.8119085571182,95.0,STANDBY,False,ASTRA_SIMULATED_EPS,-711.7798006981577,0.01145993670447254,-0.016108967527530993,-0.0024659192308796206,0.7114010680626777,32.87482010092781,0.15020685800584926,-21.52594595865831,0.09354427017863833,15.74523331563771,0.11368395746028763,-707.6605805798015,4.284758893387642,0.0
16540.0,ASTRA-SC-01,EPS,32.77919592711732,-21.58074620255639,15.919941306210251,39.9972155924729,1.0,NOMINAL,0.9999303898118224,0.0450037589501615,1.0,True,0.8815331010452961,803.9822735839014,95.0,STANDBY,False,ASTRA_SIMULATED_EPS,-707.399508026989,-0.010273344282164486,0.006578775505483492,0.004289677946957227,1.5615891245417215,32.877578418800205,0.147873147968543,-21.539207000224888,0.08539965812409478,15.763387164957816,0.11862014036920512,-708.1542447449408,3.7289669578808473,-0.0
16550.0,ASTRA-SC-01,EPS,32.760768033082776,-21.72710049194516,16.032814002882375,39.9972155924729,1.0,NOMINAL,0.9999303898118224,0.0450037589501615,1.0,True,0.8832752613240418,804.1512045763434,95.0,STANDBY,False,ASTRA_SIMULATED_EPS,-711.796499248094,-0.0018427894034545034,-0.01463542893887677,0.011287269667212385,0.1259129070388512,32.85681152825262,0.1402551009993194,-21.553993547469595,0.09745996511976428,15.789742905364337,0.13183014754205247,-708.1920651305255,3.7650837264163153,-0.0
16560.0,ASTRA-SC-01,EPS,32.751134102179506,-21.4615985774142,16.077350878179203,39.9972155924729,1.0,NOMINAL,0.9999303898118224,0.0450037589501615,1.0,True,0.8850174216027874,804.318652175329,95.0,STANDBY,False,ASTRA_SIMULATED_EPS,-702.8916930560374,-0.0009633930903270027,0.026550191453095805,0.004453687529682782,0.03628573044488043,32.838130692344286,0.13386334060288865,-21.55177413549611,0.0992644062301067,15.821026853849173,0.14100392991029254,-707.7178343629355,3.963180586310195,-0.0
16570.0,ASTRA-SC-01,EPS,32.78613269358765,-21.745117970762564,15.920616155803751,39.9972155924729,1.0,NOMINAL,0.9999303898118224,0.0450037589501615,1.0,True,0.8867595818815331,804.4845674661165,95.0,STANDBY,False,ASTRA_SIMULATED_EPS,-712.9383232271389,0.0034998591408147207,-0.028351939334836374,-0.015673472237545207,0.12344337717012539,32.842148587583104,0.13112954454554243,-21.56651387396064,0.11061537809166702,15.842827694708397,0.12801144822611168,-708.2875746491895,4.06395243156938,0.0
16580.0,ASTRA-SC-01,EPS,32.55801415789122,-21.79150795018069,16.117768101597655,39.9972155924729,1.0,NOMINAL,0.9999303898118224,0.0450037589501615,1.0,True,0.8885017421602788,804.6489019925706,95.0,STANDBY,False,ASTRA_SIMULATED_EPS,-709.488224363782,-0.02281185356964315,-0.0046389979418126615,0.01971519457939035,0.730677433282976,32.82762086818544,0.1497405019397055,-21.590426329954827,0.11816216525856676,15.879113530115994,0.12326262859706512,-708.754746719008,3.738480336955112,-0.0
16590.0,ASTRA-SC-01,EPS,32.81841889711846,-21.596872698677743,15.961693317457224,39.9972155924729,1.0,NOMINAL,0.9999303898118224,0.0450037589501615,1.0,True,0.8902439024390244,804.8116077712532,95.0,STANDBY,False,ASTRA_SIMULATED_EPS,-708.7752150929474,0.026040473922724062,0.019463525150294814,-0.015607478414043108,1.3379114893958264,32.81211048507584,0.13639636505028174,-21.601189638320037,0.11011356998923578,15.89756640126543,0.11234654769444948,-708.7755098576745,3.737613609790192,0.0
16600.0,ASTRA-SC-01,EPS,32.602960954150326,-21.545443815403896,16.11085916854203,39.9972155924729,1.0,NOMINAL,0.9999303898118224,0.0450037589501615,1.0,True,0.89198606271777,804.9726373053595,95.0,STANDBY,False,ASTRA_SIMULATED_EPS,-702.4452634534529,-0.021545794296813626,0.005142888327384654,0.014916585108480795,4.189434598859052,32.7930719800732,0.1446475687053837,-21.599739156314573,0.11073481514728985,15.918679214936242,0.12095469996942956,-708.3176125844882,4.072677908838657,-0.0
16610.0,ASTRA-SC-01,EPS,32.77528275663694,-21.586773844062655,16.202052965328566,39.9972155924729,1.0,NOMINAL,0.9999303898118224,0.0450037589501615,1.0,True,0.8937282229965157,805.1319435985015,95.0,STANDBY,False,ASTRA_SIMULATED_EPS,-707.5126165427281,0.01723218024866142,-0.004133002865875923,0.009119379678653417,2.1941098260735528,32.780718750271134,0.1370320478773328,-21.590119826963413,0.10460973696169121,15.94636651578853,0.13528155555093538,-707.7338875203035,3.4281854606701097,0.0
16620.0,ASTRA-SC-01,EPS,32.76317367097299,-21.647689317654145,16.153572219424948,39.9972155924729,1.0,NOMINAL,0.9999303898118224,0.0450037589501615,1.0,True,0.8954703832752613,805.2894801683316,95.0,STANDBY,False,ASTRA_SIMULATED_EPS,-709.2470046895695,-0.001210908566395119,-0.006091547359148919,-0.004848074590361762,0.19878505328805346,32.780550220162574,0.13705338888928995,-21.59535575955439,0.1054473668620596,15.97356341557658,0.13302922519717225,-707.9017982378649,3.4370863205691,-0.0
16630.0,ASTRA-SC-01,EPS,33.1917230892789,-21.898155205205565,16.20171967789852,39.9972155924729,1.0,NOMINAL,0.9999303898118224,0.0450037589501615,1.0,True,0.8972125435540069,805.4452010600055,95.0,STANDBY,False,ASTRA_SIMULATED_EPS,-726.8375037372346,0.042854941830591284,-0.025046588755142096,0.004814745847357216,1.7110091218227517,32.78759086324277,0.15536168054848926,-21.624133954522105,0.12487834755759997,16.002370059440455,0.13249524979205868,-709.0081339561681,5.9768147299431265,0.0
16640.0,ASTRA-SC-01,EPS,32.7805967602239,-21.600756607242488,16.158243076720254,39.9972155924729,1.0,NOMINAL,0.9999303898118224,0.0450037589501615,1.0,True,0.8989547038327527,805.5990608594767,95.0,STANDBY,False,ASTRA_SIMULATED_EPS,-708.0856920577581,-0.041112632905500136,0.029739859796307756,-0.004347660117826635,1.3824084305402249,32.80092720042136,0.14452813864295197,-21.621992673969775,0.12499306484703472,16.022729636495015,0.13133712551613283,-709.2264448278503,5.871436395019812,-0.0
16650.0,ASTRA-SC-01,EPS,32.79139387434788,-21.58898176074974,16.370247583260394,39.9972155924729,1.0,NOMINAL,0.9999303898118224,0.0450037589501615,1.0,True,0.9006968641114983,805.751014706622,95.0,STANDBY,False,ASTRA_SIMULATED_EPS,-707.9328042628572,0.0010797114123981544,0.0011774846492748736,0.02120045065401399,1.0786891000822942,32.7977656543778,0.14415831374412813,-21.63105155588098,0.1165146424713734,16.054408101383263,0.1537417098208356,-709.4556732338754,5.73912375665781,0.0
16660.0,ASTRA-SC-01,EPS,32.93193960630019,-21.77033816645887,16.216841816911845,39.9972155924729,1.0,NOMINAL,0.9999303898118224,0.0450037589501615,1.0,True,0.902439024390244,805.9010183081934,95.0,STANDBY,False,ASTRA_SIMULATED_EPS,-716.9394617065556,0.014054573195230801,-0.018135640570913124,-0.01534057663485484,0.7749697696243634,32.79599959304809,0.14219838647730845,-21.644870723217416,0.12011047400292692,16.081497901067145,0.14312690471574738,-709.8726835480934,6.053420909322305,0.0
16670.0,ASTRA-SC-01,EPS,32.72506539045032,-21.882319029654695,16.244890545291874,39.9972155924729,1.0,NOMINAL,0.9999303898118224,0.0450037589501615,1.0,True,0.9041811846689896,806.0490279505923,95.0,STANDBY,False,ASTRA_SIMULATED_EPS,-716.1003211401453,-0.02068742158498722,-0.0111980863195825,0.0028048728380028363,1.8474068688692258,32.79318195221849,0.1432220964684453,-21.671329039705334,0.12604863971048774,16.10437702281664,0.13972261987546647,-710.6779954202299,6.022718001665823,-0.0
16680.0,ASTRA-SC-01,EPS,32.9196058572541,-21.82767320878127,16.337122133949805,39.9972155924729,1.0,NOMINAL,0.9999303898118224,0.0450037589501615,1.0,True,0.9059233449477352,806.1950005124638,95.0,STANDBY,False,ASTRA_SIMULATED_EPS,-718.5583988140243,0.019454046680377958,0.0054645820873425064,0.009223158865793123,3.560024603791559,32.795693718039495,0.14520631379787297,-21.68340498978334,0.13203811911008537,16.135048863297246,0.1367198760436244,-711.1299019612876,6.356365424500332,0.0
16690.0,ASTRA-SC-01,EPS,32.879417664251406,-21.77083198950103,16.300862324859988,39.9972155924729,1.0,NOMINAL,0.9999303898118224,0.0450037589501615,1.0,True,0.9076655052264808,806.3388934771049,95.0,STANDBY,False,ASTRA_SIMULATED_EPS,-715.8122778810498,-0.004018819300269172,0.0056841219280240555,-0.0036259809089816742,0.7070255267494262,32.80237516718177,0.14669115407137198,-21.696077375579648,0.13059553750634384,16.160443597873897,0.12907417519495498,-711.6907532848917,6.374826787440006,-0.0
16700.0,ASTRA-SC-01,EPS,33.06154417166244,-21.608636780331818,16.331556819320518,39.9972155924729,1.0,NOMINAL,0.9999303898118224,0.0450037589501615,1.0,True,0.9094076655052264,806.4806649446872,95.0,STANDBY,False,ASTRA_SIMULATED_EPS,-714.41489940235,0.018212650741103432,0.016219520916921228,0.0030694494460529855,1.1228846298476576,32.82242690975375,0.16050421871001477,-21.688179794805425,0.13215806797948162,16.180359785636437,0.13100779716241592,-711.8653132951754,6.413660387244665,0.0
16710.0,ASTRA-SC-01,EPS,32.76044461893726,-21.687427412564148,16.32864647831429,39.9972155924729,1.0,NOMINAL,0.9999303898118224,0.0450037589501615,1.0,True,0.911149825783972,806.6202736442873,95.0,STANDBY,False,ASTRA_SIMULATED_EPS,-710.4897646765295,-0.030109955272518363,-0.007879063223233018,-0.0002910341006227668,3.8215146165768847,32.82304761087093,0.1602265851061415,-21.70323505048209,0.11642967718179197,16.197112825645444,0.1329475578160567,-712.3718514032082,5.93661829461513,-0.0
16720.0,ASTRA-SC-01,EPS,32.4542511411466,-21.46851995438968,16.38505628042148,39.9972155924729,1.0,NOMINAL,0.9999303898118224,0.0450037589501615,1.0,True,0.9128919860627178,806.7576789457228,95.0,STANDBY,False,ASTRA_SIMULATED_EPS,-696.7447382284798,-0.03061934777906572,0.0218907458174467,0.005640980210718993,1.3987347911491628,32.800922174041524,0.18645583940721147,-21.6847951827239,0.13038918192404994,16.228075500619962,0.1170905537685407,-711.2922790699644,7.170434059242681,-0.0
16730.0,ASTRA-SC-01,EPS,32.864719003201756,-21.71100499122225,16.363528083677384,39.9972155924729,1.0,NOMINAL,0.9999303898118224,0.0450037589501615,1.0,True,0.9146341463414634,806.8928408711915,95.0,STANDBY,False,ASTRA_SIMULATED_EPS,-713.52607831363,0.041046786205515676,-0.024248503683256928,-0.002152819674409656,1.6927554269609468,32.8213691637289,0.1743386402908096,-21.679428318793335,0.12730335916789215,16.244459499425275,0.11774546326432334,-711.5614693332875,7.173662339625003,0.0
16740.0,ASTRA-SC-01,EPS,32.76893291897739,-21.89008158536984,16.537070824819708,39.9972155924729,1.0,NOMINAL,0.9999303898118224,0.0450037589501615,1.0,True,0.9163763066202092,807.0257201067108,95.0,STANDBY,False,ASTRA_SIMULATED_EPS,-717.3146150619265,-0.009578608422436474,-0.017907659414758824,0.017354274114232383,0.5348889098562005,32.81807009851949,0.17486587905347398,-21.69897557790614,0.13593958001373935,16.282817999916105,0.11265940242175738,-712.1307626645527,7.2748789322728005,-0.0
16750.0,ASTRA-SC-01,EPS,32.596967586052216,-21.82965541973232,16.42407496236461,39.9972155924729,1.0,NOMINAL,0.9999303898118224,0.0450037589501615,1.0,True,0.9181184668989548,807.1562780133514,95.0,STANDBY,False,ASTRA_SIMULATED_EPS,-711.5805701317034,-0.01719653329251756,0.006042616563751935,-0.01129958624550973,2.8458753109828336,32.81767054064628,0.17539853426874075,-21.717923018194703,0.1327818050037427,16.30369905283761,0.10741554408078241,-712.7397831097695,6.771074598317892,-0.0
16760.0,ASTRA-SC-01,EPS,33.01066470759631,-21.714723544060547,16.40709156498885,39.9972155924729,1.0,NOMINAL,0.9999303898118224,0.0450037589501615,1.0,True,0.9198606271777005,807.2844766382666,95.0,STANDBY,False,ASTRA_SIMULATED_EPS,-716.8174581311303,0.041369712154409655,0.011493187567177187,-0.001698339737576049,3.5994985649199114,32.833362670710244,0.18174971440044363,-21.726452998194556,0.12777011464176705,16.317368292814965,0.10659963487677761,-713.3601058823297,6.683649960654023,0.0
16770.0,ASTRA-SC-01,EPS,33.00513187704861,-21.63716457220345,16.51856970703842,39.9972155924729,1.0,NOMINAL,0.9999303898118224,0.0450037589501615,1.0,True,0.921602787456446,807.4102787255107,95.0,STANDBY,False,ASTRA_SIMULATED_EPS,-714.137470150979,-0.0005532830547700484,0.00775589718570977,0.01114781420495703,0.07133707958242043,32.84949321778195,0.1857680327556073,-21.725751348497848,0.12826149397038944,16.341701458655862,0.10818636737857878,-713.6861369130903,6.58726436521221,-0.0
16780.0,ASTRA-SC-01,EPS,32.91680235262063,-21.45192129624875,16.62359164270493,39.9972155924729,1.0,NOMINAL,0.9999303898118224,0.0450037589501615,1.0,True,0.9233449477351916,807.5336477266457,95.0,STANDBY,False,ASTRA_SIMULATED_EPS,-706.1286533925934,-0.008832952442798359,0.01852432759547007,0.01050219356665103,0.47682985507977976,32.831165168671404,0.1615786278829348,-21.696002421234063,0.13687819906347765,16.369826256309626,0.12301630974482738,-712.3055468901142,5.751120394490452,-0.0
16790.0,ASTRA-SC-01,EPS,32.68680465988217,-21.543118874818497,16.556123742379864,39.9972155924729,1.0,NOMINAL,0.9999303898118224,0.0450037589501615,1.0,True,0.9250871080139372,807.6545478111334,95.0,STANDBY,False,ASTRA_SIMULATED_EPS,-704.1757184258128,-0.022999769273845772,-0.009119757856974785,-0.0067467900325066665,2.521971485926631,32.82491236198195,0.16544387709000394,-21.692159905739125,0.1405039702300769,16.396351634020263,0.11687831002979202,-712.0448819813178,6.037520447877628,-0.0
16800.0,ASTRA-SC-01,EPS,32.88127427483561,-21.923601334188017,16.55101413706813,39.9972155924729,1.0,NOMINAL,0.9999303898118224,0.0450037589501615,1.0,True,0.926829268292683,807.7729438765094,95.0,STANDBY,False,ASTRA_SIMULATED_EPS,-720.8759485615882,0.019446961495344084,-0.03804824593695209,-0.00051096053117341,0.5111132199778331,32.830904388681134,0.16577051283966948,-21.71446787730168,0.14924424860330254,16.408402737607446,0.12314572752110071,-712.9077582678999,6.32587298161245,0.0
16810.0,ASTRA-SC-01,EPS,32.66612327051228,-21.640667624270694,16.635595361223444,39.9972155924729,1.0,NOMINAL,0.9999303898118224,0.0450037589501615,1.0,True,0.9285714285714286,807.8888015583358,95.0,STANDBY,False,ASTRA_SIMULATED_EPS,-706.9167162706107,-0.021515100432333158,0.028293370991732302,0.008458122415531477,0.7604290220002471,32.813183299628605,0.16838566017317655,-21.705823174489133,0.14953209526779165,16.436319640561553,0.12407911724937618,-712.2395752388369,6.39851706538317,-0.0
16820.0,ASTRA-SC-01,EPS,32.459214211359715,-21.740755430623715,16.66058230121314,39.9972155924729,1.0,NOMINAL,0.9999303898118224,0.0450037589501615,1.0,True,0.9303135888501742,808.0020872399336,95.0,STANDBY,False,ASTRA_SIMULATED_EPS,-705.6878376393971,-0.02069090591525651,-0.010008780635302018,0.0024986939989695145,2.067275392396704,32.79545988768923,0.19081962075250855,-21.696385601220403,0.14186797786333435,16.464032424289638,0.12469031622405737,-711.5454096721203,6.513536498549924,-0.0
16830.0,ASTRA-SC-01,EPS,32.7688091862065,-21.658724274816645,16.64443552808552,39.9972155924729,1.0,NOMINAL,0.9999303898118224,0.0450037589501615,1.0,True,0.93205574912892,808.1127680618871,95.0,STANDBY,False,ASTRA_SIMULATED_EPS,-709.7306029781254,0.030959497484678168,0.00820311558070692,-0.0016146773127619697,3.7741145032129566,32.78540677628606,0.1877596962866049,-21.68512233895609,0.13733440611913691,16.484519983898686,0.12756242338132465,-710.956889949727,6.227143249680529,0.0
16840.0,ASTRA-SC-01,EPS,32.855455292445,-21.775773997926077,16.58837654181817,39.9972155924729,1.0,NOMINAL,0.9999303898118224,0.0450037589501615,1.0,True,0.9337979094076656,808.2208119313226,95.0,STANDBY,False,ASTRA_SIMULATED_EPS,-715.4529690472466,0.008664610623850422,-0.011704972310943163,-0.005605898626734884,0.7402504161201424,32.7838092848323,0.18700311639320813,-21.685451806184428,0.13756045380252735,16.503687598362564,0.11933012230800792,-710.9329360274735,6.20779297772584,0.0
16850.0,ASTRA-SC-01,EPS,32.61549628422714,-21.667449317789032,16.6724472799155,39.9972155924729,1.0,NOMINAL,0.9999303898118224,0.0450037589501615,1.0,True,0.9355400696864112,808.326187530956,95.0,STANDBY,False,ASTRA_SIMULATED_EPS,-706.694612713028,-0.02399590082178591,0.010832468013704499,0.008407073809732778,2.215183168916625,32.75407275900328,0.17474696029553274,-21.68937264201491,0.1360444374335488,16.526413629068895,0.11663717589476504,-710.4182502481855,6.218517881313278,-0.0
16860.0,ASTRA-SC-01,EPS,32.776708389189785,-21.79948215147412,16.67842432655315,39.9972155924729,1.0,NOMINAL,0.9999303898118224,0.0450037589501615,1.0,True,0.9372822299651568,808.4288643279089,95.0,STANDBY,False,ASTRA_SIMULATED_EPS,-714.5152695142148,0.01612121049626438,-0.013203283368508779,0.0005977046637649863,1.221000113859191,32.75515701035345,0.1748397509140178,-21.69684295794224,0.138974941535587,16.549732152284818,0.10898831345194548,-710.6866172373644,6.308042739814279,0.0
16870.0,ASTRA-SC-01,EPS,32.97111451757064,-21.79245047838707,16.648780709778567,39.9972155924729,1.0,NOMINAL,0.9999303898118224,0.0450037589501615,1.0,True,0.9390243902439024,808.5288125822891,95.0,STANDBY,False,ASTRA_SIMULATED_EPS,-718.5213803413872,0.019440612838085514,0.0007031673087048773,-0.0029643616774581716,1.4888336100478183,32.78961456878172,0.16174243011720751,-21.718438326208737,0.1254735277440064,16.567313780908627,0.10154313072323735,-712.1383933782249,5.294689779478429,0.0
16880.0,ASTRA-SC-01,EPS,32.92138074785447,-21.78058459647117,16.7394948481991,39.9972155924729,1.0,NOMINAL,0.9999303898118224,0.0450037589501615,1.0,True,0.940766550522648,808.6260033555377,95.0,STANDBY,False,ASTRA_SIMULATED_EPS,-717.0469184112816,-0.004973376971616972,0.001186588191590232,0.00907141384205339,1.7566671062364456,32.79339201842523,0.164263769762842,-21.72307696655866,0.126461353774141,16.59237823187674,0.0937505857358331,-712.3731160514017,5.436739343008559,-0.0
16890.0,ASTRA-SC-01,EPS,33.063062210800034,-21.76249048985561,16.774416438431942,39.9972155924729,1.0,NOMINAL,0.9999303898118224,0.0450037589501615,1.0,True,0.9425087108013938,808.7204085185335,95.0,STANDBY,False,ASTRA_SIMULATED_EPS,-719.5345769280402,0.014168146294556294,0.0018094106615556883,0.003492159023284103,2.0245006024250727,32.81300063788007,0.17810761204345446,-21.714570893524378,0.11846404515261003,16.608201272784225,0.10329288544800527,-712.5211135091427,5.608370315096545,0.0
16900.0,ASTRA-SC-01,EPS,32.60608394112521,-21.78794479465674,16.81240700435703,39.9972155924729,1.0,NOMINAL,0.9999303898118224,0.0450037589501615,1.0,True,0.9442508710801394,808.8120007594612,95.0,STANDBY,False,ASTRA_SIMULATED_EPS,-710.4195568791798,-0.04569782696748206,-0.002545430480112998,0.003799056592508876,2.2923340986136997,32.813608394884945,0.17733165053382977,-21.711790185186008,0.1160343286725347,16.634090075583718,0.10250989971045078,-712.4437126256411,5.630246767303089,-0.0
16910.0,ASTRA-SC-01,EPS,32.544347185527904,-21.742787260318167,16.80888510718992,39.9972155924729,1.0,NOMINAL,0.9999303898118224,0.0450037589501615,1.0,True,0.945993031358885,808.9007535914337,95.0,STANDBY,False,ASTRA_SIMULATED_EPS,-707.6048173808675,-0.006173675559730895,0.004515753433857484,-0.00035218971671113763,2.5601675948023273,32.78252056008038,0.18115202895582172,-21.713661099603186,0.1163109211454733,16.660876311730455,0.09078166747727953,-711.8295365756235,5.621531155089783,-0.0
16920.0,ASTRA-SC-01,EPS,32.80619502219712,-21.65019612324139,16.842423891157285,39.9972155924729,1.0,NOMINAL,0.9999303898118224,0.0450037589501615,1.0,True,0.9477351916376306,808.9866413598734,95.0,STANDBY,False,ASTRA_SIMULATED_EPS,-710.2605562878731,0.026184783666921875,0.009259113707677713,0.003353878396736576,2.8280010909909543,32.76925810309028,0.17066908175940665,-21.71452986967238,0.1157460238091535,16.682466590671712,0.09300330554215468,-711.5710756514164,5.596910413037765,0.0
16930.0,ASTRA-SC-01,EPS,33.04182353286047,-21.883922279815827,16.854296321868006,39.9972155924729,1.0,NOMINAL,0.9999303898118224,0.0450037589501615,1.0,True,0.9494773519163764,809.0696392496468,95.0,STANDBY,False,ASTRA_SIMULATED_EPS,-723.0846981765081,0.023562851066334645,-0.023372615657443772,0.001187243071072075,1.008139243449643,32.7775928484396,0.1811218383922252,-21.74332993524352,0.0981430652203778,16.697846902615918,0.10127949125250985,-712.7014786370107,6.108144833869593,0.0
16940.0,ASTRA-SC-01,EPS,32.813276308091915,-21.894991722688697,16.9170548433623,39.9972155924729,1.0,NOMINAL,0.9999303898118224,0.0450037589501615,1.0,True,0.951219512195122,809.1497232919502,95.0,STANDBY,False,ASTRA_SIMULATED_EPS,-718.4464131599697,-0.022854722476855473,-0.0011069442872869927,0.006275852149429539,2.067909564408681,32.78602429165358,0.17953037156251203,-21.766788125101534,0.08844343894557521,16.72190897601475,0.10786480008801333,-713.6528582859545,5.788355942933424,-0.0
16950.0,ASTRA-SC-01,EPS,33.18066372547101,-21.777528481294382,16.9161731740894,39.9972155924729,1.0,NOMINAL,0.9999303898118224,0.0450037589501615,1.0,True,0.9529616724738676,809.2268703709495,95.0,STANDBY,False,ASTRA_SIMULATED_EPS,-722.5928493096962,0.03673874173790921,0.011746324139431507,-8.816692728998987e-05,3.127679885367719,32.805983588362615,0.2056224489095616,-21.757049934908625,0.07728143095157174,16.746252911816164,0.10774690446095252,-713.7673183358285,5.955938172102301,0.0
16960.0,ASTRA-SC-01,EPS,32.81328478500881,-21.85912336510469,16.821508313466477,39.9972155924729,1.0,NOMINAL,0.9999303898118224,0.0450037589501615,1.0,True,0.9547038327526132,809.3010582301674,95.0,STANDBY,False,ASTRA_SIMULATED_EPS,-717.2696401298203,-0.03673789404621956,-0.008159488381030755,-0.00946648606229239,4.502475195825773,32.81579435599572,0.20195065035050358,-21.771613650964223,0.07430943485629862,16.758647108632367,0.10476012605214118,-714.4575132597757,5.699716577764236,-0.0
16970.0,ASTRA-SC-01,EPS,32.683679179794666,-21.93856895138919,17.01931797438659,39.9972155924729,1.0,NOMINAL,0.9999303898118224,0.0450037589501615,1.0,True,0.9564459930313588,809.3722654786192,95.0,STANDBY,False,ASTRA_SIMULATED_EPS,-717.0331492710086,-0.012960560521414522,-0.007944558628449982,0.019780966092011097,1.6313757790145709,32.83075868722471,0.1808556971287268,-21.784801219015254,0.08519710459206016,16.782562820177265,0.12053415374457015,-715.2138673685498,5.182114738237384,-0.0
16980.0,ASTRA-SC-01,EPS,32.780546340102426,-21.821508062106787,17.0000795940684,39.9972155924729,1.0,NOMINAL,0.9999303898118224,0.0450037589501615,1.0,True,0.9581881533101044,809.4404715966965,95.0,STANDBY,False,ASTRA_SIMULATED_EPS,-715.3209562408102,0.009686716030775954,0.011706088928240276,-0.001923838031818903,0.8274938017434073,32.831541164151105,0.18059372708016333,-21.795653471501264,0.07805907952276675,16.806272424576125,0.12626530149339593,-715.5865575860621,4.955676355175508,0.0
16990.0,ASTRA-SC-01,EPS,32.615460048172835,-21.871453106523663,16.98047719121723,39.9972155924729,1.0,NOMINAL,0.9999303898118224,0.0450037589501615,1.0,True,0.9599303135888502,809.5056569417961,95.0,STANDBY,False,ASTRA_SIMULATED_EPS,-713.3475049913081,-0.016508629192959035,-0.004994504441687653,-0.0019602402851170097,1.6501439577714427,32.81554148119963,0.1887698210940048,-21.802032078741103,0.08019849049536411,16.832412467869393,0.1182672899181243,-715.4461933156662,4.989432923831185,-0.0
17000.0,ASTRA-SC-01,EPS,32.968139150119455,-21.728829383837457,17.01088430533991,39.9972155924729,1.0,NOMINAL,0.9999303898118224,0.0450037589501615,1.0,True,0.9616724738675958,809.5678027536919,95.0,STANDBY,False,ASTRA_SIMULATED_EPS,-716.3590706955576,0.03526791019466202,0.014262372268620638,0.003040711412268138,2.472794113799478,32.83905100559245,0.18397479187811178,-21.80612408314433,0.07418130192952355,16.85497493623102,0.11785205217879491,-716.0904905145017,4.3633094540040105,0.0
17010.0,ASTRA-SC-01,EPS,32.812235081987986,-21.74218538536615,17.029888112008678,39.9972155924729,1.0,NOMINAL,0.9999303898118224,0.0450037589501615,1.0,True,0.9634146341463414,809.6268911596534,95.0,STANDBY,False,ASTRA_SIMULATED_EPS,-713.4096980607976,-0.015590406813146985,-0.0013356001528691762,0.0019003806668766998,2.6339266704848776,32.841419451779,0.1833424753084209,-21.80230429873713,0.07600061010418636,16.878405855261388,0.11515110216656779,-716.0167857509405,4.40099349641748,-0.0
17020.0,ASTRA-SC-01,EPS,32.63051151165402,-21.784244997559483,16.987401552561654,39.9972155924729,1.0,NOMINAL,0.9999303898118224,0.0450037589501615,1.0,True,0.9651567944250872,809.682905179303,95.0,STANDBY,False,ASTRA_SIMULATED_EPS,-710.8310571655562,-0.01817235703339648,-0.004205961219333432,-0.004248655944702406,2.795059227170277,32.818712584717886,0.18718398273056389,-21.801757266681957,0.07610605862376353,16.900980578113593,0.09897508760745034,-715.5040975392184,4.534301501092211,-0.0
17030.0,ASTRA-SC-01,EPS,32.81272130190634,-21.845881658363226,17.189278837351996,39.9972155924729,1.0,NOMINAL,0.9999303898118224,0.0450037589501615,1.0,True,0.9668989547038328,809.7358287292174,95.0,STANDBY,False,ASTRA_SIMULATED_EPS,-716.8228264503001,0.018220979025232252,-0.006163666080374242,0.020187728479034207,2.9561917838556764,32.811468621654676,0.1850169540893999,-21.806110404141428,0.07667383755730105,16.930966177390456,0.11360839832847394,-715.489158075153,4.52922149825165,0.0
17040.0,ASTRA-SC-01,EPS,32.79288143434985,-21.952659575339787,17.076767919662437,39.9972155924729,1.0,NOMINAL,0.9999303898118224,0.0450037589501615,1.0,True,0.9686411149825784,809.7856466272685,95.0,STANDBY,False,ASTRA_SIMULATED_EPS,-719.8909626227626,-0.0019839867556491696,-0.010677791697656147,-0.011251091768955845,0.18580496902600838,32.79345656989133,0.17142625767978145,-21.818788343173708,0.08429001538300003,16.95112294280582,0.11063196831712367,-715.5129171214678,4.552831658264872,-0.0
17050.0,ASTRA-SC-01,EPS,32.88459733691623,-21.603338046383975,17.07511503838549,39.9972155924729,1.0,NOMINAL,0.9999303898118224,0.0450037589501615,1.0,True,0.970383275261324,809.8323445967028,95.0,STANDBY,False,ASTRA_SIMULATED_EPS,-710.4170727886195,0.009171590256637784,0.03493215289558123,-0.00016528812769465163,0.2625543946304539,32.812024129610734,0.16463038445547534,-21.806481226622193,0.10094652857549123,16.968636811741053,0.1078633222126227,-715.5127515154304,4.553030199881849,0.0
17060.0,ASTRA-SC-01,EPS,32.53991036805442,-21.702279432748167,17.056612155998426,39.9972155924729,1.0,NOMINAL,0.9999303898118224,0.0450037589501615,1.0,True,0.9721254355400696,809.8759092699619,95.0,STANDBY,False,ASTRA_SIMULATED_EPS,-706.1902275240963,-0.034468696886180795,-0.009894138636419214,-0.0018502882387064546,3.483749131966414,32.81172834177917,0.1651488353147792,-21.803780704784188,0.10328688309414694,16.985151948328284,0.10036033505937565,-715.418445524979,4.739362547623228,-0.0
17070.0,ASTRA-SC-01,EPS,32.727895762112944,-21.8259766605328,17.143158706384952,39.9972155924729,1.0,NOMINAL,0.9999303898118224,0.0450037589501615,1.0,True,0.9738675958188152,809.9163281922397,95.0,STANDBY,False,ASTRA_SIMULATED_EPS,-714.3182890522274,0.01879853940585221,-0.0123697227784632,0.008654655038652592,1.5197219648755718,32.806508391106895,0.1665675527470969,-21.815499407270288,0.09418789731732284,17.00520093601013,0.09984851548614325,-715.6889610426026,4.5353425308708175,0.0
17080.0,ASTRA-SC-01,EPS,32.91244498454999,-21.875674945836938,17.153896208764156,39.9972155924729,1.0,NOMINAL,0.9999303898118224,0.0450037589501615,1.0,True,0.975609756097561,809.9535898247783,95.0,STANDBY,False,ASTRA_SIMULATED_EPS,-719.9819481547569,0.018454922243704885,-0.004969828530413878,0.001073750237920379,1.373874066404646,32.797883154552856,0.15656124317473522,-21.814949585005024,0.09378315086310689,17.025174261803205,0.09744237859535938,-715.4821110411525,4.234734373161916,0.0
17090.0,ASTRA-SC-01,EPS,32.79708370160402,-21.781734534827557,17.19336047631756,39.9972155924729,1.0,NOMINAL,0.9999303898118224,0.0450037589501615,1.0,True,0.9773519163763066,809.9876835479001,95.0,STANDBY,False,ASTRA_SIMULATED_EPS,-714.3773707048583,-0.011536128294596892,0.00939404110093811,0.003946426755340582,1.22802616793372,32.796803647453665,0.15650333862649404,-21.80739910581428,0.09140774471507024,17.043594637333555,0.10157241633330304,-715.2108415441451,4.160968379873053,-0.0
17100.0,ASTRA-SC-01,EPS,32.87092768982534,-21.70353380982544,17.228931572384493,39.9972155924729,1.0,NOMINAL,0.9999303898118224,0.0450037589501615,1.0,True,0.9790940766550522,810.018599663777,95.0,STANDBY,False,ASTRA_SIMULATED_EPS,-713.4152904764516,0.007384398822131999,0.007820072500211595,0.0035571096066931316,0.9442877699576562,32.77615457841062,0.11791527933051507,-21.80246612771635,0.09505862571609343,17.064445197219896,0.10556979516692472,-714.5990042885954,3.6401138384188876,0.0
17110.0,ASTRA-SC-01,EPS,32.87381071791454,-21.980953806238745,17.232586451915957,39.9972155924729,1.0,NOMINAL,0.9999303898118224,0.0450037589501615,1.0,True,0.980836236933798,810.0463293989358,95.0,STANDBY,False,ASTRA_SIMULATED_EPS,-722.5977148255156,0.00028830280891938286,-0.027741999641330395,0.0003654879531463706,0.010392286520322262,32.780189640604334,0.12028835201639056,-21.810588157125288,0.10493681463913003,17.09185040644986,0.09024459333670831,-714.9542092683084,4.144363800787636,0.0
17120.0,ASTRA-SC-01,EPS,32.878061855275654,-21.718219735584317,17.21617732806743,39.9972155924729,1.0,NOMINAL,0.9999303898118224,0.0450037589501615,1.0,True,0.9825783972125436,810.0708649065,95.0,STANDBY,False,ASTRA_SIMULATED_EPS,-714.0529718530096,0.0004251137361116264,0.02627340706544281,-0.0016409123848525552,0.016180380985714445,32.79314848563641,0.11961717304500741,-21.795898209404967,0.10109409127485788,17.10497436336192,0.09320862499697317,-714.7555307737751,4.108863751234765,0.0
17130.0,ASTRA-SC-01,EPS,32.691343455345674,-21.8674274503472,17.29828010879561,39.9972155924729,1.0,NOMINAL,0.9999303898118224,0.0450037589501615,1.0,True,0.9843205574912892,810.0921992681667,95.0,STANDBY,False,ASTRA_SIMULATED_EPS,-714.8755812641543,-0.018671839992997975,-0.014920771476288407,0.0082102780728178,1.2513990997496771,32.78720162665262,0.12247178286264733,-21.798959501954325,0.10260890003967385,17.124854397677062,0.10073509494870803,-714.7258391086649,4.106094258222998,-0.0
17140.0,ASTRA-SC-01,EPS,32.96897751381079,-21.84898257563981,17.337466971045593,39.9972155924729,1.0,NOMINAL,0.9999303898118224,0.0450037589501615,1.0,True,0.9860627177700348,810.110326495919,95.0,STANDBY,False,ASTRA_SIMULATED_EPS,-720.3386152359127,0.027763405846511803,0.0018444874707391535,0.003918686224998425,1.5030377371110026,32.81076945769515,0.1210685726114255,-21.79746146656207,0.10163433499204898,17.148653716332287,0.10621038624320368,-715.1919131249718,4.329180200265342,0.0
17150.0,ASTRA-SC-01,EPS,32.81967433146914,-21.817152141458195,17.302054126925704,39.9972155924729,1.0,NOMINAL,0.9999303898118224,0.0450037589501615,1.0,True,0.9878048780487804,810.1252415334747,95.0,STANDBY,False,ASTRA_SIMULATED_EPS,-716.0318281227725,-0.01493031823416544,0.0031830434181614464,-0.0035412844119889542,1.7546763744723282,32.80087180311846,0.11309004409565827,-21.803349650403455,0.09991812074835792,17.168065037771342,0.10583961262479633,-715.1700969534527,4.323699458615355,-0.0
17160.0,ASTRA-SC-01,EPS,32.921866111937,-21.766217078985395,17.446914280896543,39.9972155924729,1.0,NOMINAL,0.9999303898118224,0.0450037589501615,1.0,True,0.989547038327526,810.1369402574683,95.0,STANDBY,False,ASTRA_SIMULATED_EPS,-716.5844844377136,0.010219178046786227,0.005093506247279933,0.014486015397083917,2.0063150118336535,32.8081805384484,0.11733963144520304,-21.804951763311404,0.09905629388324953,17.195866782363865,0.12068208322176416,-715.3817493785805,4.309050397348705,0.0
17170.0,ASTRA-SC-01,EPS,32.65966161135126,-21.744523990154633,17.327107964331546,39.9972155924729,1.0,NOMINAL,0.9999303898118224,0.0450037589501615,1.0,True,0.9912891986062716,810.1454194783722,95.0,STANDBY,False,ASTRA_SIMULATED_EPS,-710.1687954183598,-0.026220450058573874,0.0021693088830762263,-0.011980631656499697,1.0262935292124542,32.81012387842821,0.11439130448271555,-21.80230369615108,0.10017401029347484,17.218513876481857,0.1101853781064313,-715.3375985954341,4.362074085433825,-0.0
17180.0,ASTRA-SC-01,EPS,32.65686343607638,-21.8049962510771,17.38082612408628,39.9972155924729,1.0,NOMINAL,0.9999303898118224,0.0450037589501615,1.0,True,0.9930313588850174,810.150676941149,95.0,STANDBY,False,ASTRA_SIMULATED_EPS,-712.0827847955823,-0.0002798175274882908,-0.00604722609224666,0.005371815975473382,0.04627204659125507,32.799733354039546,0.12102471978977981,-21.799578002332005,0.09945724950069704,17.23128369559748,0.11741744810844972,-715.0215958184529,4.418125890176829,-0.0
17190.0,ASTRA-SC-01,EPS,33.277996057055496,-21.82481535776536,17.33778567430805,39.9972155924729,1.0,NOMINAL,0.9999303898118224,0.0450037589501615,1.0,True,0.9947735191637632,810.1527113256415,95.0,STANDBY,False,ASTRA_SIMULATED_EPS,-726.2861194216799,0.06211326209791181,-0.0019819106688260036,-0.004304044977822841,1.0295565748773283,32.83207432888659,0.1728039648363828,-21.79105505449371,0.09047405674411577,17.248684879240518,0.11210375559466754,-715.4479396050475,5.166719966059982,0.0
17200.0,ASTRA-SC-01,EPS,32.844196969785,-22.04033117100503,17.409978652689986,39.9972155924729,1.0,NOMINAL,0.9999303898118224,0.0450037589501615,1.0,True,0.9965156794425089,810.1515222466994,95.0,STANDBY,False,ASTRA_SIMULATED_EPS,-723.8969782597813,-0.04337990872704935,-0.02155158132396693,0.007219297838193484,2.0128411031634017,32.829380971077846,0.17224078310195065,-21.820187929468442,0.09590464396518415,17.27100912019415,0.10834967992068956,-716.3465999697914,5.396379139258379,-0.0
17210.0,ASTRA-SC-01,EPS,32.80205209853245,-9.52234954430149,17.483485400313405,39.9972155924729,1.0,NOMINAL,0.9999303898118224,0.0450037589501615,1.0,True,0.9982578397212544,408.7042398844769,95.0,STANDBY,False,ASTRA_SIMULATED_EPS,-312.3526058526142,-0.004214487125255318,1.251798162670354,0.007350674762341925,0.003366746533854078,32.846857086443045,0.15299599463150074,-21.008192603572002,3.178742431092593,17.29946733648182,0.10398736330772389,-690.090758525026,104.59962781322335,-0.0
17220.0,ASTRA-SC-01,EPS,32.575764413061776,2.8934580705771675,17.297523331724342,39.9972155924729,0.9997988476417026,NOMINAL,0.9999303898118224,0.0450037589501615,1.0,False,0.0,0.0,95.0,STANDBY,False,ASTRA_SIMULATED_EPS,94.25660844619408,-0.022628768547067322,1.2415807614878658,-0.01859620685890633,0.018225772538509554,32.8367149965063,0.16594003914416688,-19.360230288164665,6.924826379955531,17.309758311504442,0.094630874226311,-636.1857653584646,227.43959079535813,-0.0
17230.0,ASTRA-SC-01,EPS,32.464087726762564,2.902481216811761,17.173467418199685,39.99721398336605,0.9995976917020184,NOMINAL,0.9999303495841512,0.0450037611224558,1.0,False,0.0017421602787456,0.0,95.0,STANDBY,False,ASTRA_SIMULATED_EPS,94.22640484785755,-0.011167668629921223,0.0009023146234593326,-0.012405591352465706,0.4264185892437868,32.80682451265381,0.18996612253805203,-17.708353210654757,8.94313575173459,17.311063058800144,0.09243789808773725,-581.9052084916236,293.5603125891194,1.4408619196300219e-05
17240.0,ASTRA-SC-01,EPS,32.5723642152307,2.8771573984752874,17.166246770406808,39.997212374230614,0.9993965286477968,NOMINAL,0.9999303093557654,0.0450037632947886,1.0,False,0.0034843205574912,0.0,95.0,STANDBY,False,ASTRA_SIMULATED_EPS,93.7158186876827,0.010827648846813531,-0.002532381833647346,-0.0007220647792877344,0.834611405949064,32.79184321356225,0.19941520679240612,-16.0644270817679,10.303774945909312,17.309255478406097,0.09512982080821403,-528.0323291987876,338.2589658340573,-1.4861355969290291e-05
17250.0,ASTRA-SC-01,EPS,32.9270356580168,2.871289288316329,16.94802718680142,39.99721076503834,0.9991953584782024,NOMINAL,0.9999302691259584,0.0450037654671982,1.0,False,0.0052264808362369,0.0,95.0,STANDBY,False,ASTRA_SIMULATED_EPS,94.54304478087344,0.035467144278609905,-0.0005868110158958384,-0.021821958360538928,1.2428042226543412,32.795583744775016,0.20151971099024432,-14.426105541891781,11.253092469059332,17.290528519367225,0.13241412935840674,-474.16844018163255,369.51524880508885,-4.537135163469152e-06
17260.0,ASTRA-SC-01,EPS,32.60684814103545,2.8970566439467764,16.95382412347389,39.99720915578921,0.9989941811923996,NOMINAL,0.9999302288947302,0.0450037676396845,1.0,False,0.0069686411149825,0.0,95.0,STANDBY,False,ASTRA_SIMULATED_EPS,94.46388604515035,-0.03201875169813491,0.0025767355630447407,0.0005796936672471276,1.6509970393596185,32.77778623964974,0.2058593687462487,-12.767571511879414,11.876159944941682,17.271944364137752,0.15818186364387082,-419.6976667902548,389.93597533212204,5.025958373844418e-06
17270.0,ASTRA-SC-01,EPS,32.54939427859354,2.8929438442731876,16.86377365494157,39.99720754648321,0.998792996789552,NOMINAL,0.9999301886620802,0.0450037698122476,1.0,False,0.0087108013937282,0.0,95.0,STANDBY,False,ASTRA_SIMULATED_EPS,94.16356981307808,-0.005745386244191053,-0.0004112799673588796,-0.009005046853231845,2.059189856064896,32.75587506787093,0.21182865597048603,-11.126827273222245,12.2455865614491,17.24845078592936,0.19002164727810453,-365.81656401251564,402.00938460365427,2.8010405715283554e-05
17280.0,ASTRA-SC-01,EPS,32.78754960362355,2.8588618369234062,16.729747757229276,39.99720593712035,0.9985918052688216,NOMINAL,0.9999301484280086,0.0450037719848875,1.0,False,0.0104529616724738,0.0,95.0,STANDBY,False,ASTRA_SIMULATED_EPS,93.73507428803254,0.023815532503001436,-0.0034082007349781397,-0.0134025897712295,2.467382672770173,32.76228881108946,0.21119070909836557,-9.478407987404205,12.360192956388362,17.21054862915827,0.23153778437820619,-311.90918697570316,406.05392548166054,-6.757618631623388e-06
17290.0,ASTRA-SC-01,EPS,32.648977838262866,2.879170883115242,16.737834950367493,39.99720432770061,0.9983906066293704,NOMINAL,0.9999301081925152,0.0450037741576041,1.0,False,0.0121951219512195,0.0,95.0,STANDBY,False,ASTRA_SIMULATED_EPS,94.00198635540126,-0.013857176536068749,0.002030904619183582,0.0008087193138216264,2.8755754894754504,32.74095549938627,0.20488912026465972,-7.829864423487203,12.240898603026771,17.170573161113065,0.25827944780988327,-257.61981353628227,401.96448913219746,1.1614341034048306e-05
17300.0,ASTRA-SC-01,EPS,32.50722042736331,2.896355690138233,16.58244012168778,39.99720271822399,0.9981894008703596,NOMINAL,0.9999300679555996,0.0450037763303976,1.0,False,0.0139372822299651,0.0,95.0,STANDBY,False,ASTRA_SIMULATED_EPS,94.15247285537151,-0.014175741089955807,0.0017184807022990966,-0.015539482867971088,3.2837683061807277,32.72012523911254,0.21207152696044168,-6.182297234714108,11.881692989432983,17.122598894097205,0.2961667119221145,-203.607526804406,390.22873941466213,1.1353738822695736e-05
17310.0,ASTRA-SC-01,EPS,32.51152265486812,2.8612798197309735,16.436845604707415,39.99720110869048,0.9979881879909492,NOMINAL,0.999930027717262,0.0450037785032678,1.0,False,0.0156794425087108,0.0,95.0,STANDBY,False,ASTRA_SIMULATED_EPS,93.02456368110052,0.0004302227504815903,-0.003507587040725957,-0.014559451698036695,3.691961122886005,32.692769008641285,0.210650499959445,-4.540464108133016,11.259720512028386,17.055260982351264,0.33005056819589434,-149.63359026315172,369.65679232507324,-0.0003741163162070953
17320.0,ASTRA-SC-01,EPS,32.77316517969518,2.890800126702581,16.319869016603075,39.99719949910008,0.9977869679902984,NOMINAL,0.999929987477502,0.0450037806762148,1.0,False,0.0174216027874564,0.0,95.0,STANDBY,False,ASTRA_SIMULATED_EPS,94.74067005390744,0.02616425248270531,0.002952030697160746,-0.011697658810433964,4.100153939591282,32.70033591319755,0.2114135145296032,-2.8981091670092023,10.329300728441506,16.988111719169368,0.37074562847023895,-95.97295923166725,339.68190273249263,-6.151868496578663e-06
17330.0,ASTRA-SC-01,EPS,32.75390826016658,2.891021655348311,16.24086487697919,39.997197889452785,0.9975857408675664,NOMINAL,0.9999299472363196,0.0450037828492387,1.0,False,0.019163763066202,0.0,95.0,STANDBY,False,ASTRA_SIMULATED_EPS,94.69225807743351,-0.0019256919528594096,2.2152864573010688e-05,-0.007900413962388341,4.508346756296559,32.70680556813689,0.2114730194421644,-1.2517079732475083,8.980560166455286,16.91211430269556,0.4001652894287688,-42.18795637346618,296.25551719561855,8.358799492879172e-05
17340.0,ASTRA-SC-01,EPS,32.6252534433858,2.912590288379424,16.28990762951996,39.99719627974857,0.9973845066219104,NOMINAL,0.9999299069937144,0.0450037850223394,1.0,False,0.0209059233449477,0.0,95.0,STANDBY,False,ASTRA_SIMULATED_EPS,95.02399633512285,-0.012865481678078083,0.0021568633031113114,0.0049042752540767506,4.916539573001836,32.66328939389224,0.14093540679407496,0.3974524031621441,6.98160407272783,16.842255766376354,0.4118419795065576,12.566051343654003,229.06790063641964,1.2511806815765501e-05
17350.0,ASTRA-SC-01,EPS,32.73378081552438,2.9202758638483632,16.050236927221135,39.99719466998745,0.9971832652524876,NOMINAL,0.9999298667496862,0.0450037871955169,1.0,False,0.0226480836236933,0.0,95.0,STANDBY,False,ASTRA_SIMULATED_EPS,95.59167004807846,0.010852737213858177,0.000768557546893911,-0.02396707022988238,5.324732389707114,32.65592831694154,0.1334989973571768,2.06149287215237,3.204619235825066,16.751606318011763,0.4273103717920327,67.19862789751133,105.0014035629171,-1.4832766049020255e-05
17360.0,ASTRA-SC-01,EPS,32.42993939661501,2.8989897206776343,15.985868965581004,39.9971930601694,0.9969820167584542,NOMINAL,0.999929826504235,0.0450037893687713,1.0,False,0.024390243902439,0.0,95.0,STANDBY,False,ASTRA_SIMULATED_EPS,94.01406095298556,-0.030384141890937143,-0.0021286143170728966,-0.006436796164013181,5.732925206412391,32.63112080348038,0.13887183038361336,2.8895821564843116,0.017320822219444358,16.651765222362936,0.41896992645791487,94.28973901788463,0.6053561654634555,5.298217916796594e-06
17370.0,ASTRA-SC-01,EPS,32.419679389955924,2.894461052563183,15.905711492613408,39.99719145029443,0.9967807611389656,NOMINAL,0.9999297862573608,0.0450037915421025,1.0,False,0.0261324041811846,0.0,95.0,STANDBY,False,ASTRA_SIMULATED_EPS,93.83749933081275,-0.0010260006659088105,-0.00045286681144514064,-0.008015747296759556,6.141118023117668,32.62071513527332,0.1488082098032526,2.889649021950046,0.017338780244300262,16.558977766422206,0.41985976757840243,94.26179841019255,0.6165629475056043,0.00015690779008248484
17380.0,ASTRA-SC-01,EPS,32.65259139862191,2.907808450060752,15.805787089489936,39.99718984036251,0.9965794983931768,NOMINAL,0.9999297460090628,0.0450037937155105,1.0,False,0.0278745644599303,0.0,95.0,STANDBY,False,ASTRA_SIMULATED_EPS,94.94748118529381,0.023291200866598416,0.001334739749756908,-0.009992440312347205,6.549310839822946,32.633282046730606,0.14246037253076926,2.8900041708333126,0.017671756821956642,16.467799077841555,0.4253525014570289,94.30987016602164,0.6412233237838378,-6.91218941578124e-06
17390.0,ASTRA-SC-01,EPS,32.50971875774156,2.888066302413734,15.637041001748544,39.997188230373666,0.9963782285202408,NOMINAL,0.9999297057593416,0.0450037958889955,1.0,False,0.0296167247386759,0.0,95.0,STANDBY,False,ASTRA_SIMULATED_EPS,93.89022324518108,-0.014287264088034846,-0.0019742147647018094,-0.016874608774139155,6.957503656528223,32.629105682898,0.1452644589190691,2.890731431095875,0.017326396068448928,16.365852026597672,0.42923339387335896,94.32149713652151,0.6311849115586488,1.1268699400861802e-05
17400.0,ASTRA-SC-01,EPS,32.8817256438112,2.8984471167267367,15.591750659311854,39.99718662032787,0.9961769515193114,NOMINAL,0.9999296655081968,0.0450037980625573,1.0,False,0.0313588850174216,0.0,95.0,STANDBY,False,ASTRA_SIMULATED_EPS,95.30594288530418,0.03720068860696415,0.0010380814313002862,-0.004529034243669017,7.3656964732335,32.626085015284296,0.13896104038689705,2.8925419529899026,0.016551264638889545,16.275433591431703,0.4405395148672041,94.37235701015024,0.6792207020077903,-4.3279999916243924e-06
17410.0,ASTRA-SC-01,EPS,32.4381431385445,2.95550768045779,15.455585353504311,39.99718501022512,0.9959756673895404,NOMINAL,0.999929625255628,0.045003800236196,1.0,False,0.0331010452961672,0.0,95.0,STANDBY,False,ASTRA_SIMULATED_EPS,95.87118118575742,-0.04435825052667042,0.005706056373105328,-0.013616530580754294,7.7738892899387775,32.61483801511823,0.14721147493762263,2.896438688757304,0.02322522214649765,16.175551006767066,0.4455606706090924,94.4661766861907,0.7821597863539994,3.629770630439586e-06
17420.0,ASTRA-SC-01,EPS,32.518251992377266,2.9064955026272923,15.445773344623886,39.99718340006539,0.9957743761300792,NOMINAL,0.999929585001635,0.0450038024099117,1.0,False,0.0348432055749128,0.0,95.0,STANDBY,False,ASTRA_SIMULATED_EPS,94.51415316914552,0.0080108853832769,-0.004901217783049772,-0.0009812008880425438,7.610030783399631,32.61276186270381,0.14841504976446443,2.8973421326475775,0.0233428416939171,16.081017652745885,0.439497850967932,94.48954890992854,0.7776967803380604,-2.0099647556775192e-05
17430.0,ASTRA-SC-01,EPS,32.74288459373343,2.9337273294346935,15.347832910051014,39.99718178984872,0.9955730777400784,NOMINAL,0.999929544746218,0.0450038045837042,1.0,False,0.0365853658536585,0.0,95.0,STANDBY,False,ASTRA_SIMULATED_EPS,96.05869537716194,0.02246326013561628,0.0027231826807401216,-0.009794043457287138,7.446172276860484,32.6097841953778,0.14506810005906656,2.902333165481663,0.022516547679763764,15.988889996267336,0.438635351012494,94.64445698253716,0.8451717055564157,-7.168223407419236e-06
17440.0,ASTRA-SC-01,EPS,32.41345295991614,2.8935865305701594,15.24492933788741,39.99718017957506,0.995371772218688,NOMINAL,0.9999295044893765,0.0450038067575736,1.0,False,0.0383275261324041,0.0,95.0,STANDBY,False,ASTRA_SIMULATED_EPS,93.79113089408281,-0.032943163381728625,-0.004014079886453414,-0.01029035721636049,7.282313770321338,32.594082536821354,0.15304953267312585,2.9032942086453244,0.02175199023772178,15.88936295543533,0.4257420442426857,94.6303999517826,0.8582725953508707,4.888035911970857e-06
17450.0,ASTRA-SC-01,EPS,32.92119521531796,2.87144963072089,15.196928635204266,39.99717856924442,0.9951704595650568,NOMINAL,0.9999294642311104,0.04500380893152,1.0,False,0.0400696864111498,0.0,95.0,STANDBY,False,ASTRA_SIMULATED_EPS,94.53155384391508,0.05077422554018156,-0.0022136899849269477,-0.004800070268314372,7.118455263782191,32.62168085601833,0.17237229275955823,2.9016338046841677,0.0232204760235251,15.796995523003094,0.41479093065444345,94.6556720176855,0.848722651772944,-3.1715513629866344e-06
17460.0,ASTRA-SC-01,EPS,32.61229508664398,2.915132998394811,15.039210656221828,39.997176958856784,0.9949691397783332,NOMINAL,0.9999294239714196,0.0450038111055433,1.0,False,0.0418118466898954,0.0,95.0,STANDBY,False,ASTRA_SIMULATED_EPS,95.06917756046484,-0.030890012867397586,0.0043683367673921225,-0.01577179789824381,6.954596757243044,32.628399018136726,0.16971555198729987,2.9052240165950907,0.020544562889309573,15.703819859770723,0.41775979428786614,94.79197960964312,0.722910683512041,5.213295448309869e-06
17470.0,ASTRA-SC-01,EPS,32.44450729854606,2.9135408338130753,14.984790155392217,39.99717534841216,0.9947678128576648,NOMINAL,0.999929383710304,0.0450038132796435,1.0,False,0.0435540069686411,0.0,95.0,STANDBY,False,ASTRA_SIMULATED_EPS,94.52839684726028,-0.016778778809792526,-0.00015921645817358333,-0.005442050082961103,6.790738250703897,32.60648849272678,0.17090202213018146,2.9067400637357896,0.02024096229606753,15.614814602356663,0.4193518429470041,94.77782806253332,0.7260577110343441,9.598103882184098e-06
17480.0,ASTRA-SC-01,EPS,32.738872896489966,2.8987461762789457,14.830082521113988,39.99717373791053,0.9945664788021976,NOMINAL,0.9999293434477632,0.0450038154538207,1.0,False,0.0452961672473867,0.0,95.0,STANDBY,False,ASTRA_SIMULATED_EPS,94.9016826243827,0.02943655979439086,-0.0014794657534129563,-0.015470763427822831,6.62687974416475,32.60548613514834,0.17001743357491245,2.907255031797832,0.01990801661616746,15.520762445298983,0.42704649494530894,94.7917896989966,0.7263082293982821,-5.471093244332777e-06
17490.0,ASTRA-SC-01,EPS,32.325387056173014,2.915082304975959,14.78951912880824,39.99717212735189,0.994365137611078,NOMINAL,0.9999293031837972,0.0450038176280749,1.0,False,0.0470383275261324,0.0,95.0,STANDBY,False,ASTRA_SIMULATED_EPS,94.23116380894886,-0.04134858403169517,0.0016336128697013396,-0.004056339230574757,6.463021237625603,32.58549504266749,0.18453669378838694,2.9074211662376017,0.019966033641245204,15.420736545251536,0.4093737976757412,94.73893419725167,0.7369729071898392,3.8950756811503775e-06
17500.0,ASTRA-SC-01,EPS,32.4207855610174,2.8887107601378785,14.653482994769064,39.99717051673623,0.9941637892834504,NOMINAL,0.9999292629184058,0.045003819802406,1.0,False,0.048780487804878,0.0,95.0,STANDBY,False,ASTRA_SIMULATED_EPS,93.65427210223372,0.009539850484438261,-0.0026371544838080575,-0.013603613403917691,6.299162731086456,32.564628692367016,0.18426738205501486,2.9053168259902353,0.020176732212219658,15.327619616421398,0.41477726642784873,94.60977433419536,0.7465590732900637,-1.6883028279059478e-05
17510.0,ASTRA-SC-01,EPS,32.33534848636328,2.883371475683309,14.52887020242448,39.99716890606355,0.9939624338184596,NOMINAL,0.9999292226515888,0.0450038219768142,1.0,False,0.0505226480836236,0.0,95.0,STANDBY,False,ASTRA_SIMULATED_EPS,93.23482148185934,-0.008543707465411643,-0.0005339284454569437,-0.012461279234458366,6.13530422454731,32.55832263168357,0.19071187387308075,2.904275609657281,0.020916008027633527,15.230486365544296,0.4201826069645151,94.55782503612028,0.8149516317287739,1.8852151595174878e-05
17520.0,ASTRA-SC-01,EPS,32.508526713055275,2.885013697208363,14.413196037507364,39.997167295333846,0.9937610712152488,NOMINAL,0.9999291823833462,0.0450038241512993,1.0,False,0.0522648083623693,0.0,95.0,STANDBY,False,ASTRA_SIMULATED_EPS,93.78754484322843,0.0173178226691995,0.00016422215250537774,-0.011567416491711668,5.971445718008163,32.56424578655686,0.18745012523087892,2.9036457859669595,0.02136996733969043,15.130985335203894,0.4255480170348411,94.55449473694799,0.8182010912121127,-9.300994328501664e-06
17530.0,ASTRA-SC-01,EPS,32.90394691673752,2.9239403513887563,14.36482294358029,39.9971656845471,0.9935597014729606,NOMINAL,0.9999291421136774,0.0450038263258614,1.0,False,0.0540069686411149,0.0,95.0,STANDBY,False,ASTRA_SIMULATED_EPS,96.20917810980248,0.039542020368224226,0.0038926654180393427,-0.00483730939270739,5.807587211469016,32.581002821097904,0.20620822171891162,2.9047212460554928,0.021991312334423856,15.034921058809918,0.4249788088831409,94.63860786524856,0.9200060481080694,-4.073607599341252e-06
17540.0,ASTRA-SC-01,EPS,32.61770620338387,2.907761290849795,14.372798208576173,39.99716407370331,0.9933583245907366,NOMINAL,0.9999291018425828,0.0450038285005005,1.0,False,0.0557491289198606,0.0,95.0,STANDBY,False,ASTRA_SIMULATED_EPS,94.84450349451085,-0.02862407133536493,-0.001617906053896112,0.000797526499588308,5.6437287049298694,32.588201984140724,0.20542533075435604,2.9060342452845638,0.021508544273430175,14.95063820593176,0.42239132886241265,94.70222654853721,0.8972720250617662,5.627584455582611e-06
17550.0,ASTRA-SC-01,EPS,32.43883775047503,2.9210187913466443,14.19556033496108,39.99716246280247,0.993156940567718,NOMINAL,0.9999290615700618,0.0450038306752166,1.0,False,0.0574912891986062,0.0,95.0,STANDBY,False,ASTRA_SIMULATED_EPS,94.75445463858247,-0.01788684529088371,0.0013257500496849151,-0.017723787361509303,5.4798701983907225,32.55867612458498,0.19158564310068563,2.9075390235925576,0.02172827553682503,14.85755885097504,0.42484980575805703,94.66546066542243,0.8819352755289331,9.006064581556746e-06
17560.0,ASTRA-SC-01,EPS,32.35342578687102,2.9139469670038887,14.19744621111778,39.99716085184457,0.9929555494030448,NOMINAL,0.9999290212961144,0.0450038328500098,1.0,False,0.0592334494773519,0.0,95.0,STANDBY,False,ASTRA_SIMULATED_EPS,94.2761669438382,-0.00854119636040096,-0.0007071824342755661,0.0001885876156700661,5.3160116918515765,32.55302830114008,0.19657638514530953,2.904768309362298,0.01739164053377166,14.773682908149272,0.42253895823220144,94.55912638262781,0.8201707381551364,1.8861033445572403e-05
17570.0,ASTRA-SC-01,EPS,32.99123906976668,2.876535438120838,14.078047299392145,39.99715924082961,0.9927541510958564,NOMINAL,0.9999289810207402,0.04500383502488,1.0,False,0.0609756097560975,0.0,95.0,STANDBY,False,ASTRA_SIMULATED_EPS,94.9004683317006,0.06378132828956566,-0.0037411528883050773,-0.011939891172563577,5.152153185312429,32.58456077296604,0.2262894302108852,2.902770971728534,0.01883924419169095,14.682501171800489,0.41464615783062586,94.58488072679816,0.8247104686223113,-2.5258410289841424e-06
17580.0,ASTRA-SC-01,EPS,32.50189219722708,2.9153080211014277,13.88000953508735,39.99715762975758,0.9925527456452916,NOMINAL,0.9999289407439396,0.0450038371998272,1.0,False,0.0627177700348432,0.0,95.0,STANDBY,False,ASTRA_SIMULATED_EPS,94.75302702355,-0.048934687253959906,0.003877258298058983,-0.01980377643047948,4.988294678773283,32.56849461319895,0.22277351182628305,2.9015430178396495,0.0172069403921948,14.584646280136244,0.4195859280787101,94.49783616989069,0.7203449188188193,3.2922904384784517e-06
17590.0,ASTRA-SC-01,EPS,32.36182574775262,2.885005068894622,13.868153927334586,39.997156018628466,0.9923513330504878,NOMINAL,0.9999289004657116,0.0450038393748515,1.0,False,0.0644599303135888,0.0,95.0,STANDBY,False,ASTRA_SIMULATED_EPS,93.3640313209508,-0.014006644947446033,-0.0030302952206805677,-0.0011855607752764286,4.824436172234136,32.56505279905471,0.22571931691863031,2.9009709203946135,0.017627883351966793,14.492861252766057,0.4153959489032392,94.46936286501523,0.7577445565257409,1.1502605517666235e-05
17600.0,ASTRA-SC-01,EPS,32.46189086636516,2.913090261284305,13.826460530927733,39.99715440744227,0.9921499133105824,NOMINAL,0.9999288601860568,0.0450038415499529,1.0,False,0.0662020905923344,0.0,95.0,STANDBY,False,ASTRA_SIMULATED_EPS,94.56441814568227,0.010006511861254097,0.002808519238968277,-0.0041693396406852655,4.660577665694989,32.53443250912453,0.20407104361444056,2.9037469624321743,0.015834337776019794,14.401496712480954,0.3999035576453407,94.47155381846638,0.7579846947942277,-1.6101377002378436e-05
17610.0,ASTRA-SC-01,EPS,32.66273375847533,2.9319098118638185,13.707054921133128,39.99715279619898,0.9919484864247112,NOMINAL,0.9999288199049746,0.0450038437251313,1.0,False,0.0679442508710801,0.0,95.0,STANDBY,False,ASTRA_SIMULATED_EPS,95.76418958876941,0.020084289211017393,0.0018819550579513677,-0.011940560979460457,4.496719159155842,32.53779508724662,0.2058534321548426,2.9048654166634416,0.017227278440281064,14.312686330141707,0.3960682700173637,94.5178879536867,0.8161373082111343,-8.022406307950239e-06
17620.0,ASTRA-SC-01,EPS,32.365801411142215,2.9270323507125915,13.567390638276034,39.9971511848986,0.9917470523920096,NOMINAL,0.999928779622465,0.0450038459003869,1.0,False,0.0696864111498257,0.0,95.0,STANDBY,False,ASTRA_SIMULATED_EPS,94.7357477871525,-0.02969323473331187,-0.0004877461151227003,-0.013966428285709398,4.332860652616695,32.53254802808636,0.2093740903725774,2.9057648511234095,0.018045345821860112,14.218193029000629,0.39333631558326126,94.53171134967948,0.8180817134352001,5.426489899998025e-06
17630.0,ASTRA-SC-01,EPS,32.71099436650312,2.9312384039303683,13.532104141343495,39.99714957354111,0.991545611211612,NOMINAL,0.9999287393385276,0.0450038480757195,1.0,False,0.0714285714285714,0.0,95.0,STANDBY,False,ASTRA_SIMULATED_EPS,95.88372291784388,0.03451929553609077,0.0004206053217776784,-0.0035286496932538823,4.169002146077549,32.53068945942057,0.20752735900205171,2.9079309996335048,0.019064065274649197,14.13166113701593,0.3918801827129199,94.5971807025769,0.8862590177582265,-4.667990655895146e-06
17640.0,ASTRA-SC-01,EPS,32.318009017698856,2.882740985923327,13.48726404805772,39.9971479621265,0.9913441628826526,NOMINAL,0.9999286990531624,0.0450038502511292,1.0,False,0.073170731707317,0.0,95.0,STANDBY,False,ASTRA_SIMULATED_EPS,93.16444917876018,-0.03929853488042667,-0.004849741800704121,-0.004484009328577621,4.005143639538401,32.53019759018896,0.2080567798124107,2.9057749116966622,0.020003223100815683,14.044844131632562,0.3797925816416296,94.52606639389766,0.9576482813659861,4.100444496312936e-06
17650.0,ASTRA-SC-01,EPS,32.5328924076036,2.9023039139127387,13.371160288303892,39.99714635065478,0.9911427074042638,NOMINAL,0.9999286587663696,0.045003852426616,1.0,False,0.0749128919860627,0.0,95.0,STANDBY,False,ASTRA_SIMULATED_EPS,94.42034096548994,0.021488338990474178,0.0019562927989411616,-0.01161037597538268,3.8412851329992552,32.537671379961374,0.20584757496623732,2.9066811219483193,0.019475899729418343,13.95935595120155,0.37731938830963285,94.57713765144807,0.9277966106495994,-7.4992846942246985e-06
17660.0,ASTRA-SC-01,EPS,32.672615337501306,2.906292558757738,13.235112419002713,39.99714473912593,0.990941244775578,NOMINAL,0.9999286184781482,0.04500385460218,1.0,False,0.0766550522648083,0.0,95.0,STANDBY,False,ASTRA_SIMULATED_EPS,94.95617883053399,0.013972292989770808,0.00039886448449992783,-0.013604786930117995,3.6774266264601083,32.56015583670391,0.20052025087438244,2.9082091941532813,0.018385039893082235,13.873105432306765,0.385613965233402,94.69189480802638,0.8533803854491077,-1.1533746485826913e-05
17670.0,ASTRA-SC-01,EPS,32.50718798105909,2.9176907582296994,13.185784982382946,39.99714312753994,0.9907397749957262,NOMINAL,0.9999285781884986,0.045003856777821,1.0,False,0.078397212543554,0.0,95.0,STANDBY,False,ASTRA_SIMULATED_EPS,94.84592194837167,-0.01654273564422155,0.0011398199471961412,-0.004932743661976602,3.5135681199209614,32.56006658790417,0.20054516804963965,2.910387664888037,0.01734691953687187,13.791278028631805,0.3929785073854924,94.76245328170259,0.8162112462813779,9.741955750840079e-06
17680.0,ASTRA-SC-01,EPS,32.51503396348393,2.922167416415794,13.064448739795903,39.99714151589682,0.9905382980638392,NOMINAL,0.9999285378974204,0.0450038589535393,1.0,False,0.0801393728222996,0.0,95.0,STANDBY,False,ASTRA_SIMULATED_EPS,95.01437279174563,0.0007845982424839803,0.000447665818609444,-0.012133624258704323,3.3497096133818145,32.53413905768726,0.1766246638555779,2.910269469223173,0.017253770447774645,13.704586415046178,0.40077113253185537,94.68279959383214,0.7172413043450135,-0.00020540998359587853
17690.0,ASTRA-SC-01,EPS,32.41711709426276,2.8863590226190157,12.934989990395602,39.997139904196544,0.9903368139790466,NOMINAL,0.9999284976049136,0.0450038611293346,1.0,False,0.0818815331010452,0.0,95.0,STANDBY,False,ASTRA_SIMULATED_EPS,93.56743841232243,-0.009791686922117293,-0.0035808393796778137,-0.012945874940030144,3.1858511068426676,32.52076645041252,0.17743732878588467,2.908842651341121,0.01832753136742197,13.60873253383414,0.4014791550418082,94.59766192168625,0.7704936871286255,1.64598836753765e-05
17700.0,ASTRA-SC-01,EPS,32.510239882128744,2.9253316906418827,12.856930884347324,39.99713829243912,0.9901353227404772,NOMINAL,0.999928457310978,0.0450038633052071,1.0,False,0.0836236933797909,0.0,95.0,STANDBY,False,ASTRA_SIMULATED_EPS,95.10323499756083,0.009312278786598682,0.003897266802286703,-0.0078059106048277375,3.0219926003035216,32.525526592522766,0.1760346336715146,2.909130177960804,0.01856449692020849,13.51949057045989,0.41039824723373364,94.62091394561814,0.7807577654521438,-1.7307873433828897e-05
17710.0,ASTRA-SC-01,EPS,32.58408982110012,2.8885592210105906,12.79766020667267,39.997136680624536,0.9899338243472592,NOMINAL,0.9999284170156134,0.0450038654811568,1.0,False,0.0853658536585365,0.0,95.0,STANDBY,False,ASTRA_SIMULATED_EPS,94.12107311097608,0.007384993897137804,-0.0036772469631292104,-0.005927067767465388,2.8581340937643747,32.54090419480471,0.16989463040836597,2.907437661561251,0.019239025219084698,13.426171503496883,0.4043303633485325,94.61057435676067,0.7866540533290929,-2.1825537091806555e-05
17720.0,ASTRA-SC-01,EPS,32.30646739801385,2.8971699553040455,12.714711190808949,39.99713506875278,0.9897323187985194,NOMINAL,0.9999283767188196,0.0450038676571837,1.0,False,0.0871080139372822,0.0,95.0,STANDBY,False,ASTRA_SIMULATED_EPS,93.59732670753539,-0.027762242308627096,0.0008610734293454936,-0.008294901586372205,2.6942755872252278,32.49525275002119,0.1267722626553877,2.908813296040131,0.01753375133901485,13.335282429591336,0.4005428428201675,94.52369824848299,0.8234494001187482,5.805985462547069e-06
17730.0,ASTRA-SC-01,EPS,32.63900970638204,2.905930737934571,12.578427823811625,39.99713345682385,0.9895308060933848,NOMINAL,0.9999283364205964,0.0450038698332877,1.0,False,0.0888501742160278,0.0,95.0,STANDBY,False,ASTRA_SIMULATED_EPS,94.84670156152039,0.03325423083681898,0.0008760782630525376,-0.01362833669973238,2.530417080686081,32.50439391729818,0.13211614431948016,2.9081881438290074,0.017452628869850217,13.248510315506287,0.4148359609677396,94.529943217681,0.825665067962005,-4.8472897713370204e-06
17740.0,ASTRA-SC-01,EPS,32.72635910152958,2.9057806158019996,12.562447630692612,39.99713184483774,0.9893292862309806,NOMINAL,0.9999282961209436,0.045003872009469,1.0,False,0.0905923344947735,0.0,95.0,STANDBY,False,ASTRA_SIMULATED_EPS,95.095619903,0.008734939514754103,-1.5012213257126206e-05,-0.0015980193119013108,2.366558574146934,32.52869614088331,0.1374381282180974,2.909573180289499,0.016265401273859,13.16146322906349,0.41251061597678806,94.64538245648428,0.7701978204089174,-1.8454462239223423e-05
17750.0,ASTRA-SC-01,EPS,32.54724337771886,2.891680014495323,12.477827538231953,39.99713023279443,0.9891277592104316,NOMINAL,0.9999282558198608,0.0450038741857275,1.0,False,0.0923344947735191,0.0,95.0,STANDBY,False,ASTRA_SIMULATED_EPS,94.11621320226487,-0.01791157238107246,-0.0014100601306676452,-0.008462009246065882,2.202700067607787,32.53438630830689,0.13623633154099138,2.908145830503567,0.016863149834220544,13.071554362883772,0.4041032752665109,94.61550212692313,0.7821644841831814,9.000010002793409e-06
17760.0,ASTRA-SC-01,EPS,32.624965374789916,2.867802940093183,12.354637176315672,39.99712862069394,0.9889262250308622,NOMINAL,0.9999282155173486,0.0450038763620631,1.0,False,0.0940766550522648,0.0,95.0,STANDBY,False,ASTRA_SIMULATED_EPS,93.56197162226081,0.007772199707105898,-0.002387707440214015,-0.012319036191628108,2.03884156106864,32.5318684160612,0.13402588637067991,2.903872039052191,0.018458378099057968,12.98139317989594,0.4030567230756346,94.46868759582254,0.7574423111257357,-2.0741881979172252e-05
17770.0,ASTRA-SC-01,EPS,32.50491247381698,2.906984710426544,12.356106286577306,39.99712700853624,0.9887246836913952,NOMINAL,0.999928175213406,0.045003878538476,1.0,False,0.0958188153310104,0.0,95.0,STANDBY,False,ASTRA_SIMULATED_EPS,94.49128357513901,-0.012005290097293652,0.003918177033336079,0.0001469110261634654,1.874983054529494,32.54114248690618,0.12630444565559973,2.9025355296997883,0.0173544126476155,12.900640889782691,0.3985816640271001,94.45238998168833,0.7539074031177599,1.3428727588165389e-05
17780.0,ASTRA-SC-01,EPS,32.419649424625916,2.8923743702545157,12.185906662353602,39.99712539632133,0.9885231351911532,NOMINAL,0.9999281349080332,0.0450038807149662,1.0,False,0.0975609756097561,0.0,95.0,STANDBY,False,ASTRA_SIMULATED_EPS,93.76976308842455,-0.008526304919106309,-0.0014610340172028114,-0.017019962422370406,1.7111245479903472,32.52171949078104,0.12059124979974327,2.8999445941213984,0.01557277592792604,12.810894391183364,0.39779979424371353,94.31145932639372,0.6588199934039788,1.8908717485782832e-05
17790.0,ASTRA-SC-01,EPS,32.41363832423225,2.895418889693385,12.165392618039492,39.9971237840492,0.9883215795292576,NOMINAL,0.99992809460123,0.0450038828915335,1.0,False,0.0993031358885017,0.0,95.0,STANDBY,False,ASTRA_SIMULATED_EPS,93.8510606876715,-0.0006011100393664038,0.00030445194388692973,-0.002051404431411008,1.5472660414512003,32.52809477788326,0.11121581684477702,2.9007897877060684,0.014901968911192923,12.722769629182151,0.3834181314579273,94.35723342698779,0.5941090914377892,0.00026821580468629875
17800.0,ASTRA-SC-01,EPS,32.37142012416447,2.91064314071154,11.957302437961395,39.99712217171985,0.9881200167048292,NOMINAL,0.9999280542929962,0.0450038850681782,1.0,False,0.1010452961672473,0.0,95.0,STANDBY,False,ASTRA_SIMULATED_EPS,94.22165193949084,-0.004221820006777932,0.0015224251018155055,-0.020809018007809675,1.3834075349120534,32.51732995898732,0.11830684100778883,2.901345736159322,0.015116503023097345,12.62851243915932,0.3864116786318854,94.34398749192117,0.5948160899331056,3.819038581831341e-05
17810.0,ASTRA-SC-01,EPS,32.450391094968936,2.8959698843643267,12.041910876178369,39.99712055933327,0.9879184467169876,NOMINAL,0.9999280139833316,0.0450038872449,1.0,False,0.102787456445993,0.0,95.0,STANDBY,False,ASTRA_SIMULATED_EPS,93.97535534687437,0.007897097080446258,-0.0014673256347213393,0.008460843821697317,1.2195490283729065,32.502515009485165,0.11117108520976021,2.900657557866428,0.015110181475988634,12.548965669637694,0.37527307442040864,94.2785992596772,0.5763347019471131,-2.0417459313663253e-05
17820.0,ASTRA-SC-01,EPS,32.49584570308347,2.8595501347363226,11.77421848993592,39.99711894688944,0.9877168695648524,NOMINAL,0.9999279736722362,0.0450038894216992,1.0,False,0.1045296167247386,0.0,95.0,STANDBY,False,ASTRA_SIMULATED_EPS,92.92349995862308,0.004545460811453239,-0.0036419749628004094,-0.026769238624244806,1.0556905218337596,32.501758857620125,0.11117560405371821,2.896781516300203,0.017669143862680176,12.454861236807892,0.3811147199416036,94.15043779369397,0.6501825185245728,-3.547371539813816e-05
17830.0,ASTRA-SC-01,EPS,32.54492443574144,2.914581499181971,11.80915487124643,39.99711733438838,0.9875152852475416,NOMINAL,0.9999279333597096,0.0450038915985756,1.0,False,0.1062717770034843,0.0,95.0,STANDBY,False,ASTRA_SIMULATED_EPS,94.85483465268726,0.004907873265797491,0.005503136444564838,0.003493638131050858,0.8918320152946131,32.50375155577062,0.11169719433872057,2.8962757884846146,0.016986002818123624,12.371174978904596,0.3754775014075688,94.13980191775674,0.6361949796461024,-3.285539319318065e-05
17840.0,ASTRA-SC-01,EPS,32.5654811612638,2.925387839361049,11.679845163043431,39.99711572183006,0.9873136937641728,NOMINAL,0.9999278930457516,0.0450038937755294,1.0,False,0.1080139372822299,0.0,95.0,STANDBY,False,ASTRA_SIMULATED_EPS,95.26666257210243,0.002055672552235421,0.001080634017907789,-0.012930970820299769,1.5222583420091484,32.51364249357069,0.11003416340880459,2.89887770960075,0.0182970712779398,12.287498657081114,0.3806752085339477,94.25308352840875,0.6769754602037126,-7.844431802530262e-05
17850.0,ASTRA-SC-01,EPS,32.682638762107835,2.8709638902586936,11.578242884683393,39.997114109214486,0.9871120951138626,NOMINAL,0.999927852730362,0.0450038959525604,1.0,False,0.1097560975609756,0.0,95.0,STANDBY,False,ASTRA_SIMULATED_EPS,93.83067572438068,0.011715760084403826,-0.005442394910235526,-0.010160227836003876,2.152684668723684,32.52513575223597,0.11834331888096279,2.8952531895752043,0.018065892210393668,12.202252790436853,0.3871672233788239,94.16824624353008,0.6416413768539615,-1.3764498124370259e-05
17860.0,ASTRA-SC-01,EPS,32.241912557660946,2.8975507235077034,11.538065079765325,39.99711249654164,0.9869104892957268,NOMINAL,0.999927812413541,0.0450038981296687,1.0,False,0.1114982578397212,0.0,95.0,STANDBY,False,ASTRA_SIMULATED_EPS,93.42257705872258,-0.04407262044468894,0.0026586833249009787,-0.004017780491806811,3.016443656475504,32.50232393467335,0.13758272476034916,2.8958526230750112,0.017976870254822155,12.118279781976364,0.3853979163960593,94.1216798400465,0.6700278230157031,3.6591263023306907e-06
17870.0,ASTRA-SC-01,EPS,32.55327317749556,2.904224975574599,11.411110057548605,39.99711088381152,0.9867088763088804,NOMINAL,0.999927772095288,0.0450039003068544,1.0,False,0.1132404181184669,0.0,95.0,STANDBY,False,ASTRA_SIMULATED_EPS,94.5420289987853,0.031136061983461617,0.0006674252066895647,-0.012695502221671973,3.8802026442273236,32.51877765330547,0.1268241909309907,2.896322957759715,0.01810562816928698,12.031373039759009,0.388266166210806,94.1846599927965,0.661565874253844,-5.179621358086691e-06
17880.0,ASTRA-SC-01,EPS,32.50259668594871,2.8738968607972133,11.442979884175738,39.99710927102412,0.9865072561524374,NOMINAL,0.9999277317756032,0.0450039024841174,1.0,False,0.1149825783972125,0.0,95.0,STANDBY,False,ASTRA_SIMULATED_EPS,93.4091105835059,-0.005067649154685228,-0.003032811477738573,0.0031869826627133335,4.743961631979143,32.509683451943246,0.12240062013019484,2.8941873659505584,0.018768518282176773,11.955676510449951,0.3846609566578681,94.08882059426219,0.6629356614196681,3.182515898968192e-05
17890.0,ASTRA-SC-01,EPS,32.48298513401766,2.8936824055763344,11.371816701334676,39.99710765817944,0.9863056288255116,NOMINAL,0.999927691454486,0.0450039046614577,1.0,False,0.1167247386759581,0.0,95.0,STANDBY,False,ASTRA_SIMULATED_EPS,93.99544256290453,-0.0019611551931049574,0.0019785544779121087,-0.007116318284106171,5.607720619730964,32.49345852077578,0.10675823906017709,2.8933808186021803,0.018492654260934292,11.87630111515942,0.3731823573530217,94.01547543825583,0.6016141149661824,8.223952342699102e-05
17900.0,ASTRA-SC-01,EPS,32.329145369125634,2.881359036645766,11.15532986820062,39.99710604527746,0.9861039943272152,NOMINAL,0.9999276511319364,0.0450039068388754,1.0,False,0.1184668989547038,0.0,95.0,STANDBY,False,ASTRA_SIMULATED_EPS,93.15187515636477,-0.015383976489202667,-0.0012323368930568178,-0.02164868331340557,6.4714796074827845,32.47891865353623,0.11354589612636305,2.89269275341221,0.018750666014487223,11.788134603823998,0.3771203390000055,93.95118623519582,0.6403578481659318,1.048429823502403e-05
17910.0,ASTRA-SC-01,EPS,32.51899562519056,2.9118540828000774,11.165115220869648,39.99710443231818,0.9859023526566604,NOMINAL,0.9999276108079544,0.0450039090163704,1.0,False,0.1202090592334494,0.0,95.0,STANDBY,False,ASTRA_SIMULATED_EPS,94.690570179769,0.01898502560649291,0.00304950461543112,0.0009785352669027247,7.335238595234603,32.471854003562946,0.10691293756381141,2.8956294962593363,0.01800894920868789,11.708833140127597,0.37454483385607673,94.02642613902971,0.6574354605772011,-8.495955255672612e-06
17920.0,ASTRA-SC-01,EPS,32.947185975441165,2.8596293631417704,11.076777568447383,39.99710281930159,0.9857007038129576,NOMINAL,0.9999275704825396,0.0450039111939428,1.0,False,0.1219512195121951,0.0,95.0,STANDBY,False,ASTRA_SIMULATED_EPS,94.21674044826429,0.04281903502506026,-0.0052224719658306995,-0.008833765242226477,8.198997582986424,32.501338903671225,0.16297074629633485,2.892472473107018,0.019924999176112856,11.623544558918935,0.3620766734373155,94.00812326390472,0.6473132140607663,-3.76705498439808e-06
17930.0,ASTRA-SC-01,EPS,32.43708520476065,2.892190457087995,10.933779719197616,39.99710120622768,0.9854990477952172,NOMINAL,0.999927530155692,0.0450039133715926,1.0,False,0.1236933797909407,0.0,95.0,STANDBY,False,ASTRA_SIMULATED_EPS,93.81422828495893,-0.05101007706805163,0.0032561093946224416,-0.014299784924976678,6.953768370141374,32.50250128901354,0.16240768758614677,2.8924602122292504,0.01992512044108041,11.540069429375203,0.36746196928731045,94.01108761034034,0.6462446152705192,3.162265180285428e-06
17940.0,ASTRA-SC-01,EPS,32.378730956989855,2.936619138424009,10.925528341815417,39.99709959309645,0.9852973846025485,NOMINAL,0.9999274898274112,0.0450039155493197,1.0,False,0.1254355400696864,0.0,95.0,STANDBY,False,ASTRA_SIMULATED_EPS,95.08400100617834,-0.0058354247770793675,0.004442868133601419,-0.000825137738219972,5.7085391572963236,32.500174131197376,0.16401411773862953,2.895206895477958,0.02296929456841059,11.457411810960263,0.3560240375113594,94.09328363157414,0.7005630994886547,2.764376705674977e-05
17950.0,ASTRA-SC-01,EPS,32.52912927356852,2.9302133800567747,10.726649209987643,39.997097979907885,0.9850957142340596,NOMINAL,0.9999274494976972,0.0450039177271243,1.0,False,0.127177700348432,0.0,95.0,STANDBY,False,ASTRA_SIMULATED_EPS,95.31728983900699,0.015039831657866643,-0.0006405758367234338,-0.01988791318277734,4.463309944451274,32.510688074490986,0.1601810342650464,2.896511578100974,0.024418789963641795,11.37536826242868,0.3739461187490047,94.16632615820855,0.7687060464558304,-1.0726107861700991e-05
17960.0,ASTRA-SC-01,EPS,32.307786834114204,2.8614324954504893,10.686383568215888,39.99709636666199,0.9848940366888588,NOMINAL,0.9999274091665498,0.0450039199050063,1.0,False,0.1289198606271777,0.0,95.0,STANDBY,False,ASTRA_SIMULATED_EPS,92.44655110322186,-0.02213424394543182,-0.00687808846062854,-0.004026564177175551,3.218080731606224,32.50118112376733,0.16805376441168687,2.8942090855067177,0.026047496138697567,11.284999775231181,0.36504634705001826,94.06440587529838,0.8879376598918315,7.288461699465002e-06
17970.0,ASTRA-SC-01,EPS,32.54931226994046,2.9060568932996365,10.64811590471964,39.99709475335875,0.9846923519660522,NOMINAL,0.9999273688339688,0.0450039220829656,1.0,False,0.1306620209059233,0.0,95.0,STANDBY,False,ASTRA_SIMULATED_EPS,94.5901532942229,0.02415254358262544,0.004462439784914718,-0.003826766349624755,4.350586692672746,32.5047455615578,0.16849894245699534,2.8973095360776058,0.02433918731210063,11.209926269550097,0.37295818817696874,94.1755160976717,0.8378385390403175,-6.679641151724123e-06
17980.0,ASTRA-SC-01,EPS,32.29239700974828,2.919830506598706,10.57214000033273,39.99709313999815,0.9844906600647462,NOMINAL,0.9999273284999538,0.0450039242610024,1.0,False,0.1324041811846689,0.0,95.0,STANDBY,False,ASTRA_SIMULATED_EPS,94.28832592025985,-0.025691526019218,0.0013773613299069344,-0.007597590438690993,5.483092653739266,32.48791039982492,0.17661757233278733,2.8976594699053875,0.024641111327943235,11.127458611489182,0.3677200051393764,94.13774884884319,0.8175523017625542,6.2797383123188955e-06
17990.0,ASTRA-SC-01,EPS,32.63987517464618,2.8673064365742276,10.495457709795248,39.9970915265802,0.9842889609840458,NOMINAL,0.999927288164505,0.0450039264391167,1.0,False,0.1341463414634146,0.0,95.0,STANDBY,False,ASTRA_SIMULATED_EPS,93.58852417724233,0.03474781648979004,-0.005252407002447823,-0.007668229053748199,6.615598614805788,32.49287000071708,0.17996425064346397,2.8937873763862663,0.024535875600972,11.048499447939305,0.3677953648131218,94.02587295585252,0.765177058851259,-4.643221109523486e-06
