timestamp,system_id,subsystem,voltage_v,current_a,temperature_c,capacity_ah,state_of_charge,health_indicators,operating_state,metadata
0.0,ASTRA-FLAGSHIP-01,EPS,32.44846306525166,2.9193462934141996,19.926584071692073,40.0,0.9497970793266495,"{'soh': 1.0, 'internal_resistance_ohm': 0.045, 'solar_health_factor': 1.0}",NOMINAL,"{'is_sunlight': False, 'orbit_fraction': 0.0, 'solar_power_w': 0.0, 'load_power_w': 95.0, 'operating_mode': 'STANDBY', 'fault_active': False, 'active_faults': [], 'dataset': 'ASTRA_SIMULATED_EPS'}"
10.0,ASTRA-FLAGSHIP-01,EPS,32.604633521305665,2.9175713952877027,19.777003415928522,39.99999837663461,0.9495941513090949,"{'soh': 0.9999999594158653, 'internal_resistance_ohm': 0.04500000219154328, 'solar_health_factor': 1.0}",NOMINAL,"{'is_sunlight': False, 'orbit_fraction': 0.0017421602787456446, 'solar_power_w': 0.0, 'load_power_w': 95.0, 'operating_mode': 'STANDBY', 'fault_active': False, 'active_faults': [], 'dataset': 'ASTRA_SIMULATED_EPS'}"
20.0,ASTRA-FLAGSHIP-01,EPS,32.60537601169986,2.937319414331878,19.660064541318164,39.99999675321054,0.9493912159462933,"{'soh': 0.9999999188302635, 'internal_resistance_ohm': 0.045000004383165766, 'solar_health_factor': 1.0}",NOMINAL,"{'is_sunlight': False, 'orbit_fraction': 0.003484320557491289, 'solar_power_w': 0.0, 'load_power_w': 95.0, 'operating_mode': 'STANDBY', 'fault_active': False, 'active_faults': [], 'dataset': 'ASTRA_SIMULATED_EPS'}"
30.0,ASTRA-FLAGSHIP-01,EPS,32.43068361911366,2.913286166046239,19.55539812088122,39.99999512972777,0.9491882732372009,"{'soh': 0.9999998782431943, 'internal_resistance_ohm': 0.04500000657486751, 'solar_health_factor': 1.0}",NOMINAL,"{'is_sunlight': False, 'orbit_fraction': 0.005226480836236934, 'solar_power_w': 0.0, 'load_power_w': 95.0, 'operating_mode': 'STANDBY', 'fault_active': False, 'active_faults': [], 'dataset': 'ASTRA_SIMULATED_EPS'}"
40.0,ASTRA-FLAGSHIP-01,EPS,32.37612378424525,2.8849563174059374,19.3879013069254,39.99999350618629,0.948985323180773,"{'soh': 0.9999998376546573, 'internal_resistance_ohm': 0.0450000087666485, 'solar_health_factor': 1.0}",NOMINAL,"{'is_sunlight': False, 'orbit_fraction': 0.006968641114982578, 'solar_power_w': 0.0, 'load_power_w': 95.0, 'operating_mode': 'STANDBY', 'fault_active': False, 'active_faults': [], 'dataset': 'ASTRA_SIMULATED_EPS'}"
50.0,ASTRA-FLAGSHIP-01,EPS,32.241023950294036,2.902721450106047,19.385634678830886,39.9999918825861,0.948782365775964,"{'soh': 0.9999997970646526, 'internal_resistance_ohm': 0.04500001095850876, 'solar_health_factor': 1.0}",NOMINAL,"{'is_sunlight': False, 'orbit_fraction': 0.008710801393728223, 'solar_power_w': 0.0, 'load_power_w': 95.0, 'operating_mode': 'STANDBY', 'fault_active': False, 'active_faults': [], 'dataset': 'ASTRA_SIMULATED_EPS'}"
60.0,ASTRA-FLAGSHIP-01,EPS,32.18077940161359,2.8949915888708655,19.339287964937075,39.9999902589272,0.9485794010217273,"{'soh': 0.99999975647318, 'internal_resistance_ohm': 0.04500001315044828, 'solar_health_factor': 1.0}",NOMINAL,"{'is_sunlight': False, 'orbit_fraction': 0.010452961672473868, 'solar_power_w': 0.0, 'load_power_w': 95.0, 'operating_mode': 'STANDBY', 'fault_active': False, 'active_faults': [], 'dataset': 'ASTRA_SIMULATED_EPS'}"
70.0,ASTRA-FLAGSHIP-01,EPS,32.2872660990937,2.9241219747791467,19.09115484320473,39.99998863520956,0.9483764289170156,"{'soh': 0.999999715880239, 'internal_resistance_ohm': 0.045000015342467094, 'solar_health_factor': 1.0}",NOMINAL,"{'is_sunlight': False, 'orbit_fraction': 0.012195121951219513, 'solar_power_w': 0.0, 'load_power_w': 95.0, 'operating_mode': 'STANDBY', 'fault_active': False, 'active_faults': [], 'dataset': 'ASTRA_SIMULATED_EPS'}"
80.0,ASTRA-FLAGSHIP-01,EPS,32.23246113504576,2.925078913598872,19.001528362319522,39.999987011433184,0.9481734494607805,"{'soh': 0.9999996752858296, 'internal_resistance_ohm': 0.04500001753456521, 'solar_health_factor': 1.0}",NOMINAL,"{'is_sunlight': False, 'orbit_fraction': 0.013937282229965157, 'solar_power_w': 0.0, 'load_power_w': 95.0, 'operating_mode': 'STANDBY', 'fault_active': False, 'active_faults': [], 'dataset': 'ASTRA_SIMULATED_EPS'}"
90.0,ASTRA-FLAGSHIP-01,EPS,32.37820898739842,2.9112274241566425,18.941474055308053,39.99998538759806,0.9479704626519729,"{'soh': 0.9999996346899515, 'internal_resistance_ohm': 0.04500001972674262, 'solar_health_factor': 1.0}",NOMINAL,"{'is_sunlight': False, 'orbit_fraction': 0.0156794425087108, 'solar_power_w': 0.0, 'load_power_w': 95.0, 'operating_mode': 'STANDBY', 'fault_active': False, 'active_faults': [], 'dataset': 'ASTRA_SIMULATED_EPS'}"
100.0,ASTRA-FLAGSHIP-01,EPS,32.21766407464118,2.9594482518389507,18.852655715535633,39.99998376370418,0.9477674684895426,"{'soh': 0.9999995940926045, 'internal_resistance_ohm': 0.04500002191899936, 'solar_health_factor': 1.0}",NOMINAL,"{'is_sunlight': False, 'orbit_fraction': 0.017421602787456445, 'solar_power_w': 0.0, 'load_power_w': 95.0, 'operating_mode': 'STANDBY', 'fault_active': False, 'active_faults': [], 'dataset': 'ASTRA_SIMULATED_EPS'}"
110.0,ASTRA-FLAGSHIP-01,EPS,32.14164124187974,2.9393556665364917,18.689847965567854,39.999982139751545,0.9475644669724387,"{'soh': 0.9999995534937886, 'internal_resistance_ohm': 0.04500002411133542, 'solar_health_factor': 1.0}",NOMINAL,"{'is_sunlight': False, 'orbit_fraction': 0.01916376306620209, 'solar_power_w': 0.0, 'load_power_w': 95.0, 'operating_mode': 'STANDBY', 'fault_active': False, 'active_faults': [], 'dataset': 'ASTRA_SIMULATED_EPS'}"
120.0,ASTRA-FLAGSHIP-01,EPS,32.34412611115273,2.8848842176539296,18.582325130760026,39.99998051574013,0.947361458099609,"{'soh': 0.9999995128935032, 'internal_resistance_ohm': 0.04500002630375083, 'solar_health_factor': 1.0}",NOMINAL,"{'is_sunlight': False, 'orbit_fraction': 0.020905923344947737, 'solar_power_w': 0.0, 'load_power_w': 95.0, 'operating_mode': 'STANDBY', 'fault_active': False, 'active_faults': [], 'dataset': 'ASTRA_SIMULATED_EPS'}"
130.0,ASTRA-FLAGSHIP-01,EPS,32.340215239456185,2.937918781294041,18.555429164608537,39.99997889166994,0.947158441870001,"{'soh': 0.9999994722917485, 'internal_resistance_ohm': 0.045000028496245584, 'solar_health_factor': 1.0}",NOMINAL,"{'is_sunlight': False, 'orbit_fraction': 0.02264808362369338, 'solar_power_w': 0.0, 'load_power_w': 95.0, 'operating_mode': 'STANDBY', 'fault_active': False, 'active_faults': [], 'dataset': 'ASTRA_SIMULATED_EPS'}"
140.0,ASTRA-FLAGSHIP-01,EPS,32.28790544734334,2.917631038702761,18.37134062414374,39.99997726754096,0.9469554182825608,"{'soh': 0.999999431688524, 'internal_resistance_ohm': 0.045000030688819706, 'solar_health_factor': 1.0}",NOMINAL,"{'is_sunlight': False, 'orbit_fraction': 0.024390243902439025, 'solar_power_w': 0.0, 'load_power_w': 95.0, 'operating_mode': 'STANDBY', 'fault_active': False, 'active_faults': [], 'dataset': 'ASTRA_SIMULATED_EPS'}"
150.0,ASTRA-FLAGSHIP-01,EPS,32.18860331575239,2.9146069344560823,18.396806354393437,39.99997564335318,0.9467523873362339,"{'soh': 0.9999993910838295, 'internal_resistance_ohm': 0.0450000328814732, 'solar_health_factor': 1.0}",NOMINAL,"{'is_sunlight': False, 'orbit_fraction': 0.02613240418118467, 'solar_power_w': 0.0, 'load_power_w': 95.0, 'operating_mode': 'STANDBY', 'fault_active': False, 'active_faults': [], 'dataset': 'ASTRA_SIMULATED_EPS'}"
160.0,ASTRA-FLAGSHIP-01,EPS,32.3587604122203,2.889161069732185,18.259113627973935,39.9999740191066,0.9465493490299647,"{'soh': 0.999999350477665, 'internal_resistance_ohm': 0.045000035074206086, 'solar_health_factor': 1.0}",NOMINAL,"{'is_sunlight': False, 'orbit_fraction': 0.027874564459930314, 'solar_power_w': 0.0, 'load_power_w': 95.0, 'operating_mode': 'STANDBY', 'fault_active': False, 'active_faults': [], 'dataset': 'ASTRA_SIMULATED_EPS'}"
170.0,ASTRA-FLAGSHIP-01,EPS,32.23952927760966,2.910574869939278,18.17272641437249,39.999972394801205,0.9463463033626968,"{'soh': 0.9999993098700302, 'internal_resistance_ohm': 0.04500003726701837, 'solar_health_factor': 1.0}",NOMINAL,"{'is_sunlight': False, 'orbit_fraction': 0.029616724738675958, 'solar_power_w': 0.0, 'load_power_w': 95.0, 'operating_mode': 'STANDBY', 'fault_active': False, 'active_faults': [], 'dataset': 'ASTRA_SIMULATED_EPS'}"
180.0,ASTRA-FLAGSHIP-01,EPS,32.46675801341558,2.942233022209733,17.999687361319662,39.99997077043699,0.9461432503333728,"{'soh': 0.9999992692609248, 'internal_resistance_ohm': 0.04500003945991007, 'solar_health_factor': 1.0}",NOMINAL,"{'is_sunlight': False, 'orbit_fraction': 0.0313588850174216, 'solar_power_w': 0.0, 'load_power_w': 95.0, 'operating_mode': 'STANDBY', 'fault_active': False, 'active_faults': [], 'dataset': 'ASTRA_SIMULATED_EPS'}"
190.0,ASTRA-FLAGSHIP-01,EPS,32.24889360116831,2.930566895784144,17.990202221363244,39.99996914601394,0.9459401899409344,"{'soh': 0.9999992286503485, 'internal_resistance_ohm': 0.045000041652881184, 'solar_health_factor': 1.0}",NOMINAL,"{'is_sunlight': False, 'orbit_fraction': 0.033101045296167246, 'solar_power_w': 0.0, 'load_power_w': 95.0, 'operating_mode': 'STANDBY', 'fault_active': False, 'active_faults': [], 'dataset': 'ASTRA_SIMULATED_EPS'}"
200.0,ASTRA-FLAGSHIP-01,EPS,32.220071210991016,2.9205305308756273,17.78615477367609,39.99996752153206,0.9457371221843227,"{'soh': 0.9999991880383013, 'internal_resistance_ohm': 0.045000043845931724, 'solar_health_factor': 1.0}",NOMINAL,"{'is_sunlight': False, 'orbit_fraction': 0.03484320557491289, 'solar_power_w': 0.0, 'load_power_w': 95.0, 'operating_mode': 'STANDBY', 'fault_active': False, 'active_faults': [], 'dataset': 'ASTRA_SIMULATED_EPS'}"
210.0,ASTRA-FLAGSHIP-01,EPS,32.10294488148041,2.940222152572626,17.809598748551274,39.99996589699132,0.9455340470624775,"{'soh': 0.999999147424783, 'internal_resistance_ohm': 0.04500004603906172, 'solar_health_factor': 1.0}",NOMINAL,"{'is_sunlight': False, 'orbit_fraction': 0.036585365853658534, 'solar_power_w': 0.0, 'load_power_w': 95.0, 'operating_mode': 'STANDBY', 'fault_active': False, 'active_faults': [], 'dataset': 'ASTRA_SIMULATED_EPS'}"
220.0,ASTRA-FLAGSHIP-01,EPS,32.28316715696053,2.9440764655249714,17.66045135935703,39.99996427239173,0.9453309645743377,"{'soh': 0.9999991068097932, 'internal_resistance_ohm': 0.04500004823227117, 'solar_health_factor': 1.0}",NOMINAL,"{'is_sunlight': False, 'orbit_fraction': 0.03832752613240418, 'solar_power_w': 0.0, 'load_power_w': 95.0, 'operating_mode': 'STANDBY', 'fault_active': False, 'active_faults': [], 'dataset': 'ASTRA_SIMULATED_EPS'}"
230.0,ASTRA-FLAGSHIP-01,EPS,32.18933845392361,2.9315826575782222,17.620120770110923,39.99996264773328,0.9451278747188416,"{'soh': 0.9999990661933319, 'internal_resistance_ohm': 0.04500005042556007, 'solar_health_factor': 1.0}",NOMINAL,"{'is_sunlight': False, 'orbit_fraction': 0.04006968641114982, 'solar_power_w': 0.0, 'load_power_w': 95.0, 'operating_mode': 'STANDBY', 'fault_active': False, 'active_faults': [], 'dataset': 'ASTRA_SIMULATED_EPS'}"
240.0,ASTRA-FLAGSHIP-01,EPS,32.2864484652617,2.9553001549310443,17.31334668558253,39.99996102301595,0.9449247774949264,"{'soh': 0.9999990255753988, 'internal_resistance_ohm': 0.04500005261892846, 'solar_health_factor': 1.0}",NOMINAL,"{'is_sunlight': False, 'orbit_fraction': 0.041811846689895474, 'solar_power_w': 0.0, 'load_power_w': 95.0, 'operating_mode': 'STANDBY', 'fault_active': False, 'active_faults': [], 'dataset': 'ASTRA_SIMULATED_EPS'}"
250.0,ASTRA-FLAGSHIP-01,EPS,32.42367750692064,2.926411345752141,17.330763276812412,39.99995939823974,0.9447216729015284,"{'soh': 0.9999989849559935, 'internal_resistance_ohm': 0.045000054812376344, 'solar_health_factor': 1.0}",NOMINAL,"{'is_sunlight': False, 'orbit_fraction': 0.04355400696864112, 'solar_power_w': 0.0, 'load_power_w': 95.0, 'operating_mode': 'STANDBY', 'fault_active': False, 'active_faults': [], 'dataset': 'ASTRA_SIMULATED_EPS'}"
260.0,ASTRA-FLAGSHIP-01,EPS,32.304549189135294,2.8858050494520087,17.23637358598555,39.999957773404645,0.944518560937583,"{'soh': 0.999998944335116, 'internal_resistance_ohm': 0.045000057005903725, 'solar_health_factor': 1.0}",NOMINAL,"{'is_sunlight': False, 'orbit_fraction': 0.04529616724738676, 'solar_power_w': 0.0, 'load_power_w': 95.0, 'operating_mode': 'STANDBY', 'fault_active': False, 'active_faults': [], 'dataset': 'ASTRA_SIMULATED_EPS'}"
270.0,ASTRA-FLAGSHIP-01,EPS,32.34615539151602,2.9539182696788067,17.123350198110735,39.99995614851065,0.9443154416020246,"{'soh': 0.9999989037127662, 'internal_resistance_ohm': 0.045000059199510625, 'solar_health_factor': 1.0}",NOMINAL,"{'is_sunlight': False, 'orbit_fraction': 0.047038327526132406, 'solar_power_w': 0.0, 'load_power_w': 95.0, 'operating_mode': 'STANDBY', 'fault_active': False, 'active_faults': [], 'dataset': 'ASTRA_SIMULATED_EPS'}"
280.0,ASTRA-FLAGSHIP-01,EPS,32.15675824337269,2.9151742377796612,17.097202523039638,39.99995452355775,0.944112314893787,"{'soh': 0.9999988630889436, 'internal_resistance_ohm': 0.045000061393197045, 'solar_health_factor': 1.0}",NOMINAL,"{'is_sunlight': False, 'orbit_fraction': 0.04878048780487805, 'solar_power_w': 0.0, 'load_power_w': 95.0, 'operating_mode': 'STANDBY', 'fault_active': False, 'active_faults': [], 'dataset': 'ASTRA_SIMULATED_EPS'}"
290.0,ASTRA-FLAGSHIP-01,EPS,32.33913223366212,2.914730454839506,16.97952588561185,39.99995289854593,0.9439091808118026,"{'soh': 0.9999988224636481, 'internal_resistance_ohm': 0.045000063586963006, 'solar_health_factor': 1.0}",NOMINAL,"{'is_sunlight': False, 'orbit_fraction': 0.050522648083623695, 'solar_power_w': 0.0, 'load_power_w': 95.0, 'operating_mode': 'STANDBY', 'fault_active': False, 'active_faults': [], 'dataset': 'ASTRA_SIMULATED_EPS'}"
300.0,ASTRA-FLAGSHIP-01,EPS,32.30052154393138,2.9442442029110145,16.821450572565563,39.99995127347518,0.9437060393550034,"{'soh': 0.9999987818368796, 'internal_resistance_ohm': 0.0450000657808085, 'solar_health_factor': 1.0}",NOMINAL,"{'is_sunlight': False, 'orbit_fraction': 0.05226480836236934, 'solar_power_w': 0.0, 'load_power_w': 95.0, 'operating_mode': 'STANDBY', 'fault_active': False, 'active_faults': [], 'dataset': 'ASTRA_SIMULATED_EPS'}"
310.0,ASTRA-FLAGSHIP-01,EPS,32.230753936538804,2.9176437201171153,16.686328053110888,39.999949648345506,0.9435028905223202,"{'soh': 0.9999987412086377, 'internal_resistance_ohm': 0.04500006797473356, 'solar_health_factor': 1.0}",NOMINAL,"{'is_sunlight': False, 'orbit_fraction': 0.05400696864111498, 'solar_power_w': 0.0, 'load_power_w': 95.0, 'operating_mode': 'STANDBY', 'fault_active': False, 'active_faults': [], 'dataset': 'ASTRA_SIMULATED_EPS'}"
320.0,ASTRA-FLAGSHIP-01,EPS,32.33023952120411,2.9305694087575107,16.662969163157324,39.9999480231569,0.9432997343126828,"{'soh': 0.9999987005789224, 'internal_resistance_ohm': 0.045000070168738186, 'solar_health_factor': 1.0}",NOMINAL,"{'is_sunlight': False, 'orbit_fraction': 0.05574912891986063, 'solar_power_w': 0.0, 'load_power_w': 95.0, 'operating_mode': 'STANDBY', 'fault_active': False, 'active_faults': [], 'dataset': 'ASTRA_SIMULATED_EPS'}"
330.0,ASTRA-FLAGSHIP-01,EPS,32.243378889871344,2.8977711865314646,16.54514929824198,39.999946397909326,0.9430965707250204,"{'soh': 0.9999986599477332, 'internal_resistance_ohm': 0.0450000723628224, 'solar_health_factor': 1.0}",NOMINAL,"{'is_sunlight': False, 'orbit_fraction': 0.05749128919860627, 'solar_power_w': 0.0, 'load_power_w': 95.0, 'operating_mode': 'STANDBY', 'fault_active': False, 'active_faults': [], 'dataset': 'ASTRA_SIMULATED_EPS'}"
340.0,ASTRA-FLAGSHIP-01,EPS,32.22473165232878,2.9099105514904147,16.461843014225586,39.99994477260281,0.942893399758261,"{'soh': 0.9999986193150702, 'internal_resistance_ohm': 0.045000074556986215, 'solar_health_factor': 1.0}",NOMINAL,"{'is_sunlight': False, 'orbit_fraction': 0.059233449477351915, 'solar_power_w': 0.0, 'load_power_w': 95.0, 'operating_mode': 'STANDBY', 'fault_active': False, 'active_faults': [], 'dataset': 'ASTRA_SIMULATED_EPS'}"
350.0,ASTRA-FLAGSHIP-01,EPS,32.34406253543736,2.962787641222392,16.38261887243307,39.99994314723732,0.942690221411332,"{'soh': 0.9999985786809329, 'internal_resistance_ohm': 0.04500007675122962, 'solar_health_factor': 1.0}",NOMINAL,"{'is_sunlight': False, 'orbit_fraction': 0.06097560975609756, 'solar_power_w': 0.0, 'load_power_w': 95.0, 'operating_mode': 'STANDBY', 'fault_active': False, 'active_faults': [], 'dataset': 'ASTRA_SIMULATED_EPS'}"
360.0,ASTRA-FLAGSHIP-01,EPS,32.31922352346553,2.924408883174773,16.182190341669415,39.99994152181285,0.9424870356831594,"{'soh': 0.9999985380453212, 'internal_resistance_ohm': 0.045000078945552656, 'solar_health_factor': 1.0}",NOMINAL,"{'is_sunlight': False, 'orbit_fraction': 0.0627177700348432, 'solar_power_w': 0.0, 'load_power_w': 95.0, 'operating_mode': 'STANDBY', 'fault_active': False, 'active_faults': [], 'dataset': 'ASTRA_SIMULATED_EPS'}"
370.0,ASTRA-FLAGSHIP-01,EPS,32.27218723973496,2.9271587064228073,16.30578546546842,39.9999398963294,0.9422838425726687,"{'soh': 0.999998497408235, 'internal_resistance_ohm': 0.0450000811399553, 'solar_health_factor': 1.0}",NOMINAL,"{'is_sunlight': False, 'orbit_fraction': 0.06445993031358885, 'solar_power_w': 0.0, 'load_power_w': 95.0, 'operating_mode': 'STANDBY', 'fault_active': False, 'active_faults': [], 'dataset': 'ASTRA_SIMULATED_EPS'}"
380.0,ASTRA-FLAGSHIP-01,EPS,32.24423288572781,2.9320020951703167,16.085637068882757,39.99993827078696,0.9420806420787845,"{'soh': 0.999998456769674, 'internal_resistance_ohm': 0.0450000833344376, 'solar_health_factor': 1.0}",NOMINAL,"{'is_sunlight': False, 'orbit_fraction': 0.06620209059233449, 'solar_power_w': 0.0, 'load_power_w': 95.0, 'operating_mode': 'STANDBY', 'fault_active': False, 'active_faults': [], 'dataset': 'ASTRA_SIMULATED_EPS'}"
390.0,ASTRA-FLAGSHIP-01,EPS,32.08549549033338,2.948623504342437,16.029972754604618,39.999936645185514,0.9418774342004301,"{'soh': 0.9999984161296379, 'internal_resistance_ohm': 0.04500008552899955, 'solar_health_factor': 1.0}",NOMINAL,"{'is_sunlight': False, 'orbit_fraction': 0.06794425087108014, 'solar_power_w': 0.0, 'load_power_w': 95.0, 'operating_mode': 'STANDBY', 'fault_active': False, 'active_faults': [], 'dataset': 'ASTRA_SIMULATED_EPS'}"
400.0,ASTRA-FLAGSHIP-01,EPS,32.40054088881342,2.908442429081527,15.96777272426756,39.99993501952507,0.9416742189365284,"{'soh': 0.9999983754881266, 'internal_resistance_ohm': 0.04500008772364116, 'solar_health_factor': 1.0}",NOMINAL,"{'is_sunlight': False, 'orbit_fraction': 0.06968641114982578, 'solar_power_w': 0.0, 'load_power_w': 95.0, 'operating_mode': 'STANDBY', 'fault_active': False, 'active_faults': [], 'dataset': 'ASTRA_SIMULATED_EPS'}"
410.0,ASTRA-FLAGSHIP-01,EPS,32.04550720806225,2.9379224769406633,15.912665471665186,39.9999333938056,0.9414709962860008,"{'soh': 0.9999983348451399, 'internal_resistance_ohm': 0.04500008991836244, 'solar_health_factor': 1.0}",NOMINAL,"{'is_sunlight': False, 'orbit_fraction': 0.07142857142857142, 'solar_power_w': 0.0, 'load_power_w': 95.0, 'operating_mode': 'STANDBY', 'fault_active': False, 'active_faults': [], 'dataset': 'ASTRA_SIMULATED_EPS'}"
420.0,ASTRA-FLAGSHIP-01,EPS,32.110694096777095,2.9153896969251942,15.71388703528218,39.999931768027096,0.9412677662477684,"{'soh': 0.9999982942006774, 'internal_resistance_ohm': 0.045000092113163415, 'solar_health_factor': 1.0}",NOMINAL,"{'is_sunlight': False, 'orbit_fraction': 0.07317073170731707, 'solar_power_w': 0.0, 'load_power_w': 95.0, 'operating_mode': 'STANDBY', 'fault_active': False, 'active_faults': [], 'dataset': 'ASTRA_SIMULATED_EPS'}"
430.0,ASTRA-FLAGSHIP-01,EPS,32.18809779464444,2.8961695554398172,15.618345809573187,39.99993014218957,0.941064528820751,"{'soh': 0.9999982535547391, 'internal_resistance_ohm': 0.04500009430804408, 'solar_health_factor': 1.0}",NOMINAL,"{'is_sunlight': False, 'orbit_fraction': 0.07491289198606271, 'solar_power_w': 0.0, 'load_power_w': 95.0, 'operating_mode': 'STANDBY', 'fault_active': False, 'active_faults': [], 'dataset': 'ASTRA_SIMULATED_EPS'}"
440.0,ASTRA-FLAGSHIP-01,EPS,32.096751529831174,2.936018457453722,15.475210385055153,39.99992851629299,0.9408612840038675,"{'soh': 0.9999982129073247, 'internal_resistance_ohm': 0.04500009650300447, 'solar_health_factor': 1.0}",NOMINAL,"{'is_sunlight': False, 'orbit_fraction': 0.07665505226480836, 'solar_power_w': 0.0, 'load_power_w': 95.0, 'operating_mode': 'STANDBY', 'fault_active': False, 'active_faults': [], 'dataset': 'ASTRA_SIMULATED_EPS'}"
450.0,ASTRA-FLAGSHIP-01,EPS,32.51701538176132,2.9114479445814103,15.411592526628718,39.99992689033736,0.9406580317960359,"{'soh': 0.999998172258434, 'internal_resistance_ohm': 0.04500009869804457, 'solar_health_factor': 1.0}",NOMINAL,"{'is_sunlight': False, 'orbit_fraction': 0.078397212543554, 'solar_power_w': 0.0, 'load_power_w': 95.0, 'operating_mode': 'STANDBY', 'fault_active': False, 'active_faults': [], 'dataset': 'ASTRA_SIMULATED_EPS'}"
460.0,ASTRA-FLAGSHIP-01,EPS,32.39701366218998,2.9027651622571873,15.345832004663535,39.99992526432267,0.9404547721961735,"{'soh': 0.9999981316080667, 'internal_resistance_ohm': 0.04500010089316439, 'solar_health_factor': 1.0}",NOMINAL,"{'is_sunlight': False, 'orbit_fraction': 0.08013937282229965, 'solar_power_w': 0.0, 'load_power_w': 95.0, 'operating_mode': 'STANDBY', 'fault_active': False, 'active_faults': [], 'dataset': 'ASTRA_SIMULATED_EPS'}"
470.0,ASTRA-FLAGSHIP-01,EPS,32.475454867487244,2.895475863352046,15.250702838604953,39.99992363824891,0.9402515052031963,"{'soh': 0.9999980909562227, 'internal_resistance_ohm': 0.045000103088363975, 'solar_health_factor': 1.0}",NOMINAL,"{'is_sunlight': False, 'orbit_fraction': 0.08188153310104529, 'solar_power_w': 0.0, 'load_power_w': 95.0, 'operating_mode': 'STANDBY', 'fault_active': False, 'active_faults': [], 'dataset': 'ASTRA_SIMULATED_EPS'}"
480.0,ASTRA-FLAGSHIP-01,EPS,32.305319290809315,2.942497129023268,15.086883814795815,39.999922012116066,0.9400482308160198,"{'soh': 0.9999980503029017, 'internal_resistance_ohm': 0.0450001052836433, 'solar_health_factor': 1.0}",NOMINAL,"{'is_sunlight': False, 'orbit_fraction': 0.08362369337979095, 'solar_power_w': 0.0, 'load_power_w': 95.0, 'operating_mode': 'STANDBY', 'fault_active': False, 'active_faults': [], 'dataset': 'ASTRA_SIMULATED_EPS'}"
490.0,ASTRA-FLAGSHIP-01,EPS,32.04920458419521,2.937500821046174,15.071088192393239,39.99992038592414,0.9398449490335583,"{'soh': 0.9999980096481035, 'internal_resistance_ohm': 0.045000107479002405, 'solar_health_factor': 1.0}",NOMINAL,"{'is_sunlight': False, 'orbit_fraction': 0.08536585365853659, 'solar_power_w': 0.0, 'load_power_w': 95.0, 'operating_mode': 'STANDBY', 'fault_active': False, 'active_faults': [], 'dataset': 'ASTRA_SIMULATED_EPS'}"
500.0,ASTRA-FLAGSHIP-01,EPS,32.301427649050055,2.934161360829982,14.929992073663978,39.999918759673115,0.9396416598547251,"{'soh': 0.9999979689918279, 'internal_resistance_ohm': 0.045000109674441284, 'solar_health_factor': 1.0}",NOMINAL,"{'is_sunlight': False, 'orbit_fraction': 0.08710801393728224, 'solar_power_w': 0.0, 'load_power_w': 95.0, 'operating_mode': 'STANDBY', 'fault_active': False, 'active_faults': [], 'dataset': 'ASTRA_SIMULATED_EPS'}"
510.0,ASTRA-FLAGSHIP-01,EPS,32.29729725369249,2.9332197927359775,14.836276173375188,39.99991713336299,0.939438363278433,"{'soh': 0.9999979283340747, 'internal_resistance_ohm': 0.04500011186995996, 'solar_health_factor': 1.0}",NOMINAL,"{'is_sunlight': False, 'orbit_fraction': 0.08885017421602788, 'solar_power_w': 0.0, 'load_power_w': 95.0, 'operating_mode': 'STANDBY', 'fault_active': False, 'active_faults': [], 'dataset': 'ASTRA_SIMULATED_EPS'}"
520.0,ASTRA-FLAGSHIP-01,EPS,32.5595847736579,2.9368761160173227,14.720674430338075,39.99991550699375,0.9392350593035934,"{'soh': 0.9999978876748438, 'internal_resistance_ohm': 0.045000114065558434, 'solar_health_factor': 1.0}",NOMINAL,"{'is_sunlight': False, 'orbit_fraction': 0.09059233449477352, 'solar_power_w': 0.0, 'load_power_w': 95.0, 'operating_mode': 'STANDBY', 'fault_active': False, 'active_faults': [], 'dataset': 'ASTRA_SIMULATED_EPS'}"
530.0,ASTRA-FLAGSHIP-01,EPS,32.36335472337132,2.908536312920892,14.728084467481493,39.99991388056539,0.939031747929117,"{'soh': 0.9999978470141346, 'internal_resistance_ohm': 0.045000116261236726, 'solar_health_factor': 1.0}",NOMINAL,"{'is_sunlight': False, 'orbit_fraction': 0.09233449477351917, 'solar_power_w': 0.0, 'load_power_w': 95.0, 'operating_mode': 'STANDBY', 'fault_active': False, 'active_faults': [], 'dataset': 'ASTRA_SIMULATED_EPS'}"
540.0,ASTRA-FLAGSHIP-01,EPS,32.44313380514993,2.9116666262350464,14.64563379369852,39.99991225407789,0.9388284291539137,"{'soh': 0.9999978063519473, 'internal_resistance_ohm': 0.04500011845699484, 'solar_health_factor': 1.0}",NOMINAL,"{'is_sunlight': False, 'orbit_fraction': 0.09407665505226481, 'solar_power_w': 0.0, 'load_power_w': 95.0, 'operating_mode': 'STANDBY', 'fault_active': False, 'active_faults': [], 'dataset': 'ASTRA_SIMULATED_EPS'}"
550.0,ASTRA-FLAGSHIP-01,EPS,32.321658258344456,2.9440352183574157,14.601282852682981,39.99991062753126,0.9386251029768923,"{'soh': 0.9999977656882815, 'internal_resistance_ohm': 0.045000120652832806, 'solar_health_factor': 1.0}",NOMINAL,"{'is_sunlight': False, 'orbit_fraction': 0.09581881533101046, 'solar_power_w': 0.0, 'load_power_w': 95.0, 'operating_mode': 'STANDBY', 'fault_active': False, 'active_faults': [], 'dataset': 'ASTRA_SIMULATED_EPS'}"
560.0,ASTRA-FLAGSHIP-01,EPS,32.2143260711544,2.9131935233284194,14.371188515110894,39.99990900092548,0.9384217693969606,"{'soh': 0.9999977250231369, 'internal_resistance_ohm': 0.0450001228487506, 'solar_health_factor': 1.0}",NOMINAL,"{'is_sunlight': False, 'orbit_fraction': 0.0975609756097561, 'solar_power_w': 0.0, 'load_power_w': 95.0, 'operating_mode': 'STANDBY', 'fault_active': False, 'active_faults': [], 'dataset': 'ASTRA_SIMULATED_EPS'}"
570.0,ASTRA-FLAGSHIP-01,EPS,32.12115200784662,2.926589070772739,14.342185037266642,39.99990737426054,0.9382184284130258,"{'soh': 0.9999976843565135, 'internal_resistance_ohm': 0.045000125044748276, 'solar_health_factor': 1.0}",NOMINAL,"{'is_sunlight': False, 'orbit_fraction': 0.09930313588850175, 'solar_power_w': 0.0, 'load_power_w': 95.0, 'operating_mode': 'STANDBY', 'fault_active': False, 'active_faults': [], 'dataset': 'ASTRA_SIMULATED_EPS'}"
580.0,ASTRA-FLAGSHIP-01,EPS,32.29614370499011,2.9444566494187687,14.235482257898393,39.99990574753643,0.9380150800239938,"{'soh': 0.9999976436884108, 'internal_resistance_ohm': 0.04500012724082581, 'solar_health_factor': 1.0}",NOMINAL,"{'is_sunlight': False, 'orbit_fraction': 0.10104529616724739, 'solar_power_w': 0.0, 'load_power_w': 95.0, 'operating_mode': 'STANDBY', 'fault_active': False, 'active_faults': [], 'dataset': 'ASTRA_SIMULATED_EPS'}"
590.0,ASTRA-FLAGSHIP-01,EPS,32.48472267959777,2.9231181531547565,14.28078622498449,39.99990412075316,0.9378117242287698,"{'soh': 0.9999976030188289, 'internal_resistance_ohm': 0.04500012943698324, 'solar_health_factor': 1.0}",NOMINAL,"{'is_sunlight': False, 'orbit_fraction': 0.10278745644599303, 'solar_power_w': 0.0, 'load_power_w': 95.0, 'operating_mode': 'STANDBY', 'fault_active': False, 'active_faults': [], 'dataset': 'ASTRA_SIMULATED_EPS'}"
600.0,ASTRA-FLAGSHIP-01,EPS,32.350036631500984,2.911586590474302,14.00141898116062,39.99990249391069,0.937608361026258,"{'soh': 0.9999975623477673, 'internal_resistance_ohm': 0.045000131633220565, 'solar_health_factor': 1.0}",NOMINAL,"{'is_sunlight': False, 'orbit_fraction': 0.10452961672473868, 'solar_power_w': 0.0, 'load_power_w': 95.0, 'operating_mode': 'STANDBY', 'fault_active': False, 'active_faults': [], 'dataset': 'ASTRA_SIMULATED_EPS'}"
610.0,ASTRA-FLAGSHIP-01,EPS,32.32575668913807,2.924140138274907,14.001089065468785,39.99990086700904,0.9374049904153617,"{'soh': 0.9999975216752259, 'internal_resistance_ohm': 0.0450001338295378, 'solar_health_factor': 1.0}",NOMINAL,"{'is_sunlight': False, 'orbit_fraction': 0.10627177700348432, 'solar_power_w': 0.0, 'load_power_w': 95.0, 'operating_mode': 'STANDBY', 'fault_active': False, 'active_faults': [], 'dataset': 'ASTRA_SIMULATED_EPS'}"
620.0,ASTRA-FLAGSHIP-01,EPS,32.32307727956945,2.9272055247151623,13.833713745823315,39.99989924004818,0.9372016123949835,"{'soh': 0.9999974810012046, 'internal_resistance_ohm': 0.04500013602593495, 'solar_health_factor': 1.0}",NOMINAL,"{'is_sunlight': False, 'orbit_fraction': 0.10801393728222997, 'solar_power_w': 0.0, 'load_power_w': 95.0, 'operating_mode': 'STANDBY', 'fault_active': False, 'active_faults': [], 'dataset': 'ASTRA_SIMULATED_EPS'}"
630.0,ASTRA-FLAGSHIP-01,EPS,32.00135198178341,2.91997149734972,13.829776081364594,39.99989761302812,0.9369982269640246,"{'soh': 0.9999974403257029, 'internal_resistance_ohm': 0.045000138222412035, 'solar_health_factor': 1.0}",NOMINAL,"{'is_sunlight': False, 'orbit_fraction': 0.10975609756097561, 'solar_power_w': 0.0, 'load_power_w': 95.0, 'operating_mode': 'STANDBY', 'fault_active': False, 'active_faults': [], 'dataset': 'ASTRA_SIMULATED_EPS'}"
640.0,ASTRA-FLAGSHIP-01,EPS,32.27891654842456,2.904377718190132,13.706755581237006,39.99989598594884,0.9367948341213855,"{'soh': 0.9999973996487209, 'internal_resistance_ohm': 0.04500014041896907, 'solar_health_factor': 1.0}",NOMINAL,"{'is_sunlight': False, 'orbit_fraction': 0.11149825783972125, 'solar_power_w': 0.0, 'load_power_w': 95.0, 'operating_mode': 'STANDBY', 'fault_active': False, 'active_faults': [], 'dataset': 'ASTRA_SIMULATED_EPS'}"
650.0,ASTRA-FLAGSHIP-01,EPS,32.30533144174704,2.9115927579301193,13.617160233037469,39.99989435881032,0.936591433865966,"{'soh': 0.9999973589702581, 'internal_resistance_ohm': 0.045000142615606066, 'solar_health_factor': 1.0}",NOMINAL,"{'is_sunlight': False, 'orbit_fraction': 0.1132404181184669, 'solar_power_w': 0.0, 'load_power_w': 95.0, 'operating_mode': 'STANDBY', 'fault_active': False, 'active_faults': [], 'dataset': 'ASTRA_SIMULATED_EPS'}"
660.0,ASTRA-FLAGSHIP-01,EPS,32.251408004863336,2.9066085738706753,13.538977205881292,39.999892731612576,0.9363880261966645,"{'soh': 0.9999973182903145, 'internal_resistance_ohm': 0.04500014481232301, 'solar_health_factor': 1.0}",NOMINAL,"{'is_sunlight': False, 'orbit_fraction': 0.11498257839721254, 'solar_power_w': 0.0, 'load_power_w': 95.0, 'operating_mode': 'STANDBY', 'fault_active': False, 'active_faults': [], 'dataset': 'ASTRA_SIMULATED_EPS'}"
670.0,ASTRA-FLAGSHIP-01,EPS,32.33123697186485,2.9504466974927843,13.48562758744151,39.99989110435559,0.9361846111123789,"{'soh': 0.9999972776088898, 'internal_resistance_ohm': 0.04500014700911996, 'solar_health_factor': 1.0}",NOMINAL,"{'is_sunlight': False, 'orbit_fraction': 0.11672473867595819, 'solar_power_w': 0.0, 'load_power_w': 95.0, 'operating_mode': 'STANDBY', 'fault_active': False, 'active_faults': [], 'dataset': 'ASTRA_SIMULATED_EPS'}"
680.0,ASTRA-FLAGSHIP-01,EPS,32.017570187192916,2.9108510448481093,13.370774053242203,39.999889477039346,0.9359811886120061,"{'soh': 0.9999972369259836, 'internal_resistance_ohm': 0.04500014920599689, 'solar_health_factor': 1.0}",NOMINAL,"{'is_sunlight': False, 'orbit_fraction': 0.11846689895470383, 'solar_power_w': 0.0, 'load_power_w': 95.0, 'operating_mode': 'STANDBY', 'fault_active': False, 'active_faults': [], 'dataset': 'ASTRA_SIMULATED_EPS'}"
690.0,ASTRA-FLAGSHIP-01,EPS,32.32127821863527,2.9395016967048075,13.449978200420187,39.99988784966384,0.9357777586944418,"{'soh': 0.999997196241596, 'internal_resistance_ohm': 0.04500015140295381, 'solar_health_factor': 1.0}",NOMINAL,"{'is_sunlight': False, 'orbit_fraction': 0.12020905923344948, 'solar_power_w': 0.0, 'load_power_w': 95.0, 'operating_mode': 'STANDBY', 'fault_active': False, 'active_faults': [], 'dataset': 'ASTRA_SIMULATED_EPS'}"
700.0,ASTRA-FLAGSHIP-01,EPS,32.32929136763412,2.9518002687859273,13.217594955606923,39.999886222229065,0.935574321358581,"{'soh': 0.9999971555557265, 'internal_resistance_ohm': 0.045000153599990766, 'solar_health_factor': 1.0}",NOMINAL,"{'is_sunlight': False, 'orbit_fraction': 0.12195121951219512, 'solar_power_w': 0.0, 'load_power_w': 95.0, 'operating_mode': 'STANDBY', 'fault_active': False, 'active_faults': [], 'dataset': 'ASTRA_SIMULATED_EPS'}"
710.0,ASTRA-FLAGSHIP-01,EPS,32.34107475430656,2.923401619646177,13.12062985178874,39.999884594735,0.9353708766033177,"{'soh': 0.9999971148683751, 'internal_resistance_ohm': 0.04500015579710774, 'solar_health_factor': 1.0}",NOMINAL,"{'is_sunlight': False, 'orbit_fraction': 0.12369337979094076, 'solar_power_w': 0.0, 'load_power_w': 95.0, 'operating_mode': 'STANDBY', 'fault_active': False, 'active_faults': [], 'dataset': 'ASTRA_SIMULATED_EPS'}"
720.0,ASTRA-FLAGSHIP-01,EPS,32.11033508977518,2.925049625654871,12.971432396406417,39.999882967181655,0.9351674244275451,"{'soh': 0.9999970741795414, 'internal_resistance_ohm': 0.045000157994304756, 'solar_health_factor': 1.0}",NOMINAL,"{'is_sunlight': False, 'orbit_fraction': 0.1254355400696864, 'solar_power_w': 0.0, 'load_power_w': 95.0, 'operating_mode': 'STANDBY', 'fault_active': False, 'active_faults': [], 'dataset': 'ASTRA_SIMULATED_EPS'}"
730.0,ASTRA-FLAGSHIP-01,EPS,32.24690177741006,2.9752903473277272,12.81558853648104,39.999881339569015,0.9349639648301552,"{'soh': 0.9999970334892253, 'internal_resistance_ohm': 0.04500016019158183, 'solar_health_factor': 1.0}",NOMINAL,"{'is_sunlight': False, 'orbit_fraction': 0.12717770034843207, 'solar_power_w': 0.0, 'load_power_w': 95.0, 'operating_mode': 'STANDBY', 'fault_active': False, 'active_faults': [], 'dataset': 'ASTRA_SIMULATED_EPS'}"
740.0,ASTRA-FLAGSHIP-01,EPS,32.343117075685534,2.8982270870136633,12.798837845646839,39.999879711897066,0.9347604978100393,"{'soh': 0.9999969927974266, 'internal_resistance_ohm': 0.04500016238893896, 'solar_health_factor': 1.0}",NOMINAL,"{'is_sunlight': False, 'orbit_fraction': 0.1289198606271777, 'solar_power_w': 0.0, 'load_power_w': 95.0, 'operating_mode': 'STANDBY', 'fault_active': False, 'active_faults': [], 'dataset': 'ASTRA_SIMULATED_EPS'}"
750.0,ASTRA-FLAGSHIP-01,EPS,32.40682050517615,2.931286172257318,12.682260646264554,39.9998780841658,0.9345570233660878,"{'soh': 0.999996952104145, 'internal_resistance_ohm': 0.04500016458637618, 'solar_health_factor': 1.0}",NOMINAL,"{'is_sunlight': False, 'orbit_fraction': 0.13066202090592335, 'solar_power_w': 0.0, 'load_power_w': 95.0, 'operating_mode': 'STANDBY', 'fault_active': False, 'active_faults': [], 'dataset': 'ASTRA_SIMULATED_EPS'}"
760.0,ASTRA-FLAGSHIP-01,EPS,32.114868369806395,2.9434843991664086,12.613573187732332,39.999876456375205,0.93435354149719,"{'soh': 0.9999969114093802, 'internal_resistance_ohm': 0.04500016678389347, 'solar_health_factor': 1.0}",NOMINAL,"{'is_sunlight': False, 'orbit_fraction': 0.13240418118466898, 'solar_power_w': 0.0, 'load_power_w': 95.0, 'operating_mode': 'STANDBY', 'fault_active': False, 'active_faults': [], 'dataset': 'ASTRA_SIMULATED_EPS'}"
770.0,ASTRA-FLAGSHIP-01,EPS,32.26383232100704,2.9311322183665967,12.531684710203605,39.99987482852528,0.9341500522022342,"{'soh': 0.999996870713132, 'internal_resistance_ohm': 0.04500016898149087, 'solar_health_factor': 1.0}",NOMINAL,"{'is_sunlight': False, 'orbit_fraction': 0.13414634146341464, 'solar_power_w': 0.0, 'load_power_w': 95.0, 'operating_mode': 'STANDBY', 'fault_active': False, 'active_faults': [], 'dataset': 'ASTRA_SIMULATED_EPS'}"
780.0,ASTRA-FLAGSHIP-01,EPS,32.573234754628764,2.9428011070181213,12.37740976843935,39.999873200616015,0.9339465554801081,"{'soh': 0.9999968300154004, 'internal_resistance_ohm': 0.04500017117916838, 'solar_health_factor': 1.0}",NOMINAL,"{'is_sunlight': False, 'orbit_fraction': 0.13588850174216027, 'solar_power_w': 0.0, 'load_power_w': 95.0, 'operating_mode': 'STANDBY', 'fault_active': False, 'active_faults': [], 'dataset': 'ASTRA_SIMULATED_EPS'}"
790.0,ASTRA-FLAGSHIP-01,EPS,32.25661697908836,2.917444762890612,12.43591908607053,39.9998715726474,0.933743051329698,"{'soh': 0.9999967893161851, 'internal_resistance_ohm': 0.045000173376926, 'solar_health_factor': 1.0}",NOMINAL,"{'is_sunlight': False, 'orbit_fraction': 0.13763066202090593, 'solar_power_w': 0.0, 'load_power_w': 95.0, 'operating_mode': 'STANDBY', 'fault_active': False, 'active_faults': [], 'dataset': 'ASTRA_SIMULATED_EPS'}"
800.0,ASTRA-FLAGSHIP-01,EPS,32.09768745128667,2.9283023300967437,12.333405047284828,39.99986994461943,0.9335395397498898,"{'soh': 0.9999967486154856, 'internal_resistance_ohm': 0.045000175574763775, 'solar_health_factor': 1.0}",NOMINAL,"{'is_sunlight': False, 'orbit_fraction': 0.13937282229965156, 'solar_power_w': 0.0, 'load_power_w': 95.0, 'operating_mode': 'STANDBY', 'fault_active': False, 'active_faults': [], 'dataset': 'ASTRA_SIMULATED_EPS'}"
810.0,ASTRA-FLAGSHIP-01,EPS,32.36368591876181,2.907074290614775,12.20651602069631,39.99986831653208,0.933336020739568,"{'soh': 0.999996707913302, 'internal_resistance_ohm': 0.04500017777268169, 'solar_health_factor': 1.0}",NOMINAL,"{'is_sunlight': False, 'orbit_fraction': 0.14111498257839722, 'solar_power_w': 0.0, 'load_power_w': 95.0, 'operating_mode': 'STANDBY', 'fault_active': False, 'active_faults': [], 'dataset': 'ASTRA_SIMULATED_EPS'}"
820.0,ASTRA-FLAGSHIP-01,EPS,32.146484403961665,2.917930558431442,12.226825723123289,39.99986668838536,0.9331324942976165,"{'soh': 0.999996667209634, 'internal_resistance_ohm': 0.04500017997067977, 'solar_health_factor': 1.0}",NOMINAL,"{'is_sunlight': False, 'orbit_fraction': 0.14285714285714285, 'solar_power_w': 0.0, 'load_power_w': 95.0, 'operating_mode': 'STANDBY', 'fault_active': False, 'active_faults': [], 'dataset': 'ASTRA_SIMULATED_EPS'}"
830.0,ASTRA-FLAGSHIP-01,EPS,32.2870619987353,2.90609600391579,12.099983962487608,39.999865060179246,0.932928960422918,"{'soh': 0.9999966265044812, 'internal_resistance_ohm': 0.045000182168758014, 'solar_health_factor': 1.0}",NOMINAL,"{'is_sunlight': False, 'orbit_fraction': 0.1445993031358885, 'solar_power_w': 0.0, 'load_power_w': 95.0, 'operating_mode': 'STANDBY', 'fault_active': False, 'active_faults': [], 'dataset': 'ASTRA_SIMULATED_EPS'}"
840.0,ASTRA-FLAGSHIP-01,EPS,32.56251222174384,2.9512778627219998,11.893885543815186,39.999863431913745,0.9327254191143545,"{'soh': 0.9999965857978436, 'internal_resistance_ohm': 0.04500018436691644, 'solar_health_factor': 1.0}",NOMINAL,"{'is_sunlight': False, 'orbit_fraction': 0.14634146341463414, 'solar_power_w': 0.0, 'load_power_w': 95.0, 'operating_mode': 'STANDBY', 'fault_active': False, 'active_faults': [], 'dataset': 'ASTRA_SIMULATED_EPS'}"
850.0,ASTRA-FLAGSHIP-01,EPS,32.14142782143687,2.955993500417046,11.850458467916805,39.999861803588836,0.9325218703708068,"{'soh': 0.9999965450897209, 'internal_resistance_ohm': 0.04500018656515507, 'solar_health_factor': 1.0}",NOMINAL,"{'is_sunlight': False, 'orbit_fraction': 0.1480836236933798, 'solar_power_w': 0.0, 'load_power_w': 95.0, 'operating_mode': 'STANDBY', 'fault_active': False, 'active_faults': [], 'dataset': 'ASTRA_SIMULATED_EPS'}"
860.0,ASTRA-FLAGSHIP-01,EPS,32.289742245465014,2.946424942668763,11.75570743956749,39.99986017520451,0.9323183141911551,"{'soh': 0.9999965043801128, 'internal_resistance_ohm': 0.04500018876347391, 'solar_health_factor': 1.0}",NOMINAL,"{'is_sunlight': False, 'orbit_fraction': 0.14982578397212543, 'solar_power_w': 0.0, 'load_power_w': 95.0, 'operating_mode': 'STANDBY', 'fault_active': False, 'active_faults': [], 'dataset': 'ASTRA_SIMULATED_EPS'}"
870.0,ASTRA-FLAGSHIP-01,EPS,32.2074683336501,2.8675936528009274,11.667270128247255,39.99985854676077,0.9321147505742783,"{'soh': 0.9999964636690192, 'internal_resistance_ohm': 0.045000190961872966, 'solar_health_factor': 1.0}",NOMINAL,"{'is_sunlight': False, 'orbit_fraction': 0.15156794425087108, 'solar_power_w': 0.0, 'load_power_w': 95.0, 'operating_mode': 'STANDBY', 'fault_active': False, 'active_faults': [], 'dataset': 'ASTRA_SIMULATED_EPS'}"
880.0,ASTRA-FLAGSHIP-01,EPS,32.17518355594232,2.906884956091248,11.716768551846075,39.99985691825759,0.9319111795190547,"{'soh': 0.9999964229564398, 'internal_resistance_ohm': 0.04500019316035225, 'solar_health_factor': 1.0}",NOMINAL,"{'is_sunlight': False, 'orbit_fraction': 0.15331010452961671, 'solar_power_w': 0.0, 'load_power_w': 95.0, 'operating_mode': 'STANDBY', 'fault_active': False, 'active_faults': [], 'dataset': 'ASTRA_SIMULATED_EPS'}"
890.0,ASTRA-FLAGSHIP-01,EPS,31.984319332720133,2.9228695001365326,11.558565826555899,39.99985528969498,0.9317076010243613,"{'soh': 0.9999963822423744, 'internal_resistance_ohm': 0.04500019535891179, 'solar_health_factor': 1.0}",NOMINAL,"{'is_sunlight': False, 'orbit_fraction': 0.15505226480836237, 'solar_power_w': 0.0, 'load_power_w': 95.0, 'operating_mode': 'STANDBY', 'fault_active': False, 'active_faults': [], 'dataset': 'ASTRA_SIMULATED_EPS'}"
900.0,ASTRA-FLAGSHIP-01,EPS,32.445629123572,2.903400372649558,11.527289538171997,39.999853661072905,0.9315040150890745,"{'soh': 0.9999963415268227, 'internal_resistance_ohm': 0.045000197557551566, 'solar_health_factor': 1.0}",NOMINAL,"{'is_sunlight': False, 'orbit_fraction': 0.156794425087108, 'solar_power_w': 0.0, 'load_power_w': 95.0, 'operating_mode': 'STANDBY', 'fault_active': False, 'active_faults': [], 'dataset': 'ASTRA_SIMULATED_EPS'}"
910.0,ASTRA-FLAGSHIP-01,EPS,32.213944877052135,2.9124386301772565,11.409560227685695,39.99985203239139,0.9313004217120696,"{'soh': 0.9999963008097846, 'internal_resistance_ohm': 0.04500019975627163, 'solar_health_factor': 1.0}",NOMINAL,"{'is_sunlight': False, 'orbit_fraction': 0.15853658536585366, 'solar_power_w': 0.0, 'load_power_w': 95.0, 'operating_mode': 'STANDBY', 'fault_active': False, 'active_faults': [], 'dataset': 'ASTRA_SIMULATED_EPS'}"
920.0,ASTRA-FLAGSHIP-01,EPS,32.24316608931073,2.9200410548067564,11.307489422447887,39.99985040365039,0.931096820892221,"{'soh': 0.9999962600912599, 'internal_resistance_ohm': 0.04500020195507196, 'solar_health_factor': 1.0}",NOMINAL,"{'is_sunlight': False, 'orbit_fraction': 0.1602787456445993, 'solar_power_w': 0.0, 'load_power_w': 95.0, 'operating_mode': 'STANDBY', 'fault_active': False, 'active_faults': [], 'dataset': 'ASTRA_SIMULATED_EPS'}"
930.0,ASTRA-FLAGSHIP-01,EPS,32.147861436294136,2.9341796357885777,11.254870088822459,39.99984877484992,0.9308932126284021,"{'soh': 0.9999962193712482, 'internal_resistance_ohm': 0.04500020415395259, 'solar_health_factor': 1.0}",NOMINAL,"{'is_sunlight': False, 'orbit_fraction': 0.16202090592334495, 'solar_power_w': 0.0, 'load_power_w': 95.0, 'operating_mode': 'STANDBY', 'fault_active': False, 'active_faults': [], 'dataset': 'ASTRA_SIMULATED_EPS'}"
940.0,ASTRA-FLAGSHIP-01,EPS,32.464143442137996,2.9077192108184082,11.24639884682245,39.999847145989975,0.9306895969194854,"{'soh': 0.9999961786497494, 'internal_resistance_ohm': 0.04500020635291353, 'solar_health_factor': 1.0}",NOMINAL,"{'is_sunlight': False, 'orbit_fraction': 0.16376306620209058, 'solar_power_w': 0.0, 'load_power_w': 95.0, 'operating_mode': 'STANDBY', 'fault_active': False, 'active_faults': [], 'dataset': 'ASTRA_SIMULATED_EPS'}"
950.0,ASTRA-FLAGSHIP-01,EPS,31.893175277302976,2.9291778917928504,11.087365462489602,39.999845517070526,0.9304859737643424,"{'soh': 0.9999961379267632, 'internal_resistance_ohm': 0.04500020855195479, 'solar_health_factor': 1.0}",NOMINAL,"{'is_sunlight': False, 'orbit_fraction': 0.16550522648083624, 'solar_power_w': 0.0, 'load_power_w': 95.0, 'operating_mode': 'STANDBY', 'fault_active': False, 'active_faults': [], 'dataset': 'ASTRA_SIMULATED_EPS'}"
960.0,ASTRA-FLAGSHIP-01,EPS,32.25159288448224,2.9200261210694958,10.96596413135313,39.999843888091576,0.9302823431618438,"{'soh': 0.9999960972022894, 'internal_resistance_ohm': 0.04500021075107637, 'solar_health_factor': 1.0}",NOMINAL,"{'is_sunlight': False, 'orbit_fraction': 0.1672473867595819, 'solar_power_w': 0.0, 'load_power_w': 95.0, 'operating_mode': 'STANDBY', 'fault_active': False, 'active_faults': [], 'dataset': 'ASTRA_SIMULATED_EPS'}"
970.0,ASTRA-FLAGSHIP-01,EPS,32.12576765484799,2.920788350018789,10.937488626160835,39.99984225905312,0.9300787051108592,"{'soh': 0.9999960564763279, 'internal_resistance_ohm': 0.04500021295027829, 'solar_health_factor': 1.0}",NOMINAL,"{'is_sunlight': False, 'orbit_fraction': 0.16898954703832753, 'solar_power_w': 0.0, 'load_power_w': 95.0, 'operating_mode': 'STANDBY', 'fault_active': False, 'active_faults': [], 'dataset': 'ASTRA_SIMULATED_EPS'}"
980.0,ASTRA-FLAGSHIP-01,EPS,32.261449209551685,2.918859247031421,10.85884384790845,39.99984062995513,0.9298750596102574,"{'soh': 0.9999960157488783, 'internal_resistance_ohm': 0.04500021514956057, 'solar_health_factor': 1.0}",NOMINAL,"{'is_sunlight': False, 'orbit_fraction': 0.17073170731707318, 'solar_power_w': 0.0, 'load_power_w': 95.0, 'operating_mode': 'STANDBY', 'fault_active': False, 'active_faults': [], 'dataset': 'ASTRA_SIMULATED_EPS'}"
990.0,ASTRA-FLAGSHIP-01,EPS,32.252251163550795,2.9485739658199352,10.764417105650852,39.99983900079762,0.9296714066589061,"{'soh': 0.9999959750199405, 'internal_resistance_ohm': 0.045000217348923205, 'solar_health_factor': 1.0}",NOMINAL,"{'is_sunlight': False, 'orbit_fraction': 0.17247386759581881, 'solar_power_w': 0.0, 'load_power_w': 95.0, 'operating_mode': 'STANDBY', 'fault_active': False, 'active_faults': [], 'dataset': 'ASTRA_SIMULATED_EPS'}"
1000.0,ASTRA-FLAGSHIP-01,EPS,32.06810587817168,2.9216827690653435,10.689588052565744,39.99983737158057,0.9294677462556722,"{'soh': 0.9999959342895142, 'internal_resistance_ohm': 0.045000219548366235, 'solar_health_factor': 1.0}",NOMINAL,"{'is_sunlight': False, 'orbit_fraction': 0.17421602787456447, 'solar_power_w': 0.0, 'load_power_w': 95.0, 'operating_mode': 'STANDBY', 'fault_active': False, 'active_faults': [], 'dataset': 'ASTRA_SIMULATED_EPS'}"
1010.0,ASTRA-FLAGSHIP-01,EPS,32.29866027766691,2.9323940770898567,10.577592773852476,39.999835742303965,0.9292640783994215,"{'soh': 0.9999958935575991, 'internal_resistance_ohm': 0.045000221747889646, 'solar_health_factor': 1.0}",NOMINAL,"{'is_sunlight': False, 'orbit_fraction': 0.1759581881533101, 'solar_power_w': 0.0, 'load_power_w': 95.0, 'operating_mode': 'STANDBY', 'fault_active': False, 'active_faults': [], 'dataset': 'ASTRA_SIMULATED_EPS'}"
1020.0,ASTRA-FLAGSHIP-01,EPS,32.40489715730801,2.9212793144656204,10.518799055566319,39.999834112967804,0.929060403089019,"{'soh': 0.9999958528241951, 'internal_resistance_ohm': 0.04500022394749346, 'solar_health_factor': 1.0}",NOMINAL,"{'is_sunlight': False, 'orbit_fraction': 0.17770034843205576, 'solar_power_w': 0.0, 'load_power_w': 95.0, 'operating_mode': 'STANDBY', 'fault_active': False, 'active_faults': [], 'dataset': 'ASTRA_SIMULATED_EPS'}"
1030.0,ASTRA-FLAGSHIP-01,EPS,32.16545588859849,2.928738820532362,10.466314987723223,39.99983248357208,0.9288567203233288,"{'soh': 0.999995812089302, 'internal_resistance_ohm': 0.04500022614717769, 'solar_health_factor': 1.0}",NOMINAL,"{'is_sunlight': False, 'orbit_fraction': 0.1794425087108014, 'solar_power_w': 0.0, 'load_power_w': 95.0, 'operating_mode': 'STANDBY', 'fault_active': False, 'active_faults': [], 'dataset': 'ASTRA_SIMULATED_EPS'}"
1040.0,ASTRA-FLAGSHIP-01,EPS,32.32969434439776,2.9491249779827973,10.396795649771919,39.99983085411678,0.9286530301012138,"{'soh': 0.9999957713529195, 'internal_resistance_ohm': 0.045000228346942346, 'solar_health_factor': 1.0}",NOMINAL,"{'is_sunlight': False, 'orbit_fraction': 0.18118466898954705, 'solar_power_w': 0.0, 'load_power_w': 95.0, 'operating_mode': 'STANDBY', 'fault_active': False, 'active_faults': [], 'dataset': 'ASTRA_SIMULATED_EPS'}"
1050.0,ASTRA-FLAGSHIP-01,EPS,32.199005083078966,2.9466454674827927,10.236366971951192,39.999829224601896,0.9284493324215363,"{'soh': 0.9999957306150473, 'internal_resistance_ohm': 0.04500023054678745, 'solar_health_factor': 1.0}",NOMINAL,"{'is_sunlight': False, 'orbit_fraction': 0.18292682926829268, 'solar_power_w': 0.0, 'load_power_w': 95.0, 'operating_mode': 'STANDBY', 'fault_active': False, 'active_faults': [], 'dataset': 'ASTRA_SIMULATED_EPS'}"
1060.0,ASTRA-FLAGSHIP-01,EPS,32.24661405618116,2.930781864252282,10.17730117639446,39.99982759502741,0.9282456272831572,"{'soh': 0.9999956898756853, 'internal_resistance_ohm': 0.04500023274671299, 'solar_health_factor': 1.0}",NOMINAL,"{'is_sunlight': False, 'orbit_fraction': 0.18466898954703834, 'solar_power_w': 0.0, 'load_power_w': 95.0, 'operating_mode': 'STANDBY', 'fault_active': False, 'active_faults': [], 'dataset': 'ASTRA_SIMULATED_EPS'}"
1070.0,ASTRA-FLAGSHIP-01,EPS,32.289040742240665,2.917356506062302,10.19785371172623,39.99982596539333,0.9280419146849369,"{'soh': 0.9999956491348332, 'internal_resistance_ohm': 0.04500023494671901, 'solar_health_factor': 1.0}",NOMINAL,"{'is_sunlight': False, 'orbit_fraction': 0.18641114982578397, 'solar_power_w': 0.0, 'load_power_w': 95.0, 'operating_mode': 'STANDBY', 'fault_active': False, 'active_faults': [], 'dataset': 'ASTRA_SIMULATED_EPS'}"
1080.0,ASTRA-FLAGSHIP-01,EPS,32.030119955044164,2.9096755751000662,10.072134197793988,39.99982433569963,0.9278381946257347,"{'soh': 0.9999956083924908, 'internal_resistance_ohm': 0.04500023714680549, 'solar_health_factor': 1.0}",NOMINAL,"{'is_sunlight': False, 'orbit_fraction': 0.18815331010452963, 'solar_power_w': 0.0, 'load_power_w': 95.0, 'operating_mode': 'STANDBY', 'fault_active': False, 'active_faults': [], 'dataset': 'ASTRA_SIMULATED_EPS'}"
1090.0,ASTRA-FLAGSHIP-01,EPS,32.318278346733926,2.945938690116932,9.96685100859267,39.999822705946315,0.9276344671044088,"{'soh': 0.9999955676486579, 'internal_resistance_ohm': 0.04500023934697247, 'solar_health_factor': 1.0}",NOMINAL,"{'is_sunlight': False, 'orbit_fraction': 0.18989547038327526, 'solar_power_w': 0.0, 'load_power_w': 95.0, 'operating_mode': 'STANDBY', 'fault_active': False, 'active_faults': [], 'dataset': 'ASTRA_SIMULATED_EPS'}"
1100.0,ASTRA-FLAGSHIP-01,EPS,32.13470274633971,3.9921365186624747,9.861443073571857,39.99982107613337,0.9273556718623353,"{'soh': 0.9999955269033343, 'internal_resistance_ohm': 0.045000241547219946, 'solar_health_factor': 1.0}",NOMINAL,"{'is_sunlight': False, 'orbit_fraction': 0.1916376306620209, 'solar_power_w': 0.0, 'load_power_w': 130.0, 'operating_mode': 'STANDBY', 'fault_active': False, 'active_faults': [], 'dataset': 'ASTRA_SIMULATED_EPS'}"
1110.0,ASTRA-FLAGSHIP-01,EPS,32.023036793018534,4.039284906854925,9.772772465208623,39.99981884578141,0.9270768626422853,"{'soh': 0.9999954711445352, 'internal_resistance_ohm': 0.045000244558195096, 'solar_health_factor': 1.0}",NOMINAL,"{'is_sunlight': False, 'orbit_fraction': 0.19337979094076654, 'solar_power_w': 0.0, 'load_power_w': 130.0, 'operating_mode': 'STANDBY', 'fault_active': False, 'active_faults': [], 'dataset': 'ASTRA_SIMULATED_EPS'}"
1120.0,ASTRA-FLAGSHIP-01,EPS,31.99496243684793,4.006976879015118,9.723490510821586,39.999816615317755,0.9267980394413252,"{'soh': 0.9999954153829438, 'internal_resistance_ohm': 0.045000247569321035, 'solar_health_factor': 1.0}",NOMINAL,"{'is_sunlight': False, 'orbit_fraction': 0.1951219512195122, 'solar_power_w': 0.0, 'load_power_w': 130.0, 'operating_mode': 'STANDBY', 'fault_active': False, 'active_faults': [], 'dataset': 'ASTRA_SIMULATED_EPS'}"
1130.0,ASTRA-FLAGSHIP-01,EPS,32.03323893577729,3.994618678860716,9.637986408580987,39.99981438474237,0.926519202256518,"{'soh': 0.9999953596185592, 'internal_resistance_ohm': 0.0450002505805978, 'solar_health_factor': 1.0}",NOMINAL,"{'is_sunlight': False, 'orbit_fraction': 0.19686411149825783, 'solar_power_w': 0.0, 'load_power_w': 130.0, 'operating_mode': 'STANDBY', 'fault_active': False, 'active_faults': [], 'dataset': 'ASTRA_SIMULATED_EPS'}"
1140.0,ASTRA-FLAGSHIP-01,EPS,32.15973056883538,4.0027253034187416,9.525441859947378,39.99981215405524,0.9262403510849232,"{'soh': 0.999995303851381, 'internal_resistance_ohm': 0.04500025359202542, 'solar_health_factor': 1.0}",NOMINAL,"{'is_sunlight': False, 'orbit_fraction': 0.1986062717770035, 'solar_power_w': 0.0, 'load_power_w': 130.0, 'operating_mode': 'STANDBY', 'fault_active': False, 'active_faults': [], 'dataset': 'ASTRA_SIMULATED_EPS'}"
1150.0,ASTRA-FLAGSHIP-01,EPS,32.15457608981269,3.979323897773492,9.40204075738608,39.99980992325635,0.9259614859235973,"{'soh': 0.9999952480814087, 'internal_resistance_ohm': 0.04500025660360393, 'solar_health_factor': 1.0}",NOMINAL,"{'is_sunlight': False, 'orbit_fraction': 0.20034843205574912, 'solar_power_w': 0.0, 'load_power_w': 130.0, 'operating_mode': 'STANDBY', 'fault_active': False, 'active_faults': [], 'dataset': 'ASTRA_SIMULATED_EPS'}"
1160.0,ASTRA-FLAGSHIP-01,EPS,31.99913414529888,4.010487426291351,9.41160343478586,39.999807692345655,0.9256826067695932,"{'soh': 0.9999951923086414, 'internal_resistance_ohm': 0.04500025961533336, 'solar_health_factor': 1.0}",NOMINAL,"{'is_sunlight': False, 'orbit_fraction': 0.20209059233449478, 'solar_power_w': 0.0, 'load_power_w': 130.0, 'operating_mode': 'STANDBY', 'fault_active': False, 'active_faults': [], 'dataset': 'ASTRA_SIMULATED_EPS'}"
1170.0,ASTRA-FLAGSHIP-01,EPS,32.34877712078096,4.03755210542555,9.311925280427149,39.99980546132315,0.9254037136199607,"{'soh': 0.9999951365330788, 'internal_resistance_ohm': 0.045000262627213745, 'solar_health_factor': 1.0}",NOMINAL,"{'is_sunlight': False, 'orbit_fraction': 0.2038327526132404, 'solar_power_w': 0.0, 'load_power_w': 130.0, 'operating_mode': 'STANDBY', 'fault_active': False, 'active_faults': [], 'dataset': 'ASTRA_SIMULATED_EPS'}"
1180.0,ASTRA-FLAGSHIP-01,EPS,32.106414781707905,3.9910985218834467,9.243077374014494,39.9998032301888,0.9251248064717459,"{'soh': 0.9999950807547201, 'internal_resistance_ohm': 0.045000265639245106, 'solar_health_factor': 1.0}",NOMINAL,"{'is_sunlight': False, 'orbit_fraction': 0.20557491289198607, 'solar_power_w': 0.0, 'load_power_w': 130.0, 'operating_mode': 'STANDBY', 'fault_active': False, 'active_faults': [], 'dataset': 'ASTRA_SIMULATED_EPS'}"
1190.0,ASTRA-FLAGSHIP-01,EPS,32.060843940751475,4.0245390732967845,9.126936076311711,39.9998009989426,0.9248458853219919,"{'soh': 0.9999950249735648, 'internal_resistance_ohm': 0.04500026865142749, 'solar_health_factor': 1.0}",NOMINAL,"{'is_sunlight': False, 'orbit_fraction': 0.2073170731707317, 'solar_power_w': 0.0, 'load_power_w': 130.0, 'operating_mode': 'STANDBY', 'fault_active': False, 'active_faults': [], 'dataset': 'ASTRA_SIMULATED_EPS'}"
1200.0,ASTRA-FLAGSHIP-01,EPS,32.188385577176895,4.055092056961478,9.08736546818274,39.9997987675845,0.924566950167738,"{'soh': 0.9999949691896125, 'internal_resistance_ohm': 0.04500027166376092, 'solar_health_factor': 1.0}",NOMINAL,"{'is_sunlight': False, 'orbit_fraction': 0.20905923344947736, 'solar_power_w': 0.0, 'load_power_w': 130.0, 'operating_mode': 'STANDBY', 'fault_active': False, 'active_faults': [], 'dataset': 'ASTRA_SIMULATED_EPS'}"
1210.0,ASTRA-FLAGSHIP-01,EPS,32.16742739503559,4.034159232324293,8.997457389511734,39.99979653611449,0.9242880010060208,"{'soh': 0.9999949134028623, 'internal_resistance_ohm': 0.045000274676245434, 'solar_health_factor': 1.0}",NOMINAL,"{'is_sunlight': False, 'orbit_fraction': 0.21080139372822299, 'solar_power_w': 0.0, 'load_power_w': 130.0, 'operating_mode': 'STANDBY', 'fault_active': False, 'active_faults': [], 'dataset': 'ASTRA_SIMULATED_EPS'}"
1220.0,ASTRA-FLAGSHIP-01,EPS,32.136922453015146,4.017364905062353,8.947324349244154,39.99979430453255,0.924009037833873,"{'soh': 0.9999948576133137, 'internal_resistance_ohm': 0.045000277688881055, 'solar_health_factor': 1.0}",NOMINAL,"{'is_sunlight': False, 'orbit_fraction': 0.21254355400696864, 'solar_power_w': 0.0, 'load_power_w': 130.0, 'operating_mode': 'STANDBY', 'fault_active': False, 'active_faults': [], 'dataset': 'ASTRA_SIMULATED_EPS'}"
1230.0,ASTRA-FLAGSHIP-01,EPS,31.974962250235937,4.017865457837539,8.892468128684712,39.99979207283865,0.9237300606483242,"{'soh': 0.9999948018209662, 'internal_resistance_ohm': 0.045000280701667825, 'solar_health_factor': 1.0}",NOMINAL,"{'is_sunlight': False, 'orbit_fraction': 0.21428571428571427, 'solar_power_w': 0.0, 'load_power_w': 130.0, 'operating_mode': 'STANDBY', 'fault_active': False, 'active_faults': [], 'dataset': 'ASTRA_SIMULATED_EPS'}"
1240.0,ASTRA-FLAGSHIP-01,EPS,32.33003900192829,4.041517677583184,8.9005590876423,39.999789841032765,0.9234510694464005,"{'soh': 0.9999947460258191, 'internal_resistance_ohm': 0.045000283714605765, 'solar_health_factor': 1.0}",NOMINAL,"{'is_sunlight': False, 'orbit_fraction': 0.21602787456445993, 'solar_power_w': 0.0, 'load_power_w': 130.0, 'operating_mode': 'STANDBY', 'fault_active': False, 'active_faults': [], 'dataset': 'ASTRA_SIMULATED_EPS'}"
1250.0,ASTRA-FLAGSHIP-01,EPS,31.972177354416715,4.0395388684515865,8.72760160291621,39.999787609114875,0.9231720642251249,"{'soh': 0.9999946902278719, 'internal_resistance_ohm': 0.04500028672769492, 'solar_health_factor': 1.0}",NOMINAL,"{'is_sunlight': False, 'orbit_fraction': 0.21777003484320556, 'solar_power_w': 0.0, 'load_power_w': 130.0, 'operating_mode': 'STANDBY', 'fault_active': False, 'active_faults': [], 'dataset': 'ASTRA_SIMULATED_EPS'}"
1260.0,ASTRA-FLAGSHIP-01,EPS,32.44491382941927,3.9975759295618736,8.602184578159953,39.999785377084955,0.9228930449815166,"{'soh': 0.9999946344271239, 'internal_resistance_ohm': 0.045000289740935305, 'solar_health_factor': 1.0}",NOMINAL,"{'is_sunlight': False, 'orbit_fraction': 0.21951219512195122, 'solar_power_w': 0.0, 'load_power_w': 130.0, 'operating_mode': 'STANDBY', 'fault_active': False, 'active_faults': [], 'dataset': 'ASTRA_SIMULATED_EPS'}"
1270.0,ASTRA-FLAGSHIP-01,EPS,31.995575059821558,3.9647681368959353,8.543819671942652,39.99978314494299,0.9226140117125917,"{'soh': 0.9999945786235747, 'internal_resistance_ohm': 0.045000292754326966, 'solar_health_factor': 1.0}",NOMINAL,"{'is_sunlight': False, 'orbit_fraction': 0.22125435540069685, 'solar_power_w': 0.0, 'load_power_w': 130.0, 'operating_mode': 'STANDBY', 'fault_active': False, 'active_faults': [], 'dataset': 'ASTRA_SIMULATED_EPS'}"
1280.0,ASTRA-FLAGSHIP-01,EPS,31.968204975835224,4.022032646148516,8.513331608317433,39.999780912688934,0.9223349644153631,"{'soh': 0.9999945228172233, 'internal_resistance_ohm': 0.04500029576786994, 'solar_health_factor': 1.0}",NOMINAL,"{'is_sunlight': False, 'orbit_fraction': 0.2229965156794425, 'solar_power_w': 0.0, 'load_power_w': 130.0, 'operating_mode': 'STANDBY', 'fault_active': False, 'active_faults': [], 'dataset': 'ASTRA_SIMULATED_EPS'}"
1290.0,ASTRA-FLAGSHIP-01,EPS,32.389297527103565,4.042309220833147,8.393733772711698,39.999778680322784,0.92205590308684,"{'soh': 0.9999944670080696, 'internal_resistance_ohm': 0.04500029878156424, 'solar_health_factor': 1.0}",NOMINAL,"{'is_sunlight': False, 'orbit_fraction': 0.22473867595818817, 'solar_power_w': 0.0, 'load_power_w': 130.0, 'operating_mode': 'STANDBY', 'fault_active': False, 'active_faults': [], 'dataset': 'ASTRA_SIMULATED_EPS'}"
1300.0,ASTRA-FLAGSHIP-01,EPS,31.94243668389703,4.031006646990468,8.283100389978463,39.99977644784451,0.9217768277240285,"{'soh': 0.9999944111961128, 'internal_resistance_ohm': 0.04500030179540991, 'solar_health_factor': 1.0}",NOMINAL,"{'is_sunlight': False, 'orbit_fraction': 0.2264808362369338, 'solar_power_w': 0.0, 'load_power_w': 130.0, 'operating_mode': 'STANDBY', 'fault_active': False, 'active_faults': [], 'dataset': 'ASTRA_SIMULATED_EPS'}"
1310.0,ASTRA-FLAGSHIP-01,EPS,32.37868524647632,4.048461928116739,8.252383553432738,39.999774215254085,0.9214977383239309,"{'soh': 0.9999943553813521, 'internal_resistance_ohm': 0.045000304809406984, 'solar_health_factor': 1.0}",NOMINAL,"{'is_sunlight': False, 'orbit_fraction': 0.22822299651567945, 'solar_power_w': 0.0, 'load_power_w': 130.0, 'operating_mode': 'STANDBY', 'fault_active': False, 'active_faults': [], 'dataset': 'ASTRA_SIMULATED_EPS'}"
1320.0,ASTRA-FLAGSHIP-01,EPS,31.808373700599336,4.053042509248737,8.197042105821025,39.999771982551486,0.9212186348835466,"{'soh': 0.9999942995637872, 'internal_resistance_ohm': 0.04500030782355549, 'solar_health_factor': 1.0}",NOMINAL,"{'is_sunlight': False, 'orbit_fraction': 0.22996515679442509, 'solar_power_w': 0.0, 'load_power_w': 130.0, 'operating_mode': 'STANDBY', 'fault_active': False, 'active_faults': [], 'dataset': 'ASTRA_SIMULATED_EPS'}"
1330.0,ASTRA-FLAGSHIP-01,EPS,32.28006455473971,3.9792543252039314,8.09992290670747,39.99976974973669,0.9209395173998715,"{'soh': 0.9999942437434173, 'internal_resistance_ohm': 0.04500031083785546, 'solar_health_factor': 1.0}",NOMINAL,"{'is_sunlight': False, 'orbit_fraction': 0.23170731707317074, 'solar_power_w': 0.0, 'load_power_w': 130.0, 'operating_mode': 'STANDBY', 'fault_active': False, 'active_faults': [], 'dataset': 'ASTRA_SIMULATED_EPS'}"
1340.0,ASTRA-FLAGSHIP-01,EPS,32.080679201248095,4.02064975856253,8.034706092893268,39.999767516809676,0.9206603858698978,"{'soh': 0.9999941879202419, 'internal_resistance_ohm': 0.04500031385230694, 'solar_health_factor': 1.0}",NOMINAL,"{'is_sunlight': False, 'orbit_fraction': 0.23344947735191637, 'solar_power_w': 0.0, 'load_power_w': 130.0, 'operating_mode': 'STANDBY', 'fault_active': False, 'active_faults': [], 'dataset': 'ASTRA_SIMULATED_EPS'}"
1350.0,ASTRA-FLAGSHIP-01,EPS,32.17807184830243,3.99287722856876,7.977602625412766,39.999765283770415,0.9203812402906149,"{'soh': 0.9999941320942604, 'internal_resistance_ohm': 0.04500031686690994, 'solar_health_factor': 1.0}",NOMINAL,"{'is_sunlight': False, 'orbit_fraction': 0.23519163763066203, 'solar_power_w': 0.0, 'load_power_w': 130.0, 'operating_mode': 'STANDBY', 'fault_active': False, 'active_faults': [], 'dataset': 'ASTRA_SIMULATED_EPS'}"
1360.0,ASTRA-FLAGSHIP-01,EPS,32.0958046215235,4.032786975232422,7.948008497534867,39.99976305061888,0.9201020806590081,"{'soh': 0.9999940762654721, 'internal_resistance_ohm': 0.0450003198816645, 'solar_health_factor': 1.0}",NOMINAL,"{'is_sunlight': False, 'orbit_fraction': 0.23693379790940766, 'solar_power_w': 0.0, 'load_power_w': 130.0, 'operating_mode': 'STANDBY', 'fault_active': False, 'active_faults': [], 'dataset': 'ASTRA_SIMULATED_EPS'}"
1370.0,ASTRA-FLAGSHIP-01,EPS,31.894490264115632,3.981570196863346,7.9042110826502,39.99976081735506,0.9198229069720599,"{'soh': 0.9999940204338765, 'internal_resistance_ohm': 0.04500032289657067, 'solar_health_factor': 1.0}",NOMINAL,"{'is_sunlight': False, 'orbit_fraction': 0.23867595818815332, 'solar_power_w': 0.0, 'load_power_w': 130.0, 'operating_mode': 'STANDBY', 'fault_active': False, 'active_faults': [], 'dataset': 'ASTRA_SIMULATED_EPS'}"
1380.0,ASTRA-FLAGSHIP-01,EPS,32.12649142126479,4.0014912111226515,7.8459770895832,39.99975858397892,0.9195437192267492,"{'soh': 0.999993964599473, 'internal_resistance_ohm': 0.045000325911628454, 'solar_health_factor': 1.0}",NOMINAL,"{'is_sunlight': False, 'orbit_fraction': 0.24041811846689895, 'solar_power_w': 0.0, 'load_power_w': 130.0, 'operating_mode': 'STANDBY', 'fault_active': False, 'active_faults': [], 'dataset': 'ASTRA_SIMULATED_EPS'}"
1390.0,ASTRA-FLAGSHIP-01,EPS,32.09009694675525,4.050084725226049,7.700079864689737,39.999756350490436,0.9192645174200513,"{'soh': 0.9999939087622609, 'internal_resistance_ohm': 0.045000328926837904, 'solar_health_factor': 1.0}",NOMINAL,"{'is_sunlight': False, 'orbit_fraction': 0.2421602787456446, 'solar_power_w': 0.0, 'load_power_w': 130.0, 'operating_mode': 'STANDBY', 'fault_active': False, 'active_faults': [], 'dataset': 'ASTRA_SIMULATED_EPS'}"
1400.0,ASTRA-FLAGSHIP-01,EPS,32.40033752978282,4.064748885322229,7.612731832766439,39.99975411688959,0.9189853015489384,"{'soh': 0.9999938529222397, 'internal_resistance_ohm': 0.04500033194219906, 'solar_health_factor': 1.0}",NOMINAL,"{'is_sunlight': False, 'orbit_fraction': 0.24390243902439024, 'solar_power_w': 0.0, 'load_power_w': 130.0, 'operating_mode': 'STANDBY', 'fault_active': False, 'active_faults': [], 'dataset': 'ASTRA_SIMULATED_EPS'}"
1410.0,ASTRA-FLAGSHIP-01,EPS,32.22403215191063,4.037087969770804,7.622278825003288,39.99975188317635,0.9187060716103792,"{'soh': 0.9999937970794087, 'internal_resistance_ohm': 0.04500033495771193, 'solar_health_factor': 1.0}",NOMINAL,"{'is_sunlight': False, 'orbit_fraction': 0.2456445993031359, 'solar_power_w': 0.0, 'load_power_w': 130.0, 'operating_mode': 'STANDBY', 'fault_active': False, 'active_faults': [], 'dataset': 'ASTRA_SIMULATED_EPS'}"
1420.0,ASTRA-FLAGSHIP-01,EPS,31.91189302202449,4.038312188665044,7.535626250506769,39.9997496493507,0.918426827601339,"{'soh': 0.9999937412337675, 'internal_resistance_ohm': 0.045000337973376554, 'solar_health_factor': 1.0}",NOMINAL,"{'is_sunlight': False, 'orbit_fraction': 0.24738675958188153, 'solar_power_w': 0.0, 'load_power_w': 130.0, 'operating_mode': 'STANDBY', 'fault_active': False, 'active_faults': [], 'dataset': 'ASTRA_SIMULATED_EPS'}"
1430.0,ASTRA-FLAGSHIP-01,EPS,31.782986424108394,3.9915835692143156,7.30979123923422,39.99974741541261,0.9181475695187796,"{'soh': 0.9999936853853152, 'internal_resistance_ohm': 0.04500034098919298, 'solar_health_factor': 1.0}",NOMINAL,"{'is_sunlight': False, 'orbit_fraction': 0.24912891986062718, 'solar_power_w': 0.0, 'load_power_w': 130.0, 'operating_mode': 'STANDBY', 'fault_active': False, 'active_faults': [], 'dataset': 'ASTRA_SIMULATED_EPS'}"
1440.0,ASTRA-FLAGSHIP-01,EPS,32.02012018406377,4.039509141145993,7.416108041648245,39.99974518136205,0.9178682973596596,"{'soh': 0.9999936295340514, 'internal_resistance_ohm': 0.04500034400516122, 'solar_health_factor': 1.0}",NOMINAL,"{'is_sunlight': False, 'orbit_fraction': 0.2508710801393728, 'solar_power_w': 0.0, 'load_power_w': 130.0, 'operating_mode': 'STANDBY', 'fault_active': False, 'active_faults': [], 'dataset': 'ASTRA_SIMULATED_EPS'}"
1450.0,ASTRA-FLAGSHIP-01,EPS,32.07354378302282,4.062588053572358,7.20141145658001,39.99974294719901,0.9175890111209339,"{'soh': 0.9999935736799753, 'internal_resistance_ohm': 0.04500034702128133, 'solar_health_factor': 1.0}",NOMINAL,"{'is_sunlight': False, 'orbit_fraction': 0.25261324041811845, 'solar_power_w': 0.0, 'load_power_w': 130.0, 'operating_mode': 'STANDBY', 'fault_active': False, 'active_faults': [], 'dataset': 'ASTRA_SIMULATED_EPS'}"
1460.0,ASTRA-FLAGSHIP-01,EPS,31.786969054164334,4.02050378249453,7.219234626416336,39.99974071292346,0.9173097107995544,"{'soh': 0.9999935178230865, 'internal_resistance_ohm': 0.04500035003755332, 'solar_health_factor': 1.0}",NOMINAL,"{'is_sunlight': False, 'orbit_fraction': 0.25435540069686413, 'solar_power_w': 0.0, 'load_power_w': 130.0, 'operating_mode': 'STANDBY', 'fault_active': False, 'active_faults': [], 'dataset': 'ASTRA_SIMULATED_EPS'}"
1470.0,ASTRA-FLAGSHIP-01,EPS,32.05313674615825,3.9701866483140034,7.125378148477665,39.99973847853538,0.9170303963924691,"{'soh': 0.9999934619633843, 'internal_resistance_ohm': 0.04500035305397724, 'solar_health_factor': 1.0}",NOMINAL,"{'is_sunlight': False, 'orbit_fraction': 0.25609756097560976, 'solar_power_w': 0.0, 'load_power_w': 130.0, 'operating_mode': 'STANDBY', 'fault_active': False, 'active_faults': [], 'dataset': 'ASTRA_SIMULATED_EPS'}"
1480.0,ASTRA-FLAGSHIP-01,EPS,31.84764854089017,4.039120312337178,7.078154322301688,39.99973624403473,0.9167510678966229,"{'soh': 0.9999934061008682, 'internal_resistance_ohm': 0.04500035607055311, 'solar_health_factor': 1.0}",NOMINAL,"{'is_sunlight': False, 'orbit_fraction': 0.2578397212543554, 'solar_power_w': 0.0, 'load_power_w': 130.0, 'operating_mode': 'STANDBY', 'fault_active': False, 'active_faults': [], 'dataset': 'ASTRA_SIMULATED_EPS'}"
1490.0,ASTRA-FLAGSHIP-01,EPS,31.9044504531057,4.009602013791331,6.937040950321273,39.999734009421495,0.9164717253089572,"{'soh': 0.9999933502355374, 'internal_resistance_ohm': 0.04500035908728098, 'solar_health_factor': 1.0}",NOMINAL,"{'is_sunlight': False, 'orbit_fraction': 0.259581881533101, 'solar_power_w': 0.0, 'load_power_w': 130.0, 'operating_mode': 'STANDBY', 'fault_active': False, 'active_faults': [], 'dataset': 'ASTRA_SIMULATED_EPS'}"
1500.0,ASTRA-FLAGSHIP-01,EPS,32.04340121318359,4.046696264548945,6.871078993708585,39.999731774695654,0.9161923686264098,"{'soh': 0.9999932943673914, 'internal_resistance_ohm': 0.04500036210416086, 'solar_health_factor': 1.0}",NOMINAL,"{'is_sunlight': False, 'orbit_fraction': 0.2613240418118467, 'solar_power_w': 0.0, 'load_power_w': 130.0, 'operating_mode': 'STANDBY', 'fault_active': False, 'active_faults': [], 'dataset': 'ASTRA_SIMULATED_EPS'}"
1510.0,ASTRA-FLAGSHIP-01,EPS,32.13258117141399,4.00959485112727,6.811271275812816,39.99972953985718,0.9159129978459155,"{'soh': 0.9999932384964295, 'internal_resistance_ohm': 0.0450003651211928, 'solar_health_factor': 1.0}",NOMINAL,"{'is_sunlight': False, 'orbit_fraction': 0.26306620209059234, 'solar_power_w': 0.0, 'load_power_w': 130.0, 'operating_mode': 'STANDBY', 'fault_active': False, 'active_faults': [], 'dataset': 'ASTRA_SIMULATED_EPS'}"
1520.0,ASTRA-FLAGSHIP-01,EPS,32.033008027799745,3.997114160966943,6.753967526058286,39.99972730490605,0.9156336129644053,"{'soh': 0.9999931826226512, 'internal_resistance_ohm': 0.04500036813837683, 'solar_health_factor': 1.0}",NOMINAL,"{'is_sunlight': False, 'orbit_fraction': 0.26480836236933797, 'solar_power_w': 0.0, 'load_power_w': 130.0, 'operating_mode': 'STANDBY', 'fault_active': False, 'active_faults': [], 'dataset': 'ASTRA_SIMULATED_EPS'}"
1530.0,ASTRA-FLAGSHIP-01,EPS,31.856565204205587,4.072664932205719,6.714333197994053,39.999725069842235,0.9153542139788069,"{'soh': 0.9999931267460559, 'internal_resistance_ohm': 0.04500037115571298, 'solar_health_factor': 1.0}",NOMINAL,"{'is_sunlight': False, 'orbit_fraction': 0.2665505226480836, 'solar_power_w': 0.0, 'load_power_w': 130.0, 'operating_mode': 'STANDBY', 'fault_active': False, 'active_faults': [], 'dataset': 'ASTRA_SIMULATED_EPS'}"
1540.0,ASTRA-FLAGSHIP-01,EPS,31.934752636026015,4.028895318580747,6.638058106664961,39.99972283466571,0.9150748008860445,"{'soh': 0.9999930708666428, 'internal_resistance_ohm': 0.04500037417320128, 'solar_health_factor': 1.0}",NOMINAL,"{'is_sunlight': False, 'orbit_fraction': 0.2682926829268293, 'solar_power_w': 0.0, 'load_power_w': 130.0, 'operating_mode': 'STANDBY', 'fault_active': False, 'active_faults': [], 'dataset': 'ASTRA_SIMULATED_EPS'}"
1550.0,ASTRA-FLAGSHIP-01,EPS,32.00982397041463,4.039150636089437,6.6128383493487926,39.99972059937646,0.9147953736830391,"{'soh': 0.9999930149844115, 'internal_resistance_ohm': 0.04500037719084178, 'solar_health_factor': 1.0}",NOMINAL,"{'is_sunlight': False, 'orbit_fraction': 0.2700348432055749, 'solar_power_w': 0.0, 'load_power_w': 130.0, 'operating_mode': 'STANDBY', 'fault_active': False, 'active_faults': [], 'dataset': 'ASTRA_SIMULATED_EPS'}"
1560.0,ASTRA-FLAGSHIP-01,EPS,31.958589546472126,4.0094622799558195,6.492682307550559,39.99971836397445,0.9145159323667079,"{'soh': 0.9999929590993613, 'internal_resistance_ohm': 0.04500038020863449, 'solar_health_factor': 1.0}",NOMINAL,"{'is_sunlight': False, 'orbit_fraction': 0.27177700348432055, 'solar_power_w': 0.0, 'load_power_w': 130.0, 'operating_mode': 'STANDBY', 'fault_active': False, 'active_faults': [], 'dataset': 'ASTRA_SIMULATED_EPS'}"
1570.0,ASTRA-FLAGSHIP-01,EPS,31.67315136357056,3.9860670910196223,6.5064335177247745,39.99971612845966,0.914236476933965,"{'soh': 0.9999929032114915, 'internal_resistance_ohm': 0.04500038322657946, 'solar_health_factor': 1.0}",NOMINAL,"{'is_sunlight': False, 'orbit_fraction': 0.2735191637630662, 'solar_power_w': 0.0, 'load_power_w': 130.0, 'operating_mode': 'STANDBY', 'fault_active': False, 'active_faults': [], 'dataset': 'ASTRA_SIMULATED_EPS'}"
1580.0,ASTRA-FLAGSHIP-01,EPS,32.30382375684174,4.018076567680185,6.398755058890668,39.99971389283206,0.9139570073817208,"{'soh': 0.9999928473208016, 'internal_resistance_ohm': 0.04500038624467671, 'solar_health_factor': 1.0}",NOMINAL,"{'is_sunlight': False, 'orbit_fraction': 0.27526132404181186, 'solar_power_w': 0.0, 'load_power_w': 130.0, 'operating_mode': 'STANDBY', 'fault_active': False, 'active_faults': [], 'dataset': 'ASTRA_SIMULATED_EPS'}"
1590.0,ASTRA-FLAGSHIP-01,EPS,32.08851351620003,4.101885642170681,6.357925369688219,39.99971165709164,0.9136775237068824,"{'soh': 0.9999927914272909, 'internal_resistance_ohm': 0.045000389262926294, 'solar_health_factor': 1.0}",NOMINAL,"{'is_sunlight': False, 'orbit_fraction': 0.2770034843205575, 'solar_power_w': 0.0, 'load_power_w': 130.0, 'operating_mode': 'STANDBY', 'fault_active': False, 'active_faults': [], 'dataset': 'ASTRA_SIMULATED_EPS'}"
1600.0,ASTRA-FLAGSHIP-01,EPS,32.016518550002935,4.0007323827937205,6.153825242483528,39.99970942123836,0.9133980259063533,"{'soh': 0.9999927355309589, 'internal_resistance_ohm': 0.04500039228132822, 'solar_health_factor': 1.0}",NOMINAL,"{'is_sunlight': False, 'orbit_fraction': 0.2787456445993031, 'solar_power_w': 0.0, 'load_power_w': 130.0, 'operating_mode': 'STANDBY', 'fault_active': False, 'active_faults': [], 'dataset': 'ASTRA_SIMULATED_EPS'}"
1610.0,ASTRA-FLAGSHIP-01,EPS,32.0679547276545,4.005939223588506,6.09541684382933,39.99970718527219,0.9131185139770339,"{'soh': 0.9999926796318048, 'internal_resistance_ohm': 0.045000395299882534, 'solar_health_factor': 1.0}",NOMINAL,"{'is_sunlight': False, 'orbit_fraction': 0.2804878048780488, 'solar_power_w': 0.0, 'load_power_w': 130.0, 'operating_mode': 'STANDBY', 'fault_active': False, 'active_faults': [], 'dataset': 'ASTRA_SIMULATED_EPS'}"
1620.0,ASTRA-FLAGSHIP-01,EPS,31.930159258749388,3.997970909781618,6.1834491351367875,39.99970494919313,0.9128389879158207,"{'soh': 0.9999926237298282, 'internal_resistance_ohm': 0.04500039831858927, 'solar_health_factor': 1.0}",NOMINAL,"{'is_sunlight': False, 'orbit_fraction': 0.28222996515679444, 'solar_power_w': 0.0, 'load_power_w': 130.0, 'operating_mode': 'STANDBY', 'fault_active': False, 'active_faults': [], 'dataset': 'ASTRA_SIMULATED_EPS'}"
1630.0,ASTRA-FLAGSHIP-01,EPS,32.17327887458855,4.025148581634651,6.105831855865,39.999702713001135,0.9125594477196072,"{'soh': 0.9999925678250283, 'internal_resistance_ohm': 0.04500040133744846, 'solar_health_factor': 1.0}",NOMINAL,"{'is_sunlight': False, 'orbit_fraction': 0.28397212543554007, 'solar_power_w': 0.0, 'load_power_w': 130.0, 'operating_mode': 'STANDBY', 'fault_active': False, 'active_faults': [], 'dataset': 'ASTRA_SIMULATED_EPS'}"
1640.0,ASTRA-FLAGSHIP-01,EPS,32.04282082884608,4.00391012650893,6.040913039341832,39.99970047669619,0.9122798933852829,"{'soh': 0.9999925119174047, 'internal_resistance_ohm': 0.04500040435646015, 'solar_health_factor': 1.0}",NOMINAL,"{'is_sunlight': False, 'orbit_fraction': 0.2857142857142857, 'solar_power_w': 0.0, 'load_power_w': 130.0, 'operating_mode': 'STANDBY', 'fault_active': False, 'active_faults': [], 'dataset': 'ASTRA_SIMULATED_EPS'}"
1650.0,ASTRA-FLAGSHIP-01,EPS,32.1150881222014,3.999690948653164,5.888341200048199,39.999698240278256,0.9120003249097344,"{'soh': 0.9999924560069564, 'internal_resistance_ohm': 0.04500040737562435, 'solar_health_factor': 1.0}",NOMINAL,"{'is_sunlight': False, 'orbit_fraction': 0.2874564459930314, 'solar_power_w': 0.0, 'load_power_w': 130.0, 'operating_mode': 'STANDBY', 'fault_active': False, 'active_faults': [], 'dataset': 'ASTRA_SIMULATED_EPS'}"
1660.0,ASTRA-FLAGSHIP-01,EPS,31.88692185105734,3.9912096546130136,5.877446943939446,39.999696003747324,0.9117207422898443,"{'soh': 0.9999924000936832, 'internal_resistance_ohm': 0.04500041039494111, 'solar_health_factor': 1.0}",NOMINAL,"{'is_sunlight': False, 'orbit_fraction': 0.289198606271777, 'solar_power_w': 0.0, 'load_power_w': 130.0, 'operating_mode': 'STANDBY', 'fault_active': False, 'active_faults': [], 'dataset': 'ASTRA_SIMULATED_EPS'}"
1670.0,ASTRA-FLAGSHIP-01,EPS,32.33124409720682,3.9910154857002573,5.792744618677172,39.999693767103366,0.9114411455224922,"{'soh': 0.9999923441775841, 'internal_resistance_ohm': 0.04500041341441045, 'solar_health_factor': 1.0}",NOMINAL,"{'is_sunlight': False, 'orbit_fraction': 0.29094076655052264, 'solar_power_w': 0.0, 'load_power_w': 130.0, 'operating_mode': 'STANDBY', 'fault_active': False, 'active_faults': [], 'dataset': 'ASTRA_SIMULATED_EPS'}"
1680.0,ASTRA-FLAGSHIP-01,EPS,31.919667905361074,4.01412381503359,5.6686122334147155,39.99969153034635,0.9111615346045541,"{'soh': 0.9999922882586587, 'internal_resistance_ohm': 0.04500041643403242, 'solar_health_factor': 1.0}",NOMINAL,"{'is_sunlight': False, 'orbit_fraction': 0.2926829268292683, 'solar_power_w': 0.0, 'load_power_w': 130.0, 'operating_mode': 'STANDBY', 'fault_active': False, 'active_faults': [], 'dataset': 'ASTRA_SIMULATED_EPS'}"
1690.0,ASTRA-FLAGSHIP-01,EPS,31.883867930145087,4.027789241242579,5.590497405222233,39.99968929347625,0.9108819095329023,"{'soh': 0.9999922323369064, 'internal_resistance_ohm': 0.045000419453807054, 'solar_health_factor': 1.0}",NOMINAL,"{'is_sunlight': False, 'orbit_fraction': 0.29442508710801396, 'solar_power_w': 0.0, 'load_power_w': 130.0, 'operating_mode': 'STANDBY', 'fault_active': False, 'active_faults': [], 'dataset': 'ASTRA_SIMULATED_EPS'}"
1700.0,ASTRA-FLAGSHIP-01,EPS,32.063857128929826,4.025510708328787,5.554087226160387,39.99968705649306,0.9106022703044059,"{'soh': 0.9999921764123265, 'internal_resistance_ohm': 0.04500042247373436, 'solar_health_factor': 1.0}",NOMINAL,"{'is_sunlight': False, 'orbit_fraction': 0.2961672473867596, 'solar_power_w': 0.0, 'load_power_w': 130.0, 'operating_mode': 'STANDBY', 'fault_active': False, 'active_faults': [], 'dataset': 'ASTRA_SIMULATED_EPS'}"
1710.0,ASTRA-FLAGSHIP-01,EPS,31.873613920351907,4.012479981922372,5.537970171990969,39.999684819396734,0.9103226169159304,"{'soh': 0.9999921204849184, 'internal_resistance_ohm': 0.04500042549381441, 'solar_health_factor': 1.0}",NOMINAL,"{'is_sunlight': False, 'orbit_fraction': 0.2979094076655052, 'solar_power_w': 0.0, 'load_power_w': 130.0, 'operating_mode': 'STANDBY', 'fault_active': False, 'active_faults': [], 'dataset': 'ASTRA_SIMULATED_EPS'}"
1720.0,ASTRA-FLAGSHIP-01,EPS,32.09745338439963,4.002609050488985,5.4395090028634465,39.999682582187255,0.9100429493643379,"{'soh': 0.9999920645546814, 'internal_resistance_ohm': 0.0450004285140472, 'solar_health_factor': 1.0}",NOMINAL,"{'is_sunlight': False, 'orbit_fraction': 0.29965156794425085, 'solar_power_w': 0.0, 'load_power_w': 130.0, 'operating_mode': 'STANDBY', 'fault_active': False, 'active_faults': [], 'dataset': 'ASTRA_SIMULATED_EPS'}"
1730.0,ASTRA-FLAGSHIP-01,EPS,32.135897290594436,3.985420840831122,5.396227500025981,39.99968034486459,0.9097632676464871,"{'soh': 0.9999920086216149, 'internal_resistance_ohm': 0.0450004315344328, 'solar_health_factor': 1.0}",NOMINAL,"{'is_sunlight': False, 'orbit_fraction': 0.30139372822299654, 'solar_power_w': 0.0, 'load_power_w': 130.0, 'operating_mode': 'STANDBY', 'fault_active': False, 'active_faults': [], 'dataset': 'ASTRA_SIMULATED_EPS'}"
1740.0,ASTRA-FLAGSHIP-01,EPS,31.907903680093018,4.04193204106673,5.26558849380352,39.999678107428736,0.9094835717592329,"{'soh': 0.9999919526857184, 'internal_resistance_ohm': 0.04500043455497121, 'solar_health_factor': 1.0}",NOMINAL,"{'is_sunlight': False, 'orbit_fraction': 0.30313588850174217, 'solar_power_w': 0.0, 'load_power_w': 130.0, 'operating_mode': 'STANDBY', 'fault_active': False, 'active_faults': [], 'dataset': 'ASTRA_SIMULATED_EPS'}"
1750.0,ASTRA-FLAGSHIP-01,EPS,31.723430310262255,3.9868774966648513,5.241022052336539,39.999675869879646,0.9092038616994269,"{'soh': 0.9999918967469911, 'internal_resistance_ohm': 0.04500043757566248, 'solar_health_factor': 1.0}",NOMINAL,"{'is_sunlight': False, 'orbit_fraction': 0.3048780487804878, 'solar_power_w': 0.0, 'load_power_w': 130.0, 'operating_mode': 'STANDBY', 'fault_active': False, 'active_faults': [], 'dataset': 'ASTRA_SIMULATED_EPS'}"
1760.0,ASTRA-FLAGSHIP-01,EPS,32.0522448007637,4.0052616234271765,5.205587708454603,39.999673632217295,0.9089241374639173,"{'soh': 0.9999918408054325, 'internal_resistance_ohm': 0.045000440596506645, 'solar_health_factor': 1.0}",NOMINAL,"{'is_sunlight': False, 'orbit_fraction': 0.30662020905923343, 'solar_power_w': 0.0, 'load_power_w': 130.0, 'operating_mode': 'STANDBY', 'fault_active': False, 'active_faults': [], 'dataset': 'ASTRA_SIMULATED_EPS'}"
1770.0,ASTRA-FLAGSHIP-01,EPS,31.743109613887437,4.026538762168877,5.04832101941489,39.99967139444167,0.9086443990495489,"{'soh': 0.9999917848610418, 'internal_resistance_ohm': 0.04500044361750374, 'solar_health_factor': 1.0}",NOMINAL,"{'is_sunlight': False, 'orbit_fraction': 0.3083623693379791, 'solar_power_w': 0.0, 'load_power_w': 130.0, 'operating_mode': 'STANDBY', 'fault_active': False, 'active_faults': [], 'dataset': 'ASTRA_SIMULATED_EPS'}"
1780.0,ASTRA-FLAGSHIP-01,EPS,31.903062278228393,4.029595766768758,5.00123790587771,39.99966915655274,0.9083646464531625,"{'soh': 0.9999917289138185, 'internal_resistance_ohm': 0.0450004466386538, 'solar_health_factor': 1.0}",NOMINAL,"{'is_sunlight': False, 'orbit_fraction': 0.31010452961672474, 'solar_power_w': 0.0, 'load_power_w': 130.0, 'operating_mode': 'STANDBY', 'fault_active': False, 'active_faults': [], 'dataset': 'ASTRA_SIMULATED_EPS'}"
1790.0,ASTRA-FLAGSHIP-01,EPS,31.9441922835894,4.053909368809377,4.950973264969818,39.99966691855048,0.908084879671596,"{'soh': 0.999991672963762, 'internal_resistance_ohm': 0.04500044965995685, 'solar_health_factor': 1.0}",NOMINAL,"{'is_sunlight': False, 'orbit_fraction': 0.3118466898954704, 'solar_power_w': 0.0, 'load_power_w': 130.0, 'operating_mode': 'STANDBY', 'fault_active': False, 'active_faults': [], 'dataset': 'ASTRA_SIMULATED_EPS'}"
1800.0,ASTRA-FLAGSHIP-01,EPS,32.137811877437365,4.000406774942558,4.942039431157551,39.99966468043486,0.9078050987016835,"{'soh': 0.9999916170108716, 'internal_resistance_ohm': 0.045000452681412936, 'solar_health_factor': 1.0}",NOMINAL,"{'is_sunlight': False, 'orbit_fraction': 0.313588850174216, 'solar_power_w': 0.0, 'load_power_w': 130.0, 'operating_mode': 'STANDBY', 'fault_active': False, 'active_faults': [], 'dataset': 'ASTRA_SIMULATED_EPS'}"
1810.0,ASTRA-FLAGSHIP-01,EPS,32.233104289865196,3.9668666209415098,4.8116074439916074,39.99966244220587,0.9075253035402555,"{'soh': 0.9999915610551467, 'internal_resistance_ohm': 0.04500045570302207, 'solar_health_factor': 1.0}",NOMINAL,"{'is_sunlight': False, 'orbit_fraction': 0.3153310104529617, 'solar_power_w': 0.0, 'load_power_w': 130.0, 'operating_mode': 'STANDBY', 'fault_active': False, 'active_faults': [], 'dataset': 'ASTRA_SIMULATED_EPS'}"
1820.0,ASTRA-FLAGSHIP-01,EPS,32.093121042755214,4.024114699852821,4.806083648025872,39.99966020386346,0.9072454941841394,"{'soh': 0.9999915050965866, 'internal_resistance_ohm': 0.045000458724784316, 'solar_health_factor': 1.0}",NOMINAL,"{'is_sunlight': False, 'orbit_fraction': 0.3170731707317073, 'solar_power_w': 0.0, 'load_power_w': 130.0, 'operating_mode': 'STANDBY', 'fault_active': False, 'active_faults': [], 'dataset': 'ASTRA_SIMULATED_EPS'}"
1830.0,ASTRA-FLAGSHIP-01,EPS,31.90250347653367,4.031602206050176,4.7159873468919065,39.999657965407636,0.9069656706301586,"{'soh': 0.9999914491351909, 'internal_resistance_ohm': 0.045000461746699694, 'solar_health_factor': 1.0}",NOMINAL,"{'is_sunlight': False, 'orbit_fraction': 0.31881533101045295, 'solar_power_w': 0.0, 'load_power_w': 130.0, 'operating_mode': 'STANDBY', 'fault_active': False, 'active_faults': [], 'dataset': 'ASTRA_SIMULATED_EPS'}"
1840.0,ASTRA-FLAGSHIP-01,EPS,32.18432004673896,4.036027201980725,4.677066447623054,39.99965572683835,0.9066858328751335,"{'soh': 0.9999913931709586, 'internal_resistance_ohm': 0.04500046476876823, 'solar_health_factor': 1.0}",NOMINAL,"{'is_sunlight': False, 'orbit_fraction': 0.3205574912891986, 'solar_power_w': 0.0, 'load_power_w': 130.0, 'operating_mode': 'STANDBY', 'fault_active': False, 'active_faults': [], 'dataset': 'ASTRA_SIMULATED_EPS'}"
1850.0,ASTRA-FLAGSHIP-01,EPS,31.929948692922988,4.0175704131916685,4.575143308596101,39.99965348815557,0.9064059809158805,"{'soh': 0.9999913372038893, 'internal_resistance_ohm': 0.04500046779098997, 'solar_health_factor': 1.0}",NOMINAL,"{'is_sunlight': False, 'orbit_fraction': 0.32229965156794427, 'solar_power_w': 0.0, 'load_power_w': 130.0, 'operating_mode': 'STANDBY', 'fault_active': False, 'active_faults': [], 'dataset': 'ASTRA_SIMULATED_EPS'}"
1860.0,ASTRA-FLAGSHIP-01,EPS,32.05729198956148,4.019449823781906,4.548014209177564,39.99965124935929,0.9061261147492129,"{'soh': 0.9999912812339823, 'internal_resistance_ohm': 0.04500047081336495, 'solar_health_factor': 1.0}",NOMINAL,"{'is_sunlight': False, 'orbit_fraction': 0.3240418118466899, 'solar_power_w': 0.0, 'load_power_w': 130.0, 'operating_mode': 'STANDBY', 'fault_active': False, 'active_faults': [], 'dataset': 'ASTRA_SIMULATED_EPS'}"
1870.0,ASTRA-FLAGSHIP-01,EPS,32.3245282923953,4.052151908743761,4.454147431423813,39.99964901044948,0.9058462343719402,"{'soh': 0.999991225261237, 'internal_resistance_ohm': 0.0450004738358932, 'solar_health_factor': 1.0}",NOMINAL,"{'is_sunlight': False, 'orbit_fraction': 0.32578397212543553, 'solar_power_w': 0.0, 'load_power_w': 130.0, 'operating_mode': 'STANDBY', 'fault_active': False, 'active_faults': [], 'dataset': 'ASTRA_SIMULATED_EPS'}"
1880.0,ASTRA-FLAGSHIP-01,EPS,32.18303133643515,4.0201825126964685,4.305633966007206,39.99964677142611,0.9055663397808685,"{'soh': 0.9999911692856527, 'internal_resistance_ohm': 0.04500047685857476, 'solar_health_factor': 1.0}",NOMINAL,"{'is_sunlight': False, 'orbit_fraction': 0.32752613240418116, 'solar_power_w': 0.0, 'load_power_w': 130.0, 'operating_mode': 'STANDBY', 'fault_active': False, 'active_faults': [], 'dataset': 'ASTRA_SIMULATED_EPS'}"
1890.0,ASTRA-FLAGSHIP-01,EPS,31.828002276293283,3.983594510307124,4.327224097214385,39.99964453228915,0.9052864309728005,"{'soh': 0.9999911133072288, 'internal_resistance_ohm': 0.045000479881409636, 'solar_health_factor': 1.0}",NOMINAL,"{'is_sunlight': False, 'orbit_fraction': 0.32926829268292684, 'solar_power_w': 0.0, 'load_power_w': 130.0, 'operating_mode': 'STANDBY', 'fault_active': False, 'active_faults': [], 'dataset': 'ASTRA_SIMULATED_EPS'}"
1900.0,ASTRA-FLAGSHIP-01,EPS,31.990537499731396,4.073025129940775,4.298573264751595,39.99964229303859,0.9050065079445351,"{'soh': 0.9999910573259647, 'internal_resistance_ohm': 0.045000482904397905, 'solar_health_factor': 1.0}",NOMINAL,"{'is_sunlight': False, 'orbit_fraction': 0.3310104529616725, 'solar_power_w': 0.0, 'load_power_w': 130.0, 'operating_mode': 'STANDBY', 'fault_active': False, 'active_faults': [], 'dataset': 'ASTRA_SIMULATED_EPS'}"
1910.0,ASTRA-FLAGSHIP-01,EPS,31.950900653818564,4.051924096387147,4.109264354531475,39.99964005367439,0.9047265706928678,"{'soh': 0.9999910013418597, 'internal_resistance_ohm': 0.04500048592753957, 'solar_health_factor': 1.0}",NOMINAL,"{'is_sunlight': False, 'orbit_fraction': 0.3327526132404181, 'solar_power_w': 0.0, 'load_power_w': 130.0, 'operating_mode': 'STANDBY', 'fault_active': False, 'active_faults': [], 'dataset': 'ASTRA_SIMULATED_EPS'}"
1920.0,ASTRA-FLAGSHIP-01,EPS,32.02197058879552,4.050656919709431,4.083652685349463,39.999637814196525,0.9044466192145906,"{'soh': 0.9999909453549132, 'internal_resistance_ohm': 0.04500048895083469, 'solar_health_factor': 1.0}",NOMINAL,"{'is_sunlight': False, 'orbit_fraction': 0.3344947735191638, 'solar_power_w': 0.0, 'load_power_w': 130.0, 'operating_mode': 'STANDBY', 'fault_active': False, 'active_faults': [], 'dataset': 'ASTRA_SIMULATED_EPS'}"
1930.0,ASTRA-FLAGSHIP-01,EPS,32.165541357406646,4.039985138733261,4.074744688993029,39.99963557460498,0.9041666535064921,"{'soh': 0.9999908893651245, 'internal_resistance_ohm': 0.04500049197428328, 'solar_health_factor': 1.0}",NOMINAL,"{'is_sunlight': False, 'orbit_fraction': 0.3362369337979094, 'solar_power_w': 0.0, 'load_power_w': 130.0, 'operating_mode': 'STANDBY', 'fault_active': False, 'active_faults': [], 'dataset': 'ASTRA_SIMULATED_EPS'}"
1940.0,ASTRA-FLAGSHIP-01,EPS,32.082173953176294,4.088801128438389,4.042695250723723,39.99963333489972,0.903886673565357,"{'soh': 0.9999908333724931, 'internal_resistance_ohm': 0.04500049499788538, 'solar_health_factor': 1.0}",NOMINAL,"{'is_sunlight': False, 'orbit_fraction': 0.33797909407665505, 'solar_power_w': 0.0, 'load_power_w': 130.0, 'operating_mode': 'STANDBY', 'fault_active': False, 'active_faults': [], 'dataset': 'ASTRA_SIMULATED_EPS'}"
1950.0,ASTRA-FLAGSHIP-01,EPS,32.019027461465235,4.020321727325113,3.929367897035458,39.99963109508072,0.9036066793879669,"{'soh': 0.999990777377018, 'internal_resistance_ohm': 0.04500049802164102, 'solar_health_factor': 1.0}",NOMINAL,"{'is_sunlight': False, 'orbit_fraction': 0.3397212543554007, 'solar_power_w': 0.0, 'load_power_w': 130.0, 'operating_mode': 'STANDBY', 'fault_active': False, 'active_faults': [], 'dataset': 'ASTRA_SIMULATED_EPS'}"
1960.0,ASTRA-FLAGSHIP-01,EPS,32.110447503546254,4.010544362645064,3.913861488363585,39.99962885514796,0.9033266709710996,"{'soh': 0.999990721378699, 'internal_resistance_ohm': 0.04500050104555025, 'solar_health_factor': 1.0}",NOMINAL,"{'is_sunlight': False, 'orbit_fraction': 0.34146341463414637, 'solar_power_w': 0.0, 'load_power_w': 130.0, 'operating_mode': 'STANDBY', 'fault_active': False, 'active_faults': [], 'dataset': 'ASTRA_SIMULATED_EPS'}"
1970.0,ASTRA-FLAGSHIP-01,EPS,31.89966684821958,4.044340481287703,3.865553786593374,39.99962661510141,0.9030466483115295,"{'soh': 0.9999906653775353, 'internal_resistance_ohm': 0.04500050406961309, 'solar_health_factor': 1.0}",NOMINAL,"{'is_sunlight': False, 'orbit_fraction': 0.343205574912892, 'solar_power_w': 0.0, 'load_power_w': 130.0, 'operating_mode': 'STANDBY', 'fault_active': False, 'active_faults': [], 'dataset': 'ASTRA_SIMULATED_EPS'}"
1980.0,ASTRA-FLAGSHIP-01,EPS,32.14025648546634,4.0196602999931095,3.7741284447722117,39.99962437494104,0.9027666114060272,"{'soh': 0.9999906093735261, 'internal_resistance_ohm': 0.045000507093829585, 'solar_health_factor': 1.0}",NOMINAL,"{'is_sunlight': False, 'orbit_fraction': 0.34494773519163763, 'solar_power_w': 0.0, 'load_power_w': 130.0, 'operating_mode': 'STANDBY', 'fault_active': False, 'active_faults': [], 'dataset': 'ASTRA_SIMULATED_EPS'}"
1990.0,ASTRA-FLAGSHIP-01,EPS,31.816262218091534,4.0215185612340445,3.7454022944967047,39.999622134666836,0.9024865602513601,"{'soh': 0.999990553366671, 'internal_resistance_ohm': 0.04500051011819976, 'solar_health_factor': 1.0}",NOMINAL,"{'is_sunlight': False, 'orbit_fraction': 0.34668989547038326, 'solar_power_w': 0.0, 'load_power_w': 130.0, 'operating_mode': 'STANDBY', 'fault_active': False, 'active_faults': [], 'dataset': 'ASTRA_SIMULATED_EPS'}"
2000.0,ASTRA-FLAGSHIP-01,EPS,32.09208744233414,4.009697692561524,3.709095776141543,39.999619894278766,0.9022064948442918,"{'soh': 0.9999904973569692, 'internal_resistance_ohm': 0.04500051314272366, 'solar_health_factor': 1.0}",NOMINAL,"{'is_sunlight': False, 'orbit_fraction': 0.34843205574912894, 'solar_power_w': 0.0, 'load_power_w': 130.0, 'operating_mode': 'STANDBY', 'fault_active': False, 'active_faults': [], 'dataset': 'ASTRA_SIMULATED_EPS'}"
2010.0,ASTRA-FLAGSHIP-01,EPS,32.18612110883027,4.043512905366232,3.698696178087752,39.9996176537768,0.9019264151815826,"{'soh': 0.9999904413444201, 'internal_resistance_ohm': 0.04500051616740132, 'solar_health_factor': 1.0}",NOMINAL,"{'is_sunlight': False, 'orbit_fraction': 0.3501742160278746, 'solar_power_w': 0.0, 'load_power_w': 130.0, 'operating_mode': 'STANDBY', 'fault_active': False, 'active_faults': [], 'dataset': 'ASTRA_SIMULATED_EPS'}"
2020.0,ASTRA-FLAGSHIP-01,EPS,31.8440920432117,4.001990003794961,3.4553235455775653,39.99961541316092,0.9016463212599889,"{'soh': 0.999990385329023, 'internal_resistance_ohm': 0.04500051919223277, 'solar_health_factor': 1.0}",NOMINAL,"{'is_sunlight': False, 'orbit_fraction': 0.3519163763066202, 'solar_power_w': 0.0, 'load_power_w': 130.0, 'operating_mode': 'STANDBY', 'fault_active': False, 'active_faults': [], 'dataset': 'ASTRA_SIMULATED_EPS'}"
2030.0,ASTRA-FLAGSHIP-01,EPS,32.205234435856326,4.049987647649382,3.481045325643955,39.99961317243109,0.9013662130762637,"{'soh': 0.9999903293107772, 'internal_resistance_ohm': 0.04500052221721803, 'solar_health_factor': 1.0}",NOMINAL,"{'is_sunlight': False, 'orbit_fraction': 0.35365853658536583, 'solar_power_w': 0.0, 'load_power_w': 130.0, 'operating_mode': 'STANDBY', 'fault_active': False, 'active_faults': [], 'dataset': 'ASTRA_SIMULATED_EPS'}"
2040.0,ASTRA-FLAGSHIP-01,EPS,32.0092129375851,4.00539702556959,3.545838558458999,39.99961093158729,0.9010860906271567,"{'soh': 0.9999902732896823, 'internal_resistance_ohm': 0.045000525242357155, 'solar_health_factor': 1.0}",NOMINAL,"{'is_sunlight': False, 'orbit_fraction': 0.3554006968641115, 'solar_power_w': 0.0, 'load_power_w': 130.0, 'operating_mode': 'STANDBY', 'fault_active': False, 'active_faults': [], 'dataset': 'ASTRA_SIMULATED_EPS'}"
2050.0,ASTRA-FLAGSHIP-01,EPS,32.34678758099835,-3.368721141753056,3.518834712201308,39.99960869062949,0.90132019791919,"{'soh': 0.9999902172657373, 'internal_resistance_ohm': 0.045000528267650185, 'solar_health_factor': 1.0}",NOMINAL,"{'is_sunlight': True, 'orbit_fraction': 0.35714285714285715, 'solar_power_w': 203.63962499999482, 'load_power_w': 95.0, 'operating_mode': 'STANDBY', 'fault_active': False, 'active_faults': [], 'dataset': 'ASTRA_SIMULATED_EPS'}"
2060.0,ASTRA-FLAGSHIP-01,EPS,33.28972705405136,-20.89841303404238,3.5442923735491605,39.999606817789484,0.9027731951202497,"{'soh': 0.999990170444737, 'internal_resistance_ohm': 0.045000530795984206, 'solar_health_factor': 1.0}",NOMINAL,"{'is_sunlight': True, 'orbit_fraction': 0.3588850174216028, 'solar_power_w': 769.3052499999949, 'load_power_w': 95.0, 'operating_mode': 'STANDBY', 'fault_active': False, 'active_faults': [], 'dataset': 'ASTRA_SIMULATED_EPS'}"
2070.0,ASTRA-FLAGSHIP-01,EPS,33.878279487902084,-31.023325353480693,3.8085050615109237,39.999595193926126,0.9049487401498284,"{'soh': 0.9999898798481532, 'internal_resistance_ohm': 0.04500054648819972, 'solar_health_factor': 1.0}",NOMINAL,"{'is_sunlight': True, 'orbit_fraction': 0.3606271777003484, 'solar_power_w': 1104.8905025577556, 'load_power_w': 95.0, 'operating_mode': 'STANDBY', 'fault_active': False, 'active_faults': [], 'dataset': 'ASTRA_SIMULATED_EPS'}"
2080.0,ASTRA-FLAGSHIP-01,EPS,34.131359886518496,-30.63375534717449,3.847422562893771,39.99957778974203,0.907070505819383,"{'soh': 0.9999894447435507, 'internal_resistance_ohm': 0.04500056998384826, 'solar_health_factor': 1.0}",NOMINAL,"{'is_sunlight': True, 'orbit_fraction': 0.3623693379790941, 'solar_power_w': 1080.3144472218776, 'load_power_w': 95.0, 'operating_mode': 'STANDBY', 'fault_active': False, 'active_faults': [], 'dataset': 'ASTRA_SIMULATED_EPS'}"
2090.0,ASTRA-FLAGSHIP-01,EPS,33.88783869122391,-29.8343040633826,4.106452021055407,39.99956081579584,0.9091429520220944,"{'soh': 0.9999890203948959, 'internal_resistance_ohm': 0.04500059289867561, 'solar_health_factor': 1.0}",NOMINAL,"{'is_sunlight': True, 'orbit_fraction': 0.3641114982578397, 'solar_power_w': 1057.7810373520033, 'load_power_w': 95.0, 'operating_mode': 'STANDBY', 'fault_active': False, 'active_faults': [], 'dataset': 'ASTRA_SIMULATED_EPS'}"
2100.0,ASTRA-FLAGSHIP-01,EPS,33.657259518863576,-28.960621996943082,4.198165957580411,39.999544236408255,0.9111701639561909,"{'soh': 0.9999886059102063, 'internal_resistance_ohm': 0.04500061528084886, 'solar_health_factor': 1.0}",NOMINAL,"{'is_sunlight': True, 'orbit_fraction': 0.36585365853658536, 'solar_power_w': 1037.119988649643, 'load_power_w': 95.0, 'operating_mode': 'STANDBY', 'fault_active': False, 'active_faults': [], 'dataset': 'ASTRA_SIMULATED_EPS'}"
2110.0,ASTRA-FLAGSHIP-01,EPS,33.89778276973342,-28.74378791915406,4.277122426374498,39.999528018897564,0.9131558836853312,"{'soh': 0.9999882004724392, 'internal_resistance_ohm': 0.04500063717448828, 'solar_health_factor': 1.0}",NOMINAL,"{'is_sunlight': True, 'orbit_fraction': 0.367595818815331, 'solar_power_w': 1018.1751834594144, 'load_power_w': 95.0, 'operating_mode': 'STANDBY', 'fault_active': False, 'active_faults': [], 'dataset': 'ASTRA_SIMULATED_EPS'}"
2120.0,ASTRA-FLAGSHIP-01,EPS,34.12852207227175,-28.0352468190076,4.448479392945111,39.99951213332718,0.9151035390200121,"{'soh': 0.9999878033331795, 'internal_resistance_ohm': 0.04500065862000831, 'solar_health_factor': 1.0}",NOMINAL,"{'is_sunlight': True, 'orbit_fraction': 0.3693379790940767, 'solar_power_w': 1000.8034930304763, 'load_power_w': 95.0, 'operating_mode': 'STANDBY', 'fault_active': False, 'active_faults': [], 'dataset': 'ASTRA_SIMULATED_EPS'}"
2130.0,ASTRA-FLAGSHIP-01,EPS,33.781065779314325,-27.590900217620117,4.7486383000120265,39.99949655227454,0.9170162699509543,"{'soh': 0.9999874138068635, 'internal_resistance_ohm': 0.045000679654429374, 'solar_health_factor': 1.0}",NOMINAL,"{'is_sunlight': True, 'orbit_fraction': 0.3710801393728223, 'solar_power_w': 984.8736976457665, 'load_power_w': 95.0, 'operating_mode': 'STANDBY', 'fault_active': False, 'active_faults': [], 'dataset': 'ASTRA_SIMULATED_EPS'}"
2140.0,ASTRA-FLAGSHIP-01,EPS,33.96533495464542,-27.292534868422905,4.8039920049918035,39.99948125061968,0.9188969528449265,"{'soh': 0.999987031265492, 'internal_resistance_ohm': 0.04500070031166343, 'solar_health_factor': 1.0}",NOMINAL,"{'is_sunlight': True, 'orbit_fraction': 0.37282229965156793, 'solar_power_w': 970.2654964897919, 'load_power_w': 95.0, 'operating_mode': 'STANDBY', 'fault_active': False, 'active_faults': [], 'dataset': 'ASTRA_SIMULATED_EPS'}"
2150.0,ASTRA-FLAGSHIP-01,EPS,33.96806039126774,-27.030880139898667,4.963350405589695,39.99946620535165,0.9207482225948864,"{'soh': 0.9999866551337914, 'internal_resistance_ohm': 0.04500072062277527, 'solar_health_factor': 1.0}",NOMINAL,"{'is_sunlight': True, 'orbit_fraction': 0.37456445993031356, 'solar_power_w': 956.868599800738, 'load_power_w': 95.0, 'operating_mode': 'STANDBY', 'fault_active': False, 'active_faults': [], 'dataset': 'ASTRA_SIMULATED_EPS'}"
2160.0,ASTRA-FLAGSHIP-01,EPS,33.97772291722984,-26.17420738010282,5.206843496850327,39.9994513953913,0.9225724928994601,"{'soh': 0.9999862848847824, 'internal_resistance_ohm': 0.04500074061622175, 'solar_health_factor': 1.0}",NOMINAL,"{'is_sunlight': True, 'orbit_fraction': 0.37630662020905925, 'solar_power_w': 944.5818964716526, 'load_power_w': 95.0, 'operating_mode': 'STANDBY', 'fault_active': False, 'active_faults': [], 'dataset': 'ASTRA_SIMULATED_EPS'}"
2170.0,ASTRA-FLAGSHIP-01,EPS,34.20945708853428,-25.948356870649672,5.205835756439113,39.99943680142901,0.924371974831463,"{'soh': 0.9999859200357254, 'internal_resistance_ohm': 0.04500076031807082, 'solar_health_factor': 1.0}",NOMINAL,"{'is_sunlight': True, 'orbit_fraction': 0.3780487804878049, 'solar_power_w': 933.3126908330577, 'load_power_w': 95.0, 'operating_mode': 'STANDBY', 'fault_active': False, 'active_faults': [], 'dataset': 'ASTRA_SIMULATED_EPS'}"
2180.0,ASTRA-FLAGSHIP-01,EPS,34.45519873081123,-25.576512872791376,5.406990106780085,39.99942240577625,0.9261486938412532,"{'soh': 0.9999855601444063, 'internal_resistance_ohm': 0.045000779752202055, 'solar_health_factor': 1.0}",NOMINAL,"{'is_sunlight': True, 'orbit_fraction': 0.3797909407665505, 'solar_power_w': 922.9760028698124, 'load_power_w': 95.0, 'operating_mode': 'STANDBY', 'fault_active': False, 'active_faults': [], 'dataset': 'ASTRA_SIMULATED_EPS'}"
2190.0,ASTRA-FLAGSHIP-01,EPS,34.01230789468178,-25.257279715565332,5.542535144363884,39.99940819222942,0.9279045053280442,"{'soh': 0.9999852048057355, 'internal_resistance_ohm': 0.045000798940490284, 'solar_health_factor': 1.0}",NOMINAL,"{'is_sunlight': True, 'orbit_fraction': 0.38153310104529614, 'solar_power_w': 913.4939266023247, 'load_power_w': 95.0, 'operating_mode': 'STANDBY', 'fault_active': False, 'active_faults': [], 'dataset': 'ASTRA_SIMULATED_EPS'}"
2200.0,ASTRA-FLAGSHIP-01,EPS,33.917331141738096,-25.077822698100523,5.689893328516909,39.999394145945345,0.9296411089007862,"{'soh': 0.9999848536486337, 'internal_resistance_ohm': 0.04500081790297378, 'solar_health_factor': 1.0}",NOMINAL,"{'is_sunlight': True, 'orbit_fraction': 0.3832752613240418, 'solar_power_w': 904.795041799837, 'load_power_w': 95.0, 'operating_mode': 'STANDBY', 'fault_active': False, 'active_faults': [], 'dataset': 'ASTRA_SIMULATED_EPS'}"
2210.0,ASTRA-FLAGSHIP-01,EPS,33.920793571831965,-24.84432097023783,5.836961126706112,39.99938025332719,0.9313600614397306,"{'soh': 0.9999845063331797, 'internal_resistance_ohm': 0.04500083665800829, 'solar_health_factor': 1.0}",NOMINAL,"{'is_sunlight': True, 'orbit_fraction': 0.38501742160278746, 'solar_power_w': 896.8138745948304, 'load_power_w': 95.0, 'operating_mode': 'STANDBY', 'fault_active': False, 'active_faults': [], 'dataset': 'ASTRA_SIMULATED_EPS'}"
2220.0,ASTRA-FLAGSHIP-01,EPS,33.96818870548158,-24.326988258617483,5.8375600948089055,39.99936650191994,0.9330627890602351,"{'soh': 0.9999841625479985, 'internal_resistance_ohm': 0.04500085522240808, 'solar_health_factor': 1.0}",NOMINAL,"{'is_sunlight': True, 'orbit_fraction': 0.3867595818815331, 'solar_power_w': 889.4904029355727, 'load_power_w': 95.0, 'operating_mode': 'STANDBY', 'fault_active': False, 'active_faults': [], 'dataset': 'ASTRA_SIMULATED_EPS'}"
2230.0,ASTRA-FLAGSHIP-01,EPS,34.1956650753937,-24.146401516176667,6.0033106044252555,39.99935288031472,0.9347505980716494,"{'soh': 0.9999838220078678, 'internal_resistance_ohm': 0.04500087361157514, 'solar_health_factor': 1.0}",NOMINAL,"{'is_sunlight': True, 'orbit_fraction': 0.3885017421602787, 'solar_power_w': 882.7696031512764, 'load_power_w': 95.0, 'operating_mode': 'STANDBY', 'fault_active': False, 'active_faults': [], 'dataset': 'ASTRA_SIMULATED_EPS'}"
2240.0,ASTRA-FLAGSHIP-01,EPS,33.950558462848456,-24.15308167812174,6.171929814797981,39.999339378061066,0.9364246850161757,"{'soh': 0.9999834844515266, 'internal_resistance_ohm': 0.045000891839617564, 'solar_health_factor': 1.0}",NOMINAL,"{'is_sunlight': True, 'orbit_fraction': 0.3902439024390244, 'solar_power_w': 876.6010342137502, 'load_power_w': 95.0, 'operating_mode': 'STANDBY', 'fault_active': False, 'active_faults': [], 'dataset': 'ASTRA_SIMULATED_EPS'}"
2250.0,ASTRA-FLAGSHIP-01,EPS,33.87569388064185,-24.06303655985038,6.463755115254542,39.999325985586694,0.9380861458653451,"{'soh': 0.9999831496396674, 'internal_resistance_ohm': 0.04500090991945796, 'solar_health_factor': 1.0}",NOMINAL,"{'is_sunlight': True, 'orbit_fraction': 0.39198606271777003, 'solar_power_w': 870.9384565631555, 'load_power_w': 95.0, 'operating_mode': 'STANDBY', 'fault_active': False, 'active_faults': [], 'dataset': 'ASTRA_SIMULATED_EPS'}"
2260.0,ASTRA-FLAGSHIP-01,EPS,34.16657450812289,-23.599866182123183,6.544633016184437,39.99931269412387,0.9397359844451316,"{'soh': 0.9999828173530968, 'internal_resistance_ohm': 0.04500092786293278, 'solar_health_factor': 1.0}",NOMINAL,"{'is_sunlight': True, 'orbit_fraction': 0.39372822299651566, 'solar_power_w': 865.7394826256603, 'load_power_w': 95.0, 'operating_mode': 'STANDBY', 'fault_active': False, 'active_faults': [], 'dataset': 'ASTRA_SIMULATED_EPS'}"
2270.0,ASTRA-FLAGSHIP-01,EPS,33.8154433052818,-23.66766508769887,6.664059977922263,39.99929949564202,0.9413751201546833,"{'soh': 0.9999824873910506, 'internal_resistance_ohm': 0.04500094568088327, 'solar_health_factor': 1.0}",NOMINAL,"{'is_sunlight': True, 'orbit_fraction': 0.39547038327526135, 'solar_power_w': 860.9652563893391, 'load_power_w': 95.0, 'operating_mode': 'STANDBY', 'fault_active': False, 'active_faults': [], 'dataset': 'ASTRA_SIMULATED_EPS'}"
2280.0,ASTRA-FLAGSHIP-01,EPS,33.80001077090238,-23.373935986053368,6.757313452757943,39.99928638278599,0.9430043950381268,"{'soh': 0.9999821595696498, 'internal_resistance_ohm': 0.04500096338323891, 'solar_health_factor': 1.0}",NOMINAL,"{'is_sunlight': True, 'orbit_fraction': 0.397212543554007, 'solar_power_w': 856.5801596234373, 'load_power_w': 95.0, 'operating_mode': 'STANDBY', 'fault_active': False, 'active_faults': [], 'dataset': 'ASTRA_SIMULATED_EPS'}"
2290.0,ASTRA-FLAGSHIP-01,EPS,33.9449332381449,-23.243754273718206,6.920039759014086,39.99927334881946,0.9446245802638615,"{'soh': 0.9999818337204864, 'internal_resistance_ohm': 0.045000980979093726, 'solar_health_factor': 1.0}",NOMINAL,"{'is_sunlight': True, 'orbit_fraction': 0.3989547038327526, 'solar_power_w': 852.5515425267114, 'load_power_w': 95.0, 'operating_mode': 'STANDBY', 'fault_active': False, 'active_faults': [], 'dataset': 'ASTRA_SIMULATED_EPS'}"
2300.0,ASTRA-FLAGSHIP-01,EPS,33.94858548078515,-23.06918265049285,6.971088807719628,39.999260387573116,0.9462363820611467,"{'soh': 0.9999815096893279, 'internal_resistance_ohm': 0.0450009984767763, 'solar_health_factor': 1.0}",NOMINAL,"{'is_sunlight': True, 'orbit_fraction': 0.40069686411149824, 'solar_power_w': 848.8494767744953, 'load_power_w': 95.0, 'operating_mode': 'STANDBY', 'fault_active': False, 'active_faults': [], 'dataset': 'ASTRA_SIMULATED_EPS'}"
2310.0,ASTRA-FLAGSHIP-01,EPS,34.11645263074535,-23.026639796669834,7.135856444254346,39.99924749339716,0.9478404471595744,"{'soh': 0.9999811873349289, 'internal_resistance_ohm': 0.045001015883913836, 'solar_health_factor': 1.0}",NOMINAL,"{'is_sunlight': True, 'orbit_fraction': 0.4024390243902439, 'solar_power_w': 845.4465291028072, 'load_power_w': 95.0, 'operating_mode': 'STANDBY', 'fault_active': False, 'active_faults': [], 'dataset': 'ASTRA_SIMULATED_EPS'}"
2320.0,ASTRA-FLAGSHIP-01,EPS,34.069340191029696,-23.145320556809256,7.322658635333268,39.99923466111778,0.9494373677731665,"{'soh': 0.9999808665279446, 'internal_resistance_ohm': 0.04500103320749099, 'solar_health_factor': 1.0}",NOMINAL,"{'is_sunlight': True, 'orbit_fraction': 0.40418118466898956, 'solar_power_w': 842.3175537224735, 'load_power_w': 95.0, 'operating_mode': 'STANDBY', 'fault_active': False, 'active_faults': [], 'dataset': 'ASTRA_SIMULATED_EPS'}"
2330.0,ASTRA-FLAGSHIP-01,EPS,33.98500468920604,-22.96260515931949,7.453015483565208,39.999221885997315,0.9510276861673115,"{'soh': 0.9999805471499328, 'internal_resistance_ohm': 0.04500105045390363, 'solar_health_factor': 1.0}",NOMINAL,"{'is_sunlight': True, 'orbit_fraction': 0.4059233449477352, 'solar_power_w': 839.4395019980598, 'load_power_w': 95.0, 'operating_mode': 'STANDBY', 'fault_active': False, 'active_faults': [], 'dataset': 'ASTRA_SIMULATED_EPS'}"
2340.0,ASTRA-FLAGSHIP-01,EPS,33.8996166872119,-22.97990440204094,7.445875069920889,39.99920916369765,0.9526118988435348,"{'soh': 0.9999802290924412, 'internal_resistance_ohm': 0.04500106762900817, 'solar_health_factor': 1.0}",NOMINAL,"{'is_sunlight': True, 'orbit_fraction': 0.4076655052264808, 'solar_power_w': 836.7912479564359, 'load_power_w': 95.0, 'operating_mode': 'STANDBY', 'fault_active': False, 'active_faults': [], 'dataset': 'ASTRA_SIMULATED_EPS'}"
2350.0,ASTRA-FLAGSHIP-01,EPS,34.12585609288726,-22.88275767329805,7.733668074919059,39.99919649024681,0.9541904603741461,"{'soh': 0.9999799122561702, 'internal_resistance_ohm': 0.04500108473816681, 'solar_health_factor': 1.0}",NOMINAL,"{'is_sunlight': True, 'orbit_fraction': 0.4094076655052265, 'solar_power_w': 834.3534283090505, 'load_power_w': 95.0, 'operating_mode': 'STANDBY', 'fault_active': False, 'active_faults': [], 'dataset': 'ASTRA_SIMULATED_EPS'}"
2360.0,ASTRA-FLAGSHIP-01,EPS,33.67225454622402,-22.454787837046077,7.777825004208256,39.999183862008245,0.9557637869161123,"{'soh': 0.9999795965502061, 'internal_resistance_ohm': 0.04500110178628887, 'solar_health_factor': 1.0}",NOMINAL,"{'is_sunlight': True, 'orbit_fraction': 0.41114982578397213, 'solar_power_w': 832.1082957813136, 'load_power_w': 95.0, 'operating_mode': 'STANDBY', 'fault_active': False, 'active_faults': [], 'dataset': 'ASTRA_SIMULATED_EPS'}"
2370.0,ASTRA-FLAGSHIP-01,EPS,34.01402396061241,-22.64979732000945,7.907741326389215,39.999171275652714,0.9573322594310327,"{'soh': 0.9999792818913179, 'internal_resistance_ohm': 0.045001118777868825, 'solar_health_factor': 1.0}",NOMINAL,"{'is_sunlight': True, 'orbit_fraction': 0.41289198606271776, 'solar_power_w': 830.0395846427575, 'load_power_w': 95.0, 'operating_mode': 'STANDBY', 'fault_active': False, 'active_faults': [], 'dataset': 'ASTRA_SIMULATED_EPS'}"
2380.0,ASTRA-FLAGSHIP-01,EPS,34.02840581132215,-22.390902179780415,8.013208812332843,39.999158728132564,0.9588962266358366,"{'soh': 0.9999789682033141, 'internal_resistance_ohm': 0.04500113571702104, 'solar_health_factor': 1.0}",NOMINAL,"{'is_sunlight': True, 'orbit_fraction': 0.4146341463414634, 'solar_power_w': 828.132387423562, 'load_power_w': 95.0, 'operating_mode': 'STANDBY', 'fault_active': False, 'active_faults': [], 'dataset': 'ASTRA_SIMULATED_EPS'}"
2390.0,ASTRA-FLAGSHIP-01,EPS,34.065009279828026,-22.503020385296995,8.123600788788716,39.999146216658076,0.9604560077067523,"{'soh': 0.9999786554164518, 'internal_resistance_ohm': 0.0450011526075116, 'solar_health_factor': 1.0}",NOMINAL,"{'is_sunlight': True, 'orbit_fraction': 0.4163763066202091, 'solar_power_w': 826.3730418873357, 'load_power_w': 95.0, 'operating_mode': 'STANDBY', 'fault_active': False, 'active_faults': [], 'dataset': 'ASTRA_SIMULATED_EPS'}"
2400.0,ASTRA-FLAGSHIP-01,EPS,34.09670873046059,-22.604414687458615,8.177259831094153,39.999133738675845,0.9620118947572049,"{'soh': 0.9999783434668962, 'internal_resistance_ohm': 0.04500116945278761, 'solar_health_factor': 1.0}",NOMINAL,"{'is_sunlight': True, 'orbit_fraction': 0.4181184668989547, 'solar_power_w': 824.74902740733, 'load_power_w': 95.0, 'operating_mode': 'STANDBY', 'fault_active': False, 'active_faults': [], 'dataset': 'ASTRA_SIMULATED_EPS'}"
2410.0,ASTRA-FLAGSHIP-01,EPS,34.17598738981947,-22.33210772730107,8.352991611765841,39.999121291849,0.9635641551085665,"{'soh': 0.9999780322962251, 'internal_resistance_ohm': 0.04500118625600384, 'solar_health_factor': 1.0}",NOMINAL,"{'is_sunlight': True, 'orbit_fraction': 0.41986062717770034, 'solar_power_w': 823.248869964141, 'load_power_w': 95.0, 'operating_mode': 'STANDBY', 'fault_active': False, 'active_faults': [], 'dataset': 'ASTRA_SIMULATED_EPS'}"
2420.0,ASTRA-FLAGSHIP-01,EPS,34.057952370371396,-22.262851001121625,8.452053101973146,39.99910887403899,0.9651130333710927,"{'soh': 0.9999777218509748, 'internal_resistance_ohm': 0.045001203020047356, 'solar_health_factor': 1.0}",NOMINAL,"{'is_sunlight': True, 'orbit_fraction': 0.42160278745644597, 'solar_power_w': 821.8620550479369, 'load_power_w': 95.0, 'operating_mode': 'STANDBY', 'fault_active': False, 'active_faults': [], 'dataset': 'ASTRA_SIMULATED_EPS'}"
2430.0,ASTRA-FLAGSHIP-01,EPS,33.92784453366176,-22.235090227013487,8.546327251331595,39.99909648328894,0.9666587533509298,"{'soh': 0.9999774120822235, 'internal_resistance_ohm': 0.04500121974755993, 'solar_health_factor': 1.0}",NOMINAL,"{'is_sunlight': True, 'orbit_fraction': 0.42334494773519166, 'solar_power_w': 820.578947807837, 'load_power_w': 95.0, 'operating_mode': 'STANDBY', 'fault_active': False, 'active_faults': [], 'dataset': 'ASTRA_SIMULATED_EPS'}"
2440.0,ASTRA-FLAGSHIP-01,EPS,34.135703786257636,-22.412958342289954,8.762286859424465,39.999084117808415,0.9682015197977415,"{'soh': 0.9999771029452104, 'internal_resistance_ohm': 0.04500123644095864, 'solar_health_factor': 1.0}",NOMINAL,"{'is_sunlight': True, 'orbit_fraction': 0.4250871080139373, 'solar_power_w': 819.3907198457082, 'load_power_w': 95.0, 'operating_mode': 'STANDBY', 'fault_active': False, 'active_faults': [], 'dataset': 'ASTRA_SIMULATED_EPS'}"
2450.0,ASTRA-FLAGSHIP-01,EPS,34.15263336094723,-22.14582032490487,8.874947241343373,39.99907177595944,0.9697415200062877,"{'soh': 0.999976794398986, 'internal_resistance_ohm': 0.04500125310245475, 'solar_health_factor': 1.0}",NOMINAL,"{'is_sunlight': True, 'orbit_fraction': 0.4268292682926829, 'solar_power_w': 818.289282101741, 'load_power_w': 95.0, 'operating_mode': 'STANDBY', 'fault_active': False, 'active_faults': [], 'dataset': 'ASTRA_SIMULATED_EPS'}"
2460.0,ASTRA-FLAGSHIP-01,EPS,34.36202597810841,-22.020762384267968,8.848173356195943,39.999059456243664,0.9712789252841691,"{'soh': 0.9999764864060916, 'internal_resistance_ohm': 0.04500126973407105, 'solar_health_factor': 1.0}",NOMINAL,"{'is_sunlight': True, 'orbit_fraction': 0.42857142857142855, 'solar_power_w': 817.2672233251044, 'load_power_w': 95.0, 'operating_mode': 'STANDBY', 'fault_active': False, 'active_faults': [], 'dataset': 'ASTRA_SIMULATED_EPS'}"
2470.0,ASTRA-FLAGSHIP-01,EPS,33.866450619077796,-22.175174367380272,9.055365505978681,39.99904715729064,0.9728138922969312,"{'soh': 0.999976178932266, 'internal_resistance_ohm': 0.04500128633765763, 'solar_health_factor': 1.0}",NOMINAL,"{'is_sunlight': True, 'orbit_fraction': 0.43031358885017423, 'solar_power_w': 816.3177536651024, 'load_power_w': 95.0, 'operating_mode': 'STANDBY', 'fault_active': False, 'active_faults': [], 'dataset': 'ASTRA_SIMULATED_EPS'}"
2480.0,ASTRA-FLAGSHIP-01,EPS,34.17917328257696,-22.153658684621952,9.176699970724442,39.99903487784706,0.9743465643007791,"{'soh': 0.9999758719461764, 'internal_resistance_ohm': 0.04500130291490647, 'solar_health_factor': 1.0}",NOMINAL,"{'is_sunlight': True, 'orbit_fraction': 0.43205574912891986, 'solar_power_w': 815.4346529568712, 'load_power_w': 95.0, 'operating_mode': 'STANDBY', 'fault_active': False, 'active_faults': [], 'dataset': 'ASTRA_SIMULATED_EPS'}"
2490.0,ASTRA-FLAGSHIP-01,EPS,33.96869809290185,-22.109219377782793,9.209801979407526,39.999022616766865,0.9758770722723045,"{'soh': 0.9999755654191717, 'internal_resistance_ohm': 0.04500131946736473, 'solar_health_factor': 1.0}",NOMINAL,"{'is_sunlight': True, 'orbit_fraction': 0.4337979094076655, 'solar_power_w': 814.6122233110709, 'load_power_w': 95.0, 'operating_mode': 'STANDBY', 'fault_active': False, 'active_faults': [], 'dataset': 'ASTRA_SIMULATED_EPS'}"
2500.0,ASTRA-FLAGSHIP-01,EPS,33.94671467526071,-22.164839132230615,9.34360217661476,39.99901037300227,0.9774055359438291,"{'soh': 0.9999752593250568, 'internal_resistance_ohm': 0.04500133599644693, 'solar_health_factor': 1.0}",NOMINAL,"{'is_sunlight': True, 'orbit_fraction': 0.4355400696864111, 'solar_power_w': 813.8452456494952, 'load_power_w': 95.0, 'operating_mode': 'STANDBY', 'fault_active': False, 'active_faults': [], 'dataset': 'ASTRA_SIMULATED_EPS'}"
2510.0,ASTRA-FLAGSHIP-01,EPS,34.29062039803941,-22.090557155152258,9.635776680610919,39.99899814559542,0.9789320647522592,"{'soh': 0.9999749536398856, 'internal_resistance_ohm': 0.045001352503446175, 'solar_health_factor': 1.0}",NOMINAL,"{'is_sunlight': True, 'orbit_fraction': 0.4372822299651568, 'solar_power_w': 813.1289398582946, 'load_power_w': 95.0, 'operating_mode': 'STANDBY', 'fault_active': False, 'active_faults': [], 'dataset': 'ASTRA_SIMULATED_EPS'}"
2520.0,ASTRA-FLAGSHIP-01,EPS,34.20194229630675,-21.933821762029076,9.57251483008691,39.99898593367083,0.9804567587086773,"{'soh': 0.9999746483417707, 'internal_resistance_ohm': 0.045001368989544384, 'solar_health_factor': 1.0}",NOMINAL,"{'is_sunlight': True, 'orbit_fraction': 0.43902439024390244, 'solar_power_w': 812.4589282578042, 'load_power_w': 95.0, 'operating_mode': 'STANDBY', 'fault_active': False, 'active_faults': [], 'dataset': 'ASTRA_SIMULATED_EPS'}"
2530.0,ASTRA-FLAGSHIP-01,EPS,34.24423826571108,-21.995921004854416,9.732333251378792,39.998973736428404,0.9819797091952969,"{'soh': 0.9999743434107101, 'internal_resistance_ohm': 0.045001385455821656, 'solar_health_factor': 1.0}",NOMINAL,"{'is_sunlight': True, 'orbit_fraction': 0.44076655052264807, 'solar_power_w': 811.8312021129994, 'load_power_w': 95.0, 'operating_mode': 'STANDBY', 'fault_active': False, 'active_faults': [], 'dataset': 'ASTRA_SIMULATED_EPS'}"
2540.0,ASTRA-FLAGSHIP-01,EPS,34.568693560728484,-21.917016234693673,9.89403196901821,39.9989615531371,0.9835009996958514,"{'soh': 0.9999740388284275, 'internal_resistance_ohm': 0.04500140190326491, 'solar_health_factor': 1.0}",NOMINAL,"{'is_sunlight': True, 'orbit_fraction': 0.4425087108013937, 'solar_power_w': 811.2420909315481, 'load_power_w': 95.0, 'operating_mode': 'STANDBY', 'fault_active': False, 'active_faults': [], 'dataset': 'ASTRA_SIMULATED_EPS'}"
2550.0,ASTRA-FLAGSHIP-01,EPS,34.01888229148674,-21.88720593240258,10.034989155179531,39.99894938312905,0.9850207064649797,"{'soh': 0.9999737345782264, 'internal_resistance_ohm': 0.045001418332775774, 'solar_health_factor': 1.0}",NOMINAL,"{'is_sunlight': True, 'orbit_fraction': 0.4442508710801394, 'solar_power_w': 810.688234317479, 'load_power_w': 95.0, 'operating_mode': 'STANDBY', 'fault_active': False, 'active_faults': [], 'dataset': 'ASTRA_SIMULATED_EPS'}"
2560.0,ASTRA-FLAGSHIP-01,EPS,34.03905510408435,-21.654218186191013,10.091271842530428,39.99893722579423,0.9865388991417061,"{'soh': 0.9999734306448557, 'internal_resistance_ohm': 0.045001434745177794, 'solar_health_factor': 1.0}",NOMINAL,"{'is_sunlight': True, 'orbit_fraction': 0.445993031358885, 'solar_power_w': 810.1665561677628, 'load_power_w': 95.0, 'operating_mode': 'STANDBY', 'fault_active': False, 'active_faults': [], 'dataset': 'ASTRA_SIMULATED_EPS'}"
2570.0,ASTRA-FLAGSHIP-01,EPS,34.05729584322579,-21.768277766671545,10.21350972247313,39.99892508057551,0.9880556413116854,"{'soh': 0.9999731270143878, 'internal_resistance_ohm': 0.04500145114122305, 'solar_health_factor': 1.0}",NOMINAL,"{'is_sunlight': True, 'orbit_fraction': 0.44773519163763065, 'solar_power_w': 809.6742410168129, 'load_power_w': 95.0, 'operating_mode': 'STANDBY', 'fault_active': False, 'active_faults': [], 'dataset': 'ASTRA_SIMULATED_EPS'}"
2580.0,ASTRA-FLAGSHIP-01,EPS,34.26685903617812,-21.999608937269592,10.237093222132751,39.998912946964225,0.9895709910224962,"{'soh': 0.9999728236741057, 'internal_resistance_ohm': 0.04500146752159829, 'solar_health_factor': 1.0}",NOMINAL,"{'is_sunlight': True, 'orbit_fraction': 0.44947735191637633, 'solar_power_w': 809.2087123501118, 'load_power_w': 95.0, 'operating_mode': 'STANDBY', 'fault_active': False, 'active_faults': [], 'dataset': 'ASTRA_SIMULATED_EPS'}"
2590.0,ASTRA-FLAGSHIP-01,EPS,34.12572240537616,-21.809634100652634,10.41262920579344,39.99890082449599,0.9910850012559029,"{'soh': 0.9999725206123998, 'internal_resistance_ohm': 0.04500148388693041, 'solar_health_factor': 1.0}",NOMINAL,"{'is_sunlight': True, 'orbit_fraction': 0.45121951219512196, 'solar_power_w': 808.7676127230592, 'load_power_w': 95.0, 'operating_mode': 'STANDBY', 'fault_active': False, 'active_faults': [], 'dataset': 'ASTRA_SIMULATED_EPS'}"
2600.0,ASTRA-FLAGSHIP-01,EPS,34.20577657406503,-21.93466267286144,10.508335031139827,39.99888871274696,0.9925977203606826,"{'soh': 0.999972217818674, 'internal_resistance_ohm': 0.045001500237791606, 'solar_health_factor': 1.0}",NOMINAL,"{'is_sunlight': True, 'orbit_fraction': 0.4529616724738676, 'solar_power_w': 808.3487855347521, 'load_power_w': 95.0, 'operating_mode': 'STANDBY', 'fault_active': False, 'active_faults': [], 'dataset': 'ASTRA_SIMULATED_EPS'}"
2610.0,ASTRA-FLAGSHIP-01,EPS,34.28721443828687,-21.700869815611576,10.650683819929691,39.99887661133033,0.994109192449312,"{'soh': 0.9999719152832584, 'internal_resistance_ohm': 0.04500151657470405, 'solar_health_factor': 1.0}",NOMINAL,"{'is_sunlight': True, 'orbit_fraction': 0.4547038327526132, 'solar_power_w': 807.9502583189337, 'load_power_w': 95.0, 'operating_mode': 'STANDBY', 'fault_active': False, 'active_faults': [], 'dataset': 'ASTRA_SIMULATED_EPS'}"
2620.0,ASTRA-FLAGSHIP-01,EPS,34.332900059468145,-21.69497782782017,10.700051892536269,39.99886451989322,0.9956194577615314,"{'soh': 0.9999716129973305, 'internal_resistance_ohm': 0.04500153289814416, 'solar_health_factor': 1.0}",NOMINAL,"{'is_sunlight': True, 'orbit_fraction': 0.4564459930313589, 'solar_power_w': 807.5702274257826, 'load_power_w': 95.0, 'operating_mode': 'STANDBY', 'fault_active': False, 'active_faults': [], 'dataset': 'ASTRA_SIMULATED_EPS'}"
2630.0,ASTRA-FLAGSHIP-01,EPS,33.91385043928922,-21.681521099829144,10.82046093849825,39.998852438113694,0.9971285529975551,"{'soh': 0.9999713109528424, 'internal_resistance_ohm': 0.04500154920854651, 'solar_health_factor': 1.0}",NOMINAL,"{'is_sunlight': True, 'orbit_fraction': 0.45818815331010454, 'solar_power_w': 807.207043978746, 'load_power_w': 95.0, 'operating_mode': 'STANDBY', 'fault_active': False, 'active_faults': [], 'dataset': 'ASTRA_SIMULATED_EPS'}"
2640.0,ASTRA-FLAGSHIP-01,EPS,34.25185247631823,-21.85897486221843,10.862145941864796,39.998840365698165,0.998636511623461,"{'soh': 0.9999710091424541, 'internal_resistance_ohm': 0.045001565506307475, 'solar_health_factor': 1.0}",NOMINAL,"{'is_sunlight': True, 'orbit_fraction': 0.45993031358885017, 'solar_power_w': 806.8592010002443, 'load_power_w': 95.0, 'operating_mode': 'STANDBY', 'fault_active': False, 'active_faults': [], 'dataset': 'ASTRA_SIMULATED_EPS'}"
2650.0,ASTRA-FLAGSHIP-01,EPS,34.391729467805355,-21.702529913067902,11.056006371258006,39.9988283023789,1.0,"{'soh': 0.9999707075594724, 'internal_resistance_ohm': 0.04500158179178849, 'solar_health_factor': 1.0}",NOMINAL,"{'is_sunlight': True, 'orbit_fraction': 0.4616724738675958, 'solar_power_w': 806.5253216089089, 'load_power_w': 95.0, 'operating_mode': 'STANDBY', 'fault_active': False, 'active_faults': [], 'dataset': 'ASTRA_SIMULATED_EPS'}"
2660.0,ASTRA-FLAGSHIP-01,EPS,33.160847161801726,-21.68005922493176,11.120259847346258,39.99881624791178,1.0,"{'soh': 0.9999704061977946, 'internal_resistance_ohm': 0.04500159806531908, 'solar_health_factor': 1.0}",NOMINAL,"{'is_sunlight': True, 'orbit_fraction': 0.4634146341463415, 'solar_power_w': 806.2041481991195, 'load_power_w': 95.0, 'operating_mode': 'STANDBY', 'fault_active': False, 'active_faults': [], 'dataset': 'ASTRA_SIMULATED_EPS'}"
2670.0,ASTRA-FLAGSHIP-01,EPS,33.00610516814876,-21.663097204127588,11.096847608303616,39.99881624791178,1.0,"{'soh': 0.9999704061977946, 'internal_resistance_ohm': 0.04500159806531908, 'solar_health_factor': 1.0}",NOMINAL,"{'is_sunlight': True, 'orbit_fraction': 0.4651567944250871, 'solar_power_w': 805.8945325210307, 'load_power_w': 95.0, 'operating_mode': 'STANDBY', 'fault_active': False, 'active_faults': [], 'dataset': 'ASTRA_SIMULATED_EPS'}"
2680.0,ASTRA-FLAGSHIP-01,EPS,32.96677065870433,-21.69991190832184,11.174434771467393,39.99881624791178,1.0,"{'soh': 0.9999704061977946, 'internal_resistance_ohm': 0.04500159806531908, 'solar_health_factor': 1.0}",NOMINAL,"{'is_sunlight': True, 'orbit_fraction': 0.46689895470383275, 'solar_power_w': 805.5954265860842, 'load_power_w': 95.0, 'operating_mode': 'STANDBY', 'fault_active': False, 'active_faults': [], 'dataset': 'ASTRA_SIMULATED_EPS'}"
2690.0,ASTRA-FLAGSHIP-01,EPS,32.916218727440864,-21.513794852382265,11.159754236344808,39.99881624791178,1.0,"{'soh': 0.9999704061977946, 'internal_resistance_ohm': 0.04500159806531908, 'solar_health_factor': 1.0}",NOMINAL,"{'is_sunlight': True, 'orbit_fraction': 0.4686411149825784, 'solar_power_w': 805.3058743292497, 'load_power_w': 95.0, 'operating_mode': 'STANDBY', 'fault_active': False, 'active_faults': [], 'dataset': 'ASTRA_SIMULATED_EPS'}"
2700.0,ASTRA-FLAGSHIP-01,EPS,32.9289162771026,-21.697277941802056,11.31647624667492,39.99881624791178,1.0,"{'soh': 0.9999704061977946, 'internal_resistance_ohm': 0.04500159806531908, 'solar_health_factor': 1.0}",NOMINAL,"{'is_sunlight': True, 'orbit_fraction': 0.47038327526132406, 'solar_power_w': 805.0250039649572, 'load_power_w': 95.0, 'operating_mode': 'STANDBY', 'fault_active': False, 'active_faults': [], 'dataset': 'ASTRA_SIMULATED_EPS'}"
2710.0,ASTRA-FLAGSHIP-01,EPS,32.96302047722079,-21.522360659282747,11.208445230163004,39.99881624791178,1.0,"{'soh': 0.9999704061977946, 'internal_resistance_ohm': 0.04500159806531908, 'solar_health_factor': 1.0}",NOMINAL,"{'is_sunlight': True, 'orbit_fraction': 0.4721254355400697, 'solar_power_w': 804.7520209789335, 'load_power_w': 95.0, 'operating_mode': 'STANDBY', 'fault_active': False, 'active_faults': [], 'dataset': 'ASTRA_SIMULATED_EPS'}"
2720.0,ASTRA-FLAGSHIP-01,EPS,32.95080750426043,-21.530390319622157,11.324699556808048,39.99881624791178,1.0,"{'soh': 0.9999704061977946, 'internal_resistance_ohm': 0.04500159806531908, 'solar_health_factor': 1.0}",NOMINAL,"{'is_sunlight': True, 'orbit_fraction': 0.4738675958188153, 'solar_power_w': 804.4862017029596, 'load_power_w': 95.0, 'operating_mode': 'STANDBY', 'fault_active': False, 'active_faults': [], 'dataset': 'ASTRA_SIMULATED_EPS'}"
2730.0,ASTRA-FLAGSHIP-01,EPS,33.06259652343736,-21.681664155497547,11.428390990510852,39.99881624791178,1.0,"{'soh': 0.9999704061977946, 'internal_resistance_ohm': 0.04500159806531908, 'solar_health_factor': 1.0}",NOMINAL,"{'is_sunlight': True, 'orbit_fraction': 0.47560975609756095, 'solar_power_w': 804.2268874239898, 'load_power_w': 95.0, 'operating_mode': 'STANDBY', 'fault_active': False, 'active_faults': [], 'dataset': 'ASTRA_SIMULATED_EPS'}"
2740.0,ASTRA-FLAGSHIP-01,EPS,33.24928677519687,-21.65645342062843,11.372603718778699,39.99881624791178,1.0,"{'soh': 0.9999704061977946, 'internal_resistance_ohm': 0.04500159806531908, 'solar_health_factor': 1.0}",NOMINAL,"{'is_sunlight': True, 'orbit_fraction': 0.47735191637630664, 'solar_power_w': 803.9734789830987, 'load_power_w': 95.0, 'operating_mode': 'STANDBY', 'fault_active': False, 'active_faults': [], 'dataset': 'ASTRA_SIMULATED_EPS'}"
2750.0,ASTRA-FLAGSHIP-01,EPS,33.09717020222763,-21.429308387240415,11.405402509549585,39.99881624791178,1.0,"{'soh': 0.9999704061977946, 'internal_resistance_ohm': 0.04500159806531908, 'solar_health_factor': 1.0}",NOMINAL,"{'is_sunlight': True, 'orbit_fraction': 0.47909407665505227, 'solar_power_w': 803.7254318234475, 'load_power_w': 95.0, 'operating_mode': 'STANDBY', 'fault_active': False, 'active_faults': [], 'dataset': 'ASTRA_SIMULATED_EPS'}"
2760.0,ASTRA-FLAGSHIP-01,EPS,32.77869109720969,-21.632290259717767,11.400764504102654,39.99881624791178,1.0,"{'soh': 0.9999704061977946, 'internal_resistance_ohm': 0.04500159806531908, 'solar_health_factor': 1.0}",NOMINAL,"{'is_sunlight': True, 'orbit_fraction': 0.4808362369337979, 'solar_power_w': 803.4822514498451, 'load_power_w': 95.0, 'operating_mode': 'STANDBY', 'fault_active': False, 'active_faults': [], 'dataset': 'ASTRA_SIMULATED_EPS'}"
2770.0,ASTRA-FLAGSHIP-01,EPS,32.688112815586756,-21.706602112774355,11.46585611441023,39.99881624791178,1.0,"{'soh': 0.9999704061977946, 'internal_resistance_ohm': 0.04500159806531908, 'solar_health_factor': 1.0}",NOMINAL,"{'is_sunlight': True, 'orbit_fraction': 0.48257839721254353, 'solar_power_w': 803.2434892656069, 'load_power_w': 95.0, 'operating_mode': 'STANDBY', 'fault_active': False, 'active_faults': [], 'dataset': 'ASTRA_SIMULATED_EPS'}"
2780.0,ASTRA-FLAGSHIP-01,EPS,32.82609184578733,-21.559561468563977,11.61787605892785,39.99881624791178,1.0,"{'soh': 0.9999704061977946, 'internal_resistance_ohm': 0.04500159806531908, 'solar_health_factor': 1.0}",NOMINAL,"{'is_sunlight': True, 'orbit_fraction': 0.4843205574912892, 'solar_power_w': 803.0087387552609, 'load_power_w': 95.0, 'operating_mode': 'STANDBY', 'fault_active': False, 'active_faults': [], 'dataset': 'ASTRA_SIMULATED_EPS'}"
2790.0,ASTRA-FLAGSHIP-01,EPS,32.662060055246556,-21.46784038338162,11.565621990619803,39.99881624791178,1.0,"{'soh': 0.9999704061977946, 'internal_resistance_ohm': 0.04500159806531908, 'solar_health_factor': 1.0}",NOMINAL,"{'is_sunlight': True, 'orbit_fraction': 0.48606271777003485, 'solar_power_w': 802.7776319842793, 'load_power_w': 95.0, 'operating_mode': 'STANDBY', 'fault_active': False, 'active_faults': [], 'dataset': 'ASTRA_SIMULATED_EPS'}"
2800.0,ASTRA-FLAGSHIP-01,EPS,32.812999411186716,-21.495859984139706,11.55603409376845,39.99881624791178,1.0,"{'soh': 0.9999704061977946, 'internal_resistance_ohm': 0.04500159806531908, 'solar_health_factor': 1.0}",NOMINAL,"{'is_sunlight': True, 'orbit_fraction': 0.4878048780487805, 'solar_power_w': 802.5498363894055, 'load_power_w': 95.0, 'operating_mode': 'STANDBY', 'fault_active': False, 'active_faults': [], 'dataset': 'ASTRA_SIMULATED_EPS'}"
2810.0,ASTRA-FLAGSHIP-01,EPS,32.879932521583775,-21.546386762867982,11.672528685771624,39.99881624791178,1.0,"{'soh': 0.9999704061977946, 'internal_resistance_ohm': 0.04500159806531908, 'solar_health_factor': 1.0}",NOMINAL,"{'is_sunlight': True, 'orbit_fraction': 0.4895470383275261, 'solar_power_w': 802.3250518353582, 'load_power_w': 95.0, 'operating_mode': 'STANDBY', 'fault_active': False, 'active_faults': [], 'dataset': 'ASTRA_SIMULATED_EPS'}"
2820.0,ASTRA-FLAGSHIP-01,EPS,32.86140888800214,-21.28145894351643,11.651648200572488,39.99881624791178,1.0,"{'soh': 0.9999704061977946, 'internal_resistance_ohm': 0.04500159806531908, 'solar_health_factor': 1.0}",NOMINAL,"{'is_sunlight': True, 'orbit_fraction': 0.4912891986062718, 'solar_power_w': 802.1030079156982, 'load_power_w': 95.0, 'operating_mode': 'STANDBY', 'fault_active': False, 'active_faults': [], 'dataset': 'ASTRA_SIMULATED_EPS'}"
2830.0,ASTRA-FLAGSHIP-01,EPS,32.72421561617473,-21.621967917045094,11.691287664818894,39.99881624791178,1.0,"{'soh': 0.9999704061977946, 'internal_resistance_ohm': 0.04500159806531908, 'solar_health_factor': 1.0}",NOMINAL,"{'is_sunlight': True, 'orbit_fraction': 0.4930313588850174, 'solar_power_w': 801.8834614775114, 'load_power_w': 95.0, 'operating_mode': 'STANDBY', 'fault_active': False, 'active_faults': [], 'dataset': 'ASTRA_SIMULATED_EPS'}"
2840.0,ASTRA-FLAGSHIP-01,EPS,32.704610432755935,-21.41104704045155,11.825513125449296,39.99881624791178,1.0,"{'soh': 0.9999704061977946, 'internal_resistance_ohm': 0.04500159806531908, 'solar_health_factor': 1.0}",NOMINAL,"{'is_sunlight': True, 'orbit_fraction': 0.49477351916376305, 'solar_power_w': 801.6661943512389, 'load_power_w': 95.0, 'operating_mode': 'STANDBY', 'fault_active': False, 'active_faults': [], 'dataset': 'ASTRA_SIMULATED_EPS'}"
2850.0,ASTRA-FLAGSHIP-01,EPS,32.71378076872386,-21.632319134688938,11.813387132552798,39.99881624791178,1.0,"{'soh': 0.9999704061977946, 'internal_resistance_ohm': 0.04500159806531908, 'solar_health_factor': 1.0}",NOMINAL,"{'is_sunlight': True, 'orbit_fraction': 0.4965156794425087, 'solar_power_w': 801.4510112685548, 'load_power_w': 95.0, 'operating_mode': 'STANDBY', 'fault_active': False, 'active_faults': [], 'dataset': 'ASTRA_SIMULATED_EPS'}"
2860.0,ASTRA-FLAGSHIP-01,EPS,32.71537667998513,-21.460710325756676,11.835194405427483,39.99881624791178,1.0,"{'soh': 0.9999704061977946, 'internal_resistance_ohm': 0.04500159806531908, 'solar_health_factor': 1.0}",NOMINAL,"{'is_sunlight': True, 'orbit_fraction': 0.49825783972125437, 'solar_power_w': 801.2377379526105, 'load_power_w': 95.0, 'operating_mode': 'STANDBY', 'fault_active': False, 'active_faults': [], 'dataset': 'ASTRA_SIMULATED_EPS'}"
2870.0,ASTRA-FLAGSHIP-01,EPS,32.55615513760324,-21.351275460531077,11.94997852219965,39.99881624791178,1.0,"{'soh': 0.9999704061977946, 'internal_resistance_ohm': 0.04500159806531908, 'solar_health_factor': 1.0}",NOMINAL,"{'is_sunlight': True, 'orbit_fraction': 0.5, 'solar_power_w': 801.0262193662711, 'load_power_w': 95.0, 'operating_mode': 'STANDBY', 'fault_active': False, 'active_faults': [], 'dataset': 'ASTRA_SIMULATED_EPS'}"
2880.0,ASTRA-FLAGSHIP-01,EPS,32.70329467621291,-21.56282166775071,11.909519546997595,39.99881624791178,1.0,"{'soh': 0.9999704061977946, 'internal_resistance_ohm': 0.04500159806531908, 'solar_health_factor': 1.0}",NOMINAL,"{'is_sunlight': True, 'orbit_fraction': 0.5017421602787456, 'solar_power_w': 800.8163181051706, 'load_power_w': 95.0, 'operating_mode': 'STANDBY', 'fault_active': False, 'active_faults': [], 'dataset': 'ASTRA_SIMULATED_EPS'}"
2890.0,ASTRA-FLAGSHIP-01,EPS,32.85786572164786,-21.43868573255731,12.03068399630345,39.99881624791178,1.0,"{'soh': 0.9999704061977946, 'internal_resistance_ohm': 0.04500159806531908, 'solar_health_factor': 1.0}",NOMINAL,"{'is_sunlight': True, 'orbit_fraction': 0.5034843205574913, 'solar_power_w': 800.6079129235075, 'load_power_w': 95.0, 'operating_mode': 'STANDBY', 'fault_active': False, 'active_faults': [], 'dataset': 'ASTRA_SIMULATED_EPS'}"
2900.0,ASTRA-FLAGSHIP-01,EPS,32.77333835079036,-21.596336991426416,11.896061635561264,39.99881624791178,1.0,"{'soh': 0.9999704061977946, 'internal_resistance_ohm': 0.04500159806531908, 'solar_health_factor': 1.0}",NOMINAL,"{'is_sunlight': True, 'orbit_fraction': 0.5052264808362369, 'solar_power_w': 800.4008973815126, 'load_power_w': 95.0, 'operating_mode': 'STANDBY', 'fault_active': False, 'active_faults': [], 'dataset': 'ASTRA_SIMULATED_EPS'}"
2910.0,ASTRA-FLAGSHIP-01,EPS,32.68194841041079,-21.503957394952742,12.089516058476965,39.99881624791178,1.0,"{'soh': 0.9999704061977946, 'internal_resistance_ohm': 0.04500159806531908, 'solar_health_factor': 1.0}",NOMINAL,"{'is_sunlight': True, 'orbit_fraction': 0.5069686411149826, 'solar_power_w': 800.1951786044401, 'load_power_w': 95.0, 'operating_mode': 'STANDBY', 'fault_active': False, 'active_faults': [], 'dataset': 'ASTRA_SIMULATED_EPS'}"
2920.0,ASTRA-FLAGSHIP-01,EPS,32.716500058863474,-21.46882620567109,12.033634682355844,39.99881624791178,1.0,"{'soh': 0.9999704061977946, 'internal_resistance_ohm': 0.04500159806531908, 'solar_health_factor': 1.0}",NOMINAL,"{'is_sunlight': True, 'orbit_fraction': 0.5087108013937283, 'solar_power_w': 799.9906761437821, 'load_power_w': 95.0, 'operating_mode': 'STANDBY', 'fault_active': False, 'active_faults': [], 'dataset': 'ASTRA_SIMULATED_EPS'}"
2930.0,ASTRA-FLAGSHIP-01,EPS,32.99593783954987,-21.203669968504354,12.04248746141256,39.99881624791178,1.0,"{'soh': 0.9999704061977946, 'internal_resistance_ohm': 0.04500159806531908, 'solar_health_factor': 1.0}",NOMINAL,"{'is_sunlight': True, 'orbit_fraction': 0.5104529616724739, 'solar_power_w': 799.7873209321797, 'load_power_w': 95.0, 'operating_mode': 'STANDBY', 'fault_active': False, 'active_faults': [], 'dataset': 'ASTRA_SIMULATED_EPS'}"
2940.0,ASTRA-FLAGSHIP-01,EPS,32.72047324468182,-21.36425670891431,12.137608252152297,39.99881624791178,1.0,"{'soh': 0.9999704061977946, 'internal_resistance_ohm': 0.04500159806531908, 'solar_health_factor': 1.0}",NOMINAL,"{'is_sunlight': True, 'orbit_fraction': 0.5121951219512195, 'solar_power_w': 799.5850543242193, 'load_power_w': 95.0, 'operating_mode': 'STANDBY', 'fault_active': False, 'active_faults': [], 'dataset': 'ASTRA_SIMULATED_EPS'}"
2950.0,ASTRA-FLAGSHIP-01,EPS,33.10336866876481,-21.409873443502136,12.119939832928138,39.99881624791178,1.0,"{'soh': 0.9999704061977946, 'internal_resistance_ohm': 0.04500159806531908, 'solar_health_factor': 1.0}",NOMINAL,"{'is_sunlight': True, 'orbit_fraction': 0.5139372822299652, 'solar_power_w': 799.3838272159464, 'load_power_w': 95.0, 'operating_mode': 'STANDBY', 'fault_active': False, 'active_faults': [], 'dataset': 'ASTRA_SIMULATED_EPS'}"
2960.0,ASTRA-FLAGSHIP-01,EPS,32.897176542538666,-21.34482973504285,12.213227554903357,39.99881624791178,1.0,"{'soh': 0.9999704061977946, 'internal_resistance_ohm': 0.04500159806531908, 'solar_health_factor': 1.0}",NOMINAL,"{'is_sunlight': True, 'orbit_fraction': 0.5156794425087108, 'solar_power_w': 799.1835992365383, 'load_power_w': 95.0, 'operating_mode': 'STANDBY', 'fault_active': False, 'active_faults': [], 'dataset': 'ASTRA_SIMULATED_EPS'}"
2970.0,ASTRA-FLAGSHIP-01,EPS,32.88334127054736,-21.34350880940293,12.264875741078187,39.99881624791178,1.0,"{'soh': 0.9999704061977946, 'internal_resistance_ohm': 0.04500159806531908, 'solar_health_factor': 1.0}",NOMINAL,"{'is_sunlight': True, 'orbit_fraction': 0.5174216027874564, 'solar_power_w': 798.9843380061097, 'load_power_w': 95.0, 'operating_mode': 'STANDBY', 'fault_active': False, 'active_faults': [], 'dataset': 'ASTRA_SIMULATED_EPS'}"
2980.0,ASTRA-FLAGSHIP-01,EPS,33.026690913359474,-21.384426360375418,12.232171334011774,39.99881624791178,1.0,"{'soh': 0.9999704061977946, 'internal_resistance_ohm': 0.04500159806531908, 'solar_health_factor': 1.0}",NOMINAL,"{'is_sunlight': True, 'orbit_fraction': 0.519163763066202, 'solar_power_w': 798.7860184541473, 'load_power_w': 95.0, 'operating_mode': 'STANDBY', 'fault_active': False, 'active_faults': [], 'dataset': 'ASTRA_SIMULATED_EPS'}"
2990.0,ASTRA-FLAGSHIP-01,EPS,32.82397025849369,-21.315811165618147,12.23370574134337,39.99881624791178,1.0,"{'soh': 0.9999704061977946, 'internal_resistance_ohm': 0.04500159806531908, 'solar_health_factor': 1.0}",NOMINAL,"{'is_sunlight': True, 'orbit_fraction': 0.5209059233449478, 'solar_power_w': 798.5886221935043, 'load_power_w': 95.0, 'operating_mode': 'STANDBY', 'fault_active': False, 'active_faults': [], 'dataset': 'ASTRA_SIMULATED_EPS'}"
3000.0,ASTRA-FLAGSHIP-01,EPS,32.860283407021576,-21.489401781906025,12.309924310179703,39.99881624791178,1.0,"{'soh': 0.9999704061977946, 'internal_resistance_ohm': 0.04500159806531908, 'solar_health_factor': 1.0}",NOMINAL,"{'is_sunlight': True, 'orbit_fraction': 0.5226480836236934, 'solar_power_w': 798.3921369453363, 'load_power_w': 95.0, 'operating_mode': 'STANDBY', 'fault_active': False, 'active_faults': [], 'dataset': 'ASTRA_SIMULATED_EPS'}"
3010.0,ASTRA-FLAGSHIP-01,EPS,33.00941379557576,-21.41785524392114,12.344652942680725,39.99881624791178,1.0,"{'soh': 0.9999704061977946, 'internal_resistance_ohm': 0.04500159806531908, 'solar_health_factor': 1.0}",NOMINAL,"{'is_sunlight': True, 'orbit_fraction': 0.524390243902439, 'solar_power_w': 798.1965560107192, 'load_power_w': 95.0, 'operating_mode': 'STANDBY', 'fault_active': False, 'active_faults': [], 'dataset': 'ASTRA_SIMULATED_EPS'}"
3020.0,ASTRA-FLAGSHIP-01,EPS,32.57667602527456,-21.349655594340422,12.40835911590378,39.99881624791178,1.0,"{'soh': 0.9999704061977946, 'internal_resistance_ohm': 0.04500159806531908, 'solar_health_factor': 1.0}",NOMINAL,"{'is_sunlight': True, 'orbit_fraction': 0.5261324041811847, 'solar_power_w': 798.0018777850657, 'load_power_w': 95.0, 'operating_mode': 'STANDBY', 'fault_active': False, 'active_faults': [], 'dataset': 'ASTRA_SIMULATED_EPS'}"
3030.0,ASTRA-FLAGSHIP-01,EPS,33.1544119526162,-21.4619660784681,12.420706202094594,39.99881624791178,1.0,"{'soh': 0.9999704061977946, 'internal_resistance_ohm': 0.04500159806531908, 'solar_health_factor': 1.0}",NOMINAL,"{'is_sunlight': True, 'orbit_fraction': 0.5278745644599303, 'solar_power_w': 797.808105311771, 'load_power_w': 95.0, 'operating_mode': 'STANDBY', 'fault_active': False, 'active_faults': [], 'dataset': 'ASTRA_SIMULATED_EPS'}"
3040.0,ASTRA-FLAGSHIP-01,EPS,32.84050095219691,-21.244727788243356,12.438557916138073,39.99881624791178,1.0,"{'soh': 0.9999704061977946, 'internal_resistance_ohm': 0.04500159806531908, 'solar_health_factor': 1.0}",NOMINAL,"{'is_sunlight': True, 'orbit_fraction': 0.5296167247386759, 'solar_power_w': 797.6152458718152, 'load_power_w': 95.0, 'operating_mode': 'STANDBY', 'fault_active': False, 'active_faults': [], 'dataset': 'ASTRA_SIMULATED_EPS'}"
3050.0,ASTRA-FLAGSHIP-01,EPS,32.84532909309904,-21.34758872502069,12.486137624108325,39.99881624791178,1.0,"{'soh': 0.9999704061977946, 'internal_resistance_ohm': 0.04500159806531908, 'solar_health_factor': 1.0}",NOMINAL,"{'is_sunlight': True, 'orbit_fraction': 0.5313588850174216, 'solar_power_w': 797.4233106063341, 'load_power_w': 95.0, 'operating_mode': 'STANDBY', 'fault_active': False, 'active_faults': [], 'dataset': 'ASTRA_SIMULATED_EPS'}"
3060.0,ASTRA-FLAGSHIP-01,EPS,32.72632957330084,-21.38815006872235,12.56388393792015,39.99881624791178,1.0,"{'soh': 0.9999704061977946, 'internal_resistance_ohm': 0.04500159806531908, 'solar_health_factor': 1.0}",NOMINAL,"{'is_sunlight': True, 'orbit_fraction': 0.5331010452961672, 'solar_power_w': 797.232314169402, 'load_power_w': 95.0, 'operating_mode': 'STANDBY', 'fault_active': False, 'active_faults': [], 'dataset': 'ASTRA_SIMULATED_EPS'}"
3070.0,ASTRA-FLAGSHIP-01,EPS,32.6311759195466,-21.389208424423753,12.508502437812334,39.99881624791178,1.0,"{'soh': 0.9999704061977946, 'internal_resistance_ohm': 0.04500159806531908, 'solar_health_factor': 1.0}",NOMINAL,"{'is_sunlight': True, 'orbit_fraction': 0.5348432055749129, 'solar_power_w': 797.042274408522, 'load_power_w': 95.0, 'operating_mode': 'STANDBY', 'fault_active': False, 'active_faults': [], 'dataset': 'ASTRA_SIMULATED_EPS'}"
3080.0,ASTRA-FLAGSHIP-01,EPS,32.995488899689626,-21.56892384693649,12.548779697634522,39.99881624791178,1.0,"{'soh': 0.9999704061977946, 'internal_resistance_ohm': 0.04500159806531908, 'solar_health_factor': 1.0}",NOMINAL,"{'is_sunlight': True, 'orbit_fraction': 0.5365853658536586, 'solar_power_w': 796.8532120705081, 'load_power_w': 95.0, 'operating_mode': 'STANDBY', 'fault_active': False, 'active_faults': [], 'dataset': 'ASTRA_SIMULATED_EPS'}"
3090.0,ASTRA-FLAGSHIP-01,EPS,32.86135145918232,-21.217325062312078,12.60656700865038,39.99881624791178,1.0,"{'soh': 0.9999704061977946, 'internal_resistance_ohm': 0.04500159806531908, 'solar_health_factor': 1.0}",NOMINAL,"{'is_sunlight': True, 'orbit_fraction': 0.5383275261324042, 'solar_power_w': 796.6651505306519, 'load_power_w': 95.0, 'operating_mode': 'STANDBY', 'fault_active': False, 'active_faults': [], 'dataset': 'ASTRA_SIMULATED_EPS'}"
3100.0,ASTRA-FLAGSHIP-01,EPS,32.708426496509844,-21.176337080039794,12.570494214946596,39.99881624791178,1.0,"{'soh': 0.9999704061977946, 'internal_resistance_ohm': 0.04500159806531908, 'solar_health_factor': 1.0}",NOMINAL,"{'is_sunlight': True, 'orbit_fraction': 0.5400696864111498, 'solar_power_w': 796.4781155432327, 'load_power_w': 95.0, 'operating_mode': 'STANDBY', 'fault_active': False, 'active_faults': [], 'dataset': 'ASTRA_SIMULATED_EPS'}"
3110.0,ASTRA-FLAGSHIP-01,EPS,32.438869693880164,-21.331992920907265,12.650744479205208,39.99881624791178,1.0,"{'soh': 0.9999704061977946, 'internal_resistance_ohm': 0.04500159806531908, 'solar_health_factor': 1.0}",NOMINAL,"{'is_sunlight': True, 'orbit_fraction': 0.5418118466898955, 'solar_power_w': 796.2921350116026, 'load_power_w': 95.0, 'operating_mode': 'STANDBY', 'fault_active': False, 'active_faults': [], 'dataset': 'ASTRA_SIMULATED_EPS'}"
3120.0,ASTRA-FLAGSHIP-01,EPS,32.63198061712999,-21.296346583069887,12.720901633747955,39.99881624791178,1.0,"{'soh': 0.9999704061977946, 'internal_resistance_ohm': 0.04500159806531908, 'solar_health_factor': 1.0}",NOMINAL,"{'is_sunlight': True, 'orbit_fraction': 0.5435540069686411, 'solar_power_w': 796.1072387762135, 'load_power_w': 95.0, 'operating_mode': 'STANDBY', 'fault_active': False, 'active_faults': [], 'dataset': 'ASTRA_SIMULATED_EPS'}"
3130.0,ASTRA-FLAGSHIP-01,EPS,32.70694615430286,-21.513194915330914,12.785111233642004,39.99881624791178,1.0,"{'soh': 0.9999704061977946, 'internal_resistance_ohm': 0.04500159806531908, 'solar_health_factor': 1.0}",NOMINAL,"{'is_sunlight': True, 'orbit_fraction': 0.5452961672473867, 'solar_power_w': 795.9234584191017, 'load_power_w': 95.0, 'operating_mode': 'STANDBY', 'fault_active': False, 'active_faults': [], 'dataset': 'ASTRA_SIMULATED_EPS'}"
3140.0,ASTRA-FLAGSHIP-01,EPS,32.90607935830842,-21.375514843126126,12.8665095814493,39.99881624791178,1.0,"{'soh': 0.9999704061977946, 'internal_resistance_ohm': 0.04500159806531908, 'solar_health_factor': 1.0}",NOMINAL,"{'is_sunlight': True, 'orbit_fraction': 0.5470383275261324, 'solar_power_w': 795.7408270834611, 'load_power_w': 95.0, 'operating_mode': 'STANDBY', 'fault_active': False, 'active_faults': [], 'dataset': 'ASTRA_SIMULATED_EPS'}"
3150.0,ASTRA-FLAGSHIP-01,EPS,32.62395285389369,-21.52943801423307,12.77218452091194,39.99881624791178,1.0,"{'soh': 0.9999704061977946, 'internal_resistance_ohm': 0.04500159806531908, 'solar_health_factor': 1.0}",NOMINAL,"{'is_sunlight': True, 'orbit_fraction': 0.5487804878048781, 'solar_power_w': 795.5593793070558, 'load_power_w': 95.0, 'operating_mode': 'STANDBY', 'fault_active': False, 'active_faults': [], 'dataset': 'ASTRA_SIMULATED_EPS'}"
3160.0,ASTRA-FLAGSHIP-01,EPS,32.791964214753165,-21.326200562222237,12.827233375077247,39.99881624791178,1.0,"{'soh': 0.9999704061977946, 'internal_resistance_ohm': 0.04500159806531908, 'solar_health_factor': 1.0}",NOMINAL,"{'is_sunlight': True, 'orbit_fraction': 0.5505226480836237, 'solar_power_w': 795.379150868325, 'load_power_w': 95.0, 'operating_mode': 'STANDBY', 'fault_active': False, 'active_faults': [], 'dataset': 'ASTRA_SIMULATED_EPS'}"
3170.0,ASTRA-FLAGSHIP-01,EPS,32.85717335254854,-21.487787961821066,12.943911954385342,39.99881624791178,1.0,"{'soh': 0.9999704061977946, 'internal_resistance_ohm': 0.04500159806531908, 'solar_health_factor': 1.0}",NOMINAL,"{'is_sunlight': True, 'orbit_fraction': 0.5522648083623694, 'solar_power_w': 795.2001786441327, 'load_power_w': 95.0, 'operating_mode': 'STANDBY', 'fault_active': False, 'active_faults': [], 'dataset': 'ASTRA_SIMULATED_EPS'}"
3180.0,ASTRA-FLAGSHIP-01,EPS,32.785962293404104,-21.217708155631218,12.921202061582509,39.99881624791178,1.0,"{'soh': 0.9999704061977946, 'internal_resistance_ohm': 0.04500159806531908, 'solar_health_factor': 1.0}",NOMINAL,"{'is_sunlight': True, 'orbit_fraction': 0.554006968641115, 'solar_power_w': 795.0225004781947, 'load_power_w': 95.0, 'operating_mode': 'STANDBY', 'fault_active': False, 'active_faults': [], 'dataset': 'ASTRA_SIMULATED_EPS'}"
3190.0,ASTRA-FLAGSHIP-01,EPS,32.874339119427255,-21.273512842750222,12.958707046821898,39.99881624791178,1.0,"{'soh': 0.9999704061977946, 'internal_resistance_ohm': 0.04500159806531908, 'solar_health_factor': 1.0}",NOMINAL,"{'is_sunlight': True, 'orbit_fraction': 0.5557491289198606, 'solar_power_w': 794.8461550593073, 'load_power_w': 95.0, 'operating_mode': 'STANDBY', 'fault_active': False, 'active_faults': [], 'dataset': 'ASTRA_SIMULATED_EPS'}"
3200.0,ASTRA-FLAGSHIP-01,EPS,32.904835980430974,-21.183401148993095,12.978317486328466,39.99881624791178,1.0,"{'soh': 0.9999704061977946, 'internal_resistance_ohm': 0.04500159806531908, 'solar_health_factor': 1.0}",NOMINAL,"{'is_sunlight': True, 'orbit_fraction': 0.5574912891986062, 'solar_power_w': 794.6711818085648, 'load_power_w': 95.0, 'operating_mode': 'STANDBY', 'fault_active': False, 'active_faults': [], 'dataset': 'ASTRA_SIMULATED_EPS'}"
3210.0,ASTRA-FLAGSHIP-01,EPS,32.91570455179113,-21.336538919948516,13.072581311478896,39.99881624791178,1.0,"{'soh': 0.9999704061977946, 'internal_resistance_ohm': 0.04500159806531908, 'solar_health_factor': 1.0}",NOMINAL,"{'is_sunlight': True, 'orbit_fraction': 0.5592334494773519, 'solar_power_w': 794.497620774834, 'load_power_w': 95.0, 'operating_mode': 'STANDBY', 'fault_active': False, 'active_faults': [], 'dataset': 'ASTRA_SIMULATED_EPS'}"
3220.0,ASTRA-FLAGSHIP-01,EPS,32.68850247034516,-21.120277769849533,13.03056601864163,39.99881624791178,1.0,"{'soh': 0.9999704061977946, 'internal_resistance_ohm': 0.04500159806531908, 'solar_health_factor': 1.0}",NOMINAL,"{'is_sunlight': True, 'orbit_fraction': 0.5609756097560976, 'solar_power_w': 794.3255125377956, 'load_power_w': 95.0, 'operating_mode': 'STANDBY', 'fault_active': False, 'active_faults': [], 'dataset': 'ASTRA_SIMULATED_EPS'}"
3230.0,ASTRA-FLAGSHIP-01,EPS,32.564784967463424,-21.301778508408667,13.03043446952541,39.99881624791178,1.0,"{'soh': 0.9999704061977946, 'internal_resistance_ohm': 0.04500159806531908, 'solar_health_factor': 1.0}",NOMINAL,"{'is_sunlight': True, 'orbit_fraction': 0.5627177700348432, 'solar_power_w': 794.1548981179467, 'load_power_w': 95.0, 'operating_mode': 'STANDBY', 'fault_active': False, 'active_faults': [], 'dataset': 'ASTRA_SIMULATED_EPS'}"
3240.0,ASTRA-FLAGSHIP-01,EPS,32.93729040291158,-21.383720699286833,13.07400591526654,39.99881624791178,1.0,"{'soh': 0.9999704061977946, 'internal_resistance_ohm': 0.04500159806531908, 'solar_health_factor': 1.0}",NOMINAL,"{'is_sunlight': True, 'orbit_fraction': 0.5644599303135889, 'solar_power_w': 793.9858188929833, 'load_power_w': 95.0, 'operating_mode': 'STANDBY', 'fault_active': False, 'active_faults': [], 'dataset': 'ASTRA_SIMULATED_EPS'}"
3250.0,ASTRA-FLAGSHIP-01,EPS,32.48954741220394,-21.356255926659266,13.00686428036482,39.99881624791178,1.0,"{'soh': 0.9999704061977946, 'internal_resistance_ohm': 0.04500159806531908, 'solar_health_factor': 1.0}",NOMINAL,"{'is_sunlight': True, 'orbit_fraction': 0.5662020905923345, 'solar_power_w': 793.8183165200488, 'load_power_w': 95.0, 'operating_mode': 'STANDBY', 'fault_active': False, 'active_faults': [], 'dataset': 'ASTRA_SIMULATED_EPS'}"
3260.0,ASTRA-FLAGSHIP-01,EPS,32.539670671447894,-21.21596401621085,13.199006765971486,39.99881624791178,1.0,"{'soh': 0.9999704061977946, 'internal_resistance_ohm': 0.04500159806531908, 'solar_health_factor': 1.0}",NOMINAL,"{'is_sunlight': True, 'orbit_fraction': 0.5679442508710801, 'solar_power_w': 793.6524328633717, 'load_power_w': 95.0, 'operating_mode': 'STANDBY', 'fault_active': False, 'active_faults': [], 'dataset': 'ASTRA_SIMULATED_EPS'}"
3270.0,ASTRA-FLAGSHIP-01,EPS,32.86919961152494,-21.403543502477035,13.188905278877433,39.99881624791178,1.0,"{'soh': 0.9999704061977946, 'internal_resistance_ohm': 0.04500159806531908, 'solar_health_factor': 1.0}",NOMINAL,"{'is_sunlight': True, 'orbit_fraction': 0.5696864111498258, 'solar_power_w': 793.4882099268524, 'load_power_w': 95.0, 'operating_mode': 'STANDBY', 'fault_active': False, 'active_faults': [], 'dataset': 'ASTRA_SIMULATED_EPS'}"
3280.0,ASTRA-FLAGSHIP-01,EPS,32.79883466154507,-21.41989558724227,13.297950652848638,39.99881624791178,1.0,"{'soh': 0.9999704061977946, 'internal_resistance_ohm': 0.04500159806531908, 'solar_health_factor': 1.0}",NOMINAL,"{'is_sunlight': True, 'orbit_fraction': 0.5714285714285714, 'solar_power_w': 793.3256897912019, 'load_power_w': 95.0, 'operating_mode': 'STANDBY', 'fault_active': False, 'active_faults': [], 'dataset': 'ASTRA_SIMULATED_EPS'}"
3290.0,ASTRA-FLAGSHIP-01,EPS,32.94331009540382,-21.310511405487915,13.255530947742805,39.99881624791178,1.0,"{'soh': 0.9999704061977946, 'internal_resistance_ohm': 0.04500159806531908, 'solar_health_factor': 1.0}",NOMINAL,"{'is_sunlight': True, 'orbit_fraction': 0.573170731707317, 'solar_power_w': 793.1649145552653, 'load_power_w': 95.0, 'operating_mode': 'STANDBY', 'fault_active': False, 'active_faults': [], 'dataset': 'ASTRA_SIMULATED_EPS'}"
3300.0,ASTRA-FLAGSHIP-01,EPS,32.833599164620665,-21.50850210492509,13.273149955585042,39.99881624791178,1.0,"{'soh': 0.9999704061977946, 'internal_resistance_ohm': 0.04500159806531908, 'solar_health_factor': 1.0}",NOMINAL,"{'is_sunlight': True, 'orbit_fraction': 0.5749128919860628, 'solar_power_w': 793.0059262811958, 'load_power_w': 95.0, 'operating_mode': 'STANDBY', 'fault_active': False, 'active_faults': [], 'dataset': 'ASTRA_SIMULATED_EPS'}"
3310.0,ASTRA-FLAGSHIP-01,EPS,32.68758134941194,-21.38781236581564,13.302692453200951,39.99881624791178,1.0,"{'soh': 0.9999704061977946, 'internal_resistance_ohm': 0.04500159806531908, 'solar_health_factor': 1.0}",NOMINAL,"{'is_sunlight': True, 'orbit_fraction': 0.5766550522648084, 'solar_power_w': 792.8487669431714, 'load_power_w': 95.0, 'operating_mode': 'STANDBY', 'fault_active': False, 'active_faults': [], 'dataset': 'ASTRA_SIMULATED_EPS'}"
3320.0,ASTRA-FLAGSHIP-01,EPS,33.09424007753668,-21.200153472361354,13.319343858441902,39.99881624791178,1.0,"{'soh': 0.9999704061977946, 'internal_resistance_ohm': 0.04500159806531908, 'solar_health_factor': 1.0}",NOMINAL,"{'is_sunlight': True, 'orbit_fraction': 0.578397212543554, 'solar_power_w': 792.6934783793737, 'load_power_w': 95.0, 'operating_mode': 'STANDBY', 'fault_active': False, 'active_faults': [], 'dataset': 'ASTRA_SIMULATED_EPS'}"
3330.0,ASTRA-FLAGSHIP-01,EPS,32.89332646753088,-21.111043881379,13.425206751255564,39.99881624791178,1.0,"{'soh': 0.9999704061977946, 'internal_resistance_ohm': 0.04500159806531908, 'solar_health_factor': 1.0}",NOMINAL,"{'is_sunlight': True, 'orbit_fraction': 0.5801393728222997, 'solar_power_w': 792.5401022469708, 'load_power_w': 95.0, 'operating_mode': 'STANDBY', 'fault_active': False, 'active_faults': [], 'dataset': 'ASTRA_SIMULATED_EPS'}"
3340.0,ASTRA-FLAGSHIP-01,EPS,32.80920364997186,-21.334234641125853,13.444875632611666,39.99881624791178,1.0,"{'soh': 0.9999704061977946, 'internal_resistance_ohm': 0.04500159806531908, 'solar_health_factor': 1.0}",NOMINAL,"{'is_sunlight': True, 'orbit_fraction': 0.5818815331010453, 'solar_power_w': 792.3886799798718, 'load_power_w': 95.0, 'operating_mode': 'STANDBY', 'fault_active': False, 'active_faults': [], 'dataset': 'ASTRA_SIMULATED_EPS'}"
3350.0,ASTRA-FLAGSHIP-01,EPS,32.86395483137459,-21.158043031920595,13.472629818436618,39.99881624791178,1.0,"{'soh': 0.9999704061977946, 'internal_resistance_ohm': 0.04500159806531908, 'solar_health_factor': 1.0}",NOMINAL,"{'is_sunlight': True, 'orbit_fraction': 0.5836236933797909, 'solar_power_w': 792.2392527490348, 'load_power_w': 95.0, 'operating_mode': 'STANDBY', 'fault_active': False, 'active_faults': [], 'dataset': 'ASTRA_SIMULATED_EPS'}"
3360.0,ASTRA-FLAGSHIP-01,EPS,32.97154791916774,-21.31272729186694,13.537565275025305,39.99881624791178,1.0,"{'soh': 0.9999704061977946, 'internal_resistance_ohm': 0.04500159806531908, 'solar_health_factor': 1.0}",NOMINAL,"{'is_sunlight': True, 'orbit_fraction': 0.5853658536585366, 'solar_power_w': 792.091861425131, 'load_power_w': 95.0, 'operating_mode': 'STANDBY', 'fault_active': False, 'active_faults': [], 'dataset': 'ASTRA_SIMULATED_EPS'}"
3370.0,ASTRA-FLAGSHIP-01,EPS,32.83183000757015,-21.017883737200453,13.467978325981132,39.99881624791178,1.0,"{'soh': 0.9999704061977946, 'internal_resistance_ohm': 0.04500159806531908, 'solar_health_factor': 1.0}",NOMINAL,"{'is_sunlight': True, 'orbit_fraction': 0.5871080139372822, 'solar_power_w': 791.9465465433888, 'load_power_w': 95.0, 'operating_mode': 'STANDBY', 'fault_active': False, 'active_faults': [], 'dataset': 'ASTRA_SIMULATED_EPS'}"
3380.0,ASTRA-FLAGSHIP-01,EPS,33.08411726308127,-21.22236558249481,13.500526982793197,39.99881624791178,1.0,"{'soh': 0.9999704061977946, 'internal_resistance_ohm': 0.04500159806531908, 'solar_health_factor': 1.0}",NOMINAL,"{'is_sunlight': True, 'orbit_fraction': 0.5888501742160279, 'solar_power_w': 791.8033482704459, 'load_power_w': 95.0, 'operating_mode': 'STANDBY', 'fault_active': False, 'active_faults': [], 'dataset': 'ASTRA_SIMULATED_EPS'}"
3390.0,ASTRA-FLAGSHIP-01,EPS,32.72006827759931,-21.27570020486089,13.58488458593942,39.99881624791178,1.0,"{'soh': 0.9999704061977946, 'internal_resistance_ohm': 0.04500159806531908, 'solar_health_factor': 1.0}",NOMINAL,"{'is_sunlight': True, 'orbit_fraction': 0.5905923344947736, 'solar_power_w': 791.6623063730675, 'load_power_w': 95.0, 'operating_mode': 'STANDBY', 'fault_active': False, 'active_faults': [], 'dataset': 'ASTRA_SIMULATED_EPS'}"
3400.0,ASTRA-FLAGSHIP-01,EPS,32.885167646289275,-21.299627790126788,13.592955422236626,39.99881624791178,1.0,"{'soh': 0.9999704061977946, 'internal_resistance_ohm': 0.04500159806531908, 'solar_health_factor': 1.0}",NOMINAL,"{'is_sunlight': True, 'orbit_fraction': 0.5923344947735192, 'solar_power_w': 791.5234601885847, 'load_power_w': 95.0, 'operating_mode': 'STANDBY', 'fault_active': False, 'active_faults': [], 'dataset': 'ASTRA_SIMULATED_EPS'}"
3410.0,ASTRA-FLAGSHIP-01,EPS,33.15075027773839,-21.03964828181314,13.646404873595113,39.99881624791178,1.0,"{'soh': 0.9999704061977946, 'internal_resistance_ohm': 0.04500159806531908, 'solar_health_factor': 1.0}",NOMINAL,"{'is_sunlight': True, 'orbit_fraction': 0.5940766550522648, 'solar_power_w': 791.3868485969318, 'load_power_w': 95.0, 'operating_mode': 'STANDBY', 'fault_active': False, 'active_faults': [], 'dataset': 'ASTRA_SIMULATED_EPS'}"
3420.0,ASTRA-FLAGSHIP-01,EPS,32.805656548718474,-21.21424341701617,13.685599018907634,39.99881624791178,1.0,"{'soh': 0.9999704061977946, 'internal_resistance_ohm': 0.04500159806531908, 'solar_health_factor': 1.0}",NOMINAL,"{'is_sunlight': True, 'orbit_fraction': 0.5958188153310104, 'solar_power_w': 791.252509994164, 'load_power_w': 95.0, 'operating_mode': 'STANDBY', 'fault_active': False, 'active_faults': [], 'dataset': 'ASTRA_SIMULATED_EPS'}"
3430.0,ASTRA-FLAGSHIP-01,EPS,32.63168903612126,-21.252157254629253,13.601747454923178,39.99881624791178,1.0,"{'soh': 0.9999704061977946, 'internal_resistance_ohm': 0.04500159806531908, 'solar_health_factor': 1.0}",NOMINAL,"{'is_sunlight': True, 'orbit_fraction': 0.5975609756097561, 'solar_power_w': 791.1204822673552, 'load_power_w': 95.0, 'operating_mode': 'STANDBY', 'fault_active': False, 'active_faults': [], 'dataset': 'ASTRA_SIMULATED_EPS'}"
3440.0,ASTRA-FLAGSHIP-01,EPS,32.864895500738555,-21.1477022409461,13.691190197745778,39.99881624791178,1.0,"{'soh': 0.9999704061977946, 'internal_resistance_ohm': 0.04500159806531908, 'solar_health_factor': 1.0}",NOMINAL,"{'is_sunlight': True, 'orbit_fraction': 0.5993031358885017, 'solar_power_w': 790.9908027707722, 'load_power_w': 95.0, 'operating_mode': 'STANDBY', 'fault_active': False, 'active_faults': [], 'dataset': 'ASTRA_SIMULATED_EPS'}"
3450.0,ASTRA-FLAGSHIP-01,EPS,33.057553343892494,-21.351879787560677,13.67222317812796,39.99881624791178,1.0,"{'soh': 0.9999704061977946, 'internal_resistance_ohm': 0.04500159806531908, 'solar_health_factor': 1.0}",NOMINAL,"{'is_sunlight': True, 'orbit_fraction': 0.6010452961672473, 'solar_power_w': 790.8635083032448, 'load_power_w': 95.0, 'operating_mode': 'STANDBY', 'fault_active': False, 'active_faults': [], 'dataset': 'ASTRA_SIMULATED_EPS'}"
3460.0,ASTRA-FLAGSHIP-01,EPS,32.83623349039934,-21.09562595658235,13.859650461585641,39.99881624791178,1.0,"{'soh': 0.9999704061977946, 'internal_resistance_ohm': 0.04500159806531908, 'solar_health_factor': 1.0}",NOMINAL,"{'is_sunlight': True, 'orbit_fraction': 0.6027874564459931, 'solar_power_w': 790.7386350866462, 'load_power_w': 95.0, 'operating_mode': 'STANDBY', 'fault_active': False, 'active_faults': [], 'dataset': 'ASTRA_SIMULATED_EPS'}"
3470.0,ASTRA-FLAGSHIP-01,EPS,32.724168333660984,-21.088406272512284,13.803460775999014,39.99881624791178,1.0,"{'soh': 0.9999704061977946, 'internal_resistance_ohm': 0.04500159806531908, 'solar_health_factor': 1.0}",NOMINAL,"{'is_sunlight': True, 'orbit_fraction': 0.6045296167247387, 'solar_power_w': 790.6162187454127, 'load_power_w': 95.0, 'operating_mode': 'STANDBY', 'fault_active': False, 'active_faults': [], 'dataset': 'ASTRA_SIMULATED_EPS'}"
3480.0,ASTRA-FLAGSHIP-01,EPS,32.77111364525315,-21.10642142912566,13.867854646862789,39.99881624791178,1.0,"{'soh': 0.9999704061977946, 'internal_resistance_ohm': 0.04500159806531908, 'solar_health_factor': 1.0}",NOMINAL,"{'is_sunlight': True, 'orbit_fraction': 0.6062717770034843, 'solar_power_w': 790.4962942870353, 'load_power_w': 95.0, 'operating_mode': 'STANDBY', 'fault_active': False, 'active_faults': [], 'dataset': 'ASTRA_SIMULATED_EPS'}"
3490.0,ASTRA-FLAGSHIP-01,EPS,32.5409002465238,-21.037045429833487,13.934015767974977,39.99881624791178,1.0,"{'soh': 0.9999704061977946, 'internal_resistance_ohm': 0.04500159806531908, 'solar_health_factor': 1.0}",NOMINAL,"{'is_sunlight': True, 'orbit_fraction': 0.60801393728223, 'solar_power_w': 790.3788960834622, 'load_power_w': 95.0, 'operating_mode': 'STANDBY', 'fault_active': False, 'active_faults': [], 'dataset': 'ASTRA_SIMULATED_EPS'}"
3500.0,ASTRA-FLAGSHIP-01,EPS,32.69683353494871,-21.153518043305173,13.919406013047693,39.99881624791178,1.0,"{'soh': 0.9999704061977946, 'internal_resistance_ohm': 0.20250719129393585, 'solar_health_factor': 1.0}",ANOMALOUS,"{'is_sunlight': True, 'orbit_fraction': 0.6097560975609756, 'solar_power_w': 790.2640578533565, 'load_power_w': 95.0, 'operating_mode': 'STANDBY', 'fault_active': True, 'active_faults': ['BATTERY_RESISTANCE_SPIKE'], 'dataset': 'ASTRA_SIMULATED_EPS'}"
3510.0,ASTRA-FLAGSHIP-01,EPS,32.842173760029155,-21.25509244509183,13.89073745666003,39.99881624791178,1.0,"{'soh': 0.9999704061977946, 'internal_resistance_ohm': 0.20250719129393585, 'solar_health_factor': 1.0}",ANOMALOUS,"{'is_sunlight': True, 'orbit_fraction': 0.6114982578397212, 'solar_power_w': 790.151812645156, 'load_power_w': 95.0, 'operating_mode': 'STANDBY', 'fault_active': True, 'active_faults': ['BATTERY_RESISTANCE_SPIKE'], 'dataset': 'ASTRA_SIMULATED_EPS'}"
3520.0,ASTRA-FLAGSHIP-01,EPS,32.79523321643207,-21.06056459794781,13.981033783119837,39.99881624791178,1.0,"{'soh': 0.9999704061977946, 'internal_resistance_ohm': 0.20250719129393585, 'solar_health_factor': 1.0}",ANOMALOUS,"{'is_sunlight': True, 'orbit_fraction': 0.6132404181184669, 'solar_power_w': 790.0421928208941, 'load_power_w': 95.0, 'operating_mode': 'STANDBY', 'fault_active': True, 'active_faults': ['BATTERY_RESISTANCE_SPIKE'], 'dataset': 'ASTRA_SIMULATED_EPS'}"
3530.0,ASTRA-FLAGSHIP-01,EPS,32.7386443251803,-21.10181174534185,13.840883034290904,39.99881624791178,1.0,"{'soh': 0.9999704061977946, 'internal_resistance_ohm': 0.20250719129393585, 'solar_health_factor': 1.0}",ANOMALOUS,"{'is_sunlight': True, 'orbit_fraction': 0.6149825783972126, 'solar_power_w': 789.9352300407327, 'load_power_w': 95.0, 'operating_mode': 'STANDBY', 'fault_active': True, 'active_faults': ['BATTERY_RESISTANCE_SPIKE'], 'dataset': 'ASTRA_SIMULATED_EPS'}"
3540.0,ASTRA-FLAGSHIP-01,EPS,32.98781827294713,-21.377213766491067,13.994565957811393,39.99881624791178,1.0,"{'soh': 0.9999704061977946, 'internal_resistance_ohm': 0.20250719129393585, 'solar_health_factor': 1.0}",ANOMALOUS,"{'is_sunlight': True, 'orbit_fraction': 0.6167247386759582, 'solar_power_w': 789.8309552481747, 'load_power_w': 95.0, 'operating_mode': 'STANDBY', 'fault_active': True, 'active_faults': ['BATTERY_RESISTANCE_SPIKE'], 'dataset': 'ASTRA_SIMULATED_EPS'}"
3550.0,ASTRA-FLAGSHIP-01,EPS,32.61580136692731,-21.324733908101187,14.100028842904123,39.99881624791178,1.0,"{'soh': 0.9999704061977946, 'internal_resistance_ohm': 0.20250719129393585, 'solar_health_factor': 1.0}",ANOMALOUS,"{'is_sunlight': True, 'orbit_fraction': 0.6184668989547039, 'solar_power_w': 789.7293986559156, 'load_power_w': 95.0, 'operating_mode': 'STANDBY', 'fault_active': True, 'active_faults': ['BATTERY_RESISTANCE_SPIKE'], 'dataset': 'ASTRA_SIMULATED_EPS'}"
3560.0,ASTRA-FLAGSHIP-01,EPS,32.72272235377733,-21.139709744571682,14.068862841248478,39.99881624791178,1.0,"{'soh': 0.9999704061977946, 'internal_resistance_ohm': 0.20250719129393585, 'solar_health_factor': 1.0}",ANOMALOUS,"{'is_sunlight': True, 'orbit_fraction': 0.6202090592334495, 'solar_power_w': 789.6305897323075, 'load_power_w': 95.0, 'operating_mode': 'STANDBY', 'fault_active': True, 'active_faults': ['BATTERY_RESISTANCE_SPIKE'], 'dataset': 'ASTRA_SIMULATED_EPS'}"
3570.0,ASTRA-FLAGSHIP-01,EPS,32.8776573246309,-21.166688212670014,14.03620270199583,39.99881624791178,1.0,"{'soh': 0.9999704061977946, 'internal_resistance_ohm': 0.20250719129393585, 'solar_health_factor': 1.0}",ANOMALOUS,"{'is_sunlight': True, 'orbit_fraction': 0.6219512195121951, 'solar_power_w': 789.5345571884019, 'load_power_w': 95.0, 'operating_mode': 'STANDBY', 'fault_active': True, 'active_faults': ['BATTERY_RESISTANCE_SPIKE'], 'dataset': 'ASTRA_SIMULATED_EPS'}"
3580.0,ASTRA-FLAGSHIP-01,EPS,32.96280889118182,-21.227102297477558,14.051588945437057,39.99881624791178,1.0,"{'soh': 0.9999704061977946, 'internal_resistance_ohm': 0.20250719129393585, 'solar_health_factor': 1.0}",ANOMALOUS,"{'is_sunlight': True, 'orbit_fraction': 0.6236933797909407, 'solar_power_w': 789.4413289655478, 'load_power_w': 95.0, 'operating_mode': 'STANDBY', 'fault_active': True, 'active_faults': ['BATTERY_RESISTANCE_SPIKE'], 'dataset': 'ASTRA_SIMULATED_EPS'}"
3590.0,ASTRA-FLAGSHIP-01,EPS,32.72921434794099,-21.00325122098301,14.200917346034732,39.99881624791178,1.0,"{'soh': 0.9999704061977946, 'internal_resistance_ohm': 0.20250719129393585, 'solar_health_factor': 1.0}",ANOMALOUS,"{'is_sunlight': True, 'orbit_fraction': 0.6254355400696864, 'solar_power_w': 789.3509322235192, 'load_power_w': 95.0, 'operating_mode': 'STANDBY', 'fault_active': True, 'active_faults': ['BATTERY_RESISTANCE_SPIKE'], 'dataset': 'ASTRA_SIMULATED_EPS'}"
3600.0,ASTRA-FLAGSHIP-01,EPS,32.74224605490399,-21.20564845332924,14.171235423011044,39.99881624791178,1.0,"{'soh': 0.9999704061977946, 'internal_resistance_ohm': 0.20250719129393585, 'solar_health_factor': 1.0}",ANOMALOUS,"{'is_sunlight': True, 'orbit_fraction': 0.627177700348432, 'solar_power_w': 789.2633933291518, 'load_power_w': 95.0, 'operating_mode': 'STANDBY', 'fault_active': True, 'active_faults': ['BATTERY_RESISTANCE_SPIKE'], 'dataset': 'ASTRA_SIMULATED_EPS'}"
3610.0,ASTRA-FLAGSHIP-01,EPS,33.14000468866148,-21.12203080805518,14.237653078796608,39.99881624791178,1.0,"{'soh': 0.9999704061977946, 'internal_resistance_ohm': 0.20250719129393585, 'solar_health_factor': 1.0}",ANOMALOUS,"{'is_sunlight': True, 'orbit_fraction': 0.6289198606271778, 'solar_power_w': 789.178737845468, 'load_power_w': 95.0, 'operating_mode': 'STANDBY', 'fault_active': True, 'active_faults': ['BATTERY_RESISTANCE_SPIKE'], 'dataset': 'ASTRA_SIMULATED_EPS'}"
3620.0,ASTRA-FLAGSHIP-01,EPS,32.96838751927037,-21.135405171679466,14.231955819822188,39.99881624791178,1.0,"{'soh': 0.9999704061977946, 'internal_resistance_ohm': 0.20250719129393585, 'solar_health_factor': 1.0}",ANOMALOUS,"{'is_sunlight': True, 'orbit_fraction': 0.6306620209059234, 'solar_power_w': 789.096990521271, 'load_power_w': 95.0, 'operating_mode': 'STANDBY', 'fault_active': True, 'active_faults': ['BATTERY_RESISTANCE_SPIKE'], 'dataset': 'ASTRA_SIMULATED_EPS'}"
3630.0,ASTRA-FLAGSHIP-01,EPS,32.76722318996664,-21.16739551867311,14.271727060815428,39.99881624791178,1.0,"{'soh': 0.9999704061977946, 'internal_resistance_ohm': 0.20250719129393585, 'solar_health_factor': 1.0}",ANOMALOUS,"{'is_sunlight': True, 'orbit_fraction': 0.632404181184669, 'solar_power_w': 789.0181752811947, 'load_power_w': 95.0, 'operating_mode': 'STANDBY', 'fault_active': True, 'active_faults': ['BATTERY_RESISTANCE_SPIKE'], 'dataset': 'ASTRA_SIMULATED_EPS'}"
3640.0,ASTRA-FLAGSHIP-01,EPS,32.9187531490674,-21.151394580383,14.338823941374658,39.99881624791178,1.0,"{'soh': 0.9999704061977946, 'internal_resistance_ohm': 0.20250719129393585, 'solar_health_factor': 1.0}",ANOMALOUS,"{'is_sunlight': True, 'orbit_fraction': 0.6341463414634146, 'solar_power_w': 788.9423152161921, 'load_power_w': 95.0, 'operating_mode': 'STANDBY', 'fault_active': True, 'active_faults': ['BATTERY_RESISTANCE_SPIKE'], 'dataset': 'ASTRA_SIMULATED_EPS'}"
3650.0,ASTRA-FLAGSHIP-01,EPS,32.78618671261328,-21.146216588722716,14.230809391453903,39.99881624791178,1.0,"{'soh': 0.9999704061977946, 'internal_resistance_ohm': 0.20250719129393585, 'solar_health_factor': 1.0}",ANOMALOUS,"{'is_sunlight': True, 'orbit_fraction': 0.6358885017421603, 'solar_power_w': 788.8694325744501, 'load_power_w': 95.0, 'operating_mode': 'STANDBY', 'fault_active': True, 'active_faults': ['BATTERY_RESISTANCE_SPIKE'], 'dataset': 'ASTRA_SIMULATED_EPS'}"
3660.0,ASTRA-FLAGSHIP-01,EPS,32.94969909874775,-21.114418287755395,14.409071346038342,39.99881624791178,1.0,"{'soh': 0.9999704061977946, 'internal_resistance_ohm': 0.20250719129393585, 'solar_health_factor': 1.0}",ANOMALOUS,"{'is_sunlight': True, 'orbit_fraction': 0.6376306620209059, 'solar_power_w': 788.7995487527155, 'load_power_w': 95.0, 'operating_mode': 'STANDBY', 'fault_active': True, 'active_faults': ['BATTERY_RESISTANCE_SPIKE'], 'dataset': 'ASTRA_SIMULATED_EPS'}"
3670.0,ASTRA-FLAGSHIP-01,EPS,32.324446458197315,-20.919462730075576,14.380566903562814,39.99881624791178,1.0,"{'soh': 0.9999704061977946, 'internal_resistance_ohm': 0.20250719129393585, 'solar_health_factor': 1.0}",ANOMALOUS,"{'is_sunlight': True, 'orbit_fraction': 0.6393728222996515, 'solar_power_w': 788.7326842880267, 'load_power_w': 95.0, 'operating_mode': 'STANDBY', 'fault_active': True, 'active_faults': ['BATTERY_RESISTANCE_SPIKE'], 'dataset': 'ASTRA_SIMULATED_EPS'}"
3680.0,ASTRA-FLAGSHIP-01,EPS,32.9811627892541,-21.263975618904325,14.446484956530446,39.99881624791178,1.0,"{'soh': 0.9999704061977946, 'internal_resistance_ohm': 0.20250719129393585, 'solar_health_factor': 1.0}",ANOMALOUS,"{'is_sunlight': True, 'orbit_fraction': 0.6411149825783972, 'solar_power_w': 788.6688588498359, 'load_power_w': 95.0, 'operating_mode': 'STANDBY', 'fault_active': True, 'active_faults': ['BATTERY_RESISTANCE_SPIKE'], 'dataset': 'ASTRA_SIMULATED_EPS'}"
3690.0,ASTRA-FLAGSHIP-01,EPS,32.626666880275216,-21.21603243919104,14.539772238940586,39.99881624791178,1.0,"{'soh': 0.9999704061977946, 'internal_resistance_ohm': 0.20250719129393585, 'solar_health_factor': 1.0}",ANOMALOUS,"{'is_sunlight': True, 'orbit_fraction': 0.6428571428571429, 'solar_power_w': 788.6080912325158, 'load_power_w': 95.0, 'operating_mode': 'STANDBY', 'fault_active': True, 'active_faults': ['BATTERY_RESISTANCE_SPIKE'], 'dataset': 'ASTRA_SIMULATED_EPS'}"
3700.0,ASTRA-FLAGSHIP-01,EPS,32.768152634160714,-21.12112510686611,14.515723202658357,39.99881624791178,1.0,"{'soh': 0.9999704061977946, 'internal_resistance_ohm': 0.20250719129393585, 'solar_health_factor': 1.0}",ANOMALOUS,"{'is_sunlight': True, 'orbit_fraction': 0.6445993031358885, 'solar_power_w': 788.5503993482397, 'load_power_w': 95.0, 'operating_mode': 'STANDBY', 'fault_active': True, 'active_faults': ['BATTERY_RESISTANCE_SPIKE'], 'dataset': 'ASTRA_SIMULATED_EPS'}"
3710.0,ASTRA-FLAGSHIP-01,EPS,32.880714400719825,-21.126881910855474,14.518541946737567,39.99881624791178,1.0,"{'soh': 0.9999704061977946, 'internal_resistance_ohm': 0.20250719129393585, 'solar_health_factor': 1.0}",ANOMALOUS,"{'is_sunlight': True, 'orbit_fraction': 0.6463414634146342, 'solar_power_w': 788.495800220233, 'load_power_w': 95.0, 'operating_mode': 'STANDBY', 'fault_active': True, 'active_faults': ['BATTERY_RESISTANCE_SPIKE'], 'dataset': 'ASTRA_SIMULATED_EPS'}"
3720.0,ASTRA-FLAGSHIP-01,EPS,33.19357723273594,-21.148345058193005,14.5383480652257,39.99881624791178,1.0,"{'soh': 0.9999704061977946, 'internal_resistance_ohm': 0.20250719129393585, 'solar_health_factor': 1.0}",ANOMALOUS,"{'is_sunlight': True, 'orbit_fraction': 0.6480836236933798, 'solar_power_w': 788.4443099763828, 'load_power_w': 95.0, 'operating_mode': 'STANDBY', 'fault_active': True, 'active_faults': ['BATTERY_RESISTANCE_SPIKE'], 'dataset': 'ASTRA_SIMULATED_EPS'}"
3730.0,ASTRA-FLAGSHIP-01,EPS,32.97172829362338,-21.018107050274676,14.615569179866931,39.99881624791178,1.0,"{'soh': 0.9999704061977946, 'internal_resistance_ohm': 0.20250719129393585, 'solar_health_factor': 1.0}",ANOMALOUS,"{'is_sunlight': True, 'orbit_fraction': 0.6498257839721254, 'solar_power_w': 788.3959438432022, 'load_power_w': 95.0, 'operating_mode': 'STANDBY', 'fault_active': True, 'active_faults': ['BATTERY_RESISTANCE_SPIKE'], 'dataset': 'ASTRA_SIMULATED_EPS'}"
3740.0,ASTRA-FLAGSHIP-01,EPS,32.90417391540251,-21.265638142371035,14.66573932743173,39.99881624791178,1.0,"{'soh': 0.9999704061977946, 'internal_resistance_ohm': 0.20250719129393585, 'solar_health_factor': 1.0}",ANOMALOUS,"{'is_sunlight': True, 'orbit_fraction': 0.6515679442508711, 'solar_power_w': 788.3507161401494, 'load_power_w': 95.0, 'operating_mode': 'STANDBY', 'fault_active': True, 'active_faults': ['BATTERY_RESISTANCE_SPIKE'], 'dataset': 'ASTRA_SIMULATED_EPS'}"
3750.0,ASTRA-FLAGSHIP-01,EPS,32.61142665553873,-21.104331284874373,14.574129777646863,39.99881624791178,1.0,"{'soh': 0.9999704061977946, 'internal_resistance_ohm': 0.20250719129393585, 'solar_health_factor': 1.0}",ANOMALOUS,"{'is_sunlight': True, 'orbit_fraction': 0.6533101045296167, 'solar_power_w': 788.3086402742849, 'load_power_w': 95.0, 'operating_mode': 'STANDBY', 'fault_active': True, 'active_faults': ['BATTERY_RESISTANCE_SPIKE'], 'dataset': 'ASTRA_SIMULATED_EPS'}"
3760.0,ASTRA-FLAGSHIP-01,EPS,32.78890549436617,-21.100254917457317,14.655613181399952,39.99881624791178,1.0,"{'soh': 0.9999704061977946, 'internal_resistance_ohm': 0.20250719129393585, 'solar_health_factor': 1.0}",ANOMALOUS,"{'is_sunlight': True, 'orbit_fraction': 0.6550522648083623, 'solar_power_w': 788.2697287352735, 'load_power_w': 95.0, 'operating_mode': 'STANDBY', 'fault_active': True, 'active_faults': ['BATTERY_RESISTANCE_SPIKE'], 'dataset': 'ASTRA_SIMULATED_EPS'}"
3770.0,ASTRA-FLAGSHIP-01,EPS,32.86861778703005,-20.956951914464554,14.68984991484813,39.99881624791178,1.0,"{'soh': 0.9999704061977946, 'internal_resistance_ohm': 0.20250719129393585, 'solar_health_factor': 1.0}",ANOMALOUS,"{'is_sunlight': True, 'orbit_fraction': 0.6567944250871081, 'solar_power_w': 788.2339930907219, 'load_power_w': 95.0, 'operating_mode': 'STANDBY', 'fault_active': True, 'active_faults': ['BATTERY_RESISTANCE_SPIKE'], 'dataset': 'ASTRA_SIMULATED_EPS'}"
3780.0,ASTRA-FLAGSHIP-01,EPS,32.759383013441024,-21.02786327622077,14.754200929019271,39.99881624791178,1.0,"{'soh': 0.9999704061977946, 'internal_resistance_ohm': 0.20250719129393585, 'solar_health_factor': 1.0}",ANOMALOUS,"{'is_sunlight': True, 'orbit_fraction': 0.6585365853658537, 'solar_power_w': 788.2014439818478, 'load_power_w': 95.0, 'operating_mode': 'STANDBY', 'fault_active': True, 'active_faults': ['BATTERY_RESISTANCE_SPIKE'], 'dataset': 'ASTRA_SIMULATED_EPS'}"
3790.0,ASTRA-FLAGSHIP-01,EPS,32.598099852281194,-21.06755331996736,14.757266768609723,39.99881624791178,1.0,"{'soh': 0.9999704061977946, 'internal_resistance_ohm': 0.20250719129393585, 'solar_health_factor': 1.0}",ANOMALOUS,"{'is_sunlight': True, 'orbit_fraction': 0.6602787456445993, 'solar_power_w': 788.1720911194791, 'load_power_w': 95.0, 'operating_mode': 'STANDBY', 'fault_active': True, 'active_faults': ['BATTERY_RESISTANCE_SPIKE'], 'dataset': 'ASTRA_SIMULATED_EPS'}"
3800.0,ASTRA-FLAGSHIP-01,EPS,32.75062444086788,-20.9806276895257,14.742112797125234,39.99881624791178,1.0,"{'soh': 0.9999704061977946, 'internal_resistance_ohm': 0.20250719129393585, 'solar_health_factor': 1.0}",ANOMALOUS,"{'is_sunlight': True, 'orbit_fraction': 0.662020905923345, 'solar_power_w': 788.1459432803808, 'load_power_w': 95.0, 'operating_mode': 'STANDBY', 'fault_active': True, 'active_faults': ['BATTERY_RESISTANCE_SPIKE'], 'dataset': 'ASTRA_SIMULATED_EPS'}"
3810.0,ASTRA-FLAGSHIP-01,EPS,32.820018175133754,-21.151322411522052,14.777728887318661,39.99881624791178,1.0,"{'soh': 0.9999704061977946, 'internal_resistance_ohm': 0.20250719129393585, 'solar_health_factor': 1.0}",ANOMALOUS,"{'is_sunlight': True, 'orbit_fraction': 0.6637630662020906, 'solar_power_w': 788.1230083039036, 'load_power_w': 95.0, 'operating_mode': 'STANDBY', 'fault_active': True, 'active_faults': ['BATTERY_RESISTANCE_SPIKE'], 'dataset': 'ASTRA_SIMULATED_EPS'}"
3820.0,ASTRA-FLAGSHIP-01,EPS,32.619638041449065,-21.2909219797686,14.883936654940996,39.99881624791178,1.0,"{'soh': 0.9999704061977946, 'internal_resistance_ohm': 0.20250719129393585, 'solar_health_factor': 1.0}",ANOMALOUS,"{'is_sunlight': True, 'orbit_fraction': 0.6655052264808362, 'solar_power_w': 788.1032930889537, 'load_power_w': 95.0, 'operating_mode': 'STANDBY', 'fault_active': True, 'active_faults': ['BATTERY_RESISTANCE_SPIKE'], 'dataset': 'ASTRA_SIMULATED_EPS'}"
3830.0,ASTRA-FLAGSHIP-01,EPS,32.66052477654472,-21.24076916376778,14.723730665694816,39.99881624791178,1.0,"{'soh': 0.9999704061977946, 'internal_resistance_ohm': 0.20250719129393585, 'solar_health_factor': 1.0}",ANOMALOUS,"{'is_sunlight': True, 'orbit_fraction': 0.6672473867595818, 'solar_power_w': 788.0868035912852, 'load_power_w': 95.0, 'operating_mode': 'STANDBY', 'fault_active': True, 'active_faults': ['BATTERY_RESISTANCE_SPIKE'], 'dataset': 'ASTRA_SIMULATED_EPS'}"
3840.0,ASTRA-FLAGSHIP-01,EPS,32.69463611200291,-21.277066342297932,14.940617195591487,39.99881624791178,1.0,"{'soh': 0.9999704061977946, 'internal_resistance_ohm': 0.20250719129393585, 'solar_health_factor': 1.0}",ANOMALOUS,"{'is_sunlight': True, 'orbit_fraction': 0.6689895470383276, 'solar_power_w': 788.0735448211041, 'load_power_w': 95.0, 'operating_mode': 'STANDBY', 'fault_active': True, 'active_faults': ['BATTERY_RESISTANCE_SPIKE'], 'dataset': 'ASTRA_SIMULATED_EPS'}"
3850.0,ASTRA-FLAGSHIP-01,EPS,32.965031092776364,-21.206501524397822,14.998182184018326,39.99881624791178,1.0,"{'soh': 0.9999704061977946, 'internal_resistance_ohm': 0.20250719129393585, 'solar_health_factor': 1.0}",ANOMALOUS,"{'is_sunlight': True, 'orbit_fraction': 0.6707317073170732, 'solar_power_w': 788.0635208409918, 'load_power_w': 95.0, 'operating_mode': 'STANDBY', 'fault_active': True, 'active_faults': ['BATTERY_RESISTANCE_SPIKE'], 'dataset': 'ASTRA_SIMULATED_EPS'}"
3860.0,ASTRA-FLAGSHIP-01,EPS,32.96043071077663,-21.166092401489568,14.787561946957428,39.99881624791178,1.0,"{'soh': 0.9999704061977946, 'internal_resistance_ohm': 0.20250719129393585, 'solar_health_factor': 1.0}",ANOMALOUS,"{'is_sunlight': True, 'orbit_fraction': 0.6724738675958188, 'solar_power_w': 788.0567347641403, 'load_power_w': 95.0, 'operating_mode': 'STANDBY', 'fault_active': True, 'active_faults': ['BATTERY_RESISTANCE_SPIKE'], 'dataset': 'ASTRA_SIMULATED_EPS'}"
3870.0,ASTRA-FLAGSHIP-01,EPS,33.17513198237196,-21.283797935452295,14.857162209399393,39.99881624791178,1.0,"{'soh': 0.9999704061977946, 'internal_resistance_ohm': 0.20250719129393585, 'solar_health_factor': 1.0}",ANOMALOUS,"{'is_sunlight': True, 'orbit_fraction': 0.6742160278745645, 'solar_power_w': 788.0531887528979, 'load_power_w': 95.0, 'operating_mode': 'STANDBY', 'fault_active': True, 'active_faults': ['BATTERY_RESISTANCE_SPIKE'], 'dataset': 'ASTRA_SIMULATED_EPS'}"
3880.0,ASTRA-FLAGSHIP-01,EPS,32.96712260423656,-20.860073167004018,15.03547396861477,39.99881624791178,1.0,"{'soh': 0.9999704061977946, 'internal_resistance_ohm': 0.20250719129393585, 'solar_health_factor': 1.0}",ANOMALOUS,"{'is_sunlight': True, 'orbit_fraction': 0.6759581881533101, 'solar_power_w': 788.0528840176266, 'load_power_w': 95.0, 'operating_mode': 'STANDBY', 'fault_active': True, 'active_faults': ['BATTERY_RESISTANCE_SPIKE'], 'dataset': 'ASTRA_SIMULATED_EPS'}"
3890.0,ASTRA-FLAGSHIP-01,EPS,32.89190347002218,-21.064311771402906,15.035687744754423,39.99881624791178,1.0,"{'soh': 0.9999704061977946, 'internal_resistance_ohm': 0.20250719129393585, 'solar_health_factor': 1.0}",ANOMALOUS,"{'is_sunlight': True, 'orbit_fraction': 0.6777003484320557, 'solar_power_w': 788.0558208158691, 'load_power_w': 95.0, 'operating_mode': 'STANDBY', 'fault_active': True, 'active_faults': ['BATTERY_RESISTANCE_SPIKE'], 'dataset': 'ASTRA_SIMULATED_EPS'}"
3900.0,ASTRA-FLAGSHIP-01,EPS,32.923886101399646,-21.09919578011171,15.024912310101493,39.99881624791178,1.0,"{'soh': 0.9999704061977946, 'internal_resistance_ohm': 0.20250719129393585, 'solar_health_factor': 1.0}",ANOMALOUS,"{'is_sunlight': True, 'orbit_fraction': 0.6794425087108014, 'solar_power_w': 788.0619984518197, 'load_power_w': 95.0, 'operating_mode': 'STANDBY', 'fault_active': True, 'active_faults': ['BATTERY_RESISTANCE_SPIKE'], 'dataset': 'ASTRA_SIMULATED_EPS'}"
3910.0,ASTRA-FLAGSHIP-01,EPS,32.78915890568713,-21.214025583339552,15.032282628380816,39.99881624791178,1.0,"{'soh': 0.9999704061977946, 'internal_resistance_ohm': 0.20250719129393585, 'solar_health_factor': 1.0}",ANOMALOUS,"{'is_sunlight': True, 'orbit_fraction': 0.681184668989547, 'solar_power_w': 788.0714152761058, 'load_power_w': 95.0, 'operating_mode': 'STANDBY', 'fault_active': True, 'active_faults': ['BATTERY_RESISTANCE_SPIKE'], 'dataset': 'ASTRA_SIMULATED_EPS'}"
3920.0,ASTRA-FLAGSHIP-01,EPS,32.52178395659423,-21.1418646949033,15.023429983180678,39.99881624791178,1.0,"{'soh': 0.9999704061977946, 'internal_resistance_ohm': 0.20250719129393585, 'solar_health_factor': 1.0}",ANOMALOUS,"{'is_sunlight': True, 'orbit_fraction': 0.6829268292682927, 'solar_power_w': 788.084068685869, 'load_power_w': 95.0, 'operating_mode': 'STANDBY', 'fault_active': True, 'active_faults': ['BATTERY_RESISTANCE_SPIKE'], 'dataset': 'ASTRA_SIMULATED_EPS'}"
3930.0,ASTRA-FLAGSHIP-01,EPS,32.618438528715025,-21.11156067545623,15.168932027419354,39.99881624791178,1.0,"{'soh': 0.9999704061977946, 'internal_resistance_ohm': 0.20250719129393585, 'solar_health_factor': 1.0}",ANOMALOUS,"{'is_sunlight': True, 'orbit_fraction': 0.6846689895470384, 'solar_power_w': 788.0999551251556, 'load_power_w': 95.0, 'operating_mode': 'STANDBY', 'fault_active': True, 'active_faults': ['BATTERY_RESISTANCE_SPIKE'], 'dataset': 'ASTRA_SIMULATED_EPS'}"
3940.0,ASTRA-FLAGSHIP-01,EPS,32.95002527701688,-21.305842056422357,15.076252287838667,39.99881624791178,1.0,"{'soh': 0.9999704061977946, 'internal_resistance_ohm': 0.20250719129393585, 'solar_health_factor': 1.0}",ANOMALOUS,"{'is_sunlight': True, 'orbit_fraction': 0.686411149825784, 'solar_power_w': 788.1190700856041, 'load_power_w': 95.0, 'operating_mode': 'STANDBY', 'fault_active': True, 'active_faults': ['BATTERY_RESISTANCE_SPIKE'], 'dataset': 'ASTRA_SIMULATED_EPS'}"
3950.0,ASTRA-FLAGSHIP-01,EPS,32.95370776379269,-21.241456762217858,15.140833413981555,39.99881624791178,1.0,"{'soh': 0.9999704061977946, 'internal_resistance_ohm': 0.20250719129393585, 'solar_health_factor': 1.0}",ANOMALOUS,"{'is_sunlight': True, 'orbit_fraction': 0.6881533101045296, 'solar_power_w': 788.141408107437, 'load_power_w': 95.0, 'operating_mode': 'STANDBY', 'fault_active': True, 'active_faults': ['BATTERY_RESISTANCE_SPIKE'], 'dataset': 'ASTRA_SIMULATED_EPS'}"
3960.0,ASTRA-FLAGSHIP-01,EPS,32.88963095847637,-21.240674544780003,15.183595006598088,39.99881624791178,1.0,"{'soh': 0.9999704061977946, 'internal_resistance_ohm': 0.20250719129393585, 'solar_health_factor': 1.0}",ANOMALOUS,"{'is_sunlight': True, 'orbit_fraction': 0.6898954703832753, 'solar_power_w': 788.1669627807524, 'load_power_w': 95.0, 'operating_mode': 'STANDBY', 'fault_active': True, 'active_faults': ['BATTERY_RESISTANCE_SPIKE'], 'dataset': 'ASTRA_SIMULATED_EPS'}"
3970.0,ASTRA-FLAGSHIP-01,EPS,32.580647659228056,-21.200941722265828,15.220506458047808,39.99881624791178,1.0,"{'soh': 0.9999704061977946, 'internal_resistance_ohm': 0.20250719129393585, 'solar_health_factor': 1.0}",ANOMALOUS,"{'is_sunlight': True, 'orbit_fraction': 0.6916376306620209, 'solar_power_w': 788.195726747113, 'load_power_w': 95.0, 'operating_mode': 'STANDBY', 'fault_active': True, 'active_faults': ['BATTERY_RESISTANCE_SPIKE'], 'dataset': 'ASTRA_SIMULATED_EPS'}"
3980.0,ASTRA-FLAGSHIP-01,EPS,32.53817761392579,-21.086611420911023,15.229656758430771,39.99881624791178,1.0,"{'soh': 0.9999704061977946, 'internal_resistance_ohm': 0.20250719129393585, 'solar_health_factor': 1.0}",ANOMALOUS,"{'is_sunlight': True, 'orbit_fraction': 0.6933797909407665, 'solar_power_w': 788.2276917014325, 'load_power_w': 95.0, 'operating_mode': 'STANDBY', 'fault_active': True, 'active_faults': ['BATTERY_RESISTANCE_SPIKE'], 'dataset': 'ASTRA_SIMULATED_EPS'}"
3990.0,ASTRA-FLAGSHIP-01,EPS,32.890030759738885,-21.111650326639086,15.324897300146793,39.99881624791178,1.0,"{'soh': 0.9999704061977946, 'internal_resistance_ohm': 0.20250719129393585, 'solar_health_factor': 1.0}",ANOMALOUS,"{'is_sunlight': True, 'orbit_fraction': 0.6951219512195121, 'solar_power_w': 788.2628483941618, 'load_power_w': 95.0, 'operating_mode': 'STANDBY', 'fault_active': True, 'active_faults': ['BATTERY_RESISTANCE_SPIKE'], 'dataset': 'ASTRA_SIMULATED_EPS'}"
4000.0,ASTRA-FLAGSHIP-01,EPS,32.81996045617649,-21.18513254366888,15.288787313056654,39.99881624791178,1.0,"{'soh': 0.9999704061977946, 'internal_resistance_ohm': 0.20250719129393585, 'solar_health_factor': 1.0}",ANOMALOUS,"{'is_sunlight': True, 'orbit_fraction': 0.6968641114982579, 'solar_power_w': 788.3011866337653, 'load_power_w': 95.0, 'operating_mode': 'STANDBY', 'fault_active': True, 'active_faults': ['BATTERY_RESISTANCE_SPIKE'], 'dataset': 'ASTRA_SIMULATED_EPS'}"
4010.0,ASTRA-FLAGSHIP-01,EPS,32.888523310448925,-21.133459494546802,15.310614895964154,39.99881624791178,1.0,"{'soh': 0.9999704061977946, 'internal_resistance_ohm': 0.20250719129393585, 'solar_health_factor': 1.0}",ANOMALOUS,"{'is_sunlight': True, 'orbit_fraction': 0.6986062717770035, 'solar_power_w': 788.3426952894944, 'load_power_w': 95.0, 'operating_mode': 'STANDBY', 'fault_active': True, 'active_faults': ['BATTERY_RESISTANCE_SPIKE'], 'dataset': 'ASTRA_SIMULATED_EPS'}"
4020.0,ASTRA-FLAGSHIP-01,EPS,32.68429938333094,-21.213613744051198,15.264298820316897,39.99881624791178,1.0,"{'soh': 0.9999704061977946, 'internal_resistance_ohm': 0.20250719129393585, 'solar_health_factor': 1.0}",ANOMALOUS,"{'is_sunlight': True, 'orbit_fraction': 0.7003484320557491, 'solar_power_w': 788.3873622944528, 'load_power_w': 95.0, 'operating_mode': 'STANDBY', 'fault_active': True, 'active_faults': ['BATTERY_RESISTANCE_SPIKE'], 'dataset': 'ASTRA_SIMULATED_EPS'}"
4030.0,ASTRA-FLAGSHIP-01,EPS,33.086349545476985,-21.279393725660118,15.325558679793334,39.99881624791178,1.0,"{'soh': 0.9999704061977946, 'internal_resistance_ohm': 0.20250719129393585, 'solar_health_factor': 1.0}",ANOMALOUS,"{'is_sunlight': True, 'orbit_fraction': 0.7020905923344948, 'solar_power_w': 788.4351746489517, 'load_power_w': 95.0, 'operating_mode': 'STANDBY', 'fault_active': True, 'active_faults': ['BATTERY_RESISTANCE_SPIKE'], 'dataset': 'ASTRA_SIMULATED_EPS'}"
4040.0,ASTRA-FLAGSHIP-01,EPS,32.68160727585472,-21.04415813141652,15.37116257859604,39.99881624791178,1.0,"{'soh': 0.9999704061977946, 'internal_resistance_ohm': 0.20250719129393585, 'solar_health_factor': 1.0}",ANOMALOUS,"{'is_sunlight': True, 'orbit_fraction': 0.7038327526132404, 'solar_power_w': 788.486118424157, 'load_power_w': 95.0, 'operating_mode': 'STANDBY', 'fault_active': True, 'active_faults': ['BATTERY_RESISTANCE_SPIKE'], 'dataset': 'ASTRA_SIMULATED_EPS'}"
4050.0,ASTRA-FLAGSHIP-01,EPS,33.00405010480056,-21.21946084670879,15.42549734378847,39.99881624791178,1.0,"{'soh': 0.9999704061977946, 'internal_resistance_ohm': 0.20250719129393585, 'solar_health_factor': 1.0}",ANOMALOUS,"{'is_sunlight': True, 'orbit_fraction': 0.705574912891986, 'solar_power_w': 788.5401787660217, 'load_power_w': 95.0, 'operating_mode': 'STANDBY', 'fault_active': True, 'active_faults': ['BATTERY_RESISTANCE_SPIKE'], 'dataset': 'ASTRA_SIMULATED_EPS'}"
4060.0,ASTRA-FLAGSHIP-01,EPS,32.66242948746088,-20.909092580733386,15.377736921030666,39.99881624791178,1.0,"{'soh': 0.9999704061977946, 'internal_resistance_ohm': 0.20250719129393585, 'solar_health_factor': 1.0}",ANOMALOUS,"{'is_sunlight': True, 'orbit_fraction': 0.7073170731707317, 'solar_power_w': 788.5973398995087, 'load_power_w': 95.0, 'operating_mode': 'STANDBY', 'fault_active': True, 'active_faults': ['BATTERY_RESISTANCE_SPIKE'], 'dataset': 'ASTRA_SIMULATED_EPS'}"
4070.0,ASTRA-FLAGSHIP-01,EPS,32.850233702580276,-21.078282560088844,15.483307818609429,39.99881624791178,1.0,"{'soh': 0.9999704061977946, 'internal_resistance_ohm': 0.20250719129393585, 'solar_health_factor': 1.0}",ANOMALOUS,"{'is_sunlight': True, 'orbit_fraction': 0.7090592334494773, 'solar_power_w': 788.6575851330953, 'load_power_w': 95.0, 'operating_mode': 'STANDBY', 'fault_active': True, 'active_faults': ['BATTERY_RESISTANCE_SPIKE'], 'dataset': 'ASTRA_SIMULATED_EPS'}"
4080.0,ASTRA-FLAGSHIP-01,EPS,32.76903735596316,-21.164776667412944,15.490241456365846,39.99881624791178,1.0,"{'soh': 0.9999704061977946, 'internal_resistance_ohm': 0.20250719129393585, 'solar_health_factor': 1.0}",ANOMALOUS,"{'is_sunlight': True, 'orbit_fraction': 0.710801393728223, 'solar_power_w': 788.7208968635631, 'load_power_w': 95.0, 'operating_mode': 'STANDBY', 'fault_active': True, 'active_faults': ['BATTERY_RESISTANCE_SPIKE'], 'dataset': 'ASTRA_SIMULATED_EPS'}"
4090.0,ASTRA-FLAGSHIP-01,EPS,32.775316093489,-21.045660679139242,15.623942230492414,39.99881624791178,1.0,"{'soh': 0.9999704061977946, 'internal_resistance_ohm': 0.20250719129393585, 'solar_health_factor': 1.0}",ANOMALOUS,"{'is_sunlight': True, 'orbit_fraction': 0.7125435540069687, 'solar_power_w': 788.7872565810706, 'load_power_w': 95.0, 'operating_mode': 'STANDBY', 'fault_active': True, 'active_faults': ['BATTERY_RESISTANCE_SPIKE'], 'dataset': 'ASTRA_SIMULATED_EPS'}"
4100.0,ASTRA-FLAGSHIP-01,EPS,32.70799695122865,-21.30627425500471,15.534299535114181,39.99881624791178,1.0,"{'soh': 0.9999704061977946, 'internal_resistance_ohm': 0.20250719129393585, 'solar_health_factor': 1.0}",ANOMALOUS,"{'is_sunlight': True, 'orbit_fraction': 0.7142857142857143, 'solar_power_w': 788.8566448745024, 'load_power_w': 95.0, 'operating_mode': 'STANDBY', 'fault_active': True, 'active_faults': ['BATTERY_RESISTANCE_SPIKE'], 'dataset': 'ASTRA_SIMULATED_EPS'}"
4110.0,ASTRA-FLAGSHIP-01,EPS,33.22248890018072,-21.245778809980916,15.64589957477053,39.99881624791178,1.0,"{'soh': 0.9999704061977946, 'internal_resistance_ohm': 0.20250719129393585, 'solar_health_factor': 1.0}",ANOMALOUS,"{'is_sunlight': True, 'orbit_fraction': 0.7160278745644599, 'solar_power_w': 788.9290414371014, 'load_power_w': 95.0, 'operating_mode': 'STANDBY', 'fault_active': True, 'active_faults': ['BATTERY_RESISTANCE_SPIKE'], 'dataset': 'ASTRA_SIMULATED_EPS'}"
4120.0,ASTRA-FLAGSHIP-01,EPS,33.07456210010574,-21.22037799904437,15.617555705165595,39.99881624791178,1.0,"{'soh': 0.9999704061977946, 'internal_resistance_ohm': 0.20250719129393585, 'solar_health_factor': 1.0}",ANOMALOUS,"{'is_sunlight': True, 'orbit_fraction': 0.7177700348432056, 'solar_power_w': 789.0044250723732, 'load_power_w': 95.0, 'operating_mode': 'STANDBY', 'fault_active': True, 'active_faults': ['BATTERY_RESISTANCE_SPIKE'], 'dataset': 'ASTRA_SIMULATED_EPS'}"
4130.0,ASTRA-FLAGSHIP-01,EPS,33.066476354786744,-21.203441858073933,15.604023249064664,39.99881624791178,1.0,"{'soh': 0.9999704061977946, 'internal_resistance_ohm': 0.20250719129393585, 'solar_health_factor': 1.0}",ANOMALOUS,"{'is_sunlight': True, 'orbit_fraction': 0.7195121951219512, 'solar_power_w': 789.0827737002683, 'load_power_w': 95.0, 'operating_mode': 'STANDBY', 'fault_active': True, 'active_faults': ['BATTERY_RESISTANCE_SPIKE'], 'dataset': 'ASTRA_SIMULATED_EPS'}"
4140.0,ASTRA-FLAGSHIP-01,EPS,32.70403000374718,-21.276365092930487,15.60676718377096,39.99881624791178,1.0,"{'soh': 0.9999704061977946, 'internal_resistance_ohm': 0.20250719129393585, 'solar_health_factor': 1.0}",ANOMALOUS,"{'is_sunlight': True, 'orbit_fraction': 0.7212543554006968, 'solar_power_w': 789.1640643636333, 'load_power_w': 95.0, 'operating_mode': 'STANDBY', 'fault_active': True, 'active_faults': ['BATTERY_RESISTANCE_SPIKE'], 'dataset': 'ASTRA_SIMULATED_EPS'}"
4150.0,ASTRA-FLAGSHIP-01,EPS,32.59870131959785,-21.162700044167586,15.625694449975265,39.99881624791178,1.0,"{'soh': 0.9999704061977946, 'internal_resistance_ohm': 0.20250719129393585, 'solar_health_factor': 1.0}",ANOMALOUS,"{'is_sunlight': True, 'orbit_fraction': 0.7229965156794426, 'solar_power_w': 789.2482732349359, 'load_power_w': 95.0, 'operating_mode': 'STANDBY', 'fault_active': True, 'active_faults': ['BATTERY_RESISTANCE_SPIKE'], 'dataset': 'ASTRA_SIMULATED_EPS'}"
4160.0,ASTRA-FLAGSHIP-01,EPS,32.837764214617394,-21.34159749275808,15.705632608174845,39.99881624791178,1.0,"{'soh': 0.9999704061977946, 'internal_resistance_ohm': 0.20250719129393585, 'solar_health_factor': 1.0}",ANOMALOUS,"{'is_sunlight': True, 'orbit_fraction': 0.7247386759581882, 'solar_power_w': 789.3353756232553, 'load_power_w': 95.0, 'operating_mode': 'STANDBY', 'fault_active': True, 'active_faults': ['BATTERY_RESISTANCE_SPIKE'], 'dataset': 'ASTRA_SIMULATED_EPS'}"
4170.0,ASTRA-FLAGSHIP-01,EPS,32.93612034752276,-21.392900550215533,15.73262052213233,39.99881624791178,1.0,"{'soh': 0.9999704061977946, 'internal_resistance_ohm': 0.20250719129393585, 'solar_health_factor': 1.0}",ANOMALOUS,"{'is_sunlight': True, 'orbit_fraction': 0.7264808362369338, 'solar_power_w': 789.4253459815393, 'load_power_w': 95.0, 'operating_mode': 'STANDBY', 'fault_active': True, 'active_faults': ['BATTERY_RESISTANCE_SPIKE'], 'dataset': 'ASTRA_SIMULATED_EPS'}"
4180.0,ASTRA-FLAGSHIP-01,EPS,33.000758177458046,-21.30882310164771,15.82230919913213,39.99881624791178,1.0,"{'soh': 0.9999704061977946, 'internal_resistance_ohm': 0.20250719129393585, 'solar_health_factor': 1.0}",ANOMALOUS,"{'is_sunlight': True, 'orbit_fraction': 0.7282229965156795, 'solar_power_w': 789.5181579141263, 'load_power_w': 95.0, 'operating_mode': 'STANDBY', 'fault_active': True, 'active_faults': ['BATTERY_RESISTANCE_SPIKE'], 'dataset': 'ASTRA_SIMULATED_EPS'}"
4190.0,ASTRA-FLAGSHIP-01,EPS,32.86814190914692,-21.255798848717273,15.760588977694585,39.99881624791178,1.0,"{'soh': 0.9999704061977946, 'internal_resistance_ohm': 0.20250719129393585, 'solar_health_factor': 1.0}",ANOMALOUS,"{'is_sunlight': True, 'orbit_fraction': 0.7299651567944251, 'solar_power_w': 789.6137841845252, 'load_power_w': 95.0, 'operating_mode': 'STANDBY', 'fault_active': True, 'active_faults': ['BATTERY_RESISTANCE_SPIKE'], 'dataset': 'ASTRA_SIMULATED_EPS'}"
4200.0,ASTRA-FLAGSHIP-01,EPS,32.89098800405656,-21.172192619300777,15.814946224715584,39.99881624791178,1.0,"{'soh': 0.9999704061977946, 'internal_resistance_ohm': 0.20250719129393585, 'solar_health_factor': 1.0}",ANOMALOUS,"{'is_sunlight': True, 'orbit_fraction': 0.7317073170731707, 'solar_power_w': 789.7121967234584, 'load_power_w': 95.0, 'operating_mode': 'STANDBY', 'fault_active': True, 'active_faults': ['BATTERY_RESISTANCE_SPIKE'], 'dataset': 'ASTRA_SIMULATED_EPS'}"
4210.0,ASTRA-FLAGSHIP-01,EPS,32.648436180671354,-21.164921102341527,15.741888011114433,39.99881624791178,1.0,"{'soh': 0.9999704061977946, 'internal_resistance_ohm': 0.20250719129393585, 'solar_health_factor': 1.0}",ANOMALOUS,"{'is_sunlight': True, 'orbit_fraction': 0.7334494773519163, 'solar_power_w': 789.8133666371564, 'load_power_w': 95.0, 'operating_mode': 'STANDBY', 'fault_active': True, 'active_faults': ['BATTERY_RESISTANCE_SPIKE'], 'dataset': 'ASTRA_SIMULATED_EPS'}"
4220.0,ASTRA-FLAGSHIP-01,EPS,32.78118324465976,-21.287148445859724,15.80029704220097,39.99881624791178,1.0,"{'soh': 0.9999704061977946, 'internal_resistance_ohm': 0.20250719129393585, 'solar_health_factor': 1.0}",ANOMALOUS,"{'is_sunlight': True, 'orbit_fraction': 0.735191637630662, 'solar_power_w': 789.9172642159085, 'load_power_w': 95.0, 'operating_mode': 'STANDBY', 'fault_active': True, 'active_faults': ['BATTERY_RESISTANCE_SPIKE'], 'dataset': 'ASTRA_SIMULATED_EPS'}"
4230.0,ASTRA-FLAGSHIP-01,EPS,33.00213971916521,-21.0690423832875,15.891964915937603,39.99881624791178,1.0,"{'soh': 0.9999704061977946, 'internal_resistance_ohm': 0.20250719129393585, 'solar_health_factor': 1.0}",ANOMALOUS,"{'is_sunlight': True, 'orbit_fraction': 0.7369337979094077, 'solar_power_w': 790.0238589428643, 'load_power_w': 95.0, 'operating_mode': 'STANDBY', 'fault_active': True, 'active_faults': ['BATTERY_RESISTANCE_SPIKE'], 'dataset': 'ASTRA_SIMULATED_EPS'}"
4240.0,ASTRA-FLAGSHIP-01,EPS,32.62028785085225,-21.228566074060918,15.946532206864823,39.99881624791178,1.0,"{'soh': 0.9999704061977946, 'internal_resistance_ohm': 0.20250719129393585, 'solar_health_factor': 1.0}",ANOMALOUS,"{'is_sunlight': True, 'orbit_fraction': 0.7386759581881533, 'solar_power_w': 790.1331195030815, 'load_power_w': 95.0, 'operating_mode': 'STANDBY', 'fault_active': True, 'active_faults': ['BATTERY_RESISTANCE_SPIKE'], 'dataset': 'ASTRA_SIMULATED_EPS'}"
4250.0,ASTRA-FLAGSHIP-01,EPS,32.822665164080085,-20.939457320092295,15.929847540977274,39.99881624791178,1.0,"{'soh': 0.9999704061977946, 'internal_resistance_ohm': 0.20250719129393585, 'solar_health_factor': 1.0}",ANOMALOUS,"{'is_sunlight': True, 'orbit_fraction': 0.740418118466899, 'solar_power_w': 790.2450137928198, 'load_power_w': 95.0, 'operating_mode': 'STANDBY', 'fault_active': True, 'active_faults': ['BATTERY_RESISTANCE_SPIKE'], 'dataset': 'ASTRA_SIMULATED_EPS'}"
4260.0,ASTRA-FLAGSHIP-01,EPS,32.83091950039036,-21.234669808131613,15.941098209849315,39.99881624791178,1.0,"{'soh': 0.9999704061977946, 'internal_resistance_ohm': 0.20250719129393585, 'solar_health_factor': 1.0}",ANOMALOUS,"{'is_sunlight': True, 'orbit_fraction': 0.7421602787456446, 'solar_power_w': 790.3595089290782, 'load_power_w': 95.0, 'operating_mode': 'STANDBY', 'fault_active': True, 'active_faults': ['BATTERY_RESISTANCE_SPIKE'], 'dataset': 'ASTRA_SIMULATED_EPS'}"
4270.0,ASTRA-FLAGSHIP-01,EPS,32.774419384336944,-21.125312399908942,16.006431157344302,39.99881624791178,1.0,"{'soh': 0.9999704061977946, 'internal_resistance_ohm': 0.20250719129393585, 'solar_health_factor': 1.0}",ANOMALOUS,"{'is_sunlight': True, 'orbit_fraction': 0.7439024390243902, 'solar_power_w': 790.476571259368, 'load_power_w': 95.0, 'operating_mode': 'STANDBY', 'fault_active': True, 'active_faults': ['BATTERY_RESISTANCE_SPIKE'], 'dataset': 'ASTRA_SIMULATED_EPS'}"
4280.0,ASTRA-FLAGSHIP-01,EPS,32.67052399052166,-21.3553898834249,15.890896183405397,39.99881624791178,1.0,"{'soh': 0.9999704061977946, 'internal_resistance_ohm': 0.20250719129393585, 'solar_health_factor': 1.0}",ANOMALOUS,"{'is_sunlight': True, 'orbit_fraction': 0.7456445993031359, 'solar_power_w': 790.5961663717256, 'load_power_w': 95.0, 'operating_mode': 'STANDBY', 'fault_active': True, 'active_faults': ['BATTERY_RESISTANCE_SPIKE'], 'dataset': 'ASTRA_SIMULATED_EPS'}"
4290.0,ASTRA-FLAGSHIP-01,EPS,32.88273311298353,-21.333831031820626,15.899108038540776,39.99881624791178,1.0,"{'soh': 0.9999704061977946, 'internal_resistance_ohm': 0.20250719129393585, 'solar_health_factor': 1.0}",ANOMALOUS,"{'is_sunlight': True, 'orbit_fraction': 0.7473867595818815, 'solar_power_w': 790.7182591049561, 'load_power_w': 95.0, 'operating_mode': 'STANDBY', 'fault_active': True, 'active_faults': ['BATTERY_RESISTANCE_SPIKE'], 'dataset': 'ASTRA_SIMULATED_EPS'}"
4300.0,ASTRA-FLAGSHIP-01,EPS,32.86314977042255,-20.938181410130184,16.030431015762904,39.99881624791178,1.0,"{'soh': 0.9999704061977946, 'internal_resistance_ohm': 0.20250719129393585, 'solar_health_factor': 1.0}",ANOMALOUS,"{'is_sunlight': True, 'orbit_fraction': 0.7491289198606271, 'solar_power_w': 790.842813559106, 'load_power_w': 95.0, 'operating_mode': 'STANDBY', 'fault_active': True, 'active_faults': ['BATTERY_RESISTANCE_SPIKE'], 'dataset': 'ASTRA_SIMULATED_EPS'}"
4310.0,ASTRA-FLAGSHIP-01,EPS,32.936934070538875,-21.209873062176626,16.049708119850102,39.99881624791178,1.0,"{'soh': 0.9999704061977946, 'internal_resistance_ohm': 0.20250719129393585, 'solar_health_factor': 1.0}",ANOMALOUS,"{'is_sunlight': True, 'orbit_fraction': 0.7508710801393729, 'solar_power_w': 790.9697931061646, 'load_power_w': 95.0, 'operating_mode': 'STANDBY', 'fault_active': True, 'active_faults': ['BATTERY_RESISTANCE_SPIKE'], 'dataset': 'ASTRA_SIMULATED_EPS'}"
4320.0,ASTRA-FLAGSHIP-01,EPS,32.95014989465131,-21.255161796651056,16.091876477939895,39.99881624791178,1.0,"{'soh': 0.9999704061977946, 'internal_resistance_ohm': 0.20250719129393585, 'solar_health_factor': 1.0}",ANOMALOUS,"{'is_sunlight': True, 'orbit_fraction': 0.7526132404181185, 'solar_power_w': 791.099160400986, 'load_power_w': 95.0, 'operating_mode': 'STANDBY', 'fault_active': True, 'active_faults': ['BATTERY_RESISTANCE_SPIKE'], 'dataset': 'ASTRA_SIMULATED_EPS'}"
4330.0,ASTRA-FLAGSHIP-01,EPS,32.852181512112864,-21.301171884927808,16.151899628080496,39.99881624791178,1.0,"{'soh': 0.9999704061977946, 'internal_resistance_ohm': 0.20250719129393585, 'solar_health_factor': 1.0}",ANOMALOUS,"{'is_sunlight': True, 'orbit_fraction': 0.7543554006968641, 'solar_power_w': 791.2308773924314, 'load_power_w': 95.0, 'operating_mode': 'STANDBY', 'fault_active': True, 'active_faults': ['BATTERY_RESISTANCE_SPIKE'], 'dataset': 'ASTRA_SIMULATED_EPS'}"
4340.0,ASTRA-FLAGSHIP-01,EPS,32.77073110217645,-21.31501508779262,16.15285020942058,39.99881624791178,1.0,"{'soh': 0.9999704061977946, 'internal_resistance_ohm': 0.20250719129393585, 'solar_health_factor': 1.0}",ANOMALOUS,"{'is_sunlight': True, 'orbit_fraction': 0.7560975609756098, 'solar_power_w': 791.3649053347269, 'load_power_w': 95.0, 'operating_mode': 'STANDBY', 'fault_active': True, 'active_faults': ['BATTERY_RESISTANCE_SPIKE'], 'dataset': 'ASTRA_SIMULATED_EPS'}"
4350.0,ASTRA-FLAGSHIP-01,EPS,32.652077836970285,-21.232032676985202,16.149232701497205,39.99881624791178,1.0,"{'soh': 0.9999704061977946, 'internal_resistance_ohm': 0.20250719129393585, 'solar_health_factor': 1.0}",ANOMALOUS,"{'is_sunlight': True, 'orbit_fraction': 0.7578397212543554, 'solar_power_w': 791.5012047990353, 'load_power_w': 95.0, 'operating_mode': 'STANDBY', 'fault_active': True, 'active_faults': ['BATTERY_RESISTANCE_SPIKE'], 'dataset': 'ASTRA_SIMULATED_EPS'}"
4360.0,ASTRA-FLAGSHIP-01,EPS,32.97750774379739,-21.186604323261594,16.17203813365528,39.99881624791178,1.0,"{'soh': 0.9999704061977946, 'internal_resistance_ohm': 0.20250719129393585, 'solar_health_factor': 1.0}",ANOMALOUS,"{'is_sunlight': True, 'orbit_fraction': 0.759581881533101, 'solar_power_w': 791.6397356852345, 'load_power_w': 95.0, 'operating_mode': 'STANDBY', 'fault_active': True, 'active_faults': ['BATTERY_RESISTANCE_SPIKE'], 'dataset': 'ASTRA_SIMULATED_EPS'}"
4370.0,ASTRA-FLAGSHIP-01,EPS,32.933535316284306,-21.08906302669748,16.224717891625886,39.99881624791178,1.0,"{'soh': 0.9999704061977946, 'internal_resistance_ohm': 0.20250719129393585, 'solar_health_factor': 1.0}",ANOMALOUS,"{'is_sunlight': True, 'orbit_fraction': 0.7613240418118467, 'solar_power_w': 791.7804572339007, 'load_power_w': 95.0, 'operating_mode': 'STANDBY', 'fault_active': True, 'active_faults': ['BATTERY_RESISTANCE_SPIKE'], 'dataset': 'ASTRA_SIMULATED_EPS'}"
4380.0,ASTRA-FLAGSHIP-01,EPS,32.801121798227676,-21.39396447332193,16.167046820151036,39.99881624791178,1.0,"{'soh': 0.9999704061977946, 'internal_resistance_ohm': 0.20250719129393585, 'solar_health_factor': 1.0}",ANOMALOUS,"{'is_sunlight': True, 'orbit_fraction': 0.7630662020905923, 'solar_power_w': 791.9233280384955, 'load_power_w': 95.0, 'operating_mode': 'STANDBY', 'fault_active': True, 'active_faults': ['BATTERY_RESISTANCE_SPIKE'], 'dataset': 'ASTRA_SIMULATED_EPS'}"
4390.0,ASTRA-FLAGSHIP-01,EPS,32.74936802592443,-21.320271433097446,16.234366464813387,39.99881624791178,1.0,"{'soh': 0.9999704061977946, 'internal_resistance_ohm': 0.20250719129393585, 'solar_health_factor': 1.0}",ANOMALOUS,"{'is_sunlight': True, 'orbit_fraction': 0.764808362369338, 'solar_power_w': 792.068306057746, 'load_power_w': 95.0, 'operating_mode': 'STANDBY', 'fault_active': True, 'active_faults': ['BATTERY_RESISTANCE_SPIKE'], 'dataset': 'ASTRA_SIMULATED_EPS'}"
4400.0,ASTRA-FLAGSHIP-01,EPS,32.80871442291988,-21.197992104501726,16.263540184313136,39.99881624791178,1.0,"{'soh': 0.9999704061977946, 'internal_resistance_ohm': 0.20250719129393585, 'solar_health_factor': 1.0}",ANOMALOUS,"{'is_sunlight': True, 'orbit_fraction': 0.7665505226480837, 'solar_power_w': 792.2153486282226, 'load_power_w': 95.0, 'operating_mode': 'STANDBY', 'fault_active': True, 'active_faults': ['BATTERY_RESISTANCE_SPIKE'], 'dataset': 'ASTRA_SIMULATED_EPS'}"
4410.0,ASTRA-FLAGSHIP-01,EPS,32.87920886684783,-21.254307029324096,16.19157962123649,39.99881624791178,1.0,"{'soh': 0.9999704061977946, 'internal_resistance_ohm': 0.20250719129393585, 'solar_health_factor': 1.0}",ANOMALOUS,"{'is_sunlight': True, 'orbit_fraction': 0.7682926829268293, 'solar_power_w': 792.3644124771018, 'load_power_w': 95.0, 'operating_mode': 'STANDBY', 'fault_active': True, 'active_faults': ['BATTERY_RESISTANCE_SPIKE'], 'dataset': 'ASTRA_SIMULATED_EPS'}"
4420.0,ASTRA-FLAGSHIP-01,EPS,32.64537569909621,-21.28212983854848,16.253093937879985,39.99881624791178,1.0,"{'soh': 0.9999704061977946, 'internal_resistance_ohm': 0.20250719129393585, 'solar_health_factor': 1.0}",ANOMALOUS,"{'is_sunlight': True, 'orbit_fraction': 0.7700348432055749, 'solar_power_w': 792.5154537351187, 'load_power_w': 95.0, 'operating_mode': 'STANDBY', 'fault_active': True, 'active_faults': ['BATTERY_RESISTANCE_SPIKE'], 'dataset': 'ASTRA_SIMULATED_EPS'}"
4430.0,ASTRA-FLAGSHIP-01,EPS,32.89781058230879,-21.100297572964692,16.397680557806847,39.99881624791178,1.0,"{'soh': 0.9999704061977946, 'internal_resistance_ohm': 0.20250719129393585, 'solar_health_factor': 1.0}",ANOMALOUS,"{'is_sunlight': True, 'orbit_fraction': 0.7717770034843205, 'solar_power_w': 792.6684279496963, 'load_power_w': 95.0, 'operating_mode': 'STANDBY', 'fault_active': True, 'active_faults': ['BATTERY_RESISTANCE_SPIKE'], 'dataset': 'ASTRA_SIMULATED_EPS'}"
4440.0,ASTRA-FLAGSHIP-01,EPS,32.76441998227362,-21.109440771028794,16.367277858174827,39.99881624791178,1.0,"{'soh': 0.9999704061977946, 'internal_resistance_ohm': 0.20250719129393585, 'solar_health_factor': 1.0}",ANOMALOUS,"{'is_sunlight': True, 'orbit_fraction': 0.7735191637630662, 'solar_power_w': 792.8232900982533, 'load_power_w': 95.0, 'operating_mode': 'STANDBY', 'fault_active': True, 'active_faults': ['BATTERY_RESISTANCE_SPIKE'], 'dataset': 'ASTRA_SIMULATED_EPS'}"
4450.0,ASTRA-FLAGSHIP-01,EPS,32.74414286993594,-21.348585415561896,16.367761415696144,39.99881624791178,1.0,"{'soh': 0.9999704061977946, 'internal_resistance_ohm': 0.20250719129393585, 'solar_health_factor': 1.0}",ANOMALOUS,"{'is_sunlight': True, 'orbit_fraction': 0.7752613240418118, 'solar_power_w': 792.979994601687, 'load_power_w': 95.0, 'operating_mode': 'STANDBY', 'fault_active': True, 'active_faults': ['BATTERY_RESISTANCE_SPIKE'], 'dataset': 'ASTRA_SIMULATED_EPS'}"
4460.0,ASTRA-FLAGSHIP-01,EPS,32.73576411810059,-21.266095312443863,16.413892572672985,39.99881624791178,1.0,"{'soh': 0.9999704061977946, 'internal_resistance_ohm': 0.20250719129393585, 'solar_health_factor': 1.0}",ANOMALOUS,"{'is_sunlight': True, 'orbit_fraction': 0.7770034843205574, 'solar_power_w': 793.1384953380204, 'load_power_w': 95.0, 'operating_mode': 'STANDBY', 'fault_active': True, 'active_faults': ['BATTERY_RESISTANCE_SPIKE'], 'dataset': 'ASTRA_SIMULATED_EPS'}"
4470.0,ASTRA-FLAGSHIP-01,EPS,32.79992353692158,-21.241273084846437,16.488313883696822,39.99881624791178,1.0,"{'soh': 0.9999704061977946, 'internal_resistance_ohm': 0.20250719129393585, 'solar_health_factor': 1.0}",ANOMALOUS,"{'is_sunlight': True, 'orbit_fraction': 0.7787456445993032, 'solar_power_w': 793.2987456562153, 'load_power_w': 95.0, 'operating_mode': 'STANDBY', 'fault_active': True, 'active_faults': ['BATTERY_RESISTANCE_SPIKE'], 'dataset': 'ASTRA_SIMULATED_EPS'}"
4480.0,ASTRA-FLAGSHIP-01,EPS,32.95514814187781,-21.46043576178151,16.32394209569252,39.99881624791178,1.0,"{'soh': 0.9999704061977946, 'internal_resistance_ohm': 0.20250719129393585, 'solar_health_factor': 1.0}",ANOMALOUS,"{'is_sunlight': True, 'orbit_fraction': 0.7804878048780488, 'solar_power_w': 793.460698390146, 'load_power_w': 95.0, 'operating_mode': 'STANDBY', 'fault_active': True, 'active_faults': ['BATTERY_RESISTANCE_SPIKE'], 'dataset': 'ASTRA_SIMULATED_EPS'}"
4490.0,ASTRA-FLAGSHIP-01,EPS,32.95264977298336,-21.452301829650047,16.463195513936483,39.99881624791178,1.0,"{'soh': 0.9999704061977946, 'internal_resistance_ohm': 0.20250719129393585, 'solar_health_factor': 1.0}",ANOMALOUS,"{'is_sunlight': True, 'orbit_fraction': 0.7822299651567944, 'solar_power_w': 793.6243058727258, 'load_power_w': 95.0, 'operating_mode': 'STANDBY', 'fault_active': True, 'active_faults': ['BATTERY_RESISTANCE_SPIKE'], 'dataset': 'ASTRA_SIMULATED_EPS'}"
4500.0,ASTRA-FLAGSHIP-01,EPS,32.60752883205019,-21.50589793319415,16.524241763683943,39.99881624791178,1.0,"{'soh': 0.9999704061977946, 'internal_resistance_ohm': 0.20250719129393585, 'solar_health_factor': 1.0}",ANOMALOUS,"{'is_sunlight': True, 'orbit_fraction': 0.7839721254355401, 'solar_power_w': 793.7895199501866, 'load_power_w': 95.0, 'operating_mode': 'STANDBY', 'fault_active': True, 'active_faults': ['BATTERY_RESISTANCE_SPIKE'], 'dataset': 'ASTRA_SIMULATED_EPS'}"
4510.0,ASTRA-FLAGSHIP-01,EPS,32.92392325830565,-21.374327059409556,16.390290729660393,39.99881624791178,1.0,"{'soh': 0.9999704061977946, 'internal_resistance_ohm': 0.20250719129393585, 'solar_health_factor': 1.0}",ANOMALOUS,"{'is_sunlight': True, 'orbit_fraction': 0.7857142857142857, 'solar_power_w': 793.9562919965015, 'load_power_w': 95.0, 'operating_mode': 'STANDBY', 'fault_active': True, 'active_faults': ['BATTERY_RESISTANCE_SPIKE'], 'dataset': 'ASTRA_SIMULATED_EPS'}"
4520.0,ASTRA-FLAGSHIP-01,EPS,32.70984148206399,-21.27143205911148,16.468511018244218,39.99881624791178,1.0,"{'soh': 0.9999704061977946, 'internal_resistance_ohm': 0.20250719129393585, 'solar_health_factor': 1.0}",ANOMALOUS,"{'is_sunlight': True, 'orbit_fraction': 0.7874564459930313, 'solar_power_w': 794.1245729279519, 'load_power_w': 95.0, 'operating_mode': 'STANDBY', 'fault_active': True, 'active_faults': ['BATTERY_RESISTANCE_SPIKE'], 'dataset': 'ASTRA_SIMULATED_EPS'}"
4530.0,ASTRA-FLAGSHIP-01,EPS,32.82949449715473,-21.32203158432494,16.593974620738493,39.99881624791178,1.0,"{'soh': 0.9999704061977946, 'internal_resistance_ohm': 0.20250719129393585, 'solar_health_factor': 1.0}",ANOMALOUS,"{'is_sunlight': True, 'orbit_fraction': 0.789198606271777, 'solar_power_w': 794.2943132178291, 'load_power_w': 95.0, 'operating_mode': 'STANDBY', 'fault_active': True, 'active_faults': ['BATTERY_RESISTANCE_SPIKE'], 'dataset': 'ASTRA_SIMULATED_EPS'}"
4540.0,ASTRA-FLAGSHIP-01,EPS,32.819034834416485,-21.43416250344975,16.647331927386304,39.99881624791178,1.0,"{'soh': 0.9999704061977946, 'internal_resistance_ohm': 0.20250719129393585, 'solar_health_factor': 1.0}",ANOMALOUS,"{'is_sunlight': True, 'orbit_fraction': 0.7909407665505227, 'solar_power_w': 794.4654629112695, 'load_power_w': 95.0, 'operating_mode': 'STANDBY', 'fault_active': True, 'active_faults': ['BATTERY_RESISTANCE_SPIKE'], 'dataset': 'ASTRA_SIMULATED_EPS'}"
4550.0,ASTRA-FLAGSHIP-01,EPS,32.77342560497901,-21.333849216486954,16.56327327874328,39.99881624791178,1.0,"{'soh': 0.9999704061977946, 'internal_resistance_ohm': 0.20250719129393585, 'solar_health_factor': 1.0}",ANOMALOUS,"{'is_sunlight': True, 'orbit_fraction': 0.7926829268292683, 'solar_power_w': 794.6379716402155, 'load_power_w': 95.0, 'operating_mode': 'STANDBY', 'fault_active': True, 'active_faults': ['BATTERY_RESISTANCE_SPIKE'], 'dataset': 'ASTRA_SIMULATED_EPS'}"
4560.0,ASTRA-FLAGSHIP-01,EPS,32.726726985850036,-21.434915156417713,16.623662875896244,39.99881624791178,1.0,"{'soh': 0.9999704061977946, 'internal_resistance_ohm': 0.20250719129393585, 'solar_health_factor': 1.0}",ANOMALOUS,"{'is_sunlight': True, 'orbit_fraction': 0.794425087108014, 'solar_power_w': 794.8117886385007, 'load_power_w': 95.0, 'operating_mode': 'STANDBY', 'fault_active': True, 'active_faults': ['BATTERY_RESISTANCE_SPIKE'], 'dataset': 'ASTRA_SIMULATED_EPS'}"
4570.0,ASTRA-FLAGSHIP-01,EPS,33.08013925939812,-21.49468888579569,16.573945948521533,39.99881624791178,1.0,"{'soh': 0.9999704061977946, 'internal_resistance_ohm': 0.20250719129393585, 'solar_health_factor': 1.0}",ANOMALOUS,"{'is_sunlight': True, 'orbit_fraction': 0.7961672473867596, 'solar_power_w': 794.9868627570512, 'load_power_w': 95.0, 'operating_mode': 'STANDBY', 'fault_active': True, 'active_faults': ['BATTERY_RESISTANCE_SPIKE'], 'dataset': 'ASTRA_SIMULATED_EPS'}"
4580.0,ASTRA-FLAGSHIP-01,EPS,33.04069169511555,-21.370200727054776,16.643424717433266,39.99881624791178,1.0,"{'soh': 0.9999704061977946, 'internal_resistance_ohm': 0.20250719129393585, 'solar_health_factor': 1.0}",ANOMALOUS,"{'is_sunlight': True, 'orbit_fraction': 0.7979094076655052, 'solar_power_w': 795.1631424792014, 'load_power_w': 95.0, 'operating_mode': 'STANDBY', 'fault_active': True, 'active_faults': ['BATTERY_RESISTANCE_SPIKE'], 'dataset': 'ASTRA_SIMULATED_EPS'}"
4590.0,ASTRA-FLAGSHIP-01,EPS,32.96996537218807,-21.419906058546594,16.790373831098634,39.99881624791178,1.0,"{'soh': 0.9999704061977946, 'internal_resistance_ohm': 0.20250719129393585, 'solar_health_factor': 1.0}",ANOMALOUS,"{'is_sunlight': True, 'orbit_fraction': 0.7996515679442509, 'solar_power_w': 795.3405759361158, 'load_power_w': 95.0, 'operating_mode': 'STANDBY', 'fault_active': True, 'active_faults': ['BATTERY_RESISTANCE_SPIKE'], 'dataset': 'ASTRA_SIMULATED_EPS'}"
4600.0,ASTRA-FLAGSHIP-01,EPS,32.91060188885666,-21.412207828764714,16.82907456049677,39.99881624791178,1.0,"{'soh': 0.9999704061977946, 'internal_resistance_ohm': 0.20250719129393585, 'solar_health_factor': 1.0}",ANOMALOUS,"{'is_sunlight': True, 'orbit_fraction': 0.8013937282229965, 'solar_power_w': 795.5191109223155, 'load_power_w': 95.0, 'operating_mode': 'STANDBY', 'fault_active': True, 'active_faults': ['BATTERY_RESISTANCE_SPIKE'], 'dataset': 'ASTRA_SIMULATED_EPS'}"
4610.0,ASTRA-FLAGSHIP-01,EPS,32.7000884954803,-21.280162332987384,16.75825055445426,39.99881624791178,1.0,"{'soh': 0.9999704061977946, 'internal_resistance_ohm': 0.20250719129393585, 'solar_health_factor': 1.0}",ANOMALOUS,"{'is_sunlight': True, 'orbit_fraction': 0.8031358885017421, 'solar_power_w': 795.6986949113018, 'load_power_w': 95.0, 'operating_mode': 'STANDBY', 'fault_active': True, 'active_faults': ['BATTERY_RESISTANCE_SPIKE'], 'dataset': 'ASTRA_SIMULATED_EPS'}"
4620.0,ASTRA-FLAGSHIP-01,EPS,33.01290582082499,-21.194001382110567,16.76690403708607,39.99881624791178,1.0,"{'soh': 0.9999704061977946, 'internal_resistance_ohm': 0.20250719129393585, 'solar_health_factor': 1.0}",ANOMALOUS,"{'is_sunlight': True, 'orbit_fraction': 0.8048780487804879, 'solar_power_w': 795.8792750712731, 'load_power_w': 95.0, 'operating_mode': 'STANDBY', 'fault_active': True, 'active_faults': ['BATTERY_RESISTANCE_SPIKE'], 'dataset': 'ASTRA_SIMULATED_EPS'}"
4630.0,ASTRA-FLAGSHIP-01,EPS,32.67586563750175,-21.322722680129495,16.753377250932825,39.99881624791178,1.0,"{'soh': 0.9999704061977946, 'internal_resistance_ohm': 0.20250719129393585, 'solar_health_factor': 1.0}",ANOMALOUS,"{'is_sunlight': True, 'orbit_fraction': 0.8066202090592335, 'solar_power_w': 796.0607982809305, 'load_power_w': 95.0, 'operating_mode': 'STANDBY', 'fault_active': True, 'active_faults': ['BATTERY_RESISTANCE_SPIKE'], 'dataset': 'ASTRA_SIMULATED_EPS'}"
4640.0,ASTRA-FLAGSHIP-01,EPS,33.12961370841187,-21.364463516453615,16.790897573803036,39.99881624791178,1.0,"{'soh': 0.9999704061977946, 'internal_resistance_ohm': 0.20250719129393585, 'solar_health_factor': 1.0}",ANOMALOUS,"{'is_sunlight': True, 'orbit_fraction': 0.8083623693379791, 'solar_power_w': 796.2432111453656, 'load_power_w': 95.0, 'operating_mode': 'STANDBY', 'fault_active': True, 'active_faults': ['BATTERY_RESISTANCE_SPIKE'], 'dataset': 'ASTRA_SIMULATED_EPS'}"
4650.0,ASTRA-FLAGSHIP-01,EPS,32.82971103667006,-21.536107920698207,16.782425179706124,39.99881624791178,1.0,"{'soh': 0.9999704061977946, 'internal_resistance_ohm': 0.20250719129393585, 'solar_health_factor': 1.0}",ANOMALOUS,"{'is_sunlight': True, 'orbit_fraction': 0.8101045296167247, 'solar_power_w': 796.4264600120259, 'load_power_w': 95.0, 'operating_mode': 'STANDBY', 'fault_active': True, 'active_faults': ['BATTERY_RESISTANCE_SPIKE'], 'dataset': 'ASTRA_SIMULATED_EPS'}"
4660.0,ASTRA-FLAGSHIP-01,EPS,32.99628842209015,-21.464481796363327,16.800444316813213,39.99881624791178,1.0,"{'soh': 0.9999704061977946, 'internal_resistance_ohm': 0.20250719129393585, 'solar_health_factor': 1.0}",ANOMALOUS,"{'is_sunlight': True, 'orbit_fraction': 0.8118466898954704, 'solar_power_w': 796.6104909867548, 'load_power_w': 95.0, 'operating_mode': 'STANDBY', 'fault_active': True, 'active_faults': ['BATTERY_RESISTANCE_SPIKE'], 'dataset': 'ASTRA_SIMULATED_EPS'}"
4670.0,ASTRA-FLAGSHIP-01,EPS,32.88743350423921,-21.263793845882308,16.91046342517137,39.99881624791178,1.0,"{'soh': 0.9999704061977946, 'internal_resistance_ohm': 0.20250719129393585, 'solar_health_factor': 1.0}",ANOMALOUS,"{'is_sunlight': True, 'orbit_fraction': 0.813588850174216, 'solar_power_w': 796.7952499498972, 'load_power_w': 95.0, 'operating_mode': 'STANDBY', 'fault_active': True, 'active_faults': ['BATTERY_RESISTANCE_SPIKE'], 'dataset': 'ASTRA_SIMULATED_EPS'}"
4680.0,ASTRA-FLAGSHIP-01,EPS,32.96277295023578,-21.486995396207035,16.82509318427532,39.99881624791178,1.0,"{'soh': 0.9999704061977946, 'internal_resistance_ohm': 0.20250719129393585, 'solar_health_factor': 1.0}",ANOMALOUS,"{'is_sunlight': True, 'orbit_fraction': 0.8153310104529616, 'solar_power_w': 796.9806825724698, 'load_power_w': 95.0, 'operating_mode': 'STANDBY', 'fault_active': True, 'active_faults': ['BATTERY_RESISTANCE_SPIKE'], 'dataset': 'ASTRA_SIMULATED_EPS'}"
4690.0,ASTRA-FLAGSHIP-01,EPS,33.04563839345668,-21.44405121792861,16.905252243542694,39.99881624791178,1.0,"{'soh': 0.9999704061977946, 'internal_resistance_ohm': 0.20250719129393585, 'solar_health_factor': 1.0}",ANOMALOUS,"{'is_sunlight': True, 'orbit_fraction': 0.8170731707317073, 'solar_power_w': 797.1667343323874, 'load_power_w': 95.0, 'operating_mode': 'STANDBY', 'fault_active': True, 'active_faults': ['BATTERY_RESISTANCE_SPIKE'], 'dataset': 'ASTRA_SIMULATED_EPS'}"
4700.0,ASTRA-FLAGSHIP-01,EPS,33.017244012442404,-21.35125239978917,16.962140832584552,39.99881624791178,1.0,"{'soh': 0.9999704061977946, 'internal_resistance_ohm': 0.20250719129393585, 'solar_health_factor': 1.0}",ANOMALOUS,"{'is_sunlight': True, 'orbit_fraction': 0.818815331010453, 'solar_power_w': 797.3533505307417, 'load_power_w': 95.0, 'operating_mode': 'STANDBY', 'fault_active': True, 'active_faults': ['BATTERY_RESISTANCE_SPIKE'], 'dataset': 'ASTRA_SIMULATED_EPS'}"
4710.0,ASTRA-FLAGSHIP-01,EPS,33.154478147728575,-21.49142922447717,17.00723352653392,39.99881624791178,1.0,"{'soh': 0.9999704061977946, 'internal_resistance_ohm': 0.20250719129393585, 'solar_health_factor': 1.0}",ANOMALOUS,"{'is_sunlight': True, 'orbit_fraction': 0.8205574912891986, 'solar_power_w': 797.5404763081291, 'load_power_w': 95.0, 'operating_mode': 'STANDBY', 'fault_active': True, 'active_faults': ['BATTERY_RESISTANCE_SPIKE'], 'dataset': 'ASTRA_SIMULATED_EPS'}"
4720.0,ASTRA-FLAGSHIP-01,EPS,32.80877398667385,-21.394896193436207,17.058702697396804,39.99881624791178,1.0,"{'soh': 0.9999704061977946, 'internal_resistance_ohm': 0.20250719129393585, 'solar_health_factor': 1.0}",ANOMALOUS,"{'is_sunlight': True, 'orbit_fraction': 0.8222996515679443, 'solar_power_w': 797.728056661017, 'load_power_w': 95.0, 'operating_mode': 'STANDBY', 'fault_active': True, 'active_faults': ['BATTERY_RESISTANCE_SPIKE'], 'dataset': 'ASTRA_SIMULATED_EPS'}"
4730.0,ASTRA-FLAGSHIP-01,EPS,32.88270759984942,-21.370371405128317,17.057285231538796,39.99881624791178,1.0,"{'soh': 0.9999704061977946, 'internal_resistance_ohm': 0.20250719129393585, 'solar_health_factor': 1.0}",ANOMALOUS,"{'is_sunlight': True, 'orbit_fraction': 0.8240418118466899, 'solar_power_w': 797.9160364581512, 'load_power_w': 95.0, 'operating_mode': 'STANDBY', 'fault_active': True, 'active_faults': ['BATTERY_RESISTANCE_SPIKE'], 'dataset': 'ASTRA_SIMULATED_EPS'}"
4740.0,ASTRA-FLAGSHIP-01,EPS,32.73957280181076,-21.530629572714727,16.97274297866646,39.99881624791178,1.0,"{'soh': 0.9999704061977946, 'internal_resistance_ohm': 0.20250719129393585, 'solar_health_factor': 1.0}",ANOMALOUS,"{'is_sunlight': True, 'orbit_fraction': 0.8257839721254355, 'solar_power_w': 798.1043604569915, 'load_power_w': 95.0, 'operating_mode': 'STANDBY', 'fault_active': True, 'active_faults': ['BATTERY_RESISTANCE_SPIKE'], 'dataset': 'ASTRA_SIMULATED_EPS'}"
4750.0,ASTRA-FLAGSHIP-01,EPS,32.47694718085414,-21.211506067180963,16.991089730912446,39.99881624791178,1.0,"{'soh': 0.9999704061977946, 'internal_resistance_ohm': 0.20250719129393585, 'solar_health_factor': 1.0}",ANOMALOUS,"{'is_sunlight': True, 'orbit_fraction': 0.8275261324041812, 'solar_power_w': 798.2929733201754, 'load_power_w': 95.0, 'operating_mode': 'STANDBY', 'fault_active': True, 'active_faults': ['BATTERY_RESISTANCE_SPIKE'], 'dataset': 'ASTRA_SIMULATED_EPS'}"
4760.0,ASTRA-FLAGSHIP-01,EPS,32.76313904133314,-21.47906261616314,17.082830483691126,39.99881624791178,1.0,"{'soh': 0.9999704061977946, 'internal_resistance_ohm': 0.20250719129393585, 'solar_health_factor': 1.0}",ANOMALOUS,"{'is_sunlight': True, 'orbit_fraction': 0.8292682926829268, 'solar_power_w': 798.4818196320028, 'load_power_w': 95.0, 'operating_mode': 'STANDBY', 'fault_active': True, 'active_faults': ['BATTERY_RESISTANCE_SPIKE'], 'dataset': 'ASTRA_SIMULATED_EPS'}"
4770.0,ASTRA-FLAGSHIP-01,EPS,32.93320255191569,-21.357151828240045,17.05945971647542,39.99881624791178,1.0,"{'soh': 0.9999704061977946, 'internal_resistance_ohm': 0.20250719129393585, 'solar_health_factor': 1.0}",ANOMALOUS,"{'is_sunlight': True, 'orbit_fraction': 0.8310104529616724, 'solar_power_w': 798.6708439149369, 'load_power_w': 95.0, 'operating_mode': 'STANDBY', 'fault_active': True, 'active_faults': ['BATTERY_RESISTANCE_SPIKE'], 'dataset': 'ASTRA_SIMULATED_EPS'}"
4780.0,ASTRA-FLAGSHIP-01,EPS,32.7720165186399,-21.427789853140435,17.097276062525612,39.99881624791178,1.0,"{'soh': 0.9999704061977946, 'internal_resistance_ohm': 0.20250719129393585, 'solar_health_factor': 1.0}",ANOMALOUS,"{'is_sunlight': True, 'orbit_fraction': 0.8327526132404182, 'solar_power_w': 798.8599906461154, 'load_power_w': 95.0, 'operating_mode': 'STANDBY', 'fault_active': True, 'active_faults': ['BATTERY_RESISTANCE_SPIKE'], 'dataset': 'ASTRA_SIMULATED_EPS'}"
4790.0,ASTRA-FLAGSHIP-01,EPS,33.06302404368806,-21.410142239394418,17.16749527982039,39.99881624791178,1.0,"{'soh': 0.9999704061977946, 'internal_resistance_ohm': 0.20250719129393585, 'solar_health_factor': 1.0}",ANOMALOUS,"{'is_sunlight': True, 'orbit_fraction': 0.8344947735191638, 'solar_power_w': 799.0492042738684, 'load_power_w': 95.0, 'operating_mode': 'STANDBY', 'fault_active': True, 'active_faults': ['BATTERY_RESISTANCE_SPIKE'], 'dataset': 'ASTRA_SIMULATED_EPS'}"
4800.0,ASTRA-FLAGSHIP-01,EPS,32.90813461734705,-21.33921485953186,17.160787131411702,39.99881624791178,1.0,"{'soh': 0.9999704061977946, 'internal_resistance_ohm': 0.20250719129393585, 'solar_health_factor': 1.0}",ANOMALOUS,"{'is_sunlight': True, 'orbit_fraction': 0.8362369337979094, 'solar_power_w': 799.2384292342362, 'load_power_w': 95.0, 'operating_mode': 'STANDBY', 'fault_active': True, 'active_faults': ['BATTERY_RESISTANCE_SPIKE'], 'dataset': 'ASTRA_SIMULATED_EPS'}"
4810.0,ASTRA-FLAGSHIP-01,EPS,32.58674729381069,-21.431910090436244,17.14009691264432,39.99881624791178,1.0,"{'soh': 0.9999704061977946, 'internal_resistance_ohm': 0.20250719129393585, 'solar_health_factor': 1.0}",ANOMALOUS,"{'is_sunlight': True, 'orbit_fraction': 0.837979094076655, 'solar_power_w': 799.4276099674821, 'load_power_w': 95.0, 'operating_mode': 'STANDBY', 'fault_active': True, 'active_faults': ['BATTERY_RESISTANCE_SPIKE'], 'dataset': 'ASTRA_SIMULATED_EPS'}"
4820.0,ASTRA-FLAGSHIP-01,EPS,32.71273238500233,-21.41667852416753,17.255451804886036,39.99881624791178,1.0,"{'soh': 0.9999704061977946, 'internal_resistance_ohm': 0.20250719129393585, 'solar_health_factor': 1.0}",ANOMALOUS,"{'is_sunlight': True, 'orbit_fraction': 0.8397212543554007, 'solar_power_w': 799.6166909345969, 'load_power_w': 95.0, 'operating_mode': 'STANDBY', 'fault_active': True, 'active_faults': ['BATTERY_RESISTANCE_SPIKE'], 'dataset': 'ASTRA_SIMULATED_EPS'}"
4830.0,ASTRA-FLAGSHIP-01,EPS,32.80291247571139,-21.45362774463097,17.299465631475947,39.99881624791178,1.0,"{'soh': 0.9999704061977946, 'internal_resistance_ohm': 0.20250719129393585, 'solar_health_factor': 1.0}",ANOMALOUS,"{'is_sunlight': True, 'orbit_fraction': 0.8414634146341463, 'solar_power_w': 799.805616633786, 'load_power_w': 95.0, 'operating_mode': 'STANDBY', 'fault_active': True, 'active_faults': ['BATTERY_RESISTANCE_SPIKE'], 'dataset': 'ASTRA_SIMULATED_EPS'}"
4840.0,ASTRA-FLAGSHIP-01,EPS,32.838906826454014,-21.20149438820738,17.263392086834443,39.99881624791178,1.0,"{'soh': 0.9999704061977946, 'internal_resistance_ohm': 0.20250719129393585, 'solar_health_factor': 1.0}",ANOMALOUS,"{'is_sunlight': True, 'orbit_fraction': 0.8432055749128919, 'solar_power_w': 799.9943316169393, 'load_power_w': 95.0, 'operating_mode': 'STANDBY', 'fault_active': True, 'active_faults': ['BATTERY_RESISTANCE_SPIKE'], 'dataset': 'ASTRA_SIMULATED_EPS'}"
4850.0,ASTRA-FLAGSHIP-01,EPS,32.510663976898364,-21.415102197804917,17.274880879518197,39.99881624791178,1.0,"{'soh': 0.9999704061977946, 'internal_resistance_ohm': 0.20250719129393585, 'solar_health_factor': 1.0}",ANOMALOUS,"{'is_sunlight': True, 'orbit_fraction': 0.8449477351916377, 'solar_power_w': 800.1827805060739, 'load_power_w': 95.0, 'operating_mode': 'STANDBY', 'fault_active': True, 'active_faults': ['BATTERY_RESISTANCE_SPIKE'], 'dataset': 'ASTRA_SIMULATED_EPS'}"
4860.0,ASTRA-FLAGSHIP-01,EPS,33.010939735560235,-21.429836558606247,17.26955129984747,39.99881624791178,1.0,"{'soh': 0.9999704061977946, 'internal_resistance_ohm': 0.20250719129393585, 'solar_health_factor': 1.0}",ANOMALOUS,"{'is_sunlight': True, 'orbit_fraction': 0.8466898954703833, 'solar_power_w': 800.3709080097466, 'load_power_w': 95.0, 'operating_mode': 'STANDBY', 'fault_active': True, 'active_faults': ['BATTERY_RESISTANCE_SPIKE'], 'dataset': 'ASTRA_SIMULATED_EPS'}"
4870.0,ASTRA-FLAGSHIP-01,EPS,32.59864261362632,-21.53483942376004,17.254544145405404,39.99881624791178,1.0,"{'soh': 0.9999704061977946, 'internal_resistance_ohm': 0.20250719129393585, 'solar_health_factor': 1.0}",ANOMALOUS,"{'is_sunlight': True, 'orbit_fraction': 0.8484320557491289, 'solar_power_w': 800.5586589394327, 'load_power_w': 95.0, 'operating_mode': 'STANDBY', 'fault_active': True, 'active_faults': ['BATTERY_RESISTANCE_SPIKE'], 'dataset': 'ASTRA_SIMULATED_EPS'}"
4880.0,ASTRA-FLAGSHIP-01,EPS,32.704219824533226,-21.450758369666893,17.401106539551797,39.99881624791178,1.0,"{'soh': 0.9999704061977946, 'internal_resistance_ohm': 0.20250719129393585, 'solar_health_factor': 1.0}",ANOMALOUS,"{'is_sunlight': True, 'orbit_fraction': 0.8501742160278746, 'solar_power_w': 800.7459782258624, 'load_power_w': 95.0, 'operating_mode': 'STANDBY', 'fault_active': True, 'active_faults': ['BATTERY_RESISTANCE_SPIKE'], 'dataset': 'ASTRA_SIMULATED_EPS'}"
4890.0,ASTRA-FLAGSHIP-01,EPS,32.86414899262277,-21.657392453168875,17.360327817573676,39.99881624791178,1.0,"{'soh': 0.9999704061977946, 'internal_resistance_ohm': 0.20250719129393585, 'solar_health_factor': 1.0}",ANOMALOUS,"{'is_sunlight': True, 'orbit_fraction': 0.8519163763066202, 'solar_power_w': 800.9328109353128, 'load_power_w': 95.0, 'operating_mode': 'STANDBY', 'fault_active': True, 'active_faults': ['BATTERY_RESISTANCE_SPIKE'], 'dataset': 'ASTRA_SIMULATED_EPS'}"
4900.0,ASTRA-FLAGSHIP-01,EPS,32.99566811589055,-21.597086636207628,17.351828565337925,39.99881624791178,1.0,"{'soh': 0.9999704061977946, 'internal_resistance_ohm': 0.20250719129393585, 'solar_health_factor': 1.0}",ANOMALOUS,"{'is_sunlight': True, 'orbit_fraction': 0.8536585365853658, 'solar_power_w': 801.1191022858496, 'load_power_w': 95.0, 'operating_mode': 'STANDBY', 'fault_active': True, 'active_faults': ['BATTERY_RESISTANCE_SPIKE'], 'dataset': 'ASTRA_SIMULATED_EPS'}"
4910.0,ASTRA-FLAGSHIP-01,EPS,32.801832820022454,-21.62249574816371,17.411320700233972,39.99881624791178,1.0,"{'soh': 0.9999704061977946, 'internal_resistance_ohm': 0.20250719129393585, 'solar_health_factor': 1.0}",ANOMALOUS,"{'is_sunlight': True, 'orbit_fraction': 0.8554006968641115, 'solar_power_w': 801.3047976635128, 'load_power_w': 95.0, 'operating_mode': 'STANDBY', 'fault_active': True, 'active_faults': ['BATTERY_RESISTANCE_SPIKE'], 'dataset': 'ASTRA_SIMULATED_EPS'}"
4920.0,ASTRA-FLAGSHIP-01,EPS,32.77958885034896,-21.492422047080275,17.35485498517556,39.99881624791178,1.0,"{'soh': 0.9999704061977946, 'internal_resistance_ohm': 0.20250719129393585, 'solar_health_factor': 1.0}",ANOMALOUS,"{'is_sunlight': True, 'orbit_fraction': 0.8571428571428571, 'solar_power_w': 801.4898426384412, 'load_power_w': 95.0, 'operating_mode': 'STANDBY', 'fault_active': True, 'active_faults': ['BATTERY_RESISTANCE_SPIKE'], 'dataset': 'ASTRA_SIMULATED_EPS'}"
4930.0,ASTRA-FLAGSHIP-01,EPS,32.727682097019375,-21.463891355960264,17.400856657543567,39.99881624791178,1.0,"{'soh': 0.9999704061977946, 'internal_resistance_ohm': 0.20250719129393585, 'solar_health_factor': 1.0}",ANOMALOUS,"{'is_sunlight': True, 'orbit_fraction': 0.8588850174216028, 'solar_power_w': 801.6741829809347, 'load_power_w': 95.0, 'operating_mode': 'STANDBY', 'fault_active': True, 'active_faults': ['BATTERY_RESISTANCE_SPIKE'], 'dataset': 'ASTRA_SIMULATED_EPS'}"
4940.0,ASTRA-FLAGSHIP-01,EPS,33.08264109632147,-21.59598088063858,17.450947222595357,39.99881624791178,1.0,"{'soh': 0.9999704061977946, 'internal_resistance_ohm': 0.20250719129393585, 'solar_health_factor': 1.0}",ANOMALOUS,"{'is_sunlight': True, 'orbit_fraction': 0.8606271777003485, 'solar_power_w': 801.8577646774427, 'load_power_w': 95.0, 'operating_mode': 'STANDBY', 'fault_active': True, 'active_faults': ['BATTERY_RESISTANCE_SPIKE'], 'dataset': 'ASTRA_SIMULATED_EPS'}"
4950.0,ASTRA-FLAGSHIP-01,EPS,32.95236620894707,-21.71645917326119,17.371833311078568,39.99881624791178,1.0,"{'soh': 0.9999704061977946, 'internal_resistance_ohm': 0.20250719129393585, 'solar_health_factor': 1.0}",ANOMALOUS,"{'is_sunlight': True, 'orbit_fraction': 0.8623693379790941, 'solar_power_w': 802.0405339464796, 'load_power_w': 95.0, 'operating_mode': 'STANDBY', 'fault_active': True, 'active_faults': ['BATTERY_RESISTANCE_SPIKE'], 'dataset': 'ASTRA_SIMULATED_EPS'}"
4960.0,ASTRA-FLAGSHIP-01,EPS,32.54922075670197,-21.419605969236997,17.452387847711844,39.99881624791178,1.0,"{'soh': 0.9999704061977946, 'internal_resistance_ohm': 0.20250719129393585, 'solar_health_factor': 1.0}",ANOMALOUS,"{'is_sunlight': True, 'orbit_fraction': 0.8641114982578397, 'solar_power_w': 802.2224372544601, 'load_power_w': 95.0, 'operating_mode': 'STANDBY', 'fault_active': True, 'active_faults': ['BATTERY_RESISTANCE_SPIKE'], 'dataset': 'ASTRA_SIMULATED_EPS'}"
4970.0,ASTRA-FLAGSHIP-01,EPS,33.218961313604034,-21.631224675051623,17.509261704819632,39.99881624791178,1.0,"{'soh': 0.9999704061977946, 'internal_resistance_ohm': 0.20250719129393585, 'solar_health_factor': 1.0}",ANOMALOUS,"{'is_sunlight': True, 'orbit_fraction': 0.8658536585365854, 'solar_power_w': 802.4034213314486, 'load_power_w': 95.0, 'operating_mode': 'STANDBY', 'fault_active': True, 'active_faults': ['BATTERY_RESISTANCE_SPIKE'], 'dataset': 'ASTRA_SIMULATED_EPS'}"
4980.0,ASTRA-FLAGSHIP-01,EPS,33.052325589321036,-21.346626370622882,17.62310922745251,39.99881624791178,1.0,"{'soh': 0.9999704061977946, 'internal_resistance_ohm': 0.20250719129393585, 'solar_health_factor': 1.0}",ANOMALOUS,"{'is_sunlight': True, 'orbit_fraction': 0.867595818815331, 'solar_power_w': 802.5834331868223, 'load_power_w': 95.0, 'operating_mode': 'STANDBY', 'fault_active': True, 'active_faults': ['BATTERY_RESISTANCE_SPIKE'], 'dataset': 'ASTRA_SIMULATED_EPS'}"
4990.0,ASTRA-FLAGSHIP-01,EPS,32.99759258010179,-21.46289251897689,17.569606971951096,39.99881624791178,1.0,"{'soh': 0.9999704061977946, 'internal_resistance_ohm': 0.20250719129393585, 'solar_health_factor': 1.0}",ANOMALOUS,"{'is_sunlight': True, 'orbit_fraction': 0.8693379790940766, 'solar_power_w': 802.7624201248362, 'load_power_w': 95.0, 'operating_mode': 'STANDBY', 'fault_active': True, 'active_faults': ['BATTERY_RESISTANCE_SPIKE'], 'dataset': 'ASTRA_SIMULATED_EPS'}"
5000.0,ASTRA-FLAGSHIP-01,EPS,32.92707297319415,-21.64616536113277,17.518964065321278,39.99881624791178,1.0,"{'soh': 0.9999704061977946, 'internal_resistance_ohm': 0.20250719129393585, 'solar_health_factor': 1.0}",ANOMALOUS,"{'is_sunlight': True, 'orbit_fraction': 0.8710801393728222, 'solar_power_w': 802.9403297600927, 'load_power_w': 95.0, 'operating_mode': 'STANDBY', 'fault_active': True, 'active_faults': ['BATTERY_RESISTANCE_SPIKE'], 'dataset': 'ASTRA_SIMULATED_EPS'}"
5010.0,ASTRA-FLAGSHIP-01,EPS,32.798870597092055,-21.608537182575223,17.557052943000716,39.99881624791178,1.0,"{'soh': 0.9999704061977946, 'internal_resistance_ohm': 0.20250719129393585, 'solar_health_factor': 1.0}",ANOMALOUS,"{'is_sunlight': True, 'orbit_fraction': 0.872822299651568, 'solar_power_w': 803.1171100329055, 'load_power_w': 95.0, 'operating_mode': 'STANDBY', 'fault_active': True, 'active_faults': ['BATTERY_RESISTANCE_SPIKE'], 'dataset': 'ASTRA_SIMULATED_EPS'}"
5020.0,ASTRA-FLAGSHIP-01,EPS,32.91362953417043,-21.48674511432519,17.60392211819376,39.99881624791178,1.0,"{'soh': 0.9999704061977946, 'internal_resistance_ohm': 0.20250719129393585, 'solar_health_factor': 1.0}",ANOMALOUS,"{'is_sunlight': True, 'orbit_fraction': 0.8745644599303136, 'solar_power_w': 803.2927092245575, 'load_power_w': 95.0, 'operating_mode': 'STANDBY', 'fault_active': True, 'active_faults': ['BATTERY_RESISTANCE_SPIKE'], 'dataset': 'ASTRA_SIMULATED_EPS'}"
5030.0,ASTRA-FLAGSHIP-01,EPS,33.04173467638352,-21.728996078586395,17.609553462851505,39.99881624791178,1.0,"{'soh': 0.9999704061977946, 'internal_resistance_ohm': 0.20250719129393585, 'solar_health_factor': 1.0}",ANOMALOUS,"{'is_sunlight': True, 'orbit_fraction': 0.8763066202090593, 'solar_power_w': 803.4670759724441, 'load_power_w': 95.0, 'operating_mode': 'STANDBY', 'fault_active': True, 'active_faults': ['BATTERY_RESISTANCE_SPIKE'], 'dataset': 'ASTRA_SIMULATED_EPS'}"
5040.0,ASTRA-FLAGSHIP-01,EPS,32.681867202264186,-21.816230064832215,17.634784437694513,39.99881624791178,1.0,"{'soh': 0.9999704061977946, 'internal_resistance_ohm': 0.20250719129393585, 'solar_health_factor': 1.0}",ANOMALOUS,"{'is_sunlight': True, 'orbit_fraction': 0.8780487804878049, 'solar_power_w': 803.640159285103, 'load_power_w': 95.0, 'operating_mode': 'STANDBY', 'fault_active': True, 'active_faults': ['BATTERY_RESISTANCE_SPIKE'], 'dataset': 'ASTRA_SIMULATED_EPS'}"
5050.0,ASTRA-FLAGSHIP-01,EPS,32.77945775764793,-21.439399398826314,17.690088606955754,39.99881624791178,1.0,"{'soh': 0.9999704061977946, 'internal_resistance_ohm': 0.20250719129393585, 'solar_health_factor': 1.0}",ANOMALOUS,"{'is_sunlight': True, 'orbit_fraction': 0.8797909407665505, 'solar_power_w': 803.8119085571182, 'load_power_w': 95.0, 'operating_mode': 'STANDBY', 'fault_active': True, 'active_faults': ['BATTERY_RESISTANCE_SPIKE'], 'dataset': 'ASTRA_SIMULATED_EPS'}"
5060.0,ASTRA-FLAGSHIP-01,EPS,32.6314603088653,-21.406034873104367,17.73917691277701,39.99881624791178,1.0,"{'soh': 0.9999704061977946, 'internal_resistance_ohm': 0.20250719129393585, 'solar_health_factor': 1.0}",ANOMALOUS,"{'is_sunlight': True, 'orbit_fraction': 0.8815331010452961, 'solar_power_w': 803.9822735839014, 'load_power_w': 95.0, 'operating_mode': 'STANDBY', 'fault_active': True, 'active_faults': ['BATTERY_RESISTANCE_SPIKE'], 'dataset': 'ASTRA_SIMULATED_EPS'}"
5070.0,ASTRA-FLAGSHIP-01,EPS,32.89488634531177,-21.646459544799786,17.649678265556563,39.99881624791178,1.0,"{'soh': 0.9999704061977946, 'internal_resistance_ohm': 0.20250719129393585, 'solar_health_factor': 1.0}",ANOMALOUS,"{'is_sunlight': True, 'orbit_fraction': 0.8832752613240418, 'solar_power_w': 804.1512045763434, 'load_power_w': 95.0, 'operating_mode': 'STANDBY', 'fault_active': True, 'active_faults': ['BATTERY_RESISTANCE_SPIKE'], 'dataset': 'ASTRA_SIMULATED_EPS'}"
5080.0,ASTRA-FLAGSHIP-01,EPS,32.73838315907185,-21.502778587042013,17.81135247541642,39.99881624791178,1.0,"{'soh': 0.9999704061977946, 'internal_resistance_ohm': 0.20250719129393585, 'solar_health_factor': 1.0}",ANOMALOUS,"{'is_sunlight': True, 'orbit_fraction': 0.8850174216027874, 'solar_power_w': 804.318652175329, 'load_power_w': 95.0, 'operating_mode': 'STANDBY', 'fault_active': True, 'active_faults': ['BATTERY_RESISTANCE_SPIKE'], 'dataset': 'ASTRA_SIMULATED_EPS'}"
5090.0,ASTRA-FLAGSHIP-01,EPS,33.05251149247184,-21.68632269277645,17.68056329336159,39.99881624791178,1.0,"{'soh': 0.9999704061977946, 'internal_resistance_ohm': 0.20250719129393585, 'solar_health_factor': 1.0}",ANOMALOUS,"{'is_sunlight': True, 'orbit_fraction': 0.8867595818815331, 'solar_power_w': 804.4845674661165, 'load_power_w': 95.0, 'operating_mode': 'STANDBY', 'fault_active': True, 'active_faults': ['BATTERY_RESISTANCE_SPIKE'], 'dataset': 'ASTRA_SIMULATED_EPS'}"
5100.0,ASTRA-FLAGSHIP-01,EPS,32.8225289371289,-21.83616932604189,17.77207176629521,39.99881624791178,1.0,"{'soh': 0.9999704061977946, 'internal_resistance_ohm': 0.20250719129393585, 'solar_health_factor': 1.0}",ANOMALOUS,"{'is_sunlight': True, 'orbit_fraction': 0.8885017421602788, 'solar_power_w': 804.6489019925706, 'load_power_w': 95.0, 'operating_mode': 'STANDBY', 'fault_active': True, 'active_faults': ['BATTERY_RESISTANCE_SPIKE'], 'dataset': 'ASTRA_SIMULATED_EPS'}"
5110.0,ASTRA-FLAGSHIP-01,EPS,32.77521759933264,-21.69373544619794,17.695495791541067,39.99881624791178,1.0,"{'soh': 0.9999704061977946, 'internal_resistance_ohm': 0.20250719129393585, 'solar_health_factor': 1.0}",ANOMALOUS,"{'is_sunlight': True, 'orbit_fraction': 0.8902439024390244, 'solar_power_w': 804.8116077712532, 'load_power_w': 95.0, 'operating_mode': 'STANDBY', 'fault_active': True, 'active_faults': ['BATTERY_RESISTANCE_SPIKE'], 'dataset': 'ASTRA_SIMULATED_EPS'}"
5120.0,ASTRA-FLAGSHIP-01,EPS,32.88365293669398,-21.70620477493745,17.73600115393248,39.99881624791178,1.0,"{'soh': 0.9999704061977946, 'internal_resistance_ohm': 0.20250719129393585, 'solar_health_factor': 1.0}",ANOMALOUS,"{'is_sunlight': True, 'orbit_fraction': 0.89198606271777, 'solar_power_w': 804.9726373053595, 'load_power_w': 95.0, 'operating_mode': 'STANDBY', 'fault_active': True, 'active_faults': ['BATTERY_RESISTANCE_SPIKE'], 'dataset': 'ASTRA_SIMULATED_EPS'}"
5130.0,ASTRA-FLAGSHIP-01,EPS,32.328381267549105,-21.653860508757074,17.90232425022957,39.99881624791178,1.0,"{'soh': 0.9999704061977946, 'internal_resistance_ohm': 0.20250719129393585, 'solar_health_factor': 1.0}",ANOMALOUS,"{'is_sunlight': True, 'orbit_fraction': 0.8937282229965157, 'solar_power_w': 805.1319435985015, 'load_power_w': 95.0, 'operating_mode': 'STANDBY', 'fault_active': True, 'active_faults': ['BATTERY_RESISTANCE_SPIKE'], 'dataset': 'ASTRA_SIMULATED_EPS'}"
5140.0,ASTRA-FLAGSHIP-01,EPS,33.07186572513492,-21.7073262013787,17.802764502923605,39.99881624791178,1.0,"{'soh': 0.9999704061977946, 'internal_resistance_ohm': 0.20250719129393585, 'solar_health_factor': 1.0}",ANOMALOUS,"{'is_sunlight': True, 'orbit_fraction': 0.8954703832752613, 'solar_power_w': 805.2894801683316, 'load_power_w': 95.0, 'operating_mode': 'STANDBY', 'fault_active': True, 'active_faults': ['BATTERY_RESISTANCE_SPIKE'], 'dataset': 'ASTRA_SIMULATED_EPS'}"
5150.0,ASTRA-FLAGSHIP-01,EPS,32.87630162631166,-21.77341358653582,17.867077033983485,39.99881624791178,1.0,"{'soh': 0.9999704061977946, 'internal_resistance_ohm': 0.20250719129393585, 'solar_health_factor': 1.0}",ANOMALOUS,"{'is_sunlight': True, 'orbit_fraction': 0.8972125435540069, 'solar_power_w': 805.4452010600055, 'load_power_w': 95.0, 'operating_mode': 'STANDBY', 'fault_active': True, 'active_faults': ['BATTERY_RESISTANCE_SPIKE'], 'dataset': 'ASTRA_SIMULATED_EPS'}"
5160.0,ASTRA-FLAGSHIP-01,EPS,32.925058957726705,-21.52594385181485,17.866041101997865,39.99881624791178,1.0,"{'soh': 0.9999704061977946, 'internal_resistance_ohm': 0.20250719129393585, 'solar_health_factor': 1.0}",ANOMALOUS,"{'is_sunlight': True, 'orbit_fraction': 0.8989547038327527, 'solar_power_w': 805.5990608594767, 'load_power_w': 95.0, 'operating_mode': 'STANDBY', 'fault_active': True, 'active_faults': ['BATTERY_RESISTANCE_SPIKE'], 'dataset': 'ASTRA_SIMULATED_EPS'}"
5170.0,ASTRA-FLAGSHIP-01,EPS,32.766022089942005,-21.769136446709652,17.84871532463768,39.99881624791178,1.0,"{'soh': 0.9999704061977946, 'internal_resistance_ohm': 0.20250719129393585, 'solar_health_factor': 1.0}",ANOMALOUS,"{'is_sunlight': True, 'orbit_fraction': 0.9006968641114983, 'solar_power_w': 805.751014706622, 'load_power_w': 95.0, 'operating_mode': 'STANDBY', 'fault_active': True, 'active_faults': ['BATTERY_RESISTANCE_SPIKE'], 'dataset': 'ASTRA_SIMULATED_EPS'}"
5180.0,ASTRA-FLAGSHIP-01,EPS,32.76228211237817,-21.632543574347736,17.954698415405097,39.99881624791178,1.0,"{'soh': 0.9999704061977946, 'internal_resistance_ohm': 0.20250719129393585, 'solar_health_factor': 1.0}",ANOMALOUS,"{'is_sunlight': True, 'orbit_fraction': 0.9024390243902439, 'solar_power_w': 805.9010183081934, 'load_power_w': 95.0, 'operating_mode': 'STANDBY', 'fault_active': True, 'active_faults': ['BATTERY_RESISTANCE_SPIKE'], 'dataset': 'ASTRA_SIMULATED_EPS'}"
5190.0,ASTRA-FLAGSHIP-01,EPS,32.66770496363926,-21.509443506658286,17.91437228621706,39.99881624791178,1.0,"{'soh': 0.9999704061977946, 'internal_resistance_ohm': 0.20250719129393585, 'solar_health_factor': 1.0}",ANOMALOUS,"{'is_sunlight': True, 'orbit_fraction': 0.9041811846689896, 'solar_power_w': 806.0490279505923, 'load_power_w': 95.0, 'operating_mode': 'STANDBY', 'fault_active': True, 'active_faults': ['BATTERY_RESISTANCE_SPIKE'], 'dataset': 'ASTRA_SIMULATED_EPS'}"
5200.0,ASTRA-FLAGSHIP-01,EPS,32.795919823653826,-21.76790077666026,17.825575310678822,39.99881624791178,1.0,"{'soh': 0.9999704061977946, 'internal_resistance_ohm': 0.20250719129393585, 'solar_health_factor': 1.0}",ANOMALOUS,"{'is_sunlight': True, 'orbit_fraction': 0.9059233449477352, 'solar_power_w': 806.1950005124638, 'load_power_w': 95.0, 'operating_mode': 'STANDBY', 'fault_active': True, 'active_faults': ['BATTERY_RESISTANCE_SPIKE'], 'dataset': 'ASTRA_SIMULATED_EPS'}"
5210.0,ASTRA-FLAGSHIP-01,EPS,32.94440489733434,-21.60395635675757,17.951529512973377,39.99881624791178,1.0,"{'soh': 0.9999704061977946, 'internal_resistance_ohm': 0.20250719129393585, 'solar_health_factor': 1.0}",ANOMALOUS,"{'is_sunlight': True, 'orbit_fraction': 0.9076655052264808, 'solar_power_w': 806.3388934771049, 'load_power_w': 95.0, 'operating_mode': 'STANDBY', 'fault_active': True, 'active_faults': ['BATTERY_RESISTANCE_SPIKE'], 'dataset': 'ASTRA_SIMULATED_EPS'}"
5220.0,ASTRA-FLAGSHIP-01,EPS,32.81041028308006,-21.633326504310823,17.906227008942746,39.99881624791178,1.0,"{'soh': 0.9999704061977946, 'internal_resistance_ohm': 0.20250719129393585, 'solar_health_factor': 1.0}",ANOMALOUS,"{'is_sunlight': True, 'orbit_fraction': 0.9094076655052264, 'solar_power_w': 806.4806649446872, 'load_power_w': 95.0, 'operating_mode': 'STANDBY', 'fault_active': True, 'active_faults': ['BATTERY_RESISTANCE_SPIKE'], 'dataset': 'ASTRA_SIMULATED_EPS'}"
5230.0,ASTRA-FLAGSHIP-01,EPS,32.71266088298017,-21.60598741965204,17.940348219157183,39.99881624791178,1.0,"{'soh': 0.9999704061977946, 'internal_resistance_ohm': 0.20250719129393585, 'solar_health_factor': 1.0}",ANOMALOUS,"{'is_sunlight': True, 'orbit_fraction': 0.9111498257839721, 'solar_power_w': 806.6202736442873, 'load_power_w': 95.0, 'operating_mode': 'STANDBY', 'fault_active': True, 'active_faults': ['BATTERY_RESISTANCE_SPIKE'], 'dataset': 'ASTRA_SIMULATED_EPS'}"
5240.0,ASTRA-FLAGSHIP-01,EPS,32.84756665381511,-21.854284455504942,18.04504268892981,39.99881624791178,1.0,"{'soh': 0.9999704061977946, 'internal_resistance_ohm': 0.20250719129393585, 'solar_health_factor': 1.0}",ANOMALOUS,"{'is_sunlight': True, 'orbit_fraction': 0.9128919860627178, 'solar_power_w': 806.7576789457228, 'load_power_w': 95.0, 'operating_mode': 'STANDBY', 'fault_active': True, 'active_faults': ['BATTERY_RESISTANCE_SPIKE'], 'dataset': 'ASTRA_SIMULATED_EPS'}"
5250.0,ASTRA-FLAGSHIP-01,EPS,32.79357889793996,-21.887784424406387,18.098566901024842,39.99881624791178,1.0,"{'soh': 0.9999704061977946, 'internal_resistance_ohm': 0.20250719129393585, 'solar_health_factor': 1.0}",ANOMALOUS,"{'is_sunlight': True, 'orbit_fraction': 0.9146341463414634, 'solar_power_w': 806.8928408711915, 'load_power_w': 95.0, 'operating_mode': 'STANDBY', 'fault_active': True, 'active_faults': ['BATTERY_RESISTANCE_SPIKE'], 'dataset': 'ASTRA_SIMULATED_EPS'}"
5260.0,ASTRA-FLAGSHIP-01,EPS,32.678953095423765,-21.800480462176267,18.068917513341393,39.99881624791178,1.0,"{'soh': 0.9999704061977946, 'internal_resistance_ohm': 0.20250719129393585, 'solar_health_factor': 1.0}",ANOMALOUS,"{'is_sunlight': True, 'orbit_fraction': 0.9163763066202091, 'solar_power_w': 807.0257201067108, 'load_power_w': 95.0, 'operating_mode': 'STANDBY', 'fault_active': True, 'active_faults': ['BATTERY_RESISTANCE_SPIKE'], 'dataset': 'ASTRA_SIMULATED_EPS'}"
5270.0,ASTRA-FLAGSHIP-01,EPS,32.98779721561048,-21.82782201693224,18.080482675162965,39.99881624791178,1.0,"{'soh': 0.9999704061977946, 'internal_resistance_ohm': 0.20250719129393585, 'solar_health_factor': 1.0}",ANOMALOUS,"{'is_sunlight': True, 'orbit_fraction': 0.9181184668989547, 'solar_power_w': 807.1562780133514, 'load_power_w': 95.0, 'operating_mode': 'STANDBY', 'fault_active': True, 'active_faults': ['BATTERY_RESISTANCE_SPIKE'], 'dataset': 'ASTRA_SIMULATED_EPS'}"
5280.0,ASTRA-FLAGSHIP-01,EPS,32.86974866944823,-21.63764728081997,18.10468103061397,39.99881624791178,1.0,"{'soh': 0.9999704061977946, 'internal_resistance_ohm': 0.20250719129393585, 'solar_health_factor': 1.0}",ANOMALOUS,"{'is_sunlight': True, 'orbit_fraction': 0.9198606271777003, 'solar_power_w': 807.2844766382666, 'load_power_w': 95.0, 'operating_mode': 'STANDBY', 'fault_active': True, 'active_faults': ['BATTERY_RESISTANCE_SPIKE'], 'dataset': 'ASTRA_SIMULATED_EPS'}"
5290.0,ASTRA-FLAGSHIP-01,EPS,32.739232489822456,-21.814222105613435,18.11857718979483,39.99881624791178,1.0,"{'soh': 0.9999704061977946, 'internal_resistance_ohm': 0.20250719129393585, 'solar_health_factor': 1.0}",ANOMALOUS,"{'is_sunlight': True, 'orbit_fraction': 0.921602787456446, 'solar_power_w': 807.4102787255107, 'load_power_w': 95.0, 'operating_mode': 'STANDBY', 'fault_active': True, 'active_faults': ['BATTERY_RESISTANCE_SPIKE'], 'dataset': 'ASTRA_SIMULATED_EPS'}"
5300.0,ASTRA-FLAGSHIP-01,EPS,32.62359628819234,-22.05589169521453,18.15445993252868,39.99881624791178,1.0,"{'soh': 0.9999704061977946, 'internal_resistance_ohm': 0.20250719129393585, 'solar_health_factor': 1.0}",ANOMALOUS,"{'is_sunlight': True, 'orbit_fraction': 0.9233449477351916, 'solar_power_w': 807.5336477266457, 'load_power_w': 95.0, 'operating_mode': 'STANDBY', 'fault_active': True, 'active_faults': ['BATTERY_RESISTANCE_SPIKE'], 'dataset': 'ASTRA_SIMULATED_EPS'}"
5310.0,ASTRA-FLAGSHIP-01,EPS,32.9476667089875,-21.996173917338627,18.10045838857245,39.99881624791178,1.0,"{'soh': 0.9999704061977946, 'internal_resistance_ohm': 0.20250719129393585, 'solar_health_factor': 1.0}",ANOMALOUS,"{'is_sunlight': True, 'orbit_fraction': 0.9250871080139372, 'solar_power_w': 807.6545478111334, 'load_power_w': 95.0, 'operating_mode': 'STANDBY', 'fault_active': True, 'active_faults': ['BATTERY_RESISTANCE_SPIKE'], 'dataset': 'ASTRA_SIMULATED_EPS'}"
5320.0,ASTRA-FLAGSHIP-01,EPS,32.90096351402458,-21.497416694418717,18.17024875606156,39.99881624791178,1.0,"{'soh': 0.9999704061977946, 'internal_resistance_ohm': 0.20250719129393585, 'solar_health_factor': 1.0}",ANOMALOUS,"{'is_sunlight': True, 'orbit_fraction': 0.926829268292683, 'solar_power_w': 807.7729438765094, 'load_power_w': 95.0, 'operating_mode': 'STANDBY', 'fault_active': True, 'active_faults': ['BATTERY_RESISTANCE_SPIKE'], 'dataset': 'ASTRA_SIMULATED_EPS'}"
5330.0,ASTRA-FLAGSHIP-01,EPS,32.68003361268175,-21.755586933676785,18.256168334113394,39.99881624791178,1.0,"{'soh': 0.9999704061977946, 'internal_resistance_ohm': 0.20250719129393585, 'solar_health_factor': 1.0}",ANOMALOUS,"{'is_sunlight': True, 'orbit_fraction': 0.9285714285714286, 'solar_power_w': 807.8888015583358, 'load_power_w': 95.0, 'operating_mode': 'STANDBY', 'fault_active': True, 'active_faults': ['BATTERY_RESISTANCE_SPIKE'], 'dataset': 'ASTRA_SIMULATED_EPS'}"
5340.0,ASTRA-FLAGSHIP-01,EPS,32.693487733394605,-21.829111398625393,18.181454205011804,39.99881624791178,1.0,"{'soh': 0.9999704061977946, 'internal_resistance_ohm': 0.20250719129393585, 'solar_health_factor': 1.0}",ANOMALOUS,"{'is_sunlight': True, 'orbit_fraction': 0.9303135888501742, 'solar_power_w': 808.0020872399336, 'load_power_w': 95.0, 'operating_mode': 'STANDBY', 'fault_active': True, 'active_faults': ['BATTERY_RESISTANCE_SPIKE'], 'dataset': 'ASTRA_SIMULATED_EPS'}"
5350.0,ASTRA-FLAGSHIP-01,EPS,32.64308085222863,-21.727676122463876,18.304943727028057,39.99881624791178,1.0,"{'soh': 0.9999704061977946, 'internal_resistance_ohm': 0.20250719129393585, 'solar_health_factor': 1.0}",ANOMALOUS,"{'is_sunlight': True, 'orbit_fraction': 0.9320557491289199, 'solar_power_w': 808.1127680618871, 'load_power_w': 95.0, 'operating_mode': 'STANDBY', 'fault_active': True, 'active_faults': ['BATTERY_RESISTANCE_SPIKE'], 'dataset': 'ASTRA_SIMULATED_EPS'}"
5360.0,ASTRA-FLAGSHIP-01,EPS,32.85240806870911,-21.773617611771776,18.227189347847858,39.99881624791178,1.0,"{'soh': 0.9999704061977946, 'internal_resistance_ohm': 0.20250719129393585, 'solar_health_factor': 1.0}",ANOMALOUS,"{'is_sunlight': True, 'orbit_fraction': 0.9337979094076655, 'solar_power_w': 808.2208119313226, 'load_power_w': 95.0, 'operating_mode': 'STANDBY', 'fault_active': True, 'active_faults': ['BATTERY_RESISTANCE_SPIKE'], 'dataset': 'ASTRA_SIMULATED_EPS'}"
5370.0,ASTRA-FLAGSHIP-01,EPS,32.543065207764855,-21.6476860524509,18.255909971679543,39.99881624791178,1.0,"{'soh': 0.9999704061977946, 'internal_resistance_ohm': 0.20250719129393585, 'solar_health_factor': 1.0}",ANOMALOUS,"{'is_sunlight': True, 'orbit_fraction': 0.9355400696864111, 'solar_power_w': 808.326187530956, 'load_power_w': 95.0, 'operating_mode': 'STANDBY', 'fault_active': True, 'active_faults': ['BATTERY_RESISTANCE_SPIKE'], 'dataset': 'ASTRA_SIMULATED_EPS'}"
5380.0,ASTRA-FLAGSHIP-01,EPS,32.76982581234373,-21.388025850343958,18.292713338731055,39.99881624791178,1.0,"{'soh': 0.9999704061977946, 'internal_resistance_ohm': 0.20250719129393585, 'solar_health_factor': 1.0}",ANOMALOUS,"{'is_sunlight': True, 'orbit_fraction': 0.9372822299651568, 'solar_power_w': 808.4288643279089, 'load_power_w': 95.0, 'operating_mode': 'STANDBY', 'fault_active': True, 'active_faults': ['BATTERY_RESISTANCE_SPIKE'], 'dataset': 'ASTRA_SIMULATED_EPS'}"
5390.0,ASTRA-FLAGSHIP-01,EPS,32.676132431337656,-21.802816603793346,18.353123910257104,39.99881624791178,1.0,"{'soh': 0.9999704061977946, 'internal_resistance_ohm': 0.20250719129393585, 'solar_health_factor': 1.0}",ANOMALOUS,"{'is_sunlight': True, 'orbit_fraction': 0.9390243902439024, 'solar_power_w': 808.5288125822891, 'load_power_w': 95.0, 'operating_mode': 'STANDBY', 'fault_active': True, 'active_faults': ['BATTERY_RESISTANCE_SPIKE'], 'dataset': 'ASTRA_SIMULATED_EPS'}"
5400.0,ASTRA-FLAGSHIP-01,EPS,32.81800001949749,-21.92092884509036,18.359541200526568,39.99881624791178,1.0,"{'soh': 0.9999704061977946, 'internal_resistance_ohm': 0.20250719129393585, 'solar_health_factor': 1.0}",ANOMALOUS,"{'is_sunlight': True, 'orbit_fraction': 0.9407665505226481, 'solar_power_w': 808.6260033555377, 'load_power_w': 95.0, 'operating_mode': 'STANDBY', 'fault_active': True, 'active_faults': ['BATTERY_RESISTANCE_SPIKE'], 'dataset': 'ASTRA_SIMULATED_EPS'}"
5410.0,ASTRA-FLAGSHIP-01,EPS,32.68985029262094,-21.546967984634872,18.385412611073413,39.99881624791178,1.0,"{'soh': 0.9999704061977946, 'internal_resistance_ohm': 0.20250719129393585, 'solar_health_factor': 1.0}",ANOMALOUS,"{'is_sunlight': True, 'orbit_fraction': 0.9425087108013938, 'solar_power_w': 808.7204085185335, 'load_power_w': 95.0, 'operating_mode': 'STANDBY', 'fault_active': True, 'active_faults': ['BATTERY_RESISTANCE_SPIKE'], 'dataset': 'ASTRA_SIMULATED_EPS'}"
5420.0,ASTRA-FLAGSHIP-01,EPS,32.72606449579162,-21.617144665083778,18.352585889426617,39.99881624791178,1.0,"{'soh': 0.9999704061977946, 'internal_resistance_ohm': 0.20250719129393585, 'solar_health_factor': 1.0}",ANOMALOUS,"{'is_sunlight': True, 'orbit_fraction': 0.9442508710801394, 'solar_power_w': 808.8120007594612, 'load_power_w': 95.0, 'operating_mode': 'STANDBY', 'fault_active': True, 'active_faults': ['BATTERY_RESISTANCE_SPIKE'], 'dataset': 'ASTRA_SIMULATED_EPS'}"
5430.0,ASTRA-FLAGSHIP-01,EPS,32.93927642511398,-21.71047281874897,18.324610766180303,39.99881624791178,1.0,"{'soh': 0.9999704061977946, 'internal_resistance_ohm': 0.20250719129393585, 'solar_health_factor': 1.0}",ANOMALOUS,"{'is_sunlight': True, 'orbit_fraction': 0.945993031358885, 'solar_power_w': 808.9007535914337, 'load_power_w': 95.0, 'operating_mode': 'STANDBY', 'fault_active': True, 'active_faults': ['BATTERY_RESISTANCE_SPIKE'], 'dataset': 'ASTRA_SIMULATED_EPS'}"
5440.0,ASTRA-FLAGSHIP-01,EPS,32.69388367931762,-21.65101556242513,18.36787802272737,39.99881624791178,1.0,"{'soh': 0.9999704061977946, 'internal_resistance_ohm': 0.20250719129393585, 'solar_health_factor': 1.0}",ANOMALOUS,"{'is_sunlight': True, 'orbit_fraction': 0.9477351916376306, 'solar_power_w': 808.9866413598734, 'load_power_w': 95.0, 'operating_mode': 'STANDBY', 'fault_active': True, 'active_faults': ['BATTERY_RESISTANCE_SPIKE'], 'dataset': 'ASTRA_SIMULATED_EPS'}"
5450.0,ASTRA-FLAGSHIP-01,EPS,32.73322681292812,-21.87954266561277,18.423437764507486,39.99881624791178,1.0,"{'soh': 0.9999704061977946, 'internal_resistance_ohm': 0.20250719129393585, 'solar_health_factor': 1.0}",ANOMALOUS,"{'is_sunlight': True, 'orbit_fraction': 0.9494773519163763, 'solar_power_w': 809.0696392496468, 'load_power_w': 95.0, 'operating_mode': 'STANDBY', 'fault_active': True, 'active_faults': ['BATTERY_RESISTANCE_SPIKE'], 'dataset': 'ASTRA_SIMULATED_EPS'}"
5460.0,ASTRA-FLAGSHIP-01,EPS,33.137672145056484,-21.894795692974853,18.421062763231507,39.99881624791178,1.0,"{'soh': 0.9999704061977946, 'internal_resistance_ohm': 0.20250719129393585, 'solar_health_factor': 1.0}",ANOMALOUS,"{'is_sunlight': True, 'orbit_fraction': 0.9512195121951219, 'solar_power_w': 809.1497232919502, 'load_power_w': 95.0, 'operating_mode': 'STANDBY', 'fault_active': True, 'active_faults': ['BATTERY_RESISTANCE_SPIKE'], 'dataset': 'ASTRA_SIMULATED_EPS'}"
5470.0,ASTRA-FLAGSHIP-01,EPS,33.03102410227054,-21.78466126334866,18.460017442102632,39.99881624791178,1.0,"{'soh': 0.9999704061977946, 'internal_resistance_ohm': 0.20250719129393585, 'solar_health_factor': 1.0}",ANOMALOUS,"{'is_sunlight': True, 'orbit_fraction': 0.9529616724738676, 'solar_power_w': 809.2268703709495, 'load_power_w': 95.0, 'operating_mode': 'STANDBY', 'fault_active': True, 'active_faults': ['BATTERY_RESISTANCE_SPIKE'], 'dataset': 'ASTRA_SIMULATED_EPS'}"
5480.0,ASTRA-FLAGSHIP-01,EPS,32.62519451947482,-21.72907414687662,18.445541908767144,39.99881624791178,1.0,"{'soh': 0.9999704061977946, 'internal_resistance_ohm': 0.20250719129393585, 'solar_health_factor': 1.0}",ANOMALOUS,"{'is_sunlight': True, 'orbit_fraction': 0.9547038327526133, 'solar_power_w': 809.3010582301674, 'load_power_w': 95.0, 'operating_mode': 'STANDBY', 'fault_active': True, 'active_faults': ['BATTERY_RESISTANCE_SPIKE'], 'dataset': 'ASTRA_SIMULATED_EPS'}"
5490.0,ASTRA-FLAGSHIP-01,EPS,32.96108087877016,-21.644781301721757,18.60183090645959,39.99881624791178,1.0,"{'soh': 0.9999704061977946, 'internal_resistance_ohm': 0.20250719129393585, 'solar_health_factor': 1.0}",ANOMALOUS,"{'is_sunlight': True, 'orbit_fraction': 0.9564459930313589, 'solar_power_w': 809.3722654786192, 'load_power_w': 95.0, 'operating_mode': 'STANDBY', 'fault_active': True, 'active_faults': ['BATTERY_RESISTANCE_SPIKE'], 'dataset': 'ASTRA_SIMULATED_EPS'}"
5500.0,ASTRA-FLAGSHIP-01,EPS,32.894482169447805,-21.744992582912047,18.499478998839233,39.99881624791178,1.0,"{'soh': 0.9999704061977946, 'internal_resistance_ohm': 0.20250719129393585, 'solar_health_factor': 1.0}",ANOMALOUS,"{'is_sunlight': True, 'orbit_fraction': 0.9581881533101045, 'solar_power_w': 809.4404715966965, 'load_power_w': 95.0, 'operating_mode': 'STANDBY', 'fault_active': True, 'active_faults': ['BATTERY_RESISTANCE_SPIKE'], 'dataset': 'ASTRA_SIMULATED_EPS'}"
5510.0,ASTRA-FLAGSHIP-01,EPS,32.7415057434898,-21.745531369595177,18.492350353830055,39.99881624791178,1.0,"{'soh': 0.9999704061977946, 'internal_resistance_ohm': 0.20250719129393585, 'solar_health_factor': 1.0}",ANOMALOUS,"{'is_sunlight': True, 'orbit_fraction': 0.9599303135888502, 'solar_power_w': 809.5056569417961, 'load_power_w': 95.0, 'operating_mode': 'STANDBY', 'fault_active': True, 'active_faults': ['BATTERY_RESISTANCE_SPIKE'], 'dataset': 'ASTRA_SIMULATED_EPS'}"
5520.0,ASTRA-FLAGSHIP-01,EPS,32.82705111332824,-21.635872529582656,18.474107641608125,39.99881624791178,1.0,"{'soh': 0.9999704061977946, 'internal_resistance_ohm': 0.20250719129393585, 'solar_health_factor': 1.0}",ANOMALOUS,"{'is_sunlight': True, 'orbit_fraction': 0.9616724738675958, 'solar_power_w': 809.5678027536919, 'load_power_w': 95.0, 'operating_mode': 'STANDBY', 'fault_active': True, 'active_faults': ['BATTERY_RESISTANCE_SPIKE'], 'dataset': 'ASTRA_SIMULATED_EPS'}"
5530.0,ASTRA-FLAGSHIP-01,EPS,32.98636079955472,-21.637717140624392,18.535799517469563,39.99881624791178,1.0,"{'soh': 0.9999704061977946, 'internal_resistance_ohm': 0.20250719129393585, 'solar_health_factor': 1.0}",ANOMALOUS,"{'is_sunlight': True, 'orbit_fraction': 0.9634146341463414, 'solar_power_w': 809.6268911596534, 'load_power_w': 95.0, 'operating_mode': 'STANDBY', 'fault_active': True, 'active_faults': ['BATTERY_RESISTANCE_SPIKE'], 'dataset': 'ASTRA_SIMULATED_EPS'}"
5540.0,ASTRA-FLAGSHIP-01,EPS,32.45144590591078,-21.85875539118344,18.62377479663032,39.99881624791178,1.0,"{'soh': 0.9999704061977946, 'internal_resistance_ohm': 0.20250719129393585, 'solar_health_factor': 1.0}",ANOMALOUS,"{'is_sunlight': True, 'orbit_fraction': 0.9651567944250871, 'solar_power_w': 809.682905179303, 'load_power_w': 95.0, 'operating_mode': 'STANDBY', 'fault_active': True, 'active_faults': ['BATTERY_RESISTANCE_SPIKE'], 'dataset': 'ASTRA_SIMULATED_EPS'}"
5550.0,ASTRA-FLAGSHIP-01,EPS,32.795673702032175,-21.904985191153227,18.550862523056047,39.99881624791178,1.0,"{'soh': 0.9999704061977946, 'internal_resistance_ohm': 0.20250719129393585, 'solar_health_factor': 1.0}",ANOMALOUS,"{'is_sunlight': True, 'orbit_fraction': 0.9668989547038328, 'solar_power_w': 809.7358287292174, 'load_power_w': 95.0, 'operating_mode': 'STANDBY', 'fault_active': True, 'active_faults': ['BATTERY_RESISTANCE_SPIKE'], 'dataset': 'ASTRA_SIMULATED_EPS'}"
5560.0,ASTRA-FLAGSHIP-01,EPS,32.93728326174329,-21.730320550638027,18.58128506077466,39.99881624791178,1.0,"{'soh': 0.9999704061977946, 'internal_resistance_ohm': 0.20250719129393585, 'solar_health_factor': 1.0}",ANOMALOUS,"{'is_sunlight': True, 'orbit_fraction': 0.9686411149825784, 'solar_power_w': 809.7856466272685, 'load_power_w': 95.0, 'operating_mode': 'STANDBY', 'fault_active': True, 'active_faults': ['BATTERY_RESISTANCE_SPIKE'], 'dataset': 'ASTRA_SIMULATED_EPS'}"
5570.0,ASTRA-FLAGSHIP-01,EPS,32.73926585130864,-21.838700546114502,18.564195872066268,39.99881624791178,1.0,"{'soh': 0.9999704061977946, 'internal_resistance_ohm': 0.20250719129393585, 'solar_health_factor': 1.0}",ANOMALOUS,"{'is_sunlight': True, 'orbit_fraction': 0.9703832752613241, 'solar_power_w': 809.8323445967028, 'load_power_w': 95.0, 'operating_mode': 'STANDBY', 'fault_active': True, 'active_faults': ['BATTERY_RESISTANCE_SPIKE'], 'dataset': 'ASTRA_SIMULATED_EPS'}"
5580.0,ASTRA-FLAGSHIP-01,EPS,33.06434095916698,-21.832117070907028,18.688213463649024,39.99881624791178,1.0,"{'soh': 0.9999704061977946, 'internal_resistance_ohm': 0.20250719129393585, 'solar_health_factor': 1.0}",ANOMALOUS,"{'is_sunlight': True, 'orbit_fraction': 0.9721254355400697, 'solar_power_w': 809.8759092699619, 'load_power_w': 95.0, 'operating_mode': 'STANDBY', 'fault_active': True, 'active_faults': ['BATTERY_RESISTANCE_SPIKE'], 'dataset': 'ASTRA_SIMULATED_EPS'}"
5590.0,ASTRA-FLAGSHIP-01,EPS,33.048915449501784,-21.682821756459106,18.622768240538225,39.99881624791178,1.0,"{'soh': 0.9999704061977946, 'internal_resistance_ohm': 0.20250719129393585, 'solar_health_factor': 1.0}",ANOMALOUS,"{'is_sunlight': True, 'orbit_fraction': 0.9738675958188153, 'solar_power_w': 809.9163281922397, 'load_power_w': 95.0, 'operating_mode': 'STANDBY', 'fault_active': True, 'active_faults': ['BATTERY_RESISTANCE_SPIKE'], 'dataset': 'ASTRA_SIMULATED_EPS'}"
5600.0,ASTRA-FLAGSHIP-01,EPS,32.86563457045828,-21.800506360962302,18.61611256512116,39.99881624791178,1.0,"{'soh': 0.9999704061977946, 'internal_resistance_ohm': 0.20250719129393585, 'solar_health_factor': 1.0}",ANOMALOUS,"{'is_sunlight': True, 'orbit_fraction': 0.975609756097561, 'solar_power_w': 809.9535898247783, 'load_power_w': 95.0, 'operating_mode': 'STANDBY', 'fault_active': True, 'active_faults': ['BATTERY_RESISTANCE_SPIKE'], 'dataset': 'ASTRA_SIMULATED_EPS'}"
5610.0,ASTRA-FLAGSHIP-01,EPS,32.852617986433984,-21.933191185272083,18.737584833825654,39.99881624791178,1.0,"{'soh': 0.9999704061977946, 'internal_resistance_ohm': 0.20250719129393585, 'solar_health_factor': 1.0}",ANOMALOUS,"{'is_sunlight': True, 'orbit_fraction': 0.9773519163763066, 'solar_power_w': 809.9876835479001, 'load_power_w': 95.0, 'operating_mode': 'STANDBY', 'fault_active': True, 'active_faults': ['BATTERY_RESISTANCE_SPIKE'], 'dataset': 'ASTRA_SIMULATED_EPS'}"
5620.0,ASTRA-FLAGSHIP-01,EPS,32.72322809973361,-21.776798446746586,18.709223389008145,39.99881624791178,1.0,"{'soh': 0.9999704061977946, 'internal_resistance_ohm': 0.20250719129393585, 'solar_health_factor': 1.0}",ANOMALOUS,"{'is_sunlight': True, 'orbit_fraction': 0.9790940766550522, 'solar_power_w': 810.018599663777, 'load_power_w': 95.0, 'operating_mode': 'STANDBY', 'fault_active': True, 'active_faults': ['BATTERY_RESISTANCE_SPIKE'], 'dataset': 'ASTRA_SIMULATED_EPS'}"
5630.0,ASTRA-FLAGSHIP-01,EPS,32.75696432834993,-21.73369102744182,18.688126988611895,39.99881624791178,1.0,"{'soh': 0.9999704061977946, 'internal_resistance_ohm': 0.20250719129393585, 'solar_health_factor': 1.0}",ANOMALOUS,"{'is_sunlight': True, 'orbit_fraction': 0.980836236933798, 'solar_power_w': 810.0463293989358, 'load_power_w': 95.0, 'operating_mode': 'STANDBY', 'fault_active': True, 'active_faults': ['BATTERY_RESISTANCE_SPIKE'], 'dataset': 'ASTRA_SIMULATED_EPS'}"
5640.0,ASTRA-FLAGSHIP-01,EPS,32.94231424582874,-21.95477444980438,18.734959491296493,39.99881624791178,1.0,"{'soh': 0.9999704061977946, 'internal_resistance_ohm': 0.20250719129393585, 'solar_health_factor': 1.0}",ANOMALOUS,"{'is_sunlight': True, 'orbit_fraction': 0.9825783972125436, 'solar_power_w': 810.0708649065, 'load_power_w': 95.0, 'operating_mode': 'STANDBY', 'fault_active': True, 'active_faults': ['BATTERY_RESISTANCE_SPIKE'], 'dataset': 'ASTRA_SIMULATED_EPS'}"
5650.0,ASTRA-FLAGSHIP-01,EPS,33.11740277010341,-21.91602195191879,18.711476889093415,39.99881624791178,1.0,"{'soh': 0.9999704061977946, 'internal_resistance_ohm': 0.20250719129393585, 'solar_health_factor': 1.0}",ANOMALOUS,"{'is_sunlight': True, 'orbit_fraction': 0.9843205574912892, 'solar_power_w': 810.0921992681667, 'load_power_w': 95.0, 'operating_mode': 'STANDBY', 'fault_active': True, 'active_faults': ['BATTERY_RESISTANCE_SPIKE'], 'dataset': 'ASTRA_SIMULATED_EPS'}"
5660.0,ASTRA-FLAGSHIP-01,EPS,32.883703405674304,-21.782052383065974,18.779574671549682,39.99881624791178,1.0,"{'soh': 0.9999704061977946, 'internal_resistance_ohm': 0.20250719129393585, 'solar_health_factor': 1.0}",ANOMALOUS,"{'is_sunlight': True, 'orbit_fraction': 0.9860627177700348, 'solar_power_w': 810.110326495919, 'load_power_w': 95.0, 'operating_mode': 'STANDBY', 'fault_active': True, 'active_faults': ['BATTERY_RESISTANCE_SPIKE'], 'dataset': 'ASTRA_SIMULATED_EPS'}"
5670.0,ASTRA-FLAGSHIP-01,EPS,32.87964927887033,-21.730613999748385,18.834162710239585,39.99881624791178,1.0,"{'soh': 0.9999704061977946, 'internal_resistance_ohm': 0.20250719129393585, 'solar_health_factor': 1.0}",ANOMALOUS,"{'is_sunlight': True, 'orbit_fraction': 0.9878048780487805, 'solar_power_w': 810.1252415334747, 'load_power_w': 95.0, 'operating_mode': 'STANDBY', 'fault_active': True, 'active_faults': ['BATTERY_RESISTANCE_SPIKE'], 'dataset': 'ASTRA_SIMULATED_EPS'}"
5680.0,ASTRA-FLAGSHIP-01,EPS,32.866633077844234,-21.83084578429973,18.828896595953534,39.99881624791178,1.0,"{'soh': 0.9999704061977946, 'internal_resistance_ohm': 0.20250719129393585, 'solar_health_factor': 1.0}",ANOMALOUS,"{'is_sunlight': True, 'orbit_fraction': 0.9895470383275261, 'solar_power_w': 810.1369402574683, 'load_power_w': 95.0, 'operating_mode': 'STANDBY', 'fault_active': True, 'active_faults': ['BATTERY_RESISTANCE_SPIKE'], 'dataset': 'ASTRA_SIMULATED_EPS'}"
5690.0,ASTRA-FLAGSHIP-01,EPS,33.11099916403653,-21.818719534431814,18.763087397897483,39.99881624791178,1.0,"{'soh': 0.9999704061977946, 'internal_resistance_ohm': 0.20250719129393585, 'solar_health_factor': 1.0}",ANOMALOUS,"{'is_sunlight': True, 'orbit_fraction': 0.9912891986062717, 'solar_power_w': 810.1454194783722, 'load_power_w': 95.0, 'operating_mode': 'STANDBY', 'fault_active': True, 'active_faults': ['BATTERY_RESISTANCE_SPIKE'], 'dataset': 'ASTRA_SIMULATED_EPS'}"
5700.0,ASTRA-FLAGSHIP-01,EPS,32.980982039750806,-21.817482907472666,18.71968221552863,39.99881624791178,1.0,"{'soh': 0.9999704061977946, 'internal_resistance_ohm': 0.20250719129393585, 'solar_health_factor': 1.0}",ANOMALOUS,"{'is_sunlight': True, 'orbit_fraction': 0.9930313588850174, 'solar_power_w': 810.150676941149, 'load_power_w': 95.0, 'operating_mode': 'STANDBY', 'fault_active': True, 'active_faults': ['BATTERY_RESISTANCE_SPIKE'], 'dataset': 'ASTRA_SIMULATED_EPS'}"
5710.0,ASTRA-FLAGSHIP-01,EPS,32.938398712860405,-21.864856854186918,18.840246853533245,39.99881624791178,1.0,"{'soh': 0.9999704061977946, 'internal_resistance_ohm': 0.20250719129393585, 'solar_health_factor': 1.0}",ANOMALOUS,"{'is_sunlight': True, 'orbit_fraction': 0.9947735191637631, 'solar_power_w': 810.1527113256415, 'load_power_w': 95.0, 'operating_mode': 'STANDBY', 'fault_active': True, 'active_faults': ['BATTERY_RESISTANCE_SPIKE'], 'dataset': 'ASTRA_SIMULATED_EPS'}"
5720.0,ASTRA-FLAGSHIP-01,EPS,32.85386781649628,-21.78206239850553,18.896660045791673,39.99881624791178,1.0,"{'soh': 0.9999704061977946, 'internal_resistance_ohm': 0.20250719129393585, 'solar_health_factor': 1.0}",ANOMALOUS,"{'is_sunlight': True, 'orbit_fraction': 0.9965156794425087, 'solar_power_w': 810.1515222466994, 'load_power_w': 95.0, 'operating_mode': 'STANDBY', 'fault_active': True, 'active_faults': ['BATTERY_RESISTANCE_SPIKE'], 'dataset': 'ASTRA_SIMULATED_EPS'}"
5730.0,ASTRA-FLAGSHIP-01,EPS,32.728005487819786,-9.537218540932418,18.86458028784237,39.99881624791178,1.0,"{'soh': 0.9999704061977946, 'internal_resistance_ohm': 0.20250719129393585, 'solar_health_factor': 1.0}",ANOMALOUS,"{'is_sunlight': True, 'orbit_fraction': 0.9982578397212544, 'solar_power_w': 408.7042398844769, 'load_power_w': 95.0, 'operating_mode': 'STANDBY', 'fault_active': True, 'active_faults': ['BATTERY_RESISTANCE_SPIKE'], 'dataset': 'ASTRA_SIMULATED_EPS'}"
5740.0,ASTRA-FLAGSHIP-01,EPS,32.32075572902897,2.908380892746972,18.730899674774943,39.99881624791178,0.9997988556913312,"{'soh': 0.9999704061977946, 'internal_resistance_ohm': 0.20250719129393585, 'solar_health_factor': 1.0}",ANOMALOUS,"{'is_sunlight': False, 'orbit_fraction': 0.0, 'solar_power_w': 0.0, 'load_power_w': 95.0, 'operating_mode': 'STANDBY', 'fault_active': True, 'active_faults': ['BATTERY_RESISTANCE_SPIKE'], 'dataset': 'ASTRA_SIMULATED_EPS'}"
5750.0,ASTRA-FLAGSHIP-01,EPS,32.3668340799028,2.8860020176448917,18.71848325895283,39.99881463880494,0.9995977078017036,"{'soh': 0.9999703659701235, 'internal_resistance_ohm': 0.20250720106925998, 'solar_health_factor': 1.0}",ANOMALOUS,"{'is_sunlight': False, 'orbit_fraction': 0.0017421602787456446, 'solar_power_w': 0.0, 'load_power_w': 95.0, 'operating_mode': 'STANDBY', 'fault_active': True, 'active_faults': ['BATTERY_RESISTANCE_SPIKE'], 'dataset': 'ASTRA_SIMULATED_EPS'}"
5760.0,ASTRA-FLAGSHIP-01,EPS,32.24291906954822,2.9323589335203804,18.567617052610643,39.998813029669506,0.999396552798108,"{'soh': 0.9999703257417377, 'internal_resistance_ohm': 0.20250721084475773, 'solar_health_factor': 1.0}",ANOMALOUS,"{'is_sunlight': False, 'orbit_fraction': 0.003484320557491289, 'solar_power_w': 0.0, 'load_power_w': 95.0, 'operating_mode': 'STANDBY', 'fault_active': True, 'active_faults': ['BATTERY_RESISTANCE_SPIKE'], 'dataset': 'ASTRA_SIMULATED_EPS'}"
5770.0,ASTRA-FLAGSHIP-01,EPS,32.12067281585536,2.8962700730740454,18.464643553126994,39.99881142047723,0.9991953906797093,"{'soh': 0.9999702855119308, 'internal_resistance_ohm': 0.2025072206206008, 'solar_health_factor': 1.0}",ANOMALOUS,"{'is_sunlight': False, 'orbit_fraction': 0.005226480836236934, 'solar_power_w': 0.0, 'load_power_w': 95.0, 'operating_mode': 'STANDBY', 'fault_active': True, 'active_faults': ['BATTERY_RESISTANCE_SPIKE'], 'dataset': 'ASTRA_SIMULATED_EPS'}"
5780.0,ASTRA-FLAGSHIP-01,EPS,32.29964820562194,2.8652589774838075,18.32843077568009,39.99880981122811,0.9989942214456718,"{'soh': 0.9999702452807027, 'internal_resistance_ohm': 0.20250723039678925, 'solar_health_factor': 1.0}",ANOMALOUS,"{'is_sunlight': False, 'orbit_fraction': 0.006968641114982578, 'solar_power_w': 0.0, 'load_power_w': 95.0, 'operating_mode': 'STANDBY', 'fault_active': True, 'active_faults': ['BATTERY_RESISTANCE_SPIKE'], 'dataset': 'ASTRA_SIMULATED_EPS'}"
5790.0,ASTRA-FLAGSHIP-01,EPS,31.994195538968636,2.915369178799339,18.368254458271803,39.99880820192212,0.998793045095159,"{'soh': 0.999970205048053, 'internal_resistance_ohm': 0.2025072401733231, 'solar_health_factor': 1.0}",ANOMALOUS,"{'is_sunlight': False, 'orbit_fraction': 0.008710801393728223, 'solar_power_w': 0.0, 'load_power_w': 95.0, 'operating_mode': 'STANDBY', 'fault_active': True, 'active_faults': ['BATTERY_RESISTANCE_SPIKE'], 'dataset': 'ASTRA_SIMULATED_EPS'}"
5800.0,ASTRA-FLAGSHIP-01,EPS,32.14478992027782,2.893666049185805,18.188127511912157,39.99880659255927,0.9985918616273335,"{'soh': 0.9999701648139817, 'internal_resistance_ohm': 0.20250724995020244, 'solar_health_factor': 1.0}",ANOMALOUS,"{'is_sunlight': False, 'orbit_fraction': 0.010452961672473868, 'solar_power_w': 0.0, 'load_power_w': 95.0, 'operating_mode': 'STANDBY', 'fault_active': True, 'active_faults': ['BATTERY_RESISTANCE_SPIKE'], 'dataset': 'ASTRA_SIMULATED_EPS'}"
5810.0,ASTRA-FLAGSHIP-01,EPS,32.34463291738038,2.878988140429711,18.098732207551098,39.99880498313954,0.9983906710413573,"{'soh': 0.9999701245784886, 'internal_resistance_ohm': 0.2025072597274273, 'solar_health_factor': 1.0}",ANOMALOUS,"{'is_sunlight': False, 'orbit_fraction': 0.012195121951219513, 'solar_power_w': 0.0, 'load_power_w': 95.0, 'operating_mode': 'STANDBY', 'fault_active': True, 'active_faults': ['BATTERY_RESISTANCE_SPIKE'], 'dataset': 'ASTRA_SIMULATED_EPS'}"
5820.0,ASTRA-FLAGSHIP-01,EPS,32.31129921985594,2.906924499934115,17.99876509119238,39.99880337366294,0.9981894733363913,"{'soh': 0.9999700843415735, 'internal_resistance_ohm': 0.20250726950499764, 'solar_health_factor': 1.0}",ANOMALOUS,"{'is_sunlight': False, 'orbit_fraction': 0.013937282229965157, 'solar_power_w': 0.0, 'load_power_w': 95.0, 'operating_mode': 'STANDBY', 'fault_active': True, 'active_faults': ['BATTERY_RESISTANCE_SPIKE'], 'dataset': 'ASTRA_SIMULATED_EPS'}"
5830.0,ASTRA-FLAGSHIP-01,EPS,32.312523109596455,2.844586652638629,17.92593137637835,39.99880176412945,0.9979882685115959,"{'soh': 0.9999700441032363, 'internal_resistance_ohm': 0.20250727928291357, 'solar_health_factor': 1.0}",ANOMALOUS,"{'is_sunlight': False, 'orbit_fraction': 0.0156794425087108, 'solar_power_w': 0.0, 'load_power_w': 95.0, 'operating_mode': 'STANDBY', 'fault_active': True, 'active_faults': ['BATTERY_RESISTANCE_SPIKE'], 'dataset': 'ASTRA_SIMULATED_EPS'}"
5840.0,ASTRA-FLAGSHIP-01,EPS,32.04385485582981,2.8616918784974534,17.820625001929503,39.99880015453907,0.9977870565661306,"{'soh': 0.9999700038634768, 'internal_resistance_ohm': 0.20250728906117513, 'solar_health_factor': 1.0}",ANOMALOUS,"{'is_sunlight': False, 'orbit_fraction': 0.017421602787456445, 'solar_power_w': 0.0, 'load_power_w': 95.0, 'operating_mode': 'STANDBY', 'fault_active': True, 'active_faults': ['BATTERY_RESISTANCE_SPIKE'], 'dataset': 'ASTRA_SIMULATED_EPS'}"
5850.0,ASTRA-FLAGSHIP-01,EPS,32.36744159066946,2.8947890268033505,17.746008214489578,39.99879854489179,0.9975858374991541,"{'soh': 0.9999699636222948, 'internal_resistance_ohm': 0.20250729883978236, 'solar_health_factor': 1.0}",ANOMALOUS,"{'is_sunlight': False, 'orbit_fraction': 0.01916376306620209, 'solar_power_w': 0.0, 'load_power_w': 95.0, 'operating_mode': 'STANDBY', 'fault_active': True, 'active_faults': ['BATTERY_RESISTANCE_SPIKE'], 'dataset': 'ASTRA_SIMULATED_EPS'}"
5860.0,ASTRA-FLAGSHIP-01,EPS,32.4036440693964,2.923194830084587,17.683931739505176,39.998796935187606,0.9973846113098241,"{'soh': 0.9999699233796902, 'internal_resistance_ohm': 0.2025073086187353, 'solar_health_factor': 1.0}",ANOMALOUS,"{'is_sunlight': False, 'orbit_fraction': 0.020905923344947737, 'solar_power_w': 0.0, 'load_power_w': 95.0, 'operating_mode': 'STANDBY', 'fault_active': True, 'active_faults': ['BATTERY_RESISTANCE_SPIKE'], 'dataset': 'ASTRA_SIMULATED_EPS'}"
5870.0,ASTRA-FLAGSHIP-01,EPS,32.261822063575295,2.8991425070131065,17.42567105196096,39.998795325426514,0.9971833779972981,"{'soh': 0.9999698831356628, 'internal_resistance_ohm': 0.20250731839803396, 'solar_health_factor': 1.0}",ANOMALOUS,"{'is_sunlight': False, 'orbit_fraction': 0.02264808362369338, 'solar_power_w': 0.0, 'load_power_w': 95.0, 'operating_mode': 'STANDBY', 'fault_active': True, 'active_faults': ['BATTERY_RESISTANCE_SPIKE'], 'dataset': 'ASTRA_SIMULATED_EPS'}"
5880.0,ASTRA-FLAGSHIP-01,EPS,32.10118899034199,2.881340968350579,17.51841680422628,39.9987937156085,0.9969821375607321,"{'soh': 0.9999698428902124, 'internal_resistance_ohm': 0.20250732817767841, 'solar_health_factor': 1.0}",ANOMALOUS,"{'is_sunlight': False, 'orbit_fraction': 0.024390243902439025, 'solar_power_w': 0.0, 'load_power_w': 95.0, 'operating_mode': 'STANDBY', 'fault_active': True, 'active_faults': ['BATTERY_RESISTANCE_SPIKE'], 'dataset': 'ASTRA_SIMULATED_EPS'}"
5890.0,ASTRA-FLAGSHIP-01,EPS,32.110763231779146,2.900278560151005,17.341806714114668,39.99879210573355,0.9967808899992816,"{'soh': 0.9999698026433388, 'internal_resistance_ohm': 0.20250733795766865, 'solar_health_factor': 1.0}",ANOMALOUS,"{'is_sunlight': False, 'orbit_fraction': 0.02613240418118467, 'solar_power_w': 0.0, 'load_power_w': 95.0, 'operating_mode': 'STANDBY', 'fault_active': True, 'active_faults': ['BATTERY_RESISTANCE_SPIKE'], 'dataset': 'ASTRA_SIMULATED_EPS'}"
5900.0,ASTRA-FLAGSHIP-01,EPS,32.14442335684205,2.9310162389010435,17.187723386292873,39.99879049580168,0.9965796353121015,"{'soh': 0.999969762395042, 'internal_resistance_ohm': 0.2025073477380048, 'solar_health_factor': 1.0}",ANOMALOUS,"{'is_sunlight': False, 'orbit_fraction': 0.027874564459930314, 'solar_power_w': 0.0, 'load_power_w': 95.0, 'operating_mode': 'STANDBY', 'fault_active': True, 'active_faults': ['BATTERY_RESISTANCE_SPIKE'], 'dataset': 'ASTRA_SIMULATED_EPS'}"
5910.0,ASTRA-FLAGSHIP-01,EPS,32.16715371316522,2.8836113102187464,17.057737143728353,39.998788885812864,0.9963783734983456,"{'soh': 0.9999697221453216, 'internal_resistance_ohm': 0.20250735751868687, 'solar_health_factor': 1.0}",ANOMALOUS,"{'is_sunlight': False, 'orbit_fraction': 0.029616724738675958, 'solar_power_w': 0.0, 'load_power_w': 95.0, 'operating_mode': 'STANDBY', 'fault_active': True, 'active_faults': ['BATTERY_RESISTANCE_SPIKE'], 'dataset': 'ASTRA_SIMULATED_EPS'}"
5920.0,ASTRA-FLAGSHIP-01,EPS,32.03612083462356,2.897463001420397,17.00741311568653,39.99878727576711,0.9961771045571669,"{'soh': 0.9999696818941777, 'internal_resistance_ohm': 0.2025073672997148, 'solar_health_factor': 1.0}",ANOMALOUS,"{'is_sunlight': False, 'orbit_fraction': 0.0313588850174216, 'solar_power_w': 0.0, 'load_power_w': 95.0, 'operating_mode': 'STANDBY', 'fault_active': True, 'active_faults': ['BATTERY_RESISTANCE_SPIKE'], 'dataset': 'ASTRA_SIMULATED_EPS'}"
5930.0,ASTRA-FLAGSHIP-01,EPS,32.021749918022635,2.870876261829801,16.930119122699125,39.99878566566439,0.9959758284877179,"{'soh': 0.9999696416416098, 'internal_resistance_ohm': 0.2025073770810888, 'solar_health_factor': 1.0}",ANOMALOUS,"{'is_sunlight': False, 'orbit_fraction': 0.033101045296167246, 'solar_power_w': 0.0, 'load_power_w': 95.0, 'operating_mode': 'STANDBY', 'fault_active': True, 'active_faults': ['BATTERY_RESISTANCE_SPIKE'], 'dataset': 'ASTRA_SIMULATED_EPS'}"
5940.0,ASTRA-FLAGSHIP-01,EPS,31.889877384492276,2.913204922315964,16.844047569165003,39.99878405550472,0.9957745452891501,"{'soh': 0.999969601387618, 'internal_resistance_ohm': 0.2025073868628088, 'solar_health_factor': 1.0}",ANOMALOUS,"{'is_sunlight': False, 'orbit_fraction': 0.03484320557491289, 'solar_power_w': 0.0, 'load_power_w': 95.0, 'operating_mode': 'STANDBY', 'fault_active': True, 'active_faults': ['BATTERY_RESISTANCE_SPIKE'], 'dataset': 'ASTRA_SIMULATED_EPS'}"
5950.0,ASTRA-FLAGSHIP-01,EPS,31.89612520449263,2.892465255061015,16.708222832054087,39.99878244528808,0.9955732549606141,"{'soh': 0.999969561132202, 'internal_resistance_ohm': 0.20250739664487488, 'solar_health_factor': 1.0}",ANOMALOUS,"{'is_sunlight': False, 'orbit_fraction': 0.036585365853658534, 'solar_power_w': 0.0, 'load_power_w': 95.0, 'operating_mode': 'STANDBY', 'fault_active': True, 'active_faults': ['BATTERY_RESISTANCE_SPIKE'], 'dataset': 'ASTRA_SIMULATED_EPS'}"
5960.0,ASTRA-FLAGSHIP-01,EPS,32.1802451278801,2.924724432838285,16.55822995497974,39.99878083501447,0.99537195750126,"{'soh': 0.9999695208753617, 'internal_resistance_ohm': 0.2025074064272871, 'solar_health_factor': 1.0}",ANOMALOUS,"{'is_sunlight': False, 'orbit_fraction': 0.03832752613240418, 'solar_power_w': 0.0, 'load_power_w': 95.0, 'operating_mode': 'STANDBY', 'fault_active': True, 'active_faults': ['BATTERY_RESISTANCE_SPIKE'], 'dataset': 'ASTRA_SIMULATED_EPS'}"
5970.0,ASTRA-FLAGSHIP-01,EPS,32.146160765858525,2.895576094809883,16.591965394761996,39.99877922468387,0.9951706529102367,"{'soh': 0.9999694806170969, 'internal_resistance_ohm': 0.20250741621004545, 'solar_health_factor': 1.0}",ANOMALOUS,"{'is_sunlight': False, 'orbit_fraction': 0.04006968641114982, 'solar_power_w': 0.0, 'load_power_w': 95.0, 'operating_mode': 'STANDBY', 'fault_active': True, 'active_faults': ['BATTERY_RESISTANCE_SPIKE'], 'dataset': 'ASTRA_SIMULATED_EPS'}"
5980.0,ASTRA-FLAGSHIP-01,EPS,32.16066021835911,2.8841413390105104,16.449106479112917,39.998777614296294,0.9949693411866926,"{'soh': 0.9999694403574074, 'internal_resistance_ohm': 0.20250742599315, 'solar_health_factor': 1.0}",ANOMALOUS,"{'is_sunlight': False, 'orbit_fraction': 0.041811846689895474, 'solar_power_w': 0.0, 'load_power_w': 95.0, 'operating_mode': 'STANDBY', 'fault_active': True, 'active_faults': ['BATTERY_RESISTANCE_SPIKE'], 'dataset': 'ASTRA_SIMULATED_EPS'}"
5990.0,ASTRA-FLAGSHIP-01,EPS,31.997298156643613,2.919879067140616,16.373035647625446,39.99877600385173,0.9947680223297752,"{'soh': 0.9999694000962932, 'internal_resistance_ohm': 0.20250743577660074, 'solar_health_factor': 1.0}",ANOMALOUS,"{'is_sunlight': False, 'orbit_fraction': 0.04355400696864112, 'solar_power_w': 0.0, 'load_power_w': 95.0, 'operating_mode': 'STANDBY', 'fault_active': True, 'active_faults': ['BATTERY_RESISTANCE_SPIKE'], 'dataset': 'ASTRA_SIMULATED_EPS'}"
6000.0,ASTRA-FLAGSHIP-01,EPS,32.42928814147242,2.897822859525224,16.243709890301528,39.99877439335015,0.9945666963386314,"{'soh': 0.9999693598337539, 'internal_resistance_ohm': 0.2025074455603978, 'solar_health_factor': 1.0}",ANOMALOUS,"{'is_sunlight': False, 'orbit_fraction': 0.04529616724738676, 'solar_power_w': 0.0, 'load_power_w': 95.0, 'operating_mode': 'STANDBY', 'fault_active': True, 'active_faults': ['BATTERY_RESISTANCE_SPIKE'], 'dataset': 'ASTRA_SIMULATED_EPS'}"
6010.0,ASTRA-FLAGSHIP-01,EPS,31.87956641886581,2.863954886715432,16.107332070466125,39.998772782791576,0.9943653632124069,"{'soh': 0.9999693195697894, 'internal_resistance_ohm': 0.20250745534454118, 'solar_health_factor': 1.0}",ANOMALOUS,"{'is_sunlight': False, 'orbit_fraction': 0.047038327526132406, 'solar_power_w': 0.0, 'load_power_w': 95.0, 'operating_mode': 'STANDBY', 'fault_active': True, 'active_faults': ['BATTERY_RESISTANCE_SPIKE'], 'dataset': 'ASTRA_SIMULATED_EPS'}"
6020.0,ASTRA-FLAGSHIP-01,EPS,32.164369987340834,2.9091288368859956,16.015135674578556,39.99877117217598,0.9941640229502468,"{'soh': 0.9999692793043995, 'internal_resistance_ohm': 0.20250746512903092, 'solar_health_factor': 1.0}",ANOMALOUS,"{'is_sunlight': False, 'orbit_fraction': 0.04878048780487805, 'solar_power_w': 0.0, 'load_power_w': 95.0, 'operating_mode': 'STANDBY', 'fault_active': True, 'active_faults': ['BATTERY_RESISTANCE_SPIKE'], 'dataset': 'ASTRA_SIMULATED_EPS'}"
6030.0,ASTRA-FLAGSHIP-01,EPS,32.263996930952466,2.8898953244324206,16.009438154866846,39.998769561503366,0.9939626755512954,"{'soh': 0.9999692390375842, 'internal_resistance_ohm': 0.20250747491386703, 'solar_health_factor': 1.0}",ANOMALOUS,"{'is_sunlight': False, 'orbit_fraction': 0.050522648083623695, 'solar_power_w': 0.0, 'load_power_w': 95.0, 'operating_mode': 'STANDBY', 'fault_active': True, 'active_faults': ['BATTERY_RESISTANCE_SPIKE'], 'dataset': 'ASTRA_SIMULATED_EPS'}"
6040.0,ASTRA-FLAGSHIP-01,EPS,32.37795843102854,2.9169017666668076,15.896821486657098,39.998767950773725,0.9937613210146963,"{'soh': 0.9999691987693431, 'internal_resistance_ohm': 0.20250748469904964, 'solar_health_factor': 1.0}",ANOMALOUS,"{'is_sunlight': False, 'orbit_fraction': 0.05226480836236934, 'solar_power_w': 0.0, 'load_power_w': 95.0, 'operating_mode': 'STANDBY', 'fault_active': True, 'active_faults': ['BATTERY_RESISTANCE_SPIKE'], 'dataset': 'ASTRA_SIMULATED_EPS'}"
6050.0,ASTRA-FLAGSHIP-01,EPS,31.974723184801285,2.8575634713252613,15.782685371025385,39.99876633998704,0.9935599593395922,"{'soh': 0.9999691584996762, 'internal_resistance_ohm': 0.20250749448457867, 'solar_health_factor': 1.0}",ANOMALOUS,"{'is_sunlight': False, 'orbit_fraction': 0.05400696864111498, 'solar_power_w': 0.0, 'load_power_w': 95.0, 'operating_mode': 'STANDBY', 'fault_active': True, 'active_faults': ['BATTERY_RESISTANCE_SPIKE'], 'dataset': 'ASTRA_SIMULATED_EPS'}"
6060.0,ASTRA-FLAGSHIP-01,EPS,32.082734379719334,2.880373248168349,15.720720005512481,39.998764729143325,0.9933585905251249,"{'soh': 0.9999691182285831, 'internal_resistance_ohm': 0.20250750427045425, 'solar_health_factor': 1.0}",ANOMALOUS,"{'is_sunlight': False, 'orbit_fraction': 0.05574912891986063, 'solar_power_w': 0.0, 'load_power_w': 95.0, 'operating_mode': 'STANDBY', 'fault_active': True, 'active_faults': ['BATTERY_RESISTANCE_SPIKE'], 'dataset': 'ASTRA_SIMULATED_EPS'}"
6070.0,ASTRA-FLAGSHIP-01,EPS,32.127781429856334,2.8953396979253356,15.603666647282596,39.998763118242564,0.9931572145704355,"{'soh': 0.999969077956064, 'internal_resistance_ohm': 0.20250751405667644, 'solar_health_factor': 1.0}",ANOMALOUS,"{'is_sunlight': False, 'orbit_fraction': 0.05749128919860627, 'solar_power_w': 0.0, 'load_power_w': 95.0, 'operating_mode': 'STANDBY', 'fault_active': True, 'active_faults': ['BATTERY_RESISTANCE_SPIKE'], 'dataset': 'ASTRA_SIMULATED_EPS'}"
6080.0,ASTRA-FLAGSHIP-01,EPS,32.141326807712396,2.908444250891472,15.490774166311676,39.99876150728474,0.9929558314746644,"{'soh': 0.9999690376821184, 'internal_resistance_ohm': 0.20250752384324522, 'solar_health_factor': 1.0}",ANOMALOUS,"{'is_sunlight': False, 'orbit_fraction': 0.059233449477351915, 'solar_power_w': 0.0, 'load_power_w': 95.0, 'operating_mode': 'STANDBY', 'fault_active': True, 'active_faults': ['BATTERY_RESISTANCE_SPIKE'], 'dataset': 'ASTRA_SIMULATED_EPS'}"
6090.0,ASTRA-FLAGSHIP-01,EPS,32.339599458837434,2.8980070811164453,15.455606690264275,39.99875989626985,0.9927544412369509,"{'soh': 0.9999689974067464, 'internal_resistance_ohm': 0.2025075336301606, 'solar_health_factor': 1.0}",ANOMALOUS,"{'is_sunlight': False, 'orbit_fraction': 0.06097560975609756, 'solar_power_w': 0.0, 'load_power_w': 95.0, 'operating_mode': 'STANDBY', 'fault_active': True, 'active_faults': ['BATTERY_RESISTANCE_SPIKE'], 'dataset': 'ASTRA_SIMULATED_EPS'}"
6100.0,ASTRA-FLAGSHIP-01,EPS,32.22557183052682,2.9045800034942686,15.411933205224221,39.9987582851979,0.9925530438564338,"{'soh': 0.9999689571299476, 'internal_resistance_ohm': 0.20250754341742272, 'solar_health_factor': 1.0}",ANOMALOUS,"{'is_sunlight': False, 'orbit_fraction': 0.0627177700348432, 'solar_power_w': 0.0, 'load_power_w': 95.0, 'operating_mode': 'STANDBY', 'fault_active': True, 'active_faults': ['BATTERY_RESISTANCE_SPIKE'], 'dataset': 'ASTRA_SIMULATED_EPS'}"
6110.0,ASTRA-FLAGSHIP-01,EPS,32.156770206366595,2.8881920579038254,15.292205125909879,39.99875667406887,0.992351639332251,"{'soh': 0.9999689168517218, 'internal_resistance_ohm': 0.2025075532050316, 'solar_health_factor': 1.0}",ANOMALOUS,"{'is_sunlight': False, 'orbit_fraction': 0.06445993031358885, 'solar_power_w': 0.0, 'load_power_w': 95.0, 'operating_mode': 'STANDBY', 'fault_active': True, 'active_faults': ['BATTERY_RESISTANCE_SPIKE'], 'dataset': 'ASTRA_SIMULATED_EPS'}"
6120.0,ASTRA-FLAGSHIP-01,EPS,31.925860320486326,2.902354804615422,15.182562779258877,39.998755062882765,0.9921502276635394,"{'soh': 0.9999688765720691, 'internal_resistance_ohm': 0.20250756299298722, 'solar_health_factor': 1.0}",ANOMALOUS,"{'is_sunlight': False, 'orbit_fraction': 0.06620209059233449, 'solar_power_w': 0.0, 'load_power_w': 95.0, 'operating_mode': 'STANDBY', 'fault_active': True, 'active_faults': ['BATTERY_RESISTANCE_SPIKE'], 'dataset': 'ASTRA_SIMULATED_EPS'}"
6130.0,ASTRA-FLAGSHIP-01,EPS,32.07488325541261,2.897833834582294,15.000466254456827,39.998753451639566,0.9919488088494354,"{'soh': 0.9999688362909891, 'internal_resistance_ohm': 0.20250757278128967, 'solar_health_factor': 1.0}",ANOMALOUS,"{'is_sunlight': False, 'orbit_fraction': 0.06794425087108014, 'solar_power_w': 0.0, 'load_power_w': 95.0, 'operating_mode': 'STANDBY', 'fault_active': True, 'active_faults': ['BATTERY_RESISTANCE_SPIKE'], 'dataset': 'ASTRA_SIMULATED_EPS'}"
6140.0,ASTRA-FLAGSHIP-01,EPS,32.01901755121945,2.9022540023390175,15.013125402814877,39.99875184033927,0.9917473828890743,"{'soh': 0.9999687960084817, 'internal_resistance_ohm': 0.202507582569939, 'solar_health_factor': 1.0}",ANOMALOUS,"{'is_sunlight': False, 'orbit_fraction': 0.06968641114982578, 'solar_power_w': 0.0, 'load_power_w': 95.0, 'operating_mode': 'STANDBY', 'fault_active': True, 'active_faults': ['BATTERY_RESISTANCE_SPIKE'], 'dataset': 'ASTRA_SIMULATED_EPS'}"
6150.0,ASTRA-FLAGSHIP-01,EPS,31.940948449754284,2.925230878503466,14.872636519126399,39.99875022898186,0.9915459497815908,"{'soh': 0.9999687557245466, 'internal_resistance_ohm': 0.20250759235893517, 'solar_health_factor': 1.0}",ANOMALOUS,"{'is_sunlight': False, 'orbit_fraction': 0.07142857142857142, 'solar_power_w': 0.0, 'load_power_w': 95.0, 'operating_mode': 'STANDBY', 'fault_active': True, 'active_faults': ['BATTERY_RESISTANCE_SPIKE'], 'dataset': 'ASTRA_SIMULATED_EPS'}"
6160.0,ASTRA-FLAGSHIP-01,EPS,32.26035535837188,2.9089806065836377,14.79468473271581,39.99874861756736,0.9913445095261189,"{'soh': 0.9999687154391839, 'internal_resistance_ohm': 0.20250760214827832, 'solar_health_factor': 1.0}",ANOMALOUS,"{'is_sunlight': False, 'orbit_fraction': 0.07317073170731707, 'solar_power_w': 0.0, 'load_power_w': 95.0, 'operating_mode': 'STANDBY', 'fault_active': True, 'active_faults': ['BATTERY_RESISTANCE_SPIKE'], 'dataset': 'ASTRA_SIMULATED_EPS'}"
6170.0,ASTRA-FLAGSHIP-01,EPS,32.388517588251034,2.877471349038885,14.784242161353625,39.998747006095726,0.9911430621217913,"{'soh': 0.9999686751523932, 'internal_resistance_ohm': 0.20250761193796846, 'solar_health_factor': 1.0}",ANOMALOUS,"{'is_sunlight': False, 'orbit_fraction': 0.07491289198606271, 'solar_power_w': 0.0, 'load_power_w': 95.0, 'operating_mode': 'STANDBY', 'fault_active': True, 'active_faults': ['BATTERY_RESISTANCE_SPIKE'], 'dataset': 'ASTRA_SIMULATED_EPS'}"
6180.0,ASTRA-FLAGSHIP-01,EPS,32.262968425087124,2.887774630177711,14.719432952088047,39.998745394566974,0.9909416075677404,"{'soh': 0.9999686348641743, 'internal_resistance_ohm': 0.20250762172800563, 'solar_health_factor': 1.0}",ANOMALOUS,"{'is_sunlight': False, 'orbit_fraction': 0.07665505226480836, 'solar_power_w': 0.0, 'load_power_w': 95.0, 'operating_mode': 'STANDBY', 'fault_active': True, 'active_faults': ['BATTERY_RESISTANCE_SPIKE'], 'dataset': 'ASTRA_SIMULATED_EPS'}"
6190.0,ASTRA-FLAGSHIP-01,EPS,32.0610438781464,2.906588345995046,14.574587258052745,39.99874378298109,0.9907401458630976,"{'soh': 0.9999685945745272, 'internal_resistance_ohm': 0.20250763151838988, 'solar_health_factor': 1.0}",ANOMALOUS,"{'is_sunlight': False, 'orbit_fraction': 0.078397212543554, 'solar_power_w': 0.0, 'load_power_w': 95.0, 'operating_mode': 'STANDBY', 'fault_active': True, 'active_faults': ['BATTERY_RESISTANCE_SPIKE'], 'dataset': 'ASTRA_SIMULATED_EPS'}"
6200.0,ASTRA-FLAGSHIP-01,EPS,32.07843611713471,2.91687535893426,14.51324269282372,39.99874217133807,0.9905386770069934,"{'soh': 0.9999685542834518, 'internal_resistance_ohm': 0.20250764130912122, 'solar_health_factor': 1.0}",ANOMALOUS,"{'is_sunlight': False, 'orbit_fraction': 0.08013937282229965, 'solar_power_w': 0.0, 'load_power_w': 95.0, 'operating_mode': 'STANDBY', 'fault_active': True, 'active_faults': ['BATTERY_RESISTANCE_SPIKE'], 'dataset': 'ASTRA_SIMULATED_EPS'}"
6210.0,ASTRA-FLAGSHIP-01,EPS,31.81817868722138,2.926605393148096,14.302675729,39.9987405596379,0.9903372009985577,"{'soh': 0.9999685139909475, 'internal_resistance_ohm': 0.20250765110019975, 'solar_health_factor': 1.0}",ANOMALOUS,"{'is_sunlight': False, 'orbit_fraction': 0.08188153310104529, 'solar_power_w': 0.0, 'load_power_w': 95.0, 'operating_mode': 'STANDBY', 'fault_active': True, 'active_faults': ['BATTERY_RESISTANCE_SPIKE'], 'dataset': 'ASTRA_SIMULATED_EPS'}"
6220.0,ASTRA-FLAGSHIP-01,EPS,32.263334111911895,2.923243941056423,14.243718430822561,39.99873894788058,0.9901357178369194,"{'soh': 0.9999684736970146, 'internal_resistance_ohm': 0.20250766089162545, 'solar_health_factor': 1.0}",ANOMALOUS,"{'is_sunlight': False, 'orbit_fraction': 0.08362369337979095, 'solar_power_w': 0.0, 'load_power_w': 95.0, 'operating_mode': 'STANDBY', 'fault_active': True, 'active_faults': ['BATTERY_RESISTANCE_SPIKE'], 'dataset': 'ASTRA_SIMULATED_EPS'}"
6230.0,ASTRA-FLAGSHIP-01,EPS,32.0305094846591,2.8798001476774377,14.200220850522303,39.99873733606611,0.9899342275212067,"{'soh': 0.9999684334016526, 'internal_resistance_ohm': 0.2025076706833984, 'solar_health_factor': 1.0}",ANOMALOUS,"{'is_sunlight': False, 'orbit_fraction': 0.08536585365853659, 'solar_power_w': 0.0, 'load_power_w': 95.0, 'operating_mode': 'STANDBY', 'fault_active': True, 'active_faults': ['BATTERY_RESISTANCE_SPIKE'], 'dataset': 'ASTRA_SIMULATED_EPS'}"
6240.0,ASTRA-FLAGSHIP-01,EPS,32.045820854439604,2.9166809862523198,14.189415590235889,39.99873572419447,0.989732730050547,"{'soh': 0.9999683931048616, 'internal_resistance_ohm': 0.2025076804755186, 'solar_health_factor': 1.0}",ANOMALOUS,"{'is_sunlight': False, 'orbit_fraction': 0.08710801393728224, 'solar_power_w': 0.0, 'load_power_w': 95.0, 'operating_mode': 'STANDBY', 'fault_active': True, 'active_faults': ['BATTERY_RESISTANCE_SPIKE'], 'dataset': 'ASTRA_SIMULATED_EPS'}"
6250.0,ASTRA-FLAGSHIP-01,EPS,32.31803411238486,2.8906080887068395,14.026604788655506,39.99873411226565,0.9895312254240666,"{'soh': 0.9999683528066412, 'internal_resistance_ohm': 0.20250769026798615, 'solar_health_factor': 1.0}",ANOMALOUS,"{'is_sunlight': False, 'orbit_fraction': 0.08885017421602788, 'solar_power_w': 0.0, 'load_power_w': 95.0, 'operating_mode': 'STANDBY', 'fault_active': True, 'active_faults': ['BATTERY_RESISTANCE_SPIKE'], 'dataset': 'ASTRA_SIMULATED_EPS'}"
6260.0,ASTRA-FLAGSHIP-01,EPS,31.822751543616675,2.8859565014664725,13.99870605112228,39.99873250027966,0.9893297136408914,"{'soh': 0.9999683125069914, 'internal_resistance_ohm': 0.2025077000608011, 'solar_health_factor': 1.0}",ANOMALOUS,"{'is_sunlight': False, 'orbit_fraction': 0.09059233449477352, 'solar_power_w': 0.0, 'load_power_w': 95.0, 'operating_mode': 'STANDBY', 'fault_active': True, 'active_faults': ['BATTERY_RESISTANCE_SPIKE'], 'dataset': 'ASTRA_SIMULATED_EPS'}"
6270.0,ASTRA-FLAGSHIP-01,EPS,32.35093267088222,2.877699883825866,13.834469082359224,39.99873088823647,0.9891281947001462,"{'soh': 0.9999682722059118, 'internal_resistance_ohm': 0.20250770985396344, 'solar_health_factor': 1.0}",ANOMALOUS,"{'is_sunlight': False, 'orbit_fraction': 0.09233449477351917, 'solar_power_w': 0.0, 'load_power_w': 95.0, 'operating_mode': 'STANDBY', 'fault_active': True, 'active_faults': ['BATTERY_RESISTANCE_SPIKE'], 'dataset': 'ASTRA_SIMULATED_EPS'}"
6280.0,ASTRA-FLAGSHIP-01,EPS,32.08627701094362,2.907349419309539,13.737471566693928,39.998729276136096,0.9889266686009552,"{'soh': 0.9999682319034024, 'internal_resistance_ohm': 0.20250771964747322, 'solar_health_factor': 1.0}",ANOMALOUS,"{'is_sunlight': False, 'orbit_fraction': 0.09407665505226481, 'solar_power_w': 0.0, 'load_power_w': 95.0, 'operating_mode': 'STANDBY', 'fault_active': True, 'active_faults': ['BATTERY_RESISTANCE_SPIKE'], 'dataset': 'ASTRA_SIMULATED_EPS'}"
6290.0,ASTRA-FLAGSHIP-01,EPS,32.157368228013574,2.8927420381628925,13.691318582598479,39.998727663978514,0.9887251353424418,"{'soh': 0.9999681915994629, 'internal_resistance_ohm': 0.20250772944133047, 'solar_health_factor': 1.0}",ANOMALOUS,"{'is_sunlight': False, 'orbit_fraction': 0.09581881533101046, 'solar_power_w': 0.0, 'load_power_w': 95.0, 'operating_mode': 'STANDBY', 'fault_active': True, 'active_faults': ['BATTERY_RESISTANCE_SPIKE'], 'dataset': 'ASTRA_SIMULATED_EPS'}"
6300.0,ASTRA-FLAGSHIP-01,EPS,32.17579043709953,2.902214900094727,13.584540747435165,39.99872605176373,0.9885235949237282,"{'soh': 0.9999681512940933, 'internal_resistance_ohm': 0.2025077392355353, 'solar_health_factor': 1.0}",ANOMALOUS,"{'is_sunlight': False, 'orbit_fraction': 0.0975609756097561, 'solar_power_w': 0.0, 'load_power_w': 95.0, 'operating_mode': 'STANDBY', 'fault_active': True, 'active_faults': ['BATTERY_RESISTANCE_SPIKE'], 'dataset': 'ASTRA_SIMULATED_EPS'}"
6310.0,ASTRA-FLAGSHIP-01,EPS,32.06937407737397,2.900468551570041,13.502407116651536,39.99872443949174,0.9883220473439362,"{'soh': 0.9999681109872934, 'internal_resistance_ohm': 0.2025077490300877, 'solar_health_factor': 1.0}",ANOMALOUS,"{'is_sunlight': False, 'orbit_fraction': 0.09930313588850175, 'solar_power_w': 0.0, 'load_power_w': 95.0, 'operating_mode': 'STANDBY', 'fault_active': True, 'active_faults': ['BATTERY_RESISTANCE_SPIKE'], 'dataset': 'ASTRA_SIMULATED_EPS'}"
6320.0,ASTRA-FLAGSHIP-01,EPS,32.044256007276154,2.933487579083281,13.463729436783078,39.99872282716252,0.9881204926021867,"{'soh': 0.9999680706790629, 'internal_resistance_ohm': 0.20250775882498773, 'solar_health_factor': 1.0}",ANOMALOUS,"{'is_sunlight': False, 'orbit_fraction': 0.10104529616724739, 'solar_power_w': 0.0, 'load_power_w': 95.0, 'operating_mode': 'STANDBY', 'fault_active': True, 'active_faults': ['BATTERY_RESISTANCE_SPIKE'], 'dataset': 'ASTRA_SIMULATED_EPS'}"
6330.0,ASTRA-FLAGSHIP-01,EPS,32.03718756217815,2.9159976040583273,13.333995847563294,39.99872121477607,0.9879189306975996,"{'soh': 0.9999680303694016, 'internal_resistance_ohm': 0.2025077686202354, 'solar_health_factor': 1.0}",ANOMALOUS,"{'is_sunlight': False, 'orbit_fraction': 0.10278745644599303, 'solar_power_w': 0.0, 'load_power_w': 95.0, 'operating_mode': 'STANDBY', 'fault_active': True, 'active_faults': ['BATTERY_RESISTANCE_SPIKE'], 'dataset': 'ASTRA_SIMULATED_EPS'}"
6340.0,ASTRA-FLAGSHIP-01,EPS,32.27159351494571,2.909714318080549,13.260552026972961,39.99871960233238,0.9877173616292941,"{'soh': 0.9999679900583095, 'internal_resistance_ohm': 0.2025077784158308, 'solar_health_factor': 1.0}",ANOMALOUS,"{'is_sunlight': False, 'orbit_fraction': 0.10452961672473868, 'solar_power_w': 0.0, 'load_power_w': 95.0, 'operating_mode': 'STANDBY', 'fault_active': True, 'active_faults': ['BATTERY_RESISTANCE_SPIKE'], 'dataset': 'ASTRA_SIMULATED_EPS'}"
6350.0,ASTRA-FLAGSHIP-01,EPS,32.154038034454096,2.871952178196568,13.125035421991036,39.99871798983145,0.9875157853963887,"{'soh': 0.9999679497457863, 'internal_resistance_ohm': 0.20250778821177393, 'solar_health_factor': 1.0}",ANOMALOUS,"{'is_sunlight': False, 'orbit_fraction': 0.10627177700348432, 'solar_power_w': 0.0, 'load_power_w': 95.0, 'operating_mode': 'STANDBY', 'fault_active': True, 'active_faults': ['BATTERY_RESISTANCE_SPIKE'], 'dataset': 'ASTRA_SIMULATED_EPS'}"
6360.0,ASTRA-FLAGSHIP-01,EPS,31.889522390231203,2.905497109896459,13.183681952141228,39.99871637727327,0.9873142019980009,"{'soh': 0.9999679094318318, 'internal_resistance_ohm': 0.20250779800806487, 'solar_health_factor': 1.0}",ANOMALOUS,"{'is_sunlight': False, 'orbit_fraction': 0.10801393728222997, 'solar_power_w': 0.0, 'load_power_w': 95.0, 'operating_mode': 'STANDBY', 'fault_active': True, 'active_faults': ['BATTERY_RESISTANCE_SPIKE'], 'dataset': 'ASTRA_SIMULATED_EPS'}"
6370.0,ASTRA-FLAGSHIP-01,EPS,32.43774780011802,2.915261823413221,13.038005976069758,39.998714764657834,0.9871126114332475,"{'soh': 0.9999678691164459, 'internal_resistance_ohm': 0.20250780780470365, 'solar_health_factor': 1.0}",ANOMALOUS,"{'is_sunlight': False, 'orbit_fraction': 0.10975609756097561, 'solar_power_w': 0.0, 'load_power_w': 95.0, 'operating_mode': 'STANDBY', 'fault_active': True, 'active_faults': ['BATTERY_RESISTANCE_SPIKE'], 'dataset': 'ASTRA_SIMULATED_EPS'}"
6380.0,ASTRA-FLAGSHIP-01,EPS,31.789786065157763,2.8923239019041285,12.889706657889626,39.998713151985136,0.9869110137012443,"{'soh': 0.9999678287996284, 'internal_resistance_ohm': 0.2025078176016903, 'solar_health_factor': 1.0}",ANOMALOUS,"{'is_sunlight': False, 'orbit_fraction': 0.11149825783972125, 'solar_power_w': 0.0, 'load_power_w': 95.0, 'operating_mode': 'STANDBY', 'fault_active': True, 'active_faults': ['BATTERY_RESISTANCE_SPIKE'], 'dataset': 'ASTRA_SIMULATED_EPS'}"
6390.0,ASTRA-FLAGSHIP-01,EPS,31.977902256098627,2.899735707429977,12.82184735396759,39.99871153925517,0.9867094088011067,"{'soh': 0.9999677884813791, 'internal_resistance_ohm': 0.20250782739902487, 'solar_health_factor': 1.0}",ANOMALOUS,"{'is_sunlight': False, 'orbit_fraction': 0.1132404181184669, 'solar_power_w': 0.0, 'load_power_w': 95.0, 'operating_mode': 'STANDBY', 'fault_active': True, 'active_faults': ['BATTERY_RESISTANCE_SPIKE'], 'dataset': 'ASTRA_SIMULATED_EPS'}"
6400.0,ASTRA-FLAGSHIP-01,EPS,31.758850011325528,2.917716079891849,12.708394115944866,39.99870992646792,0.9865077967319488,"{'soh': 0.9999677481616979, 'internal_resistance_ohm': 0.20250783719670737, 'solar_health_factor': 1.0}",ANOMALOUS,"{'is_sunlight': False, 'orbit_fraction': 0.11498257839721254, 'solar_power_w': 0.0, 'load_power_w': 95.0, 'operating_mode': 'STANDBY', 'fault_active': True, 'active_faults': ['BATTERY_RESISTANCE_SPIKE'], 'dataset': 'ASTRA_SIMULATED_EPS'}"
6410.0,ASTRA-FLAGSHIP-01,EPS,32.113476930234526,2.943701327045267,12.632864173453646,39.99870831362338,0.9863061774928841,"{'soh': 0.9999677078405845, 'internal_resistance_ohm': 0.20250784699473798, 'solar_health_factor': 1.0}",ANOMALOUS,"{'is_sunlight': False, 'orbit_fraction': 0.11672473867595819, 'solar_power_w': 0.0, 'load_power_w': 95.0, 'operating_mode': 'STANDBY', 'fault_active': True, 'active_faults': ['BATTERY_RESISTANCE_SPIKE'], 'dataset': 'ASTRA_SIMULATED_EPS'}"
6420.0,ASTRA-FLAGSHIP-01,EPS,31.668140870904747,2.89774458799404,12.650905678011911,39.998706700721556,0.9861045510830253,"{'soh': 0.9999676675180389, 'internal_resistance_ohm': 0.20250785679311656, 'solar_health_factor': 1.0}",ANOMALOUS,"{'is_sunlight': False, 'orbit_fraction': 0.11846689895470383, 'solar_power_w': 0.0, 'load_power_w': 95.0, 'operating_mode': 'STANDBY', 'fault_active': True, 'active_faults': ['BATTERY_RESISTANCE_SPIKE'], 'dataset': 'ASTRA_SIMULATED_EPS'}"
6430.0,ASTRA-FLAGSHIP-01,EPS,32.386784352740214,2.8794322777063353,12.537938515677698,39.99870508776243,0.9859029175014843,"{'soh': 0.9999676271940607, 'internal_resistance_ohm': 0.20250786659184322, 'solar_health_factor': 1.0}",ANOMALOUS,"{'is_sunlight': False, 'orbit_fraction': 0.12020905923344948, 'solar_power_w': 0.0, 'load_power_w': 95.0, 'operating_mode': 'STANDBY', 'fault_active': True, 'active_faults': ['BATTERY_RESISTANCE_SPIKE'], 'dataset': 'ASTRA_SIMULATED_EPS'}"
6440.0,ASTRA-FLAGSHIP-01,EPS,31.996934787978475,2.9014648792265296,12.562787554327755,39.998703474745994,0.9857012767473721,"{'soh': 0.9999675868686498, 'internal_resistance_ohm': 0.20250787639091808, 'solar_health_factor': 1.0}",ANOMALOUS,"{'is_sunlight': False, 'orbit_fraction': 0.12195121951219512, 'solar_power_w': 0.0, 'load_power_w': 95.0, 'operating_mode': 'STANDBY', 'fault_active': True, 'active_faults': ['BATTERY_RESISTANCE_SPIKE'], 'dataset': 'ASTRA_SIMULATED_EPS'}"
6450.0,ASTRA-FLAGSHIP-01,EPS,31.829361213174348,2.9085884572551928,12.371642262995683,39.998701861672245,0.9854996288197988,"{'soh': 0.9999675465418062, 'internal_resistance_ohm': 0.2025078861903411, 'solar_health_factor': 1.0}",ANOMALOUS,"{'is_sunlight': False, 'orbit_fraction': 0.12369337979094076, 'solar_power_w': 0.0, 'load_power_w': 95.0, 'operating_mode': 'STANDBY', 'fault_active': True, 'active_faults': ['BATTERY_RESISTANCE_SPIKE'], 'dataset': 'ASTRA_SIMULATED_EPS'}"
6460.0,ASTRA-FLAGSHIP-01,EPS,32.243280891643536,2.9056516145153286,12.281567146119974,39.998700248541184,0.985297973717874,"{'soh': 0.9999675062135296, 'internal_resistance_ohm': 0.20250789599011232, 'solar_health_factor': 1.0}",ANOMALOUS,"{'is_sunlight': False, 'orbit_fraction': 0.1254355400696864, 'solar_power_w': 0.0, 'load_power_w': 95.0, 'operating_mode': 'STANDBY', 'fault_active': True, 'active_faults': ['BATTERY_RESISTANCE_SPIKE'], 'dataset': 'ASTRA_SIMULATED_EPS'}"
6470.0,ASTRA-FLAGSHIP-01,EPS,32.00519678480944,2.909095459906314,12.167131231321644,39.99869863535279,0.9850963114407061,"{'soh': 0.9999674658838197, 'internal_resistance_ohm': 0.20250790579023184, 'solar_health_factor': 1.0}",ANOMALOUS,"{'is_sunlight': False, 'orbit_fraction': 0.12717770034843207, 'solar_power_w': 0.0, 'load_power_w': 95.0, 'operating_mode': 'STANDBY', 'fault_active': True, 'active_faults': ['BATTERY_RESISTANCE_SPIKE'], 'dataset': 'ASTRA_SIMULATED_EPS'}"
6480.0,ASTRA-FLAGSHIP-01,EPS,32.16646696641524,2.8967308369674822,12.121490717430728,39.99869702210705,0.9848946419874028,"{'soh': 0.9999674255526764, 'internal_resistance_ohm': 0.2025079155906996, 'solar_health_factor': 1.0}",ANOMALOUS,"{'is_sunlight': False, 'orbit_fraction': 0.1289198606271777, 'solar_power_w': 0.0, 'load_power_w': 95.0, 'operating_mode': 'STANDBY', 'fault_active': True, 'active_faults': ['BATTERY_RESISTANCE_SPIKE'], 'dataset': 'ASTRA_SIMULATED_EPS'}"
6490.0,ASTRA-FLAGSHIP-01,EPS,32.06093024965466,2.926029534193487,12.018628907916433,39.99869540880398,0.9846929653570713,"{'soh': 0.9999673852200996, 'internal_resistance_ohm': 0.20250792539151577, 'solar_health_factor': 1.0}",ANOMALOUS,"{'is_sunlight': False, 'orbit_fraction': 0.13066202090592335, 'solar_power_w': 0.0, 'load_power_w': 95.0, 'operating_mode': 'STANDBY', 'fault_active': True, 'active_faults': ['BATTERY_RESISTANCE_SPIKE'], 'dataset': 'ASTRA_SIMULATED_EPS'}"
6500.0,ASTRA-FLAGSHIP-01,EPS,31.780179473602292,2.928785667100384,11.894692337724157,39.998693795443565,0.9844912815488175,"{'soh': 0.9999673448860891, 'internal_resistance_ohm': 0.20250793519268034, 'solar_health_factor': 1.0}",ANOMALOUS,"{'is_sunlight': False, 'orbit_fraction': 0.13240418118466898, 'solar_power_w': 0.0, 'load_power_w': 95.0, 'operating_mode': 'STANDBY', 'fault_active': True, 'active_faults': ['BATTERY_RESISTANCE_SPIKE'], 'dataset': 'ASTRA_SIMULATED_EPS'}"
6510.0,ASTRA-FLAGSHIP-01,EPS,31.95844047321178,2.8926271860979473,11.927698098550326,39.998692182025785,0.9842895905617467,"{'soh': 0.9999673045506446, 'internal_resistance_ohm': 0.20250794499419333, 'solar_health_factor': 1.0}",ANOMALOUS,"{'is_sunlight': False, 'orbit_fraction': 0.13414634146341464, 'solar_power_w': 0.0, 'load_power_w': 95.0, 'operating_mode': 'STANDBY', 'fault_active': True, 'active_faults': ['BATTERY_RESISTANCE_SPIKE'], 'dataset': 'ASTRA_SIMULATED_EPS'}"
6520.0,ASTRA-FLAGSHIP-01,EPS,31.71969309912145,2.9656129982464075,11.83099257961198,39.99869056855064,0.9840878923949633,"{'soh': 0.999967264213766, 'internal_resistance_ohm': 0.20250795479605485, 'solar_health_factor': 1.0}",ANOMALOUS,"{'is_sunlight': False, 'orbit_fraction': 0.13588850174216027, 'solar_power_w': 0.0, 'load_power_w': 95.0, 'operating_mode': 'STANDBY', 'fault_active': True, 'active_faults': ['BATTERY_RESISTANCE_SPIKE'], 'dataset': 'ASTRA_SIMULATED_EPS'}"
6530.0,ASTRA-FLAGSHIP-01,EPS,32.09666369719212,2.9033901446837143,11.711896715543272,39.99868895501813,0.983886187047571,"{'soh': 0.9999672238754532, 'internal_resistance_ohm': 0.20250796459826484, 'solar_health_factor': 1.0}",ANOMALOUS,"{'is_sunlight': False, 'orbit_fraction': 0.13763066202090593, 'solar_power_w': 0.0, 'load_power_w': 95.0, 'operating_mode': 'STANDBY', 'fault_active': True, 'active_faults': ['BATTERY_RESISTANCE_SPIKE'], 'dataset': 'ASTRA_SIMULATED_EPS'}"
6540.0,ASTRA-FLAGSHIP-01,EPS,32.14322638230934,2.917161526731316,11.645043659888362,39.99868734142824,0.9836844745186727,"{'soh': 0.999967183535706, 'internal_resistance_ohm': 0.2025079744008234, 'solar_health_factor': 1.0}",ANOMALOUS,"{'is_sunlight': False, 'orbit_fraction': 0.13937282229965156, 'solar_power_w': 0.0, 'load_power_w': 95.0, 'operating_mode': 'STANDBY', 'fault_active': True, 'active_faults': ['BATTERY_RESISTANCE_SPIKE'], 'dataset': 'ASTRA_SIMULATED_EPS'}"
6550.0,ASTRA-FLAGSHIP-01,EPS,32.07286405126813,2.9008156960241855,11.529558775645258,39.998685727780966,0.9834827548073702,"{'soh': 0.9999671431945242, 'internal_resistance_ohm': 0.20250798420373062, 'solar_health_factor': 1.0}",ANOMALOUS,"{'is_sunlight': False, 'orbit_fraction': 0.14111498257839722, 'solar_power_w': 0.0, 'load_power_w': 95.0, 'operating_mode': 'STANDBY', 'fault_active': True, 'active_faults': ['BATTERY_RESISTANCE_SPIKE'], 'dataset': 'ASTRA_SIMULATED_EPS'}"
6560.0,ASTRA-FLAGSHIP-01,EPS,32.026077364107046,2.9269072875276647,11.486873285469914,39.9986841140763,0.9832810279127648,"{'soh': 0.9999671028519075, 'internal_resistance_ohm': 0.20250799400698646, 'solar_health_factor': 1.0}",ANOMALOUS,"{'is_sunlight': False, 'orbit_fraction': 0.14285714285714285, 'solar_power_w': 0.0, 'load_power_w': 95.0, 'operating_mode': 'STANDBY', 'fault_active': True, 'active_faults': ['BATTERY_RESISTANCE_SPIKE'], 'dataset': 'ASTRA_SIMULATED_EPS'}"
6570.0,ASTRA-FLAGSHIP-01,EPS,31.58484466062537,2.917681105280457,11.387218704270405,39.99868250031423,0.9830792938339568,"{'soh': 0.9999670625078558, 'internal_resistance_ohm': 0.20250800381059103, 'solar_health_factor': 1.0}",ANOMALOUS,"{'is_sunlight': False, 'orbit_fraction': 0.1445993031358885, 'solar_power_w': 0.0, 'load_power_w': 95.0, 'operating_mode': 'STANDBY', 'fault_active': True, 'active_faults': ['BATTERY_RESISTANCE_SPIKE'], 'dataset': 'ASTRA_SIMULATED_EPS'}"
6580.0,ASTRA-FLAGSHIP-01,EPS,32.05194703097268,2.8973926164238195,11.35418684224756,39.99868088649476,0.9828775525700456,"{'soh': 0.999967022162369, 'internal_resistance_ohm': 0.20250801361454435, 'solar_health_factor': 1.0}",ANOMALOUS,"{'is_sunlight': False, 'orbit_fraction': 0.14634146341463414, 'solar_power_w': 0.0, 'load_power_w': 95.0, 'operating_mode': 'STANDBY', 'fault_active': True, 'active_faults': ['BATTERY_RESISTANCE_SPIKE'], 'dataset': 'ASTRA_SIMULATED_EPS'}"
6590.0,ASTRA-FLAGSHIP-01,EPS,32.20561790879002,2.8899910026935367,11.239045431255967,39.99867927261787,0.98267580412013,"{'soh': 0.9999669818154467, 'internal_resistance_ohm': 0.20250802341884647, 'solar_health_factor': 1.0}",ANOMALOUS,"{'is_sunlight': False, 'orbit_fraction': 0.1480836236933798, 'solar_power_w': 0.0, 'load_power_w': 95.0, 'operating_mode': 'STANDBY', 'fault_active': True, 'active_faults': ['BATTERY_RESISTANCE_SPIKE'], 'dataset': 'ASTRA_SIMULATED_EPS'}"
6600.0,ASTRA-FLAGSHIP-01,EPS,31.896851842240054,2.8782468042224636,11.108280299175764,39.99867765868356,0.9824740484833079,"{'soh': 0.9999669414670891, 'internal_resistance_ohm': 0.20250803322349736, 'solar_health_factor': 1.0}",ANOMALOUS,"{'is_sunlight': False, 'orbit_fraction': 0.14982578397212543, 'solar_power_w': 0.0, 'load_power_w': 95.0, 'operating_mode': 'STANDBY', 'fault_active': True, 'active_faults': ['BATTERY_RESISTANCE_SPIKE'], 'dataset': 'ASTRA_SIMULATED_EPS'}"
6610.0,ASTRA-FLAGSHIP-01,EPS,32.18959013990019,2.9238996511492616,11.08640494319582,39.99867604469182,0.9822722856586762,"{'soh': 0.9999669011172956, 'internal_resistance_ohm': 0.20250804302849718, 'solar_health_factor': 1.0}",ANOMALOUS,"{'is_sunlight': False, 'orbit_fraction': 0.15156794425087108, 'solar_power_w': 0.0, 'load_power_w': 95.0, 'operating_mode': 'STANDBY', 'fault_active': True, 'active_faults': ['BATTERY_RESISTANCE_SPIKE'], 'dataset': 'ASTRA_SIMULATED_EPS'}"
6620.0,ASTRA-FLAGSHIP-01,EPS,32.166396145628525,2.9154712990388174,10.95002170942752,39.99867443064265,0.9820705156453312,"{'soh': 0.9999668607660663, 'internal_resistance_ohm': 0.20250805283384588, 'solar_health_factor': 1.0}",ANOMALOUS,"{'is_sunlight': False, 'orbit_fraction': 0.15331010452961671, 'solar_power_w': 0.0, 'load_power_w': 95.0, 'operating_mode': 'STANDBY', 'fault_active': True, 'active_faults': ['BATTERY_RESISTANCE_SPIKE'], 'dataset': 'ASTRA_SIMULATED_EPS'}"
6630.0,ASTRA-FLAGSHIP-01,EPS,32.11822542609685,2.9211252945935744,10.941365516322604,39.99867281653604,0.9818687384423683,"{'soh': 0.999966820413401, 'internal_resistance_ohm': 0.20250806263954352, 'solar_health_factor': 1.0}",ANOMALOUS,"{'is_sunlight': False, 'orbit_fraction': 0.15505226480836237, 'solar_power_w': 0.0, 'load_power_w': 95.0, 'operating_mode': 'STANDBY', 'fault_active': True, 'active_faults': ['BATTERY_RESISTANCE_SPIKE'], 'dataset': 'ASTRA_SIMULATED_EPS'}"
6640.0,ASTRA-FLAGSHIP-01,EPS,32.238335491136255,2.919430492241632,10.842988004428978,39.99867120237197,0.981666954048882,"{'soh': 0.9999667800592994, 'internal_resistance_ohm': 0.20250807244559024, 'solar_health_factor': 1.0}",ANOMALOUS,"{'is_sunlight': False, 'orbit_fraction': 0.156794425087108, 'solar_power_w': 0.0, 'load_power_w': 95.0, 'operating_mode': 'STANDBY', 'fault_active': True, 'active_faults': ['BATTERY_RESISTANCE_SPIKE'], 'dataset': 'ASTRA_SIMULATED_EPS'}"
6650.0,ASTRA-FLAGSHIP-01,EPS,32.21811165287134,2.9051842543612856,10.70329543071202,39.99866958815045,0.981465162463966,"{'soh': 0.9999667397037613, 'internal_resistance_ohm': 0.20250808225198597, 'solar_health_factor': 1.0}",ANOMALOUS,"{'is_sunlight': False, 'orbit_fraction': 0.15853658536585366, 'solar_power_w': 0.0, 'load_power_w': 95.0, 'operating_mode': 'STANDBY', 'fault_active': True, 'active_faults': ['BATTERY_RESISTANCE_SPIKE'], 'dataset': 'ASTRA_SIMULATED_EPS'}"
6660.0,ASTRA-FLAGSHIP-01,EPS,32.019323240651005,2.8912583992955545,10.63581218666218,39.99866797387146,0.9812633636867132,"{'soh': 0.9999666993467866, 'internal_resistance_ohm': 0.20250809205873083, 'solar_health_factor': 1.0}",ANOMALOUS,"{'is_sunlight': False, 'orbit_fraction': 0.1602787456445993, 'solar_power_w': 0.0, 'load_power_w': 95.0, 'operating_mode': 'STANDBY', 'fault_active': True, 'active_faults': ['BATTERY_RESISTANCE_SPIKE'], 'dataset': 'ASTRA_SIMULATED_EPS'}"
6670.0,ASTRA-FLAGSHIP-01,EPS,32.02110892011689,2.8904334851388738,10.576562773382532,39.99866635953501,0.9810615577162156,"{'soh': 0.9999666589883752, 'internal_resistance_ohm': 0.20250810186582485, 'solar_health_factor': 1.0}",ANOMALOUS,"{'is_sunlight': False, 'orbit_fraction': 0.16202090592334495, 'solar_power_w': 0.0, 'load_power_w': 95.0, 'operating_mode': 'STANDBY', 'fault_active': True, 'active_faults': ['BATTERY_RESISTANCE_SPIKE'], 'dataset': 'ASTRA_SIMULATED_EPS'}"
6680.0,ASTRA-FLAGSHIP-01,EPS,31.73969050447588,2.9101782005528856,10.514618131284069,39.99866474514107,0.9808597445515645,"{'soh': 0.9999666186285268, 'internal_resistance_ohm': 0.20250811167326796, 'solar_health_factor': 1.0}",ANOMALOUS,"{'is_sunlight': False, 'orbit_fraction': 0.16376306620209058, 'solar_power_w': 0.0, 'load_power_w': 95.0, 'operating_mode': 'STANDBY', 'fault_active': True, 'active_faults': ['BATTERY_RESISTANCE_SPIKE'], 'dataset': 'ASTRA_SIMULATED_EPS'}"
6690.0,ASTRA-FLAGSHIP-01,EPS,31.910984131704097,2.9189914996326354,10.484240077606158,39.99866313068965,0.9806579241918504,"{'soh': 0.9999665782672412, 'internal_resistance_ohm': 0.20250812148106037, 'solar_health_factor': 1.0}",ANOMALOUS,"{'is_sunlight': False, 'orbit_fraction': 0.16550522648083624, 'solar_power_w': 0.0, 'load_power_w': 95.0, 'operating_mode': 'STANDBY', 'fault_active': True, 'active_faults': ['BATTERY_RESISTANCE_SPIKE'], 'dataset': 'ASTRA_SIMULATED_EPS'}"
6700.0,ASTRA-FLAGSHIP-01,EPS,31.78316539344011,2.8913226982439824,10.321914320835035,39.99866151618073,0.9804560966361627,"{'soh': 0.9999665379045183, 'internal_resistance_ohm': 0.20250813128920206, 'solar_health_factor': 1.0}",ANOMALOUS,"{'is_sunlight': False, 'orbit_fraction': 0.1672473867595819, 'solar_power_w': 0.0, 'load_power_w': 95.0, 'operating_mode': 'STANDBY', 'fault_active': True, 'active_faults': ['BATTERY_RESISTANCE_SPIKE'], 'dataset': 'ASTRA_SIMULATED_EPS'}"
6710.0,ASTRA-FLAGSHIP-01,EPS,31.888944541060997,2.922524048343741,10.273895603679158,39.99865990161432,0.9802542618835902,"{'soh': 0.9999664975403579, 'internal_resistance_ohm': 0.202508141097693, 'solar_health_factor': 1.0}",ANOMALOUS,"{'is_sunlight': False, 'orbit_fraction': 0.16898954703832753, 'solar_power_w': 0.0, 'load_power_w': 95.0, 'operating_mode': 'STANDBY', 'fault_active': True, 'active_faults': ['BATTERY_RESISTANCE_SPIKE'], 'dataset': 'ASTRA_SIMULATED_EPS'}"
6720.0,ASTRA-FLAGSHIP-01,EPS,31.9959542145104,2.86728688615118,10.238778340884535,39.99865828699039,0.9800524199332209,"{'soh': 0.9999664571747597, 'internal_resistance_ohm': 0.20250815090653335, 'solar_health_factor': 1.0}",ANOMALOUS,"{'is_sunlight': False, 'orbit_fraction': 0.17073170731707318, 'solar_power_w': 0.0, 'load_power_w': 95.0, 'operating_mode': 'STANDBY', 'fault_active': True, 'active_faults': ['BATTERY_RESISTANCE_SPIKE'], 'dataset': 'ASTRA_SIMULATED_EPS'}"
6730.0,ASTRA-FLAGSHIP-01,EPS,31.83862828251242,2.9077007760317772,10.144501324722198,39.998656672308954,0.9798505707841417,"{'soh': 0.9999664168077238, 'internal_resistance_ohm': 0.2025081607157231, 'solar_health_factor': 1.0}",ANOMALOUS,"{'is_sunlight': False, 'orbit_fraction': 0.17247386759581881, 'solar_power_w': 0.0, 'load_power_w': 95.0, 'operating_mode': 'STANDBY', 'fault_active': True, 'active_faults': ['BATTERY_RESISTANCE_SPIKE'], 'dataset': 'ASTRA_SIMULATED_EPS'}"
6740.0,ASTRA-FLAGSHIP-01,EPS,32.25390212964271,2.881068277353718,9.903485872866552,39.99865505756999,0.979648714435439,"{'soh': 0.9999663764392497, 'internal_resistance_ohm': 0.20250817052526232, 'solar_health_factor': 1.0}",ANOMALOUS,"{'is_sunlight': False, 'orbit_fraction': 0.17421602787456447, 'solar_power_w': 0.0, 'load_power_w': 95.0, 'operating_mode': 'STANDBY', 'fault_active': True, 'active_faults': ['BATTERY_RESISTANCE_SPIKE'], 'dataset': 'ASTRA_SIMULATED_EPS'}"
6750.0,ASTRA-FLAGSHIP-01,EPS,32.064212384337495,2.9419078741144005,10.040441221664336,39.998653442773495,0.9794468508861981,"{'soh': 0.9999663360693374, 'internal_resistance_ohm': 0.20250818033515103, 'solar_health_factor': 1.0}",ANOMALOUS,"{'is_sunlight': False, 'orbit_fraction': 0.1759581881533101, 'solar_power_w': 0.0, 'load_power_w': 95.0, 'operating_mode': 'STANDBY', 'fault_active': True, 'active_faults': ['BATTERY_RESISTANCE_SPIKE'], 'dataset': 'ASTRA_SIMULATED_EPS'}"
6760.0,ASTRA-FLAGSHIP-01,EPS,31.8457395463653,3.9655459041721355,9.946455158898086,39.99865182791947,0.9791706067010373,"{'soh': 0.9999662956979867, 'internal_resistance_ohm': 0.20250819014538926, 'solar_health_factor': 1.0}",ANOMALOUS,"{'is_sunlight': False, 'orbit_fraction': 0.17770034843205576, 'solar_power_w': 0.0, 'load_power_w': 130.0, 'operating_mode': 'STANDBY', 'fault_active': True, 'active_faults': ['BATTERY_RESISTANCE_SPIKE'], 'dataset': 'ASTRA_SIMULATED_EPS'}"
6770.0,ASTRA-FLAGSHIP-01,EPS,31.65274559915,3.9898326711309746,9.859216371221054,39.99864961804047,0.9788943490286627,"{'soh': 0.9999662404510117, 'internal_resistance_ohm': 0.20250820357040417, 'solar_health_factor': 1.0}",ANOMALOUS,"{'is_sunlight': False, 'orbit_fraction': 0.1794425087108014, 'solar_power_w': 0.0, 'load_power_w': 130.0, 'operating_mode': 'STANDBY', 'fault_active': True, 'active_faults': ['BATTERY_RESISTANCE_SPIKE'], 'dataset': 'ASTRA_SIMULATED_EPS'}"
6780.0,ASTRA-FLAGSHIP-01,EPS,31.97192882503512,4.046860493277536,9.781639103428432,39.9986474080537,0.9786180778667235,"{'soh': 0.9999661852013425, 'internal_resistance_ohm': 0.20250821699607374, 'solar_health_factor': 1.0}",ANOMALOUS,"{'is_sunlight': False, 'orbit_fraction': 0.18118466898954705, 'solar_power_w': 0.0, 'load_power_w': 130.0, 'operating_mode': 'STANDBY', 'fault_active': True, 'active_faults': ['BATTERY_RESISTANCE_SPIKE'], 'dataset': 'ASTRA_SIMULATED_EPS'}"
6790.0,ASTRA-FLAGSHIP-01,EPS,31.718646479701796,3.9777276723729758,9.601865097517432,39.99864519795914,0.9783417932128661,"{'soh': 0.9999661299489785, 'internal_resistance_ohm': 0.2025082304223982, 'solar_health_factor': 1.0}",ANOMALOUS,"{'is_sunlight': False, 'orbit_fraction': 0.18292682926829268, 'solar_power_w': 0.0, 'load_power_w': 130.0, 'operating_mode': 'STANDBY', 'fault_active': True, 'active_faults': ['BATTERY_RESISTANCE_SPIKE'], 'dataset': 'ASTRA_SIMULATED_EPS'}"
6800.0,ASTRA-FLAGSHIP-01,EPS,31.685743237839848,3.968370172207451,9.592634451891964,39.998642987756774,0.9780654950647337,"{'soh': 0.9999660746939193, 'internal_resistance_ohm': 0.2025082438493776, 'solar_health_factor': 1.0}",ANOMALOUS,"{'is_sunlight': False, 'orbit_fraction': 0.18466898954703834, 'solar_power_w': 0.0, 'load_power_w': 130.0, 'operating_mode': 'STANDBY', 'fault_active': True, 'active_faults': ['BATTERY_RESISTANCE_SPIKE'], 'dataset': 'ASTRA_SIMULATED_EPS'}"
6810.0,ASTRA-FLAGSHIP-01,EPS,31.81734331761128,3.958279353404795,9.603624722936669,39.998640777446575,0.977789183419967,"{'soh': 0.9999660194361644, 'internal_resistance_ohm': 0.20250825727701202, 'solar_health_factor': 1.0}",ANOMALOUS,"{'is_sunlight': False, 'orbit_fraction': 0.18641114982578397, 'solar_power_w': 0.0, 'load_power_w': 130.0, 'operating_mode': 'STANDBY', 'fault_active': True, 'active_faults': ['BATTERY_RESISTANCE_SPIKE'], 'dataset': 'ASTRA_SIMULATED_EPS'}"
6820.0,ASTRA-FLAGSHIP-01,EPS,31.790350444266668,3.978715109844367,9.460122714957649,39.99863856702853,0.9775128582762034,"{'soh': 0.9999659641757133, 'internal_resistance_ohm': 0.2025082707053017, 'solar_health_factor': 1.0}",ANOMALOUS,"{'is_sunlight': False, 'orbit_fraction': 0.18815331010452963, 'solar_power_w': 0.0, 'load_power_w': 130.0, 'operating_mode': 'STANDBY', 'fault_active': True, 'active_faults': ['BATTERY_RESISTANCE_SPIKE'], 'dataset': 'ASTRA_SIMULATED_EPS'}"
6830.0,ASTRA-FLAGSHIP-01,EPS,31.812388470871113,3.9996822342502414,9.362311342841755,39.99863635650262,0.9772365196310775,"{'soh': 0.9999659089125655, 'internal_resistance_ohm': 0.20250828413424657, 'solar_health_factor': 1.0}",ANOMALOUS,"{'is_sunlight': False, 'orbit_fraction': 0.18989547038327526, 'solar_power_w': 0.0, 'load_power_w': 130.0, 'operating_mode': 'STANDBY', 'fault_active': True, 'active_faults': ['BATTERY_RESISTANCE_SPIKE'], 'dataset': 'ASTRA_SIMULATED_EPS'}"
6840.0,ASTRA-FLAGSHIP-01,EPS,31.680709012671606,3.971773290796557,9.267727573292186,39.99863414586883,0.9769601674822209,"{'soh': 0.9999658536467206, 'internal_resistance_ohm': 0.2025082975638469, 'solar_health_factor': 1.0}",ANOMALOUS,"{'is_sunlight': False, 'orbit_fraction': 0.1916376306620209, 'solar_power_w': 0.0, 'load_power_w': 130.0, 'operating_mode': 'STANDBY', 'fault_active': True, 'active_faults': ['BATTERY_RESISTANCE_SPIKE'], 'dataset': 'ASTRA_SIMULATED_EPS'}"
6850.0,ASTRA-FLAGSHIP-01,EPS,31.65282909829807,3.967672541376461,9.308293882066206,39.99863193512712,0.9766838018272624,"{'soh': 0.9999657983781781, 'internal_resistance_ohm': 0.20250831099410269, 'solar_health_factor': 1.0}",ANOMALOUS,"{'is_sunlight': False, 'orbit_fraction': 0.19337979094076654, 'solar_power_w': 0.0, 'load_power_w': 130.0, 'operating_mode': 'STANDBY', 'fault_active': True, 'active_faults': ['BATTERY_RESISTANCE_SPIKE'], 'dataset': 'ASTRA_SIMULATED_EPS'}"
6860.0,ASTRA-FLAGSHIP-01,EPS,31.82258020293332,3.9845437370896764,9.236870225214918,39.99862972427751,0.9764074226638277,"{'soh': 0.9999657431069376, 'internal_resistance_ohm': 0.20250832442501418, 'solar_health_factor': 1.0}",ANOMALOUS,"{'is_sunlight': False, 'orbit_fraction': 0.1951219512195122, 'solar_power_w': 0.0, 'load_power_w': 130.0, 'operating_mode': 'STANDBY', 'fault_active': True, 'active_faults': ['BATTERY_RESISTANCE_SPIKE'], 'dataset': 'ASTRA_SIMULATED_EPS'}"
6870.0,ASTRA-FLAGSHIP-01,EPS,31.756962137970124,3.9896403600186847,9.119110635931843,39.99862751331994,0.9761310299895397,"{'soh': 0.9999656878329984, 'internal_resistance_ohm': 0.20250833785658137, 'solar_health_factor': 1.0}",ANOMALOUS,"{'is_sunlight': False, 'orbit_fraction': 0.19686411149825783, 'solar_power_w': 0.0, 'load_power_w': 130.0, 'operating_mode': 'STANDBY', 'fault_active': True, 'active_faults': ['BATTERY_RESISTANCE_SPIKE'], 'dataset': 'ASTRA_SIMULATED_EPS'}"
6880.0,ASTRA-FLAGSHIP-01,EPS,31.81896092961889,3.965601291502077,8.932470923576748,39.99862530225442,0.9758546238020183,"{'soh': 0.9999656325563604, 'internal_resistance_ohm': 0.20250835128880443, 'solar_health_factor': 1.0}",ANOMALOUS,"{'is_sunlight': False, 'orbit_fraction': 0.1986062717770035, 'solar_power_w': 0.0, 'load_power_w': 130.0, 'operating_mode': 'STANDBY', 'fault_active': True, 'active_faults': ['BATTERY_RESISTANCE_SPIKE'], 'dataset': 'ASTRA_SIMULATED_EPS'}"
6890.0,ASTRA-FLAGSHIP-01,EPS,31.753538682039974,4.015735317901978,9.031054672170432,39.99862309108091,0.9755782040988803,"{'soh': 0.9999655772770227, 'internal_resistance_ohm': 0.20250836472168346, 'solar_health_factor': 1.0}",ANOMALOUS,"{'is_sunlight': False, 'orbit_fraction': 0.20034843205574912, 'solar_power_w': 0.0, 'load_power_w': 130.0, 'operating_mode': 'STANDBY', 'fault_active': True, 'active_faults': ['BATTERY_RESISTANCE_SPIKE'], 'dataset': 'ASTRA_SIMULATED_EPS'}"
6900.0,ASTRA-FLAGSHIP-01,EPS,31.92636527090647,4.011283892299088,8.919699559732189,39.998620879799404,0.9753017708777397,"{'soh': 0.9999655219949851, 'internal_resistance_ohm': 0.2025083781552186, 'solar_health_factor': 1.0}",ANOMALOUS,"{'is_sunlight': False, 'orbit_fraction': 0.20209059233449478, 'solar_power_w': 0.0, 'load_power_w': 130.0, 'operating_mode': 'STANDBY', 'fault_active': True, 'active_faults': ['BATTERY_RESISTANCE_SPIKE'], 'dataset': 'ASTRA_SIMULATED_EPS'}"
6910.0,ASTRA-FLAGSHIP-01,EPS,31.802510019292523,3.9653139263886494,8.830175229039456,39.99861866840988,0.9750253241362077,"{'soh': 0.9999654667102471, 'internal_resistance_ohm': 0.20250839158940998, 'solar_health_factor': 1.0}",ANOMALOUS,"{'is_sunlight': False, 'orbit_fraction': 0.2038327526132404, 'solar_power_w': 0.0, 'load_power_w': 130.0, 'operating_mode': 'STANDBY', 'fault_active': True, 'active_faults': ['BATTERY_RESISTANCE_SPIKE'], 'dataset': 'ASTRA_SIMULATED_EPS'}"
6920.0,ASTRA-FLAGSHIP-01,EPS,31.867181317498154,4.010872188476651,8.769907052841232,39.99861645691232,0.9747488638718922,"{'soh': 0.999965411422808, 'internal_resistance_ohm': 0.2025084050242576, 'solar_health_factor': 1.0}",ANOMALOUS,"{'is_sunlight': False, 'orbit_fraction': 0.20557491289198607, 'solar_power_w': 0.0, 'load_power_w': 130.0, 'operating_mode': 'STANDBY', 'fault_active': True, 'active_faults': ['BATTERY_RESISTANCE_SPIKE'], 'dataset': 'ASTRA_SIMULATED_EPS'}"
6930.0,ASTRA-FLAGSHIP-01,EPS,31.696092141970063,3.981097792802104,8.738027502234841,39.998614245306705,0.9744723900823985,"{'soh': 0.9999653561326677, 'internal_resistance_ohm': 0.20250841845976172, 'solar_health_factor': 1.0}",ANOMALOUS,"{'is_sunlight': False, 'orbit_fraction': 0.2073170731707317, 'solar_power_w': 0.0, 'load_power_w': 130.0, 'operating_mode': 'STANDBY', 'fault_active': True, 'active_faults': ['BATTERY_RESISTANCE_SPIKE'], 'dataset': 'ASTRA_SIMULATED_EPS'}"
6940.0,ASTRA-FLAGSHIP-01,EPS,31.536527525576265,3.9240896217000762,8.611714515619703,39.99861203359301,0.9741959027653286,"{'soh': 0.9999653008398254, 'internal_resistance_ohm': 0.20250843189592244, 'solar_health_factor': 1.0}",ANOMALOUS,"{'is_sunlight': False, 'orbit_fraction': 0.20905923344947736, 'solar_power_w': 0.0, 'load_power_w': 130.0, 'operating_mode': 'STANDBY', 'fault_active': True, 'active_faults': ['BATTERY_RESISTANCE_SPIKE'], 'dataset': 'ASTRA_SIMULATED_EPS'}"
6950.0,ASTRA-FLAGSHIP-01,EPS,31.570253319614864,3.968817383254256,8.563312097983948,39.99860982177123,0.9739194019182819,"{'soh': 0.9999652455442808, 'internal_resistance_ohm': 0.20250844533273976, 'solar_health_factor': 1.0}",ANOMALOUS,"{'is_sunlight': False, 'orbit_fraction': 0.21080139372822299, 'solar_power_w': 0.0, 'load_power_w': 130.0, 'operating_mode': 'STANDBY', 'fault_active': True, 'active_faults': ['BATTERY_RESISTANCE_SPIKE'], 'dataset': 'ASTRA_SIMULATED_EPS'}"
6960.0,ASTRA-FLAGSHIP-01,EPS,31.69043563759706,4.0178470165440965,8.518682900344553,39.99860760984133,0.9736428875388544,"{'soh': 0.9999651902460333, 'internal_resistance_ohm': 0.2025084587702139, 'solar_health_factor': 1.0}",ANOMALOUS,"{'is_sunlight': False, 'orbit_fraction': 0.21254355400696864, 'solar_power_w': 0.0, 'load_power_w': 130.0, 'operating_mode': 'STANDBY', 'fault_active': True, 'active_faults': ['BATTERY_RESISTANCE_SPIKE'], 'dataset': 'ASTRA_SIMULATED_EPS'}"
6970.0,ASTRA-FLAGSHIP-01,EPS,31.808435435656996,3.99736188613192,8.377232628180987,39.998605397803296,0.9733663596246397,"{'soh': 0.9999651349450824, 'internal_resistance_ohm': 0.20250847220834498, 'solar_health_factor': 1.0}",ANOMALOUS,"{'is_sunlight': False, 'orbit_fraction': 0.21428571428571427, 'solar_power_w': 0.0, 'load_power_w': 130.0, 'operating_mode': 'STANDBY', 'fault_active': True, 'active_faults': ['BATTERY_RESISTANCE_SPIKE'], 'dataset': 'ASTRA_SIMULATED_EPS'}"
6980.0,ASTRA-FLAGSHIP-01,EPS,31.924037424517888,3.980170530296995,8.399710334656865,39.99860318565712,0.9730898181732279,"{'soh': 0.9999650796414279, 'internal_resistance_ohm': 0.20250848564713306, 'solar_health_factor': 1.0}",ANOMALOUS,"{'is_sunlight': False, 'orbit_fraction': 0.21602787456445993, 'solar_power_w': 0.0, 'load_power_w': 130.0, 'operating_mode': 'STANDBY', 'fault_active': True, 'active_faults': ['BATTERY_RESISTANCE_SPIKE'], 'dataset': 'ASTRA_SIMULATED_EPS'}"
6990.0,ASTRA-FLAGSHIP-01,EPS,31.587155742426848,3.943546490771341,8.339275563394438,39.99860097340276,0.9728132631822065,"{'soh': 0.999965024335069, 'internal_resistance_ohm': 0.2025084990865782, 'solar_health_factor': 1.0}",ANOMALOUS,"{'is_sunlight': False, 'orbit_fraction': 0.21777003484320556, 'solar_power_w': 0.0, 'load_power_w': 130.0, 'operating_mode': 'STANDBY', 'fault_active': True, 'active_faults': ['BATTERY_RESISTANCE_SPIKE'], 'dataset': 'ASTRA_SIMULATED_EPS'}"
7000.0,ASTRA-FLAGSHIP-01,EPS,31.815446097316265,3.9599752400387014,8.187274848421353,39.99859876104021,0.9725366946491598,"{'soh': 0.9999649690260053, 'internal_resistance_ohm': 0.20250851252668073, 'solar_health_factor': 1.0}",ANOMALOUS,"{'is_sunlight': False, 'orbit_fraction': 0.21951219512195122, 'solar_power_w': 0.0, 'load_power_w': 130.0, 'operating_mode': 'STANDBY', 'fault_active': True, 'active_faults': ['BATTERY_RESISTANCE_SPIKE'], 'dataset': 'ASTRA_SIMULATED_EPS'}"
7010.0,ASTRA-FLAGSHIP-01,EPS,31.932699317888666,3.953010105536803,8.24545012986504,39.99859654856945,0.9722601125716692,"{'soh': 0.9999649137142363, 'internal_resistance_ohm': 0.20250852596744054, 'solar_health_factor': 1.0}",ANOMALOUS,"{'is_sunlight': False, 'orbit_fraction': 0.22125435540069685, 'solar_power_w': 0.0, 'load_power_w': 130.0, 'operating_mode': 'STANDBY', 'fault_active': True, 'active_faults': ['BATTERY_RESISTANCE_SPIKE'], 'dataset': 'ASTRA_SIMULATED_EPS'}"
7020.0,ASTRA-FLAGSHIP-01,EPS,31.609367992041964,3.998742037150499,8.079625028289703,39.998594335990475,0.9719835169473132,"{'soh': 0.9999648583997618, 'internal_resistance_ohm': 0.2025085394088579, 'solar_health_factor': 1.0}",ANOMALOUS,"{'is_sunlight': False, 'orbit_fraction': 0.2229965156794425, 'solar_power_w': 0.0, 'load_power_w': 130.0, 'operating_mode': 'STANDBY', 'fault_active': True, 'active_faults': ['BATTERY_RESISTANCE_SPIKE'], 'dataset': 'ASTRA_SIMULATED_EPS'}"
7030.0,ASTRA-FLAGSHIP-01,EPS,31.84645213336762,3.969475217959651,8.020836215863765,39.99859212330323,0.9717069077736673,"{'soh': 0.9999648030825808, 'internal_resistance_ohm': 0.20250855285093286, 'solar_health_factor': 1.0}",ANOMALOUS,"{'is_sunlight': False, 'orbit_fraction': 0.22473867595818817, 'solar_power_w': 0.0, 'load_power_w': 130.0, 'operating_mode': 'STANDBY', 'fault_active': True, 'active_faults': ['BATTERY_RESISTANCE_SPIKE'], 'dataset': 'ASTRA_SIMULATED_EPS'}"
7040.0,ASTRA-FLAGSHIP-01,EPS,31.75553470729164,3.9582561855712397,7.999116889655884,39.99858991050773,0.9714302850483039,"{'soh': 0.9999647477626933, 'internal_resistance_ohm': 0.20250856629366554, 'solar_health_factor': 1.0}",ANOMALOUS,"{'is_sunlight': False, 'orbit_fraction': 0.2264808362369338, 'solar_power_w': 0.0, 'load_power_w': 130.0, 'operating_mode': 'STANDBY', 'fault_active': True, 'active_faults': ['BATTERY_RESISTANCE_SPIKE'], 'dataset': 'ASTRA_SIMULATED_EPS'}"
7050.0,ASTRA-FLAGSHIP-01,EPS,31.665920450203505,3.9777257261155006,7.845637391492343,39.998587697603945,0.9711536487687925,"{'soh': 0.9999646924400986, 'internal_resistance_ohm': 0.20250857973705605, 'solar_health_factor': 1.0}",ANOMALOUS,"{'is_sunlight': False, 'orbit_fraction': 0.22822299651567945, 'solar_power_w': 0.0, 'load_power_w': 130.0, 'operating_mode': 'STANDBY', 'fault_active': True, 'active_faults': ['BATTERY_RESISTANCE_SPIKE'], 'dataset': 'ASTRA_SIMULATED_EPS'}"
7060.0,ASTRA-FLAGSHIP-01,EPS,31.3390199639935,3.9788567167732123,7.949443679971381,39.99858548459184,0.9708769989326997,"{'soh': 0.9999646371147961, 'internal_resistance_ohm': 0.20250859318110453, 'solar_health_factor': 1.0}",ANOMALOUS,"{'is_sunlight': False, 'orbit_fraction': 0.22996515679442509, 'solar_power_w': 0.0, 'load_power_w': 130.0, 'operating_mode': 'STANDBY', 'fault_active': True, 'active_faults': ['BATTERY_RESISTANCE_SPIKE'], 'dataset': 'ASTRA_SIMULATED_EPS'}"
7070.0,ASTRA-FLAGSHIP-01,EPS,31.868619542453338,3.983331834563353,7.749304769325477,39.99858327147142,0.9706003355375891,"{'soh': 0.9999645817867855, 'internal_resistance_ohm': 0.20250860662581113, 'solar_health_factor': 1.0}",ANOMALOUS,"{'is_sunlight': False, 'orbit_fraction': 0.23170731707317074, 'solar_power_w': 0.0, 'load_power_w': 130.0, 'operating_mode': 'STANDBY', 'fault_active': True, 'active_faults': ['BATTERY_RESISTANCE_SPIKE'], 'dataset': 'ASTRA_SIMULATED_EPS'}"
7080.0,ASTRA-FLAGSHIP-01,EPS,31.7460047174941,3.9976410697928753,7.637222924473485,39.99858105824265,0.9703236585810211,"{'soh': 0.9999645264560663, 'internal_resistance_ohm': 0.20250862007117593, 'solar_health_factor': 1.0}",ANOMALOUS,"{'is_sunlight': False, 'orbit_fraction': 0.23344947735191637, 'solar_power_w': 0.0, 'load_power_w': 130.0, 'operating_mode': 'STANDBY', 'fault_active': True, 'active_faults': ['BATTERY_RESISTANCE_SPIKE'], 'dataset': 'ASTRA_SIMULATED_EPS'}"
7090.0,ASTRA-FLAGSHIP-01,EPS,31.917639700798524,4.00202996016914,7.666164463771475,39.998578844905516,0.9700469680605533,"{'soh': 0.9999644711226379, 'internal_resistance_ohm': 0.202508633517199, 'solar_health_factor': 1.0}",ANOMALOUS,"{'is_sunlight': False, 'orbit_fraction': 0.23519163763066203, 'solar_power_w': 0.0, 'load_power_w': 130.0, 'operating_mode': 'STANDBY', 'fault_active': True, 'active_faults': ['BATTERY_RESISTANCE_SPIKE'], 'dataset': 'ASTRA_SIMULATED_EPS'}"
7100.0,ASTRA-FLAGSHIP-01,EPS,31.80873080509326,3.984885949479545,7.598066719624562,39.99857663146,0.9697702639737404,"{'soh': 0.9999644157865, 'internal_resistance_ohm': 0.20250864696388052, 'solar_health_factor': 1.0}",ANOMALOUS,"{'is_sunlight': False, 'orbit_fraction': 0.23693379790940766, 'solar_power_w': 0.0, 'load_power_w': 130.0, 'operating_mode': 'STANDBY', 'fault_active': True, 'active_faults': ['BATTERY_RESISTANCE_SPIKE'], 'dataset': 'ASTRA_SIMULATED_EPS'}"
7110.0,ASTRA-FLAGSHIP-01,EPS,31.83141487286089,3.975768483710217,7.470088432284923,39.99857441790607,0.969493546318134,"{'soh': 0.9999643604476518, 'internal_resistance_ohm': 0.2025086604112206, 'solar_health_factor': 1.0}",ANOMALOUS,"{'is_sunlight': False, 'orbit_fraction': 0.23867595818815332, 'solar_power_w': 0.0, 'load_power_w': 130.0, 'operating_mode': 'STANDBY', 'fault_active': True, 'active_faults': ['BATTERY_RESISTANCE_SPIKE'], 'dataset': 'ASTRA_SIMULATED_EPS'}"
7120.0,ASTRA-FLAGSHIP-01,EPS,31.752019135650524,4.023395105880324,7.371333931489264,39.99857220424373,0.9692168150912825,"{'soh': 0.9999643051060931, 'internal_resistance_ohm': 0.20250867385921936, 'solar_health_factor': 1.0}",ANOMALOUS,"{'is_sunlight': False, 'orbit_fraction': 0.24041811846689895, 'solar_power_w': 0.0, 'load_power_w': 130.0, 'operating_mode': 'STANDBY', 'fault_active': True, 'active_faults': ['BATTERY_RESISTANCE_SPIKE'], 'dataset': 'ASTRA_SIMULATED_EPS'}"
7130.0,ASTRA-FLAGSHIP-01,EPS,31.501358532650507,3.9890893084411085,7.370529857760889,39.99856999047293,0.9689400702907317,"{'soh': 0.9999642497618233, 'internal_resistance_ohm': 0.20250868730787694, 'solar_health_factor': 1.0}",ANOMALOUS,"{'is_sunlight': False, 'orbit_fraction': 0.2421602787456446, 'solar_power_w': 0.0, 'load_power_w': 130.0, 'operating_mode': 'STANDBY', 'fault_active': True, 'active_faults': ['BATTERY_RESISTANCE_SPIKE'], 'dataset': 'ASTRA_SIMULATED_EPS'}"
7140.0,ASTRA-FLAGSHIP-01,EPS,31.760071167390194,3.991258678340221,7.2916964951605125,39.99856777659368,0.9686633119140241,"{'soh': 0.999964194414842, 'internal_resistance_ohm': 0.2025087007571934, 'solar_health_factor': 1.0}",ANOMALOUS,"{'is_sunlight': False, 'orbit_fraction': 0.24390243902439024, 'solar_power_w': 0.0, 'load_power_w': 130.0, 'operating_mode': 'STANDBY', 'fault_active': True, 'active_faults': ['BATTERY_RESISTANCE_SPIKE'], 'dataset': 'ASTRA_SIMULATED_EPS'}"
7150.0,ASTRA-FLAGSHIP-01,EPS,31.96729818017147,3.9454677131317246,7.196477367125509,39.99856556260594,0.9683865399586994,"{'soh': 0.9999641390651485, 'internal_resistance_ohm': 0.20250871420716887, 'solar_health_factor': 1.0}",ANOMALOUS,"{'is_sunlight': False, 'orbit_fraction': 0.2456445993031359, 'solar_power_w': 0.0, 'load_power_w': 130.0, 'operating_mode': 'STANDBY', 'fault_active': True, 'active_faults': ['BATTERY_RESISTANCE_SPIKE'], 'dataset': 'ASTRA_SIMULATED_EPS'}"
7160.0,ASTRA-FLAGSHIP-01,EPS,31.712899782023776,3.9446074197931433,7.164329113672551,39.9985633485097,0.9681097544222941,"{'soh': 0.9999640837127425, 'internal_resistance_ohm': 0.20250872765780356, 'solar_health_factor': 1.0}",ANOMALOUS,"{'is_sunlight': False, 'orbit_fraction': 0.24738675958188153, 'solar_power_w': 0.0, 'load_power_w': 130.0, 'operating_mode': 'STANDBY', 'fault_active': True, 'active_faults': ['BATTERY_RESISTANCE_SPIKE'], 'dataset': 'ASTRA_SIMULATED_EPS'}"
7170.0,ASTRA-FLAGSHIP-01,EPS,31.99120980502304,3.9862846231814597,7.120050031754664,39.998561134304936,0.9678329553023418,"{'soh': 0.9999640283576234, 'internal_resistance_ohm': 0.2025087411090975, 'solar_health_factor': 1.0}",ANOMALOUS,"{'is_sunlight': False, 'orbit_fraction': 0.24912891986062718, 'solar_power_w': 0.0, 'load_power_w': 130.0, 'operating_mode': 'STANDBY', 'fault_active': True, 'active_faults': ['BATTERY_RESISTANCE_SPIKE'], 'dataset': 'ASTRA_SIMULATED_EPS'}"
7180.0,ASTRA-FLAGSHIP-01,EPS,31.526093759739904,3.9705935939626484,7.025321391064676,39.99855891999164,0.9675561425963731,"{'soh': 0.9999639729997909, 'internal_resistance_ohm': 0.20250875456105083, 'solar_health_factor': 1.0}",ANOMALOUS,"{'is_sunlight': False, 'orbit_fraction': 0.2508710801393728, 'solar_power_w': 0.0, 'load_power_w': 130.0, 'operating_mode': 'STANDBY', 'fault_active': True, 'active_faults': ['BATTERY_RESISTANCE_SPIKE'], 'dataset': 'ASTRA_SIMULATED_EPS'}"
7190.0,ASTRA-FLAGSHIP-01,EPS,31.67395361190659,4.018107176956215,7.007704593622041,39.99855670556977,0.9672793163019157,"{'soh': 0.9999639176392442, 'internal_resistance_ohm': 0.20250876801366363, 'solar_health_factor': 1.0}",ANOMALOUS,"{'is_sunlight': False, 'orbit_fraction': 0.25261324041811845, 'solar_power_w': 0.0, 'load_power_w': 130.0, 'operating_mode': 'STANDBY', 'fault_active': True, 'active_faults': ['BATTERY_RESISTANCE_SPIKE'], 'dataset': 'ASTRA_SIMULATED_EPS'}"
7200.0,ASTRA-FLAGSHIP-01,EPS,31.54641433048692,3.992496083103254,6.940642103008823,39.99855449103932,0.967002476416494,"{'soh': 0.999963862275983, 'internal_resistance_ohm': 0.2025087814669361, 'solar_health_factor': 1.0}",ANOMALOUS,"{'is_sunlight': False, 'orbit_fraction': 0.25435540069686413, 'solar_power_w': 0.0, 'load_power_w': 130.0, 'operating_mode': 'STANDBY', 'fault_active': True, 'active_faults': ['BATTERY_RESISTANCE_SPIKE'], 'dataset': 'ASTRA_SIMULATED_EPS'}"
7210.0,ASTRA-FLAGSHIP-01,EPS,31.901896731484868,4.025952997664541,6.80105896473332,39.99855227640027,0.9667256229376296,"{'soh': 0.9999638069100067, 'internal_resistance_ohm': 0.20250879492086832, 'solar_health_factor': 1.0}",ANOMALOUS,"{'is_sunlight': False, 'orbit_fraction': 0.25609756097560976, 'solar_power_w': 0.0, 'load_power_w': 130.0, 'operating_mode': 'STANDBY', 'fault_active': True, 'active_faults': ['BATTERY_RESISTANCE_SPIKE'], 'dataset': 'ASTRA_SIMULATED_EPS'}"
7220.0,ASTRA-FLAGSHIP-01,EPS,31.590819760014387,3.9553852808832923,6.776366564670906,39.99855006165261,0.9664487558628412,"{'soh': 0.9999637515413151, 'internal_resistance_ohm': 0.20250880837546043, 'solar_health_factor': 1.0}",ANOMALOUS,"{'is_sunlight': False, 'orbit_fraction': 0.2578397212543554, 'solar_power_w': 0.0, 'load_power_w': 130.0, 'operating_mode': 'STANDBY', 'fault_active': True, 'active_faults': ['BATTERY_RESISTANCE_SPIKE'], 'dataset': 'ASTRA_SIMULATED_EPS'}"
7230.0,ASTRA-FLAGSHIP-01,EPS,31.791734959940893,4.011555822604225,6.720694656627979,39.99854784679629,0.9661718751896441,"{'soh': 0.9999636961699073, 'internal_resistance_ohm': 0.20250882183071253, 'solar_health_factor': 1.0}",ANOMALOUS,"{'is_sunlight': False, 'orbit_fraction': 0.259581881533101, 'solar_power_w': 0.0, 'load_power_w': 130.0, 'operating_mode': 'STANDBY', 'fault_active': True, 'active_faults': ['BATTERY_RESISTANCE_SPIKE'], 'dataset': 'ASTRA_SIMULATED_EPS'}"
7240.0,ASTRA-FLAGSHIP-01,EPS,31.665410292296563,3.990916758834781,6.619330023564984,39.99854563183132,0.9658949809155509,"{'soh': 0.999963640795783, 'internal_resistance_ohm': 0.20250883528662472, 'solar_health_factor': 1.0}",ANOMALOUS,"{'is_sunlight': False, 'orbit_fraction': 0.2613240418118467, 'solar_power_w': 0.0, 'load_power_w': 130.0, 'operating_mode': 'STANDBY', 'fault_active': True, 'active_faults': ['BATTERY_RESISTANCE_SPIKE'], 'dataset': 'ASTRA_SIMULATED_EPS'}"
7250.0,ASTRA-FLAGSHIP-01,EPS,32.045831296082426,3.947238567381905,6.607089014253945,39.99854341675767,0.9656180730380711,"{'soh': 0.9999635854189417, 'internal_resistance_ohm': 0.20250884874319716, 'solar_health_factor': 1.0}",ANOMALOUS,"{'is_sunlight': False, 'orbit_fraction': 0.26306620209059234, 'solar_power_w': 0.0, 'load_power_w': 130.0, 'operating_mode': 'STANDBY', 'fault_active': True, 'active_faults': ['BATTERY_RESISTANCE_SPIKE'], 'dataset': 'ASTRA_SIMULATED_EPS'}"
7260.0,ASTRA-FLAGSHIP-01,EPS,32.03371559737021,3.9876935021760045,6.525284252587768,39.99854120157532,0.9653411515547112,"{'soh': 0.999963530039383, 'internal_resistance_ohm': 0.20250886220042993, 'solar_health_factor': 1.0}",ANOMALOUS,"{'is_sunlight': False, 'orbit_fraction': 0.26480836236933797, 'solar_power_w': 0.0, 'load_power_w': 130.0, 'operating_mode': 'STANDBY', 'fault_active': True, 'active_faults': ['BATTERY_RESISTANCE_SPIKE'], 'dataset': 'ASTRA_SIMULATED_EPS'}"
7270.0,ASTRA-FLAGSHIP-01,EPS,31.654524838771945,3.9832209471689044,6.540531797340683,39.998538986284245,0.9650642164629746,"{'soh': 0.9999634746571061, 'internal_resistance_ohm': 0.2025088756583232, 'solar_health_factor': 1.0}",ANOMALOUS,"{'is_sunlight': False, 'orbit_fraction': 0.2665505226480836, 'solar_power_w': 0.0, 'load_power_w': 130.0, 'operating_mode': 'STANDBY', 'fault_active': True, 'active_faults': ['BATTERY_RESISTANCE_SPIKE'], 'dataset': 'ASTRA_SIMULATED_EPS'}"
7280.0,ASTRA-FLAGSHIP-01,EPS,31.35886994341856,4.026158619549736,6.337963184676378,39.998536770884435,0.9647872677603616,"{'soh': 0.9999634192721109, 'internal_resistance_ohm': 0.20250888911687706, 'solar_health_factor': 1.0}",ANOMALOUS,"{'is_sunlight': False, 'orbit_fraction': 0.2682926829268293, 'solar_power_w': 0.0, 'load_power_w': 130.0, 'operating_mode': 'STANDBY', 'fault_active': True, 'active_faults': ['BATTERY_RESISTANCE_SPIKE'], 'dataset': 'ASTRA_SIMULATED_EPS'}"
7290.0,ASTRA-FLAGSHIP-01,EPS,31.665636451064643,3.9774056414463703,6.376028424371444,39.99853455537586,0.9645103054443698,"{'soh': 0.9999633638843965, 'internal_resistance_ohm': 0.2025089025760916, 'solar_health_factor': 1.0}",ANOMALOUS,"{'is_sunlight': False, 'orbit_fraction': 0.2700348432055749, 'solar_power_w': 0.0, 'load_power_w': 130.0, 'operating_mode': 'STANDBY', 'fault_active': True, 'active_faults': ['BATTERY_RESISTANCE_SPIKE'], 'dataset': 'ASTRA_SIMULATED_EPS'}"
7300.0,ASTRA-FLAGSHIP-01,EPS,31.45291413557986,3.9998343725626477,6.385423562259902,39.998532339758505,0.9642333295124933,"{'soh': 0.9999633084939626, 'internal_resistance_ohm': 0.20250891603596705, 'solar_health_factor': 1.0}",ANOMALOUS,"{'is_sunlight': False, 'orbit_fraction': 0.27177700348432055, 'solar_power_w': 0.0, 'load_power_w': 130.0, 'operating_mode': 'STANDBY', 'fault_active': True, 'active_faults': ['BATTERY_RESISTANCE_SPIKE'], 'dataset': 'ASTRA_SIMULATED_EPS'}"
7310.0,ASTRA-FLAGSHIP-01,EPS,31.488527734128326,3.9932347022690857,6.18888344703547,39.99853012403235,0.9639563399622235,"{'soh': 0.9999632531008088, 'internal_resistance_ohm': 0.20250892949650343, 'solar_health_factor': 1.0}",ANOMALOUS,"{'is_sunlight': False, 'orbit_fraction': 0.2735191637630662, 'solar_power_w': 0.0, 'load_power_w': 130.0, 'operating_mode': 'STANDBY', 'fault_active': True, 'active_faults': ['BATTERY_RESISTANCE_SPIKE'], 'dataset': 'ASTRA_SIMULATED_EPS'}"
7320.0,ASTRA-FLAGSHIP-01,EPS,31.770487044127446,3.9891764787181083,6.127849394146665,39.99852790819738,0.9636793367910488,"{'soh': 0.9999631977049345, 'internal_resistance_ohm': 0.2025089429577009, 'solar_health_factor': 1.0}",ANOMALOUS,"{'is_sunlight': False, 'orbit_fraction': 0.27526132404181186, 'solar_power_w': 0.0, 'load_power_w': 130.0, 'operating_mode': 'STANDBY', 'fault_active': True, 'active_faults': ['BATTERY_RESISTANCE_SPIKE'], 'dataset': 'ASTRA_SIMULATED_EPS'}"
7330.0,ASTRA-FLAGSHIP-01,EPS,31.778663714814066,4.033903329927252,6.088485997983326,39.998525692253565,0.9634023199964543,"{'soh': 0.9999631423063391, 'internal_resistance_ohm': 0.2025089564195596, 'solar_health_factor': 1.0}",ANOMALOUS,"{'is_sunlight': False, 'orbit_fraction': 0.2770034843205575, 'solar_power_w': 0.0, 'load_power_w': 130.0, 'operating_mode': 'STANDBY', 'fault_active': True, 'active_faults': ['BATTERY_RESISTANCE_SPIKE'], 'dataset': 'ASTRA_SIMULATED_EPS'}"
7340.0,ASTRA-FLAGSHIP-01,EPS,31.813768202833195,3.956829519453992,5.988482637666751,39.99852347620089,0.9631252895759224,"{'soh': 0.9999630869050222, 'internal_resistance_ohm': 0.20250896988207956, 'solar_health_factor': 1.0}",ANOMALOUS,"{'is_sunlight': False, 'orbit_fraction': 0.2787456445993031, 'solar_power_w': 0.0, 'load_power_w': 130.0, 'operating_mode': 'STANDBY', 'fault_active': True, 'active_faults': ['BATTERY_RESISTANCE_SPIKE'], 'dataset': 'ASTRA_SIMULATED_EPS'}"
7350.0,ASTRA-FLAGSHIP-01,EPS,31.77291430976821,4.026310224781194,5.992523771729663,39.99852126003933,0.9628482455269319,"{'soh': 0.9999630315009833, 'internal_resistance_ohm': 0.20250898334526105, 'solar_health_factor': 1.0}",ANOMALOUS,"{'is_sunlight': False, 'orbit_fraction': 0.2804878048780488, 'solar_power_w': 0.0, 'load_power_w': 130.0, 'operating_mode': 'STANDBY', 'fault_active': True, 'active_faults': ['BATTERY_RESISTANCE_SPIKE'], 'dataset': 'ASTRA_SIMULATED_EPS'}"
7360.0,ASTRA-FLAGSHIP-01,EPS,31.646783182900705,3.9894652022964907,5.850826303296896,39.99851904376888,0.9625711878469593,"{'soh': 0.9999629760942219, 'internal_resistance_ohm': 0.20250899680910406, 'solar_health_factor': 1.0}",ANOMALOUS,"{'is_sunlight': False, 'orbit_fraction': 0.28222996515679444, 'solar_power_w': 0.0, 'load_power_w': 130.0, 'operating_mode': 'STANDBY', 'fault_active': True, 'active_faults': ['BATTERY_RESISTANCE_SPIKE'], 'dataset': 'ASTRA_SIMULATED_EPS'}"
7370.0,ASTRA-FLAGSHIP-01,EPS,31.790551617010355,4.011691767734765,5.829510257251446,39.9985168273895,0.9622941165334774,"{'soh': 0.9999629206847375, 'internal_resistance_ohm': 0.2025090102736088, 'solar_health_factor': 1.0}",ANOMALOUS,"{'is_sunlight': False, 'orbit_fraction': 0.28397212543554007, 'solar_power_w': 0.0, 'load_power_w': 130.0, 'operating_mode': 'STANDBY', 'fault_active': True, 'active_faults': ['BATTERY_RESISTANCE_SPIKE'], 'dataset': 'ASTRA_SIMULATED_EPS'}"
7380.0,ASTRA-FLAGSHIP-01,EPS,31.618620737121933,3.996508600471145,5.769210930638635,39.99851461090118,0.9620170315839564,"{'soh': 0.9999628652725295, 'internal_resistance_ohm': 0.20250902373877533, 'solar_health_factor': 1.0}",ANOMALOUS,"{'is_sunlight': False, 'orbit_fraction': 0.2857142857142857, 'solar_power_w': 0.0, 'load_power_w': 130.0, 'operating_mode': 'STANDBY', 'fault_active': True, 'active_faults': ['BATTERY_RESISTANCE_SPIKE'], 'dataset': 'ASTRA_SIMULATED_EPS'}"
7390.0,ASTRA-FLAGSHIP-01,EPS,31.68098128920108,4.042460078598588,5.71779139823891,39.9985123943039,0.9617399329958631,"{'soh': 0.9999628098575974, 'internal_resistance_ohm': 0.2025090372046038, 'solar_health_factor': 1.0}",ANOMALOUS,"{'is_sunlight': False, 'orbit_fraction': 0.2874564459930314, 'solar_power_w': 0.0, 'load_power_w': 130.0, 'operating_mode': 'STANDBY', 'fault_active': True, 'active_faults': ['BATTERY_RESISTANCE_SPIKE'], 'dataset': 'ASTRA_SIMULATED_EPS'}"
7400.0,ASTRA-FLAGSHIP-01,EPS,31.633035942780673,3.974110441162267,5.706611233788667,39.99851017759764,0.9614628207666616,"{'soh': 0.999962754439941, 'internal_resistance_ohm': 0.20250905067109434, 'solar_health_factor': 1.0}",ANOMALOUS,"{'is_sunlight': False, 'orbit_fraction': 0.289198606271777, 'solar_power_w': 0.0, 'load_power_w': 130.0, 'operating_mode': 'STANDBY', 'fault_active': True, 'active_faults': ['BATTERY_RESISTANCE_SPIKE'], 'dataset': 'ASTRA_SIMULATED_EPS'}"
7410.0,ASTRA-FLAGSHIP-01,EPS,31.659455272551913,3.9742603523370015,5.674888539851604,39.998507960782376,0.9611856948938126,"{'soh': 0.9999626990195594, 'internal_resistance_ohm': 0.2025090641382471, 'solar_health_factor': 1.0}",ANOMALOUS,"{'is_sunlight': False, 'orbit_fraction': 0.29094076655052264, 'solar_power_w': 0.0, 'load_power_w': 130.0, 'operating_mode': 'STANDBY', 'fault_active': True, 'active_faults': ['BATTERY_RESISTANCE_SPIKE'], 'dataset': 'ASTRA_SIMULATED_EPS'}"
7420.0,ASTRA-FLAGSHIP-01,EPS,31.911433823185074,3.9756774425433745,5.455080360932407,39.99850574385809,0.9609085553747739,"{'soh': 0.9999626435964521, 'internal_resistance_ohm': 0.20250907760606207, 'solar_health_factor': 1.0}",ANOMALOUS,"{'is_sunlight': False, 'orbit_fraction': 0.2926829268292683, 'solar_power_w': 0.0, 'load_power_w': 130.0, 'operating_mode': 'STANDBY', 'fault_active': True, 'active_faults': ['BATTERY_RESISTANCE_SPIKE'], 'dataset': 'ASTRA_SIMULATED_EPS'}"
7430.0,ASTRA-FLAGSHIP-01,EPS,31.84449082257187,3.9737718597046476,5.527684543272878,39.99850352682476,0.9606314022070004,"{'soh': 0.999962588170619, 'internal_resistance_ohm': 0.2025090910745396, 'solar_health_factor': 1.0}",ANOMALOUS,"{'is_sunlight': False, 'orbit_fraction': 0.29442508710801396, 'solar_power_w': 0.0, 'load_power_w': 130.0, 'operating_mode': 'STANDBY', 'fault_active': True, 'active_faults': ['BATTERY_RESISTANCE_SPIKE'], 'dataset': 'ASTRA_SIMULATED_EPS'}"
7440.0,ASTRA-FLAGSHIP-01,EPS,31.37113336269753,4.0133276565906115,5.367502024688636,39.99850130968237,0.9603542353879436,"{'soh': 0.9999625327420592, 'internal_resistance_ohm': 0.20250910454367962, 'solar_health_factor': 1.0}",ANOMALOUS,"{'is_sunlight': False, 'orbit_fraction': 0.2961672473867596, 'solar_power_w': 0.0, 'load_power_w': 130.0, 'operating_mode': 'STANDBY', 'fault_active': True, 'active_faults': ['BATTERY_RESISTANCE_SPIKE'], 'dataset': 'ASTRA_SIMULATED_EPS'}"
7450.0,ASTRA-FLAGSHIP-01,EPS,31.79734182227342,3.991605243798588,5.320432030670595,39.99849909243089,0.9600770549150524,"{'soh': 0.9999624773107723, 'internal_resistance_ohm': 0.20250911801348234, 'solar_health_factor': 1.0}",ANOMALOUS,"{'is_sunlight': False, 'orbit_fraction': 0.2979094076655052, 'solar_power_w': 0.0, 'load_power_w': 130.0, 'operating_mode': 'STANDBY', 'fault_active': True, 'active_faults': ['BATTERY_RESISTANCE_SPIKE'], 'dataset': 'ASTRA_SIMULATED_EPS'}"
7460.0,ASTRA-FLAGSHIP-01,EPS,31.615461810640152,4.008574070718322,5.3136526982106,39.99849687507031,0.959799860785772,"{'soh': 0.9999624218767578, 'internal_resistance_ohm': 0.20250913148394786, 'solar_health_factor': 1.0}",ANOMALOUS,"{'is_sunlight': False, 'orbit_fraction': 0.29965156794425085, 'solar_power_w': 0.0, 'load_power_w': 130.0, 'operating_mode': 'STANDBY', 'fault_active': True, 'active_faults': ['BATTERY_RESISTANCE_SPIKE'], 'dataset': 'ASTRA_SIMULATED_EPS'}"
7470.0,ASTRA-FLAGSHIP-01,EPS,31.7708553308643,4.040970343538809,5.170535034234284,39.99849465760061,0.959522652997545,"{'soh': 0.9999623664400152, 'internal_resistance_ohm': 0.2025091449550763, 'solar_health_factor': 1.0}",ANOMALOUS,"{'is_sunlight': False, 'orbit_fraction': 0.30139372822299654, 'solar_power_w': 0.0, 'load_power_w': 130.0, 'operating_mode': 'STANDBY', 'fault_active': True, 'active_faults': ['BATTERY_RESISTANCE_SPIKE'], 'dataset': 'ASTRA_SIMULATED_EPS'}"
7480.0,ASTRA-FLAGSHIP-01,EPS,31.932781564234915,3.994443061995912,5.144356790086806,39.998492440021764,0.959245431547811,"{'soh': 0.9999623110005441, 'internal_resistance_ohm': 0.20250915842686779, 'solar_health_factor': 1.0}",ANOMALOUS,"{'is_sunlight': False, 'orbit_fraction': 0.30313588850174217, 'solar_power_w': 0.0, 'load_power_w': 130.0, 'operating_mode': 'STANDBY', 'fault_active': True, 'active_faults': ['BATTERY_RESISTANCE_SPIKE'], 'dataset': 'ASTRA_SIMULATED_EPS'}"
7490.0,ASTRA-FLAGSHIP-01,EPS,31.464306634761627,3.987314477963152,5.1760866884082,39.99849022233375,0.9589681964340061,"{'soh': 0.9999622555583437, 'internal_resistance_ohm': 0.20250917189932247, 'solar_health_factor': 1.0}",ANOMALOUS,"{'is_sunlight': False, 'orbit_fraction': 0.3048780487804878, 'solar_power_w': 0.0, 'load_power_w': 130.0, 'operating_mode': 'STANDBY', 'fault_active': True, 'active_faults': ['BATTERY_RESISTANCE_SPIKE'], 'dataset': 'ASTRA_SIMULATED_EPS'}"
7500.0,ASTRA-FLAGSHIP-01,EPS,31.653148111166875,4.029951703189202,4.998312476588969,39.998488004536554,0.9586909476535638,"{'soh': 0.9999622001134139, 'internal_resistance_ohm': 0.20250918537244042, 'solar_health_factor': 1.0}",ANOMALOUS,"{'is_sunlight': False, 'orbit_fraction': 0.30662020905923343, 'solar_power_w': 0.0, 'load_power_w': 130.0, 'operating_mode': 'STANDBY', 'fault_active': True, 'active_faults': ['BATTERY_RESISTANCE_SPIKE'], 'dataset': 'ASTRA_SIMULATED_EPS'}"
7510.0,ASTRA-FLAGSHIP-01,EPS,31.669785736971974,3.961165713195054,5.030078397951224,39.99848578663015,0.9584136852039141,"{'soh': 0.9999621446657537, 'internal_resistance_ohm': 0.20250919884622187, 'solar_health_factor': 1.0}",ANOMALOUS,"{'is_sunlight': False, 'orbit_fraction': 0.3083623693379791, 'solar_power_w': 0.0, 'load_power_w': 130.0, 'operating_mode': 'STANDBY', 'fault_active': True, 'active_faults': ['BATTERY_RESISTANCE_SPIKE'], 'dataset': 'ASTRA_SIMULATED_EPS'}"
7520.0,ASTRA-FLAGSHIP-01,EPS,31.810491298471014,3.982121250526662,4.822869695774643,39.99848356861452,0.9581364090824843,"{'soh': 0.999962089215363, 'internal_resistance_ohm': 0.2025092123206668, 'solar_health_factor': 1.0}",ANOMALOUS,"{'is_sunlight': False, 'orbit_fraction': 0.31010452961672474, 'solar_power_w': 0.0, 'load_power_w': 130.0, 'operating_mode': 'STANDBY', 'fault_active': True, 'active_faults': ['BATTERY_RESISTANCE_SPIKE'], 'dataset': 'ASTRA_SIMULATED_EPS'}"
7530.0,ASTRA-FLAGSHIP-01,EPS,31.699906470175097,4.003724249224302,4.91463633193371,39.99848135048964,0.9578591192866983,"{'soh': 0.999962033762241, 'internal_resistance_ohm': 0.20250922579577543, 'solar_health_factor': 1.0}",ANOMALOUS,"{'is_sunlight': False, 'orbit_fraction': 0.3118466898954704, 'solar_power_w': 0.0, 'load_power_w': 130.0, 'operating_mode': 'STANDBY', 'fault_active': True, 'active_faults': ['BATTERY_RESISTANCE_SPIKE'], 'dataset': 'ASTRA_SIMULATED_EPS'}"
7540.0,ASTRA-FLAGSHIP-01,EPS,31.86242270524862,3.9662792276276266,4.869930805691508,39.9984791322555,0.957581815813977,"{'soh': 0.9999619783063874, 'internal_resistance_ohm': 0.20250923927154785, 'solar_health_factor': 1.0}",ANOMALOUS,"{'is_sunlight': False, 'orbit_fraction': 0.313588850174216, 'solar_power_w': 0.0, 'load_power_w': 130.0, 'operating_mode': 'STANDBY', 'fault_active': True, 'active_faults': ['BATTERY_RESISTANCE_SPIKE'], 'dataset': 'ASTRA_SIMULATED_EPS'}"
7550.0,ASTRA-FLAGSHIP-01,EPS,31.853912898724726,3.9488105857440834,4.793557779583202,39.998476913912064,0.9573044986617385,"{'soh': 0.9999619228478016, 'internal_resistance_ohm': 0.20250925274798423, 'solar_health_factor': 1.0}",ANOMALOUS,"{'is_sunlight': False, 'orbit_fraction': 0.3153310104529617, 'solar_power_w': 0.0, 'load_power_w': 130.0, 'operating_mode': 'STANDBY', 'fault_active': True, 'active_faults': ['BATTERY_RESISTANCE_SPIKE'], 'dataset': 'ASTRA_SIMULATED_EPS'}"
7560.0,ASTRA-FLAGSHIP-01,EPS,31.583639820434925,3.991376348119232,4.7367705640664735,39.99847469545932,0.9570271678273974,"{'soh': 0.999961867386483, 'internal_resistance_ohm': 0.20250926622508464, 'solar_health_factor': 1.0}",ANOMALOUS,"{'is_sunlight': False, 'orbit_fraction': 0.3170731707317073, 'solar_power_w': 0.0, 'load_power_w': 130.0, 'operating_mode': 'STANDBY', 'fault_active': True, 'active_faults': ['BATTERY_RESISTANCE_SPIKE'], 'dataset': 'ASTRA_SIMULATED_EPS'}"
7570.0,ASTRA-FLAGSHIP-01,EPS,31.58467907183103,3.976737451762901,4.66306185931434,39.99847247689725,0.9567498233083653,"{'soh': 0.9999618119224312, 'internal_resistance_ohm': 0.20250927970284924, 'solar_health_factor': 1.0}",ANOMALOUS,"{'is_sunlight': False, 'orbit_fraction': 0.31881533101045295, 'solar_power_w': 0.0, 'load_power_w': 130.0, 'operating_mode': 'STANDBY', 'fault_active': True, 'active_faults': ['BATTERY_RESISTANCE_SPIKE'], 'dataset': 'ASTRA_SIMULATED_EPS'}"
7580.0,ASTRA-FLAGSHIP-01,EPS,31.48805125059245,3.9666934306983537,4.637445932412144,39.99847025822583,0.956472465102051,"{'soh': 0.9999617564556457, 'internal_resistance_ohm': 0.2025092931812781, 'solar_health_factor': 1.0}",ANOMALOUS,"{'is_sunlight': False, 'orbit_fraction': 0.3205574912891986, 'solar_power_w': 0.0, 'load_power_w': 130.0, 'operating_mode': 'STANDBY', 'fault_active': True, 'active_faults': ['BATTERY_RESISTANCE_SPIKE'], 'dataset': 'ASTRA_SIMULATED_EPS'}"
7590.0,ASTRA-FLAGSHIP-01,EPS,31.47666885504791,4.010640163862302,4.56888497944019,39.99846803944503,0.9561950932058599,"{'soh': 0.9999617009861258, 'internal_resistance_ohm': 0.20250930666037142, 'solar_health_factor': 1.0}",ANOMALOUS,"{'is_sunlight': False, 'orbit_fraction': 0.32229965156794427, 'solar_power_w': 0.0, 'load_power_w': 130.0, 'operating_mode': 'STANDBY', 'fault_active': True, 'active_faults': ['BATTERY_RESISTANCE_SPIKE'], 'dataset': 'ASTRA_SIMULATED_EPS'}"
7600.0,ASTRA-FLAGSHIP-01,EPS,31.38369735317454,3.9772798109669987,4.547893734732493,39.99846582055485,0.9559177076171945,"{'soh': 0.9999616455138712, 'internal_resistance_ohm': 0.2025093201401293, 'solar_health_factor': 1.0}",ANOMALOUS,"{'is_sunlight': False, 'orbit_fraction': 0.3240418118466899, 'solar_power_w': 0.0, 'load_power_w': 130.0, 'operating_mode': 'STANDBY', 'fault_active': True, 'active_faults': ['BATTERY_RESISTANCE_SPIKE'], 'dataset': 'ASTRA_SIMULATED_EPS'}"
7610.0,ASTRA-FLAGSHIP-01,EPS,31.499921412294704,3.9827991608217426,4.453878449918374,39.99846360155525,0.955640308333454,"{'soh': 0.9999615900388813, 'internal_resistance_ohm': 0.20250933362055185, 'solar_health_factor': 1.0}",ANOMALOUS,"{'is_sunlight': False, 'orbit_fraction': 0.32578397212543553, 'solar_power_w': 0.0, 'load_power_w': 130.0, 'operating_mode': 'STANDBY', 'fault_active': True, 'active_faults': ['BATTERY_RESISTANCE_SPIKE'], 'dataset': 'ASTRA_SIMULATED_EPS'}"
7620.0,ASTRA-FLAGSHIP-01,EPS,31.777552751727924,3.988311600604126,4.34364091583337,39.99846138244622,0.9553628953520347,"{'soh': 0.9999615345611556, 'internal_resistance_ohm': 0.2025093471016392, 'solar_health_factor': 1.0}",ANOMALOUS,"{'is_sunlight': False, 'orbit_fraction': 0.32752613240418116, 'solar_power_w': 0.0, 'load_power_w': 130.0, 'operating_mode': 'STANDBY', 'fault_active': True, 'active_faults': ['BATTERY_RESISTANCE_SPIKE'], 'dataset': 'ASTRA_SIMULATED_EPS'}"
7630.0,ASTRA-FLAGSHIP-01,EPS,31.877021527636497,4.038217523736153,4.3653538178961995,39.998459163227736,0.9550854686703296,"{'soh': 0.9999614790806933, 'internal_resistance_ohm': 0.2025093605833915, 'solar_health_factor': 1.0}",ANOMALOUS,"{'is_sunlight': False, 'orbit_fraction': 0.32926829268292684, 'solar_power_w': 0.0, 'load_power_w': 130.0, 'operating_mode': 'STANDBY', 'fault_active': True, 'active_faults': ['BATTERY_RESISTANCE_SPIKE'], 'dataset': 'ASTRA_SIMULATED_EPS'}"
7640.0,ASTRA-FLAGSHIP-01,EPS,31.663770038459717,3.974801034504589,4.217936245229928,39.998456943899775,0.9548080282857289,"{'soh': 0.9999614235974944, 'internal_resistance_ohm': 0.20250937406580888, 'solar_health_factor': 1.0}",ANOMALOUS,"{'is_sunlight': False, 'orbit_fraction': 0.3310104529616725, 'solar_power_w': 0.0, 'load_power_w': 130.0, 'operating_mode': 'STANDBY', 'fault_active': True, 'active_faults': ['BATTERY_RESISTANCE_SPIKE'], 'dataset': 'ASTRA_SIMULATED_EPS'}"
7650.0,ASTRA-FLAGSHIP-01,EPS,31.731302890182185,4.005634431735123,4.272738597842819,39.99845472446232,0.9545305741956193,"{'soh': 0.999961368111558, 'internal_resistance_ohm': 0.2025093875488914, 'solar_health_factor': 1.0}",ANOMALOUS,"{'is_sunlight': False, 'orbit_fraction': 0.3327526132404181, 'solar_power_w': 0.0, 'load_power_w': 130.0, 'operating_mode': 'STANDBY', 'fault_active': True, 'active_faults': ['BATTERY_RESISTANCE_SPIKE'], 'dataset': 'ASTRA_SIMULATED_EPS'}"
7660.0,ASTRA-FLAGSHIP-01,EPS,31.749892668078466,3.9578394184600665,4.198608497270268,39.99845250491535,0.9542531063973847,"{'soh': 0.9999613126228837, 'internal_resistance_ohm': 0.20250940103263926, 'solar_health_factor': 1.0}",ANOMALOUS,"{'is_sunlight': False, 'orbit_fraction': 0.3344947735191638, 'solar_power_w': 0.0, 'load_power_w': 130.0, 'operating_mode': 'STANDBY', 'fault_active': True, 'active_faults': ['BATTERY_RESISTANCE_SPIKE'], 'dataset': 'ASTRA_SIMULATED_EPS'}"
7670.0,ASTRA-FLAGSHIP-01,EPS,31.487399065679615,3.98598812914385,4.102025414635271,39.99845028525883,0.9539756248884058,"{'soh': 0.9999612571314709, 'internal_resistance_ohm': 0.20250941451705257, 'solar_health_factor': 1.0}",ANOMALOUS,"{'is_sunlight': False, 'orbit_fraction': 0.3362369337979094, 'solar_power_w': 0.0, 'load_power_w': 130.0, 'operating_mode': 'STANDBY', 'fault_active': True, 'active_faults': ['BATTERY_RESISTANCE_SPIKE'], 'dataset': 'ASTRA_SIMULATED_EPS'}"
7680.0,ASTRA-FLAGSHIP-01,EPS,31.95941984599152,4.073458451194521,4.063507280249431,39.998448065492774,0.9536981296660602,"{'soh': 0.9999612016373193, 'internal_resistance_ohm': 0.20250942800213143, 'solar_health_factor': 1.0}",ANOMALOUS,"{'is_sunlight': False, 'orbit_fraction': 0.33797909407665505, 'solar_power_w': 0.0, 'load_power_w': 130.0, 'operating_mode': 'STANDBY', 'fault_active': True, 'active_faults': ['BATTERY_RESISTANCE_SPIKE'], 'dataset': 'ASTRA_SIMULATED_EPS'}"
7690.0,ASTRA-FLAGSHIP-01,EPS,31.61303477346386,4.0093253271791855,4.021360652948523,39.99844584561713,0.9534206207277222,"{'soh': 0.9999611461404281, 'internal_resistance_ohm': 0.20250944148787597, 'solar_health_factor': 1.0}",ANOMALOUS,"{'is_sunlight': False, 'orbit_fraction': 0.3397212543554007, 'solar_power_w': 0.0, 'load_power_w': 130.0, 'operating_mode': 'STANDBY', 'fault_active': True, 'active_faults': ['BATTERY_RESISTANCE_SPIKE'], 'dataset': 'ASTRA_SIMULATED_EPS'}"
7700.0,ASTRA-FLAGSHIP-01,EPS,31.589637646296975,4.041016678189095,3.9324388028063844,39.99844362563187,0.9531430980707631,"{'soh': 0.9999610906407969, 'internal_resistance_ohm': 0.20250945497428635, 'solar_health_factor': 1.0}",ANOMALOUS,"{'is_sunlight': False, 'orbit_fraction': 0.34146341463414637, 'solar_power_w': 0.0, 'load_power_w': 130.0, 'operating_mode': 'STANDBY', 'fault_active': True, 'active_faults': ['BATTERY_RESISTANCE_SPIKE'], 'dataset': 'ASTRA_SIMULATED_EPS'}"
7710.0,ASTRA-FLAGSHIP-01,EPS,31.717456987545635,4.013004135774941,3.8861222059105103,39.998441405537,0.9528655616925513,"{'soh': 0.999961035138425, 'internal_resistance_ohm': 0.2025094684613627, 'solar_health_factor': 1.0}",ANOMALOUS,"{'is_sunlight': False, 'orbit_fraction': 0.343205574912892, 'solar_power_w': 0.0, 'load_power_w': 130.0, 'operating_mode': 'STANDBY', 'fault_active': True, 'active_faults': ['BATTERY_RESISTANCE_SPIKE'], 'dataset': 'ASTRA_SIMULATED_EPS'}"
7720.0,ASTRA-FLAGSHIP-01,EPS,31.769774515313028,3.9811447867596614,3.7813852251385187,39.998439185332494,0.9525880115904519,"{'soh': 0.9999609796333123, 'internal_resistance_ohm': 0.20250948194910512, 'solar_health_factor': 1.0}",ANOMALOUS,"{'is_sunlight': False, 'orbit_fraction': 0.34494773519163763, 'solar_power_w': 0.0, 'load_power_w': 130.0, 'operating_mode': 'STANDBY', 'fault_active': True, 'active_faults': ['BATTERY_RESISTANCE_SPIKE'], 'dataset': 'ASTRA_SIMULATED_EPS'}"
7730.0,ASTRA-FLAGSHIP-01,EPS,31.461396303637407,4.007743366417528,3.792654003040581,39.998436965018314,0.9523104477618268,"{'soh': 0.9999609241254579, 'internal_resistance_ohm': 0.20250949543751376, 'solar_health_factor': 1.0}",ANOMALOUS,"{'is_sunlight': False, 'orbit_fraction': 0.34668989547038326, 'solar_power_w': 0.0, 'load_power_w': 130.0, 'operating_mode': 'STANDBY', 'fault_active': True, 'active_faults': ['BATTERY_RESISTANCE_SPIKE'], 'dataset': 'ASTRA_SIMULATED_EPS'}"
7740.0,ASTRA-FLAGSHIP-01,EPS,31.706169771983046,4.038797281547183,3.6979832712410063,39.998434744594455,0.9520328702040348,"{'soh': 0.9999608686148613, 'internal_resistance_ohm': 0.2025095089265887, 'solar_health_factor': 1.0}",ANOMALOUS,"{'is_sunlight': False, 'orbit_fraction': 0.34843205574912894, 'solar_power_w': 0.0, 'load_power_w': 130.0, 'operating_mode': 'STANDBY', 'fault_active': True, 'active_faults': ['BATTERY_RESISTANCE_SPIKE'], 'dataset': 'ASTRA_SIMULATED_EPS'}"
7750.0,ASTRA-FLAGSHIP-01,EPS,31.737881668105125,3.9698809194840448,3.6236126134420585,39.99843252406089,0.9517552789144317,"{'soh': 0.9999608131015222, 'internal_resistance_ohm': 0.2025095224163301, 'solar_health_factor': 1.0}",ANOMALOUS,"{'is_sunlight': False, 'orbit_fraction': 0.3501742160278746, 'solar_power_w': 0.0, 'load_power_w': 130.0, 'operating_mode': 'STANDBY', 'fault_active': True, 'active_faults': ['BATTERY_RESISTANCE_SPIKE'], 'dataset': 'ASTRA_SIMULATED_EPS'}"
7760.0,ASTRA-FLAGSHIP-01,EPS,31.74046258435756,4.018571799858749,3.5731220134687023,39.99843030341759,0.95147767389037,"{'soh': 0.9999607575854399, 'internal_resistance_ohm': 0.20250953590673812, 'solar_health_factor': 1.0}",ANOMALOUS,"{'is_sunlight': False, 'orbit_fraction': 0.3519163763066202, 'solar_power_w': 0.0, 'load_power_w': 130.0, 'operating_mode': 'STANDBY', 'fault_active': True, 'active_faults': ['BATTERY_RESISTANCE_SPIKE'], 'dataset': 'ASTRA_SIMULATED_EPS'}"
7770.0,ASTRA-FLAGSHIP-01,EPS,31.61748709932349,3.959624786181025,3.5149695038941418,39.99842808266455,0.9512000551291993,"{'soh': 0.9999607020666138, 'internal_resistance_ohm': 0.2025095493978128, 'solar_health_factor': 1.0}",ANOMALOUS,"{'is_sunlight': False, 'orbit_fraction': 0.35365853658536583, 'solar_power_w': 0.0, 'load_power_w': 130.0, 'operating_mode': 'STANDBY', 'fault_active': True, 'active_faults': ['BATTERY_RESISTANCE_SPIKE'], 'dataset': 'ASTRA_SIMULATED_EPS'}"
7780.0,ASTRA-FLAGSHIP-01,EPS,31.767959793690935,4.012124338257547,3.5030022998299617,39.99842586180174,0.9509224226282658,"{'soh': 0.9999606465450436, 'internal_resistance_ohm': 0.2025095628895544, 'solar_health_factor': 1.0}",ANOMALOUS,"{'is_sunlight': False, 'orbit_fraction': 0.3554006968641115, 'solar_power_w': 0.0, 'load_power_w': 130.0, 'operating_mode': 'STANDBY', 'fault_active': True, 'active_faults': ['BATTERY_RESISTANCE_SPIKE'], 'dataset': 'ASTRA_SIMULATED_EPS'}"
7790.0,ASTRA-FLAGSHIP-01,EPS,33.149528489962876,-3.3408898368814914,3.5076844958574926,39.998423640829145,0.951154448657193,"{'soh': 0.9999605910207285, 'internal_resistance_ohm': 0.20250957638196293, 'solar_health_factor': 1.0}",ANOMALOUS,"{'is_sunlight': True, 'orbit_fraction': 0.35714285714285715, 'solar_power_w': 203.63962499999482, 'load_power_w': 95.0, 'operating_mode': 'STANDBY', 'fault_active': True, 'active_faults': ['BATTERY_RESISTANCE_SPIKE'], 'dataset': 'ASTRA_SIMULATED_EPS'}"
7800.0,ASTRA-FLAGSHIP-01,EPS,36.12578911563646,-20.690603037165673,3.8161441709216986,39.99842178469406,0.9525945301375651,"{'soh': 0.9999605446173515, 'internal_resistance_ohm': 0.20250958765798355, 'solar_health_factor': 1.0}",ANOMALOUS,"{'is_sunlight': True, 'orbit_fraction': 0.3588850174216028, 'solar_power_w': 769.3052499999949, 'load_power_w': 95.0, 'operating_mode': 'STANDBY', 'fault_active': True, 'active_faults': ['BATTERY_RESISTANCE_SPIKE'], 'dataset': 'ASTRA_SIMULATED_EPS'}"
7810.0,ASTRA-FLAGSHIP-01,EPS,35.90531372831983,-31.393426854136028,4.338905134444129,39.99841026449677,0.9547507527212229,"{'soh': 0.9999602566124193, 'internal_resistance_ohm': 0.20250965764318213, 'solar_health_factor': 1.0}",ANOMALOUS,"{'is_sunlight': True, 'orbit_fraction': 0.3606271777003484, 'solar_power_w': 1104.8905011291931, 'load_power_w': 95.0, 'operating_mode': 'STANDBY', 'fault_active': True, 'active_faults': ['BATTERY_RESISTANCE_SPIKE'], 'dataset': 'ASTRA_SIMULATED_EPS'}"
7820.0,ASTRA-FLAGSHIP-01,EPS,35.91380925791849,-30.41612131275626,4.792139750897181,39.99839301540167,0.9568536967965438,"{'soh': 0.9999598253850417, 'internal_resistance_ohm': 0.20250976243143487, 'solar_health_factor': 1.0}",ANOMALOUS,"{'is_sunlight': True, 'orbit_fraction': 0.3623693379790941, 'solar_power_w': 1080.3144459123678, 'load_power_w': 95.0, 'operating_mode': 'STANDBY', 'fault_active': True, 'active_faults': ['BATTERY_RESISTANCE_SPIKE'], 'dataset': 'ASTRA_SIMULATED_EPS'}"
7830.0,ASTRA-FLAGSHIP-01,EPS,35.929437724814555,-29.415557141849373,5.245326353979438,39.998376192524944,0.9589077807895551,"{'soh': 0.9999594048131236, 'internal_resistance_ohm': 0.20250986463041099, 'solar_health_factor': 1.0}",ANOMALOUS,"{'is_sunlight': True, 'orbit_fraction': 0.3641114982578397, 'solar_power_w': 1057.7810361516301, 'load_power_w': 95.0, 'operating_mode': 'STANDBY', 'fault_active': True, 'active_faults': ['BATTERY_RESISTANCE_SPIKE'], 'dataset': 'ASTRA_SIMULATED_EPS'}"
7840.0,ASTRA-FLAGSHIP-01,EPS,36.12304247817609,-29.136750167736807,5.717550437929918,39.99835976052009,0.960917052005101,"{'soh': 0.9999589940130021, 'internal_resistance_ohm': 0.20250996445484046, 'solar_health_factor': 1.0}",ANOMALOUS,"{'is_sunlight': True, 'orbit_fraction': 0.36585365853658536, 'solar_power_w': 1037.1199875493169, 'load_power_w': 95.0, 'operating_mode': 'STANDBY', 'fault_active': True, 'active_faults': ['BATTERY_RESISTANCE_SPIKE'], 'dataset': 'ASTRA_SIMULATED_EPS'}"
7850.0,ASTRA-FLAGSHIP-01,EPS,36.0470250956221,-28.394588653136232,6.09344460871258,39.998343687009495,0.9628852178727549,"{'soh': 0.9999585921752374, 'internal_resistance_ohm': 0.20251006210141728, 'solar_health_factor': 1.0}",ANOMALOUS,"{'is_sunlight': True, 'orbit_fraction': 0.367595818815331, 'solar_power_w': 1018.1751824508017, 'load_power_w': 95.0, 'operating_mode': 'STANDBY', 'fault_active': True, 'active_faults': ['BATTERY_RESISTANCE_SPIKE'], 'dataset': 'ASTRA_SIMULATED_EPS'}"
7860.0,ASTRA-FLAGSHIP-01,EPS,35.6802776580783,-27.738573302203005,6.452044116638643,39.99832794233454,0.9648156745424616,"{'soh': 0.9999581985583634, 'internal_resistance_ohm': 0.20251015775031772, 'solar_health_factor': 1.0}",ANOMALOUS,"{'is_sunlight': True, 'orbit_fraction': 0.3693379790940767, 'solar_power_w': 1000.803492105937, 'load_power_w': 95.0, 'operating_mode': 'STANDBY', 'fault_active': True, 'active_faults': ['BATTERY_RESISTANCE_SPIKE'], 'dataset': 'ASTRA_SIMULATED_EPS'}"
7870.0,ASTRA-FLAGSHIP-01,EPS,35.75651934854817,-27.514618708550955,6.965180492861216,39.998312499326744,0.9667115330580693,"{'soh': 0.9999578124831686, 'internal_resistance_ohm': 0.20251025156659003, 'solar_health_factor': 1.0}",ANOMALOUS,"{'is_sunlight': True, 'orbit_fraction': 0.3710801393728223, 'solar_power_w': 984.873696798297, 'load_power_w': 95.0, 'operating_mode': 'STANDBY', 'fault_active': True, 'active_faults': ['BATTERY_RESISTANCE_SPIKE'], 'dataset': 'ASTRA_SIMULATED_EPS'}"
7880.0,ASTRA-FLAGSHIP-01,EPS,35.8867325891353,-26.628534519024075,7.278345328467495,39.99829733309848,0.968575643316719,"{'soh': 0.9999574333274619, 'internal_resistance_ohm': 0.20251034370142676, 'solar_health_factor': 1.0}",ANOMALOUS,"{'is_sunlight': True, 'orbit_fraction': 0.37282229965156793, 'solar_power_w': 970.2654957129714, 'load_power_w': 95.0, 'operating_mode': 'STANDBY', 'fault_active': True, 'active_faults': ['BATTERY_RESISTANCE_SPIKE'], 'dataset': 'ASTRA_SIMULATED_EPS'}"
7890.0,ASTRA-FLAGSHIP-01,EPS,35.692675567633266,-26.575561378605716,7.7527525016668,39.9982824208512,0.9704106160037407,"{'soh': 0.99995706052128, 'internal_resistance_ohm': 0.202510434293329, 'solar_health_factor': 1.0}",ANOMALOUS,"{'is_sunlight': True, 'orbit_fraction': 0.37456445993031356, 'solar_power_w': 956.8685990886805, 'load_power_w': 95.0, 'operating_mode': 'STANDBY', 'fault_active': True, 'active_faults': ['BATTERY_RESISTANCE_SPIKE'], 'dataset': 'ASTRA_SIMULATED_EPS'}"
7900.0,ASTRA-FLAGSHIP-01,EPS,35.9719383279714,-26.11145758857545,8.075652745190698,39.99826774170004,0.97221884267608,"{'soh': 0.999956693542501, 'internal_resistance_ohm': 0.20251052346917223, 'solar_health_factor': 1.0}",ANOMALOUS,"{'is_sunlight': True, 'orbit_fraction': 0.37630662020905925, 'solar_power_w': 944.5818958189622, 'load_power_w': 95.0, 'operating_mode': 'STANDBY', 'fault_active': True, 'active_faults': ['BATTERY_RESISTANCE_SPIKE'], 'dataset': 'ASTRA_SIMULATED_EPS'}"
7910.0,ASTRA-FLAGSHIP-01,EPS,36.09032089251016,-25.53466570639941,8.508214464875762,39.998253276513125,0.9740025141521654,"{'soh': 0.9999563319128282, 'internal_resistance_ohm': 0.20251061134518275, 'solar_health_factor': 1.0}",ANOMALOUS,"{'is_sunlight': True, 'orbit_fraction': 0.3780487804878049, 'solar_power_w': 933.3126902347877, 'load_power_w': 95.0, 'operating_mode': 'STANDBY', 'fault_active': True, 'active_faults': ['BATTERY_RESISTANCE_SPIKE'], 'dataset': 'ASTRA_SIMULATED_EPS'}"
7920.0,ASTRA-FLAGSHIP-01,EPS,35.93524164375796,-25.533824443280647,8.775251230175828,39.99823900776443,0.9757636373523939,"{'soh': 0.9999559751941108, 'internal_resistance_ohm': 0.20251069802783106, 'solar_health_factor': 1.0}",ANOMALOUS,"{'is_sunlight': True, 'orbit_fraction': 0.3797909407665505, 'solar_power_w': 922.9760023214279, 'load_power_w': 95.0, 'operating_mode': 'STANDBY', 'fault_active': True, 'active_faults': ['BATTERY_RESISTANCE_SPIKE'], 'dataset': 'ASTRA_SIMULATED_EPS'}"
7930.0,ASTRA-FLAGSHIP-01,EPS,36.04685049118492,-25.18642218396121,9.100717585982824,39.9982249193991,0.9775040507219122,"{'soh': 0.9999556229849774, 'internal_resistance_ohm': 0.20251078361465047, 'solar_health_factor': 1.0}",ANOMALOUS,"{'is_sunlight': True, 'orbit_fraction': 0.38153310104529614, 'solar_power_w': 913.4939260996687, 'load_power_w': 95.0, 'operating_mode': 'STANDBY', 'fault_active': True, 'active_faults': ['BATTERY_RESISTANCE_SPIKE'], 'dataset': 'ASTRA_SIMULATED_EPS'}"
7940.0,ASTRA-FLAGSHIP-01,EPS,36.06188181867898,-24.79314624634448,9.495870184236173,39.998210996710014,0.979225438355992,"{'soh': 0.9999552749177504, 'internal_resistance_ohm': 0.20251086819498665, 'solar_health_factor': 1.0}",ANOMALOUS,"{'is_sunlight': True, 'orbit_fraction': 0.3832752613240418, 'solar_power_w': 904.7950413390986, 'load_power_w': 95.0, 'operating_mode': 'STANDBY', 'fault_active': True, 'active_faults': ['BATTERY_RESISTANCE_SPIKE'], 'dataset': 'ASTRA_SIMULATED_EPS'}"
7950.0,ASTRA-FLAGSHIP-01,EPS,35.86347083975399,-24.564536697951397,9.787138815606948,39.99819722622486,0.9809293429379344,"{'soh': 0.9999549306556215, 'internal_resistance_ohm': 0.202510951850684, 'solar_health_factor': 1.0}",ANOMALOUS,"{'is_sunlight': True, 'orbit_fraction': 0.38501742160278746, 'solar_power_w': 896.8138741725157, 'load_power_w': 95.0, 'operating_mode': 'STANDBY', 'fault_active': True, 'active_faults': ['BATTERY_RESISTANCE_SPIKE'], 'dataset': 'ASTRA_SIMULATED_EPS'}"
7960.0,ASTRA-FLAGSHIP-01,EPS,36.16023571400246,-24.172737032930556,10.074058609179835,39.998183595602555,0.9826171775899908,"{'soh': 0.9999545898900638, 'internal_resistance_ohm': 0.2025110346567145, 'solar_health_factor': 1.0}",ANOMALOUS,"{'is_sunlight': True, 'orbit_fraction': 0.3867595818815331, 'solar_power_w': 889.4904025484792, 'load_power_w': 95.0, 'operating_mode': 'STANDBY', 'fault_active': True, 'active_faults': ['BATTERY_RESISTANCE_SPIKE'], 'dataset': 'ASTRA_SIMULATED_EPS'}"
7970.0,ASTRA-FLAGSHIP-01,EPS,35.83268804516537,-24.278696148672495,10.46118683336232,39.99817009353849,0.9842902367291749,"{'soh': 0.9999542523384624, 'internal_resistance_ohm': 0.20251111668175364, 'solar_health_factor': 1.0}",ANOMALOUS,"{'is_sunlight': True, 'orbit_fraction': 0.3885017421602787, 'solar_power_w': 882.7696027964689, 'load_power_w': 95.0, 'operating_mode': 'STANDBY', 'fault_active': True, 'active_faults': ['BATTERY_RESISTANCE_SPIKE'], 'dataset': 'ASTRA_SIMULATED_EPS'}"
7980.0,ASTRA-FLAGSHIP-01,EPS,35.98498116543774,-24.07570292206768,10.76959599918602,39.99815670967769,0.9859497060119862,"{'soh': 0.9999539177419422, 'internal_resistance_ohm': 0.20251119798870804, 'solar_health_factor': 1.0}",ANOMALOUS,"{'is_sunlight': True, 'orbit_fraction': 0.3902439024390244, 'solar_power_w': 876.601033888537, 'load_power_w': 95.0, 'operating_mode': 'STANDBY', 'fault_active': True, 'active_faults': ['BATTERY_RESISTANCE_SPIKE'], 'dataset': 'ASTRA_SIMULATED_EPS'}"
7990.0,ASTRA-FLAGSHIP-01,EPS,35.81928767302533,-23.689588193107188,11.136190681784626,39.99814343453521,0.9875966714448898,"{'soh': 0.9999535858633801, 'internal_resistance_ohm': 0.20251127863519863, 'solar_health_factor': 1.0}",ANOMALOUS,"{'is_sunlight': True, 'orbit_fraction': 0.39198606271777003, 'solar_power_w': 870.9384562650696, 'load_power_w': 95.0, 'operating_mode': 'STANDBY', 'fault_active': True, 'active_faults': ['BATTERY_RESISTANCE_SPIKE'], 'dataset': 'ASTRA_SIMULATED_EPS'}"
8000.0,ASTRA-FLAGSHIP-01,EPS,35.87008724039929,-23.527765388300903,11.417785155576302,39.99813025942328,0.9892321277308573,"{'soh': 0.999953256485582, 'internal_resistance_ohm': 0.20251135867400358, 'solar_health_factor': 1.0}",ANOMALOUS,"{'is_sunlight': True, 'orbit_fraction': 0.39372822299651566, 'solar_power_w': 865.7394823524402, 'load_power_w': 95.0, 'operating_mode': 'STANDBY', 'fault_active': True, 'active_faults': ['BATTERY_RESISTANCE_SPIKE'], 'dataset': 'ASTRA_SIMULATED_EPS'}"
8010.0,ASTRA-FLAGSHIP-01,EPS,35.95110208014131,-23.19272166191028,11.820203048805777,39.99811717638457,0.9908569859162918,"{'soh': 0.9999529294096142, 'internal_resistance_ohm': 0.20251143815346376, 'solar_health_factor': 1.0}",ANOMALOUS,"{'is_sunlight': True, 'orbit_fraction': 0.39547038327526135, 'solar_power_w': 860.9652561389119, 'load_power_w': 95.0, 'operating_mode': 'STANDBY', 'fault_active': True, 'active_faults': ['BATTERY_RESISTANCE_SPIKE'], 'dataset': 'ASTRA_SIMULATED_EPS'}"
8020.0,ASTRA-FLAGSHIP-01,EPS,35.76607537735303,-23.155627210842425,12.097757129807501,39.99810417813095,0.9924720803972021,"{'soh': 0.9999526044532737, 'internal_resistance_ohm': 0.2025115171178545, 'solar_health_factor': 1.0}",ANOMALOUS,"{'is_sunlight': True, 'orbit_fraction': 0.397212543554007, 'solar_power_w': 856.5801593939026, 'load_power_w': 95.0, 'operating_mode': 'STANDBY', 'fault_active': True, 'active_faults': ['BATTERY_RESISTANCE_SPIKE'], 'dataset': 'ASTRA_SIMULATED_EPS'}"
8030.0,ASTRA-FLAGSHIP-01,EPS,35.79331260802453,-23.0278916675834,12.434297655538053,39.99809125798749,0.9940781753385002,"{'soh': 0.9999522814496872, 'internal_resistance_ohm': 0.202511595607726, 'solar_health_factor': 1.0}",ANOMALOUS,"{'is_sunlight': True, 'orbit_fraction': 0.3989547038327526, 'solar_power_w': 852.5515423163273, 'load_power_w': 95.0, 'operating_mode': 'STANDBY', 'fault_active': True, 'active_faults': ['BATTERY_RESISTANCE_SPIKE'], 'dataset': 'ASTRA_SIMULATED_EPS'}"
8040.0,ASTRA-FLAGSHIP-01,EPS,35.79794193487601,-23.117278937521068,12.704944255502676,39.998078409841085,0.9956759705557352,"{'soh': 0.9999519602460271, 'internal_resistance_ohm': 0.2025116736602154, 'solar_health_factor': 1.0}",ANOMALOUS,"{'is_sunlight': True, 'orbit_fraction': 0.40069686411149824, 'solar_power_w': 848.8494765816648, 'load_power_w': 95.0, 'operating_mode': 'STANDBY', 'fault_active': True, 'active_faults': ['BATTERY_RESISTANCE_SPIKE'], 'dataset': 'ASTRA_SIMULATED_EPS'}"
8050.0,ASTRA-FLAGSHIP-01,EPS,36.048869155948616,-22.830963345535764,12.964418254535857,39.99806562809341,0.9972661069044089,"{'soh': 0.9999516407023351, 'internal_resistance_ohm': 0.20251175130933255, 'solar_health_factor': 1.0}",ANOMALOUS,"{'is_sunlight': True, 'orbit_fraction': 0.4024390243902439, 'solar_power_w': 845.4465289260662, 'load_power_w': 95.0, 'operating_mode': 'STANDBY', 'fault_active': True, 'active_faults': ['BATTERY_RESISTANCE_SPIKE'], 'dataset': 'ASTRA_SIMULATED_EPS'}"
8060.0,ASTRA-FLAGSHIP-01,EPS,36.07032526576707,-22.95283359522191,13.289953375549361,39.9980529076178,0.9988491712182036,"{'soh': 0.999951322690445, 'internal_resistance_ohm': 0.20251182858622188, 'solar_health_factor': 1.0}",ANOMALOUS,"{'is_sunlight': True, 'orbit_fraction': 0.40418118466898956, 'solar_power_w': 842.3175535604809, 'load_power_w': 95.0, 'operating_mode': 'STANDBY', 'fault_active': True, 'active_faults': ['BATTERY_RESISTANCE_SPIKE'], 'dataset': 'ASTRA_SIMULATED_EPS'}"
8070.0,ASTRA-FLAGSHIP-01,EPS,36.210526198637,-22.72809805776274,13.522670718922047,39.998040243719764,1.0,"{'soh': 0.999951006092994, 'internal_resistance_ohm': 0.20251190551940243, 'solar_health_factor': 1.0}",ANOMALOUS,"{'is_sunlight': True, 'orbit_fraction': 0.4059233449477352, 'solar_power_w': 839.4395018495848, 'load_power_w': 95.0, 'operating_mode': 'STANDBY', 'fault_active': True, 'active_faults': ['BATTERY_RESISTANCE_SPIKE'], 'dataset': 'ASTRA_SIMULATED_EPS'}"
8080.0,ASTRA-FLAGSHIP-01,EPS,32.92575099101771,-22.555260823237,13.60012067393768,39.99802763210076,1.0,"{'soh': 0.999950690802519, 'internal_resistance_ohm': 0.2025119821349879, 'solar_health_factor': 1.0}",ANOMALOUS,"{'is_sunlight': True, 'orbit_fraction': 0.4076655052264808, 'solar_power_w': 836.7912478203517, 'load_power_w': 95.0, 'operating_mode': 'STANDBY', 'fault_active': True, 'active_faults': ['BATTERY_RESISTANCE_SPIKE'], 'dataset': 'ASTRA_SIMULATED_EPS'}"
8090.0,ASTRA-FLAGSHIP-01,EPS,33.100520710487324,-22.409313192573105,13.596063826910271,39.99802763210076,1.0,"{'soh': 0.999950690802519, 'internal_resistance_ohm': 0.2025119821349879, 'solar_health_factor': 1.0}",ANOMALOUS,"{'is_sunlight': True, 'orbit_fraction': 0.4094076655052265, 'solar_power_w': 834.3534281843233, 'load_power_w': 95.0, 'operating_mode': 'STANDBY', 'fault_active': True, 'active_faults': ['BATTERY_RESISTANCE_SPIKE'], 'dataset': 'ASTRA_SIMULATED_EPS'}"
8100.0,ASTRA-FLAGSHIP-01,EPS,33.147684237152426,-22.592882513196777,13.649178017734085,39.99802763210076,1.0,"{'soh': 0.999950690802519, 'internal_resistance_ohm': 0.2025119821349879, 'solar_health_factor': 1.0}",ANOMALOUS,"{'is_sunlight': True, 'orbit_fraction': 0.41114982578397213, 'solar_power_w': 832.1082956669965, 'load_power_w': 95.0, 'operating_mode': 'STANDBY', 'fault_active': True, 'active_faults': ['BATTERY_RESISTANCE_SPIKE'], 'dataset': 'ASTRA_SIMULATED_EPS'}"
8110.0,ASTRA-FLAGSHIP-01,EPS,32.97938119657497,-22.383764529421786,13.666986037807861,39.99802763210076,1.0,"{'soh': 0.999950690802519, 'internal_resistance_ohm': 0.2025119821349879, 'solar_health_factor': 1.0}",ANOMALOUS,"{'is_sunlight': True, 'orbit_fraction': 0.41289198606271776, 'solar_power_w': 830.0395845379817, 'load_power_w': 95.0, 'operating_mode': 'STANDBY', 'fault_active': True, 'active_faults': ['BATTERY_RESISTANCE_SPIKE'], 'dataset': 'ASTRA_SIMULATED_EPS'}"
8120.0,ASTRA-FLAGSHIP-01,EPS,32.948646461754244,-22.255540473273907,13.697041319280377,39.99802763210076,1.0,"{'soh': 0.999950690802519, 'internal_resistance_ohm': 0.2025119821349879, 'solar_health_factor': 1.0}",ANOMALOUS,"{'is_sunlight': True, 'orbit_fraction': 0.4146341463414634, 'solar_power_w': 828.1323873275319, 'load_power_w': 95.0, 'operating_mode': 'STANDBY', 'fault_active': True, 'active_faults': ['BATTERY_RESISTANCE_SPIKE'], 'dataset': 'ASTRA_SIMULATED_EPS'}"
8130.0,ASTRA-FLAGSHIP-01,EPS,32.6747437918664,-22.094538081032546,13.8202104427694,39.99802763210076,1.0,"{'soh': 0.999950690802519, 'internal_resistance_ohm': 0.2025119821349879, 'solar_health_factor': 1.0}",ANOMALOUS,"{'is_sunlight': True, 'orbit_fraction': 0.4163763066202091, 'solar_power_w': 826.3730417993215, 'load_power_w': 95.0, 'operating_mode': 'STANDBY', 'fault_active': True, 'active_faults': ['BATTERY_RESISTANCE_SPIKE'], 'dataset': 'ASTRA_SIMULATED_EPS'}"
8140.0,ASTRA-FLAGSHIP-01,EPS,32.7013114309409,-22.16866214688996,13.757444059757221,39.99802763210076,1.0,"{'soh': 0.999950690802519, 'internal_resistance_ohm': 0.2025119821349879, 'solar_health_factor': 1.0}",ANOMALOUS,"{'is_sunlight': True, 'orbit_fraction': 0.4181184668989547, 'solar_power_w': 824.7490273266627, 'load_power_w': 95.0, 'operating_mode': 'STANDBY', 'fault_active': True, 'active_faults': ['BATTERY_RESISTANCE_SPIKE'], 'dataset': 'ASTRA_SIMULATED_EPS'}"
8150.0,ASTRA-FLAGSHIP-01,EPS,32.93654838029331,-22.168964798555287,13.801762883388726,39.99802763210076,1.0,"{'soh': 0.999950690802519, 'internal_resistance_ohm': 0.2025119821349879, 'solar_health_factor': 1.0}",ANOMALOUS,"{'is_sunlight': True, 'orbit_fraction': 0.41986062717770034, 'solar_power_w': 823.248869890208, 'load_power_w': 95.0, 'operating_mode': 'STANDBY', 'fault_active': True, 'active_faults': ['BATTERY_RESISTANCE_SPIKE'], 'dataset': 'ASTRA_SIMULATED_EPS'}"
8160.0,ASTRA-FLAGSHIP-01,EPS,32.74737625724801,-22.240785149199457,13.798159552507459,39.99802763210076,1.0,"{'soh': 0.999950690802519, 'internal_resistance_ohm': 0.2025119821349879, 'solar_health_factor': 1.0}",ANOMALOUS,"{'is_sunlight': True, 'orbit_fraction': 0.42160278745644597, 'solar_power_w': 821.8620549801761, 'load_power_w': 95.0, 'operating_mode': 'STANDBY', 'fault_active': True, 'active_faults': ['BATTERY_RESISTANCE_SPIKE'], 'dataset': 'ASTRA_SIMULATED_EPS'}"
8170.0,ASTRA-FLAGSHIP-01,EPS,32.72561517194853,-22.129464242802108,13.838369733729138,39.99802763210076,1.0,"{'soh': 0.999950690802519, 'internal_resistance_ohm': 0.2025119821349879, 'solar_health_factor': 1.0}",ANOMALOUS,"{'is_sunlight': True, 'orbit_fraction': 0.42334494773519166, 'solar_power_w': 820.5789477457336, 'load_power_w': 95.0, 'operating_mode': 'STANDBY', 'fault_active': True, 'active_faults': ['BATTERY_RESISTANCE_SPIKE'], 'dataset': 'ASTRA_SIMULATED_EPS'}"
8180.0,ASTRA-FLAGSHIP-01,EPS,32.962926973998954,-21.913801875699548,13.875118367812119,39.99802763210076,1.0,"{'soh': 0.999950690802519, 'internal_resistance_ohm': 0.2025119821349879, 'solar_health_factor': 1.0}",ANOMALOUS,"{'is_sunlight': True, 'orbit_fraction': 0.4250871080139373, 'solar_power_w': 819.3907197887901, 'load_power_w': 95.0, 'operating_mode': 'STANDBY', 'fault_active': True, 'active_faults': ['BATTERY_RESISTANCE_SPIKE'], 'dataset': 'ASTRA_SIMULATED_EPS'}"
8190.0,ASTRA-FLAGSHIP-01,EPS,32.88087851016448,-21.99429632491736,13.957507485499569,39.99802763210076,1.0,"{'soh': 0.999950690802519, 'internal_resistance_ohm': 0.2025119821349879, 'solar_health_factor': 1.0}",ANOMALOUS,"{'is_sunlight': True, 'orbit_fraction': 0.4268292682926829, 'solar_power_w': 818.2892820495751, 'load_power_w': 95.0, 'operating_mode': 'STANDBY', 'fault_active': True, 'active_faults': ['BATTERY_RESISTANCE_SPIKE'], 'dataset': 'ASTRA_SIMULATED_EPS'}"
8200.0,ASTRA-FLAGSHIP-01,EPS,32.84639684053272,-21.935243426668862,13.987661675179876,39.99802763210076,1.0,"{'soh': 0.999950690802519, 'internal_resistance_ohm': 0.2025119821349879, 'solar_health_factor': 1.0}",ANOMALOUS,"{'is_sunlight': True, 'orbit_fraction': 0.42857142857142855, 'solar_power_w': 817.2672232772943, 'load_power_w': 95.0, 'operating_mode': 'STANDBY', 'fault_active': True, 'active_faults': ['BATTERY_RESISTANCE_SPIKE'], 'dataset': 'ASTRA_SIMULATED_EPS'}"
8210.0,ASTRA-FLAGSHIP-01,EPS,32.62452501995692,-21.89186389570778,14.037432971554582,39.99802763210076,1.0,"{'soh': 0.999950690802519, 'internal_resistance_ohm': 0.2025119821349879, 'solar_health_factor': 1.0}",ANOMALOUS,"{'is_sunlight': True, 'orbit_fraction': 0.43031358885017423, 'solar_power_w': 816.3177536212845, 'load_power_w': 95.0, 'operating_mode': 'STANDBY', 'fault_active': True, 'active_faults': ['BATTERY_RESISTANCE_SPIKE'], 'dataset': 'ASTRA_SIMULATED_EPS'}"
8220.0,ASTRA-FLAGSHIP-01,EPS,32.6972872574531,-21.960500666102355,14.056646131954032,39.99802763210076,1.0,"{'soh': 0.999950690802519, 'internal_resistance_ohm': 0.2025119821349879, 'solar_health_factor': 1.0}",ANOMALOUS,"{'is_sunlight': True, 'orbit_fraction': 0.43205574912891986, 'solar_power_w': 815.4346529167126, 'load_power_w': 95.0, 'operating_mode': 'STANDBY', 'fault_active': True, 'active_faults': ['BATTERY_RESISTANCE_SPIKE'], 'dataset': 'ASTRA_SIMULATED_EPS'}"
8230.0,ASTRA-FLAGSHIP-01,EPS,32.784013126085,-21.81671292176892,14.169986535098191,39.99802763210076,1.0,"{'soh': 0.999950690802519, 'internal_resistance_ohm': 0.2025119821349879, 'solar_health_factor': 1.0}",ANOMALOUS,"{'is_sunlight': True, 'orbit_fraction': 0.4337979094076655, 'solar_power_w': 814.6122232742658, 'load_power_w': 95.0, 'operating_mode': 'STANDBY', 'fault_active': True, 'active_faults': ['BATTERY_RESISTANCE_SPIKE'], 'dataset': 'ASTRA_SIMULATED_EPS'}"
8240.0,ASTRA-FLAGSHIP-01,EPS,32.68596695477462,-22.074641302348056,14.096205764965704,39.99802763210076,1.0,"{'soh': 0.999950690802519, 'internal_resistance_ohm': 0.2025119821349879, 'solar_health_factor': 1.0}",ANOMALOUS,"{'is_sunlight': True, 'orbit_fraction': 0.4355400696864111, 'solar_power_w': 813.8452456157639, 'load_power_w': 95.0, 'operating_mode': 'STANDBY', 'fault_active': True, 'active_faults': ['BATTERY_RESISTANCE_SPIKE'], 'dataset': 'ASTRA_SIMULATED_EPS'}"
8250.0,ASTRA-FLAGSHIP-01,EPS,32.93049701757989,-21.92098740528381,14.18281306363288,39.99802763210076,1.0,"{'soh': 0.999950690802519, 'internal_resistance_ohm': 0.2025119821349879, 'solar_health_factor': 1.0}",ANOMALOUS,"{'is_sunlight': True, 'orbit_fraction': 0.4372822299651568, 'solar_power_w': 813.1289398273803, 'load_power_w': 95.0, 'operating_mode': 'STANDBY', 'fault_active': True, 'active_faults': ['BATTERY_RESISTANCE_SPIKE'], 'dataset': 'ASTRA_SIMULATED_EPS'}"
8260.0,ASTRA-FLAGSHIP-01,EPS,32.59021913945649,-21.794882383997518,14.10890858908766,39.99802763210076,1.0,"{'soh': 0.999950690802519, 'internal_resistance_ohm': 0.2025119821349879, 'solar_health_factor': 1.0}",ANOMALOUS,"{'is_sunlight': True, 'orbit_fraction': 0.43902439024390244, 'solar_power_w': 812.4589282294721, 'load_power_w': 95.0, 'operating_mode': 'STANDBY', 'fault_active': True, 'active_faults': ['BATTERY_RESISTANCE_SPIKE'], 'dataset': 'ASTRA_SIMULATED_EPS'}"
8270.0,ASTRA-FLAGSHIP-01,EPS,33.08997857642735,-21.627298987429597,14.129838973389052,39.99802763210076,1.0,"{'soh': 0.999950690802519, 'internal_resistance_ohm': 0.2025119821349879, 'solar_health_factor': 1.0}",ANOMALOUS,"{'is_sunlight': True, 'orbit_fraction': 0.44076655052264807, 'solar_power_w': 811.8312020870334, 'load_power_w': 95.0, 'operating_mode': 'STANDBY', 'fault_active': True, 'active_faults': ['BATTERY_RESISTANCE_SPIKE'], 'dataset': 'ASTRA_SIMULATED_EPS'}"
8280.0,ASTRA-FLAGSHIP-01,EPS,32.71624516429483,-21.738880410749932,14.17770553731209,39.99802763210076,1.0,"{'soh': 0.999950690802519, 'internal_resistance_ohm': 0.2025119821349879, 'solar_health_factor': 1.0}",ANOMALOUS,"{'is_sunlight': True, 'orbit_fraction': 0.4425087108013937, 'solar_power_w': 811.2420909077512, 'load_power_w': 95.0, 'operating_mode': 'STANDBY', 'fault_active': True, 'active_faults': ['BATTERY_RESISTANCE_SPIKE'], 'dataset': 'ASTRA_SIMULATED_EPS'}"
8290.0,ASTRA-FLAGSHIP-01,EPS,32.79767875049382,-21.81724958748116,14.129889860724449,39.99802763210076,1.0,"{'soh': 0.999950690802519, 'internal_resistance_ohm': 0.2025119821349879, 'solar_health_factor': 1.0}",ANOMALOUS,"{'is_sunlight': True, 'orbit_fraction': 0.4442508710801394, 'solar_power_w': 810.6882342956696, 'load_power_w': 95.0, 'operating_mode': 'STANDBY', 'fault_active': True, 'active_faults': ['BATTERY_RESISTANCE_SPIKE'], 'dataset': 'ASTRA_SIMULATED_EPS'}"
8300.0,ASTRA-FLAGSHIP-01,EPS,32.80182383779265,-21.882884916998503,14.229950804070645,39.99802763210076,1.0,"{'soh': 0.999950690802519, 'internal_resistance_ohm': 0.2025119821349879, 'solar_health_factor': 1.0}",ANOMALOUS,"{'is_sunlight': True, 'orbit_fraction': 0.445993031358885, 'solar_power_w': 810.1665561477754, 'load_power_w': 95.0, 'operating_mode': 'STANDBY', 'fault_active': True, 'active_faults': ['BATTERY_RESISTANCE_SPIKE'], 'dataset': 'ASTRA_SIMULATED_EPS'}"
8310.0,ASTRA-FLAGSHIP-01,EPS,33.040026158730285,-21.932405584336852,14.323923209995739,39.99802763210076,1.0,"{'soh': 0.999950690802519, 'internal_resistance_ohm': 0.2025119821349879, 'solar_health_factor': 1.0}",ANOMALOUS,"{'is_sunlight': True, 'orbit_fraction': 0.44773519163763065, 'solar_power_w': 809.6742409984951, 'load_power_w': 95.0, 'operating_mode': 'STANDBY', 'fault_active': True, 'active_faults': ['BATTERY_RESISTANCE_SPIKE'], 'dataset': 'ASTRA_SIMULATED_EPS'}"
8320.0,ASTRA-FLAGSHIP-01,EPS,32.75680058352619,-21.806895998505805,14.35136059951769,39.99802763210076,1.0,"{'soh': 0.999950690802519, 'internal_resistance_ohm': 0.2025119821349879, 'solar_health_factor': 1.0}",ANOMALOUS,"{'is_sunlight': True, 'orbit_fraction': 0.44947735191637633, 'solar_power_w': 809.2087123333245, 'load_power_w': 95.0, 'operating_mode': 'STANDBY', 'fault_active': True, 'active_faults': ['BATTERY_RESISTANCE_SPIKE'], 'dataset': 'ASTRA_SIMULATED_EPS'}"
8330.0,ASTRA-FLAGSHIP-01,EPS,32.857758471628976,-21.69664956526148,14.388753722100784,39.99802763210076,1.0,"{'soh': 0.999950690802519, 'internal_resistance_ohm': 0.2025119821349879, 'solar_health_factor': 1.0}",ANOMALOUS,"{'is_sunlight': True, 'orbit_fraction': 0.45121951219512196, 'solar_power_w': 808.7676127076743, 'load_power_w': 95.0, 'operating_mode': 'STANDBY', 'fault_active': True, 'active_faults': ['BATTERY_RESISTANCE_SPIKE'], 'dataset': 'ASTRA_SIMULATED_EPS'}"
8340.0,ASTRA-FLAGSHIP-01,EPS,32.747185049482376,-21.818458832450112,14.314513199911238,39.99802763210076,1.0,"{'soh': 0.999950690802519, 'internal_resistance_ohm': 0.2025119821349879, 'solar_health_factor': 1.0}",ANOMALOUS,"{'is_sunlight': True, 'orbit_fraction': 0.4529616724738676, 'solar_power_w': 808.3487855206527, 'load_power_w': 95.0, 'operating_mode': 'STANDBY', 'fault_active': True, 'active_faults': ['BATTERY_RESISTANCE_SPIKE'], 'dataset': 'ASTRA_SIMULATED_EPS'}"
8350.0,ASTRA-FLAGSHIP-01,EPS,32.66576977696535,-21.40140714625634,14.459354977883562,39.99802763210076,1.0,"{'soh': 0.999950690802519, 'internal_resistance_ohm': 0.2025119821349879, 'solar_health_factor': 1.0}",ANOMALOUS,"{'is_sunlight': True, 'orbit_fraction': 0.4547038327526132, 'solar_power_w': 807.9502583060121, 'load_power_w': 95.0, 'operating_mode': 'STANDBY', 'fault_active': True, 'active_faults': ['BATTERY_RESISTANCE_SPIKE'], 'dataset': 'ASTRA_SIMULATED_EPS'}"
8360.0,ASTRA-FLAGSHIP-01,EPS,32.57924862276083,-21.875348407957073,14.449488865718628,39.99802763210076,1.0,"{'soh': 0.999950690802519, 'internal_resistance_ohm': 0.2025119821349879, 'solar_health_factor': 1.0}",ANOMALOUS,"{'is_sunlight': True, 'orbit_fraction': 0.4564459930313589, 'solar_power_w': 807.5702274139405, 'load_power_w': 95.0, 'operating_mode': 'STANDBY', 'fault_active': True, 'active_faults': ['BATTERY_RESISTANCE_SPIKE'], 'dataset': 'ASTRA_SIMULATED_EPS'}"
8370.0,ASTRA-FLAGSHIP-01,EPS,32.89032848760136,-21.651673942975545,14.440846865446218,39.99802763210076,1.0,"{'soh': 0.999950690802519, 'internal_resistance_ohm': 0.2025119821349879, 'solar_health_factor': 1.0}",ANOMALOUS,"{'is_sunlight': True, 'orbit_fraction': 0.45818815331010454, 'solar_power_w': 807.2070439678935, 'load_power_w': 95.0, 'operating_mode': 'STANDBY', 'fault_active': True, 'active_faults': ['BATTERY_RESISTANCE_SPIKE'], 'dataset': 'ASTRA_SIMULATED_EPS'}"
8380.0,ASTRA-FLAGSHIP-01,EPS,32.7797920281055,-21.666185645427507,14.48601315177973,39.99802763210076,1.0,"{'soh': 0.999950690802519, 'internal_resistance_ohm': 0.2025119821349879, 'solar_health_factor': 1.0}",ANOMALOUS,"{'is_sunlight': True, 'orbit_fraction': 0.45993031358885017, 'solar_power_w': 806.8592009902983, 'load_power_w': 95.0, 'operating_mode': 'STANDBY', 'fault_active': True, 'active_faults': ['BATTERY_RESISTANCE_SPIKE'], 'dataset': 'ASTRA_SIMULATED_EPS'}"
8390.0,ASTRA-FLAGSHIP-01,EPS,32.436228429161986,-21.719300600907392,14.467196996612147,39.99802763210076,1.0,"{'soh': 0.999950690802519, 'internal_resistance_ohm': 0.2025119821349879, 'solar_health_factor': 1.0}",ANOMALOUS,"{'is_sunlight': True, 'orbit_fraction': 0.4616724738675958, 'solar_power_w': 806.5253215997941, 'load_power_w': 95.0, 'operating_mode': 'STANDBY', 'fault_active': True, 'active_faults': ['BATTERY_RESISTANCE_SPIKE'], 'dataset': 'ASTRA_SIMULATED_EPS'}"
8400.0,ASTRA-FLAGSHIP-01,EPS,32.82879066996666,-21.344854452807443,14.556115399790079,39.99802763210076,1.0,"{'soh': 0.999950690802519, 'internal_resistance_ohm': 0.2025119821349879, 'solar_health_factor': 1.0}",ANOMALOUS,"{'is_sunlight': True, 'orbit_fraction': 0.4634146341463415, 'solar_power_w': 806.2041481907664, 'load_power_w': 95.0, 'operating_mode': 'STANDBY', 'fault_active': True, 'active_faults': ['BATTERY_RESISTANCE_SPIKE'], 'dataset': 'ASTRA_SIMULATED_EPS'}"
8410.0,ASTRA-FLAGSHIP-01,EPS,32.74852261851556,-21.569489803159485,14.589775097110497,39.99802763210076,1.0,"{'soh': 0.999950690802519, 'internal_resistance_ohm': 0.2025119821349879, 'solar_health_factor': 1.0}",ANOMALOUS,"{'is_sunlight': True, 'orbit_fraction': 0.4651567944250871, 'solar_power_w': 805.8945325133756, 'load_power_w': 95.0, 'operating_mode': 'STANDBY', 'fault_active': True, 'active_faults': ['BATTERY_RESISTANCE_SPIKE'], 'dataset': 'ASTRA_SIMULATED_EPS'}"
8420.0,ASTRA-FLAGSHIP-01,EPS,32.86874278338703,-21.59610420547411,14.696292859055767,39.99802763210076,1.0,"{'soh': 0.999950690802519, 'internal_resistance_ohm': 0.2025119821349879, 'solar_health_factor': 1.0}",ANOMALOUS,"{'is_sunlight': True, 'orbit_fraction': 0.46689895470383275, 'solar_power_w': 805.5954265790689, 'load_power_w': 95.0, 'operating_mode': 'STANDBY', 'fault_active': True, 'active_faults': ['BATTERY_RESISTANCE_SPIKE'], 'dataset': 'ASTRA_SIMULATED_EPS'}"
8430.0,ASTRA-FLAGSHIP-01,EPS,32.614306412319706,-21.602394049022166,14.574897395864722,39.99802763210076,1.0,"{'soh': 0.999950690802519, 'internal_resistance_ohm': 0.2025119821349879, 'solar_health_factor': 1.0}",ANOMALOUS,"{'is_sunlight': True, 'orbit_fraction': 0.4686411149825784, 'solar_power_w': 805.3058743228205, 'load_power_w': 95.0, 'operating_mode': 'STANDBY', 'fault_active': True, 'active_faults': ['BATTERY_RESISTANCE_SPIKE'], 'dataset': 'ASTRA_SIMULATED_EPS'}"
8440.0,ASTRA-FLAGSHIP-01,EPS,32.890811214583906,-21.751513621274007,14.62802487676941,39.99802763210076,1.0,"{'soh': 0.999950690802519, 'internal_resistance_ohm': 0.2025119821349879, 'solar_health_factor': 1.0}",ANOMALOUS,"{'is_sunlight': True, 'orbit_fraction': 0.47038327526132406, 'solar_power_w': 805.0250039590653, 'load_power_w': 95.0, 'operating_mode': 'STANDBY', 'fault_active': True, 'active_faults': ['BATTERY_RESISTANCE_SPIKE'], 'dataset': 'ASTRA_SIMULATED_EPS'}"
8450.0,ASTRA-FLAGSHIP-01,EPS,32.75126224066315,-21.52870277335758,14.722418897072206,39.99802763210076,1.0,"{'soh': 0.999950690802519, 'internal_resistance_ohm': 0.2025119821349879, 'solar_health_factor': 1.0}",ANOMALOUS,"{'is_sunlight': True, 'orbit_fraction': 0.4721254355400697, 'solar_power_w': 804.752020973534, 'load_power_w': 95.0, 'operating_mode': 'STANDBY', 'fault_active': True, 'active_faults': ['BATTERY_RESISTANCE_SPIKE'], 'dataset': 'ASTRA_SIMULATED_EPS'}"
8460.0,ASTRA-FLAGSHIP-01,EPS,32.59531909042176,-21.624840659643024,14.668546529696759,39.99802763210076,1.0,"{'soh': 0.999950690802519, 'internal_resistance_ohm': 0.2025119821349879, 'solar_health_factor': 1.0}",ANOMALOUS,"{'is_sunlight': True, 'orbit_fraction': 0.4738675958188153, 'solar_power_w': 804.4862016980113, 'load_power_w': 95.0, 'operating_mode': 'STANDBY', 'fault_active': True, 'active_faults': ['BATTERY_RESISTANCE_SPIKE'], 'dataset': 'ASTRA_SIMULATED_EPS'}"
8470.0,ASTRA-FLAGSHIP-01,EPS,32.59318767385241,-21.647698729756225,14.71605731764995,39.99802763210076,1.0,"{'soh': 0.999950690802519, 'internal_resistance_ohm': 0.2025119821349879, 'solar_health_factor': 1.0}",ANOMALOUS,"{'is_sunlight': True, 'orbit_fraction': 0.47560975609756095, 'solar_power_w': 804.2268874194552, 'load_power_w': 95.0, 'operating_mode': 'STANDBY', 'fault_active': True, 'active_faults': ['BATTERY_RESISTANCE_SPIKE'], 'dataset': 'ASTRA_SIMULATED_EPS'}"
8480.0,ASTRA-FLAGSHIP-01,EPS,33.19752764976878,-21.566466828229515,14.689983299958259,39.99802763210076,1.0,"{'soh': 0.999950690802519, 'internal_resistance_ohm': 0.2025119821349879, 'solar_health_factor': 1.0}",ANOMALOUS,"{'is_sunlight': True, 'orbit_fraction': 0.47735191637630664, 'solar_power_w': 803.973478978943, 'load_power_w': 95.0, 'operating_mode': 'STANDBY', 'fault_active': True, 'active_faults': ['BATTERY_RESISTANCE_SPIKE'], 'dataset': 'ASTRA_SIMULATED_EPS'}"
8490.0,ASTRA-FLAGSHIP-01,EPS,32.70690685388519,-21.492405669985928,14.890596010385257,39.99802763210076,1.0,"{'soh': 0.999950690802519, 'internal_resistance_ohm': 0.2025119821349879, 'solar_health_factor': 1.0}",ANOMALOUS,"{'is_sunlight': True, 'orbit_fraction': 0.47909407665505227, 'solar_power_w': 803.7254318196391, 'load_power_w': 95.0, 'operating_mode': 'STANDBY', 'fault_active': True, 'active_faults': ['BATTERY_RESISTANCE_SPIKE'], 'dataset': 'ASTRA_SIMULATED_EPS'}"
8500.0,ASTRA-FLAGSHIP-01,EPS,32.53941214973334,-21.812883633905354,14.906959000998432,39.99802763210076,1.0,"{'soh': 0.999950690802519, 'internal_resistance_ohm': 0.2025119821349879, 'solar_health_factor': 1.0}",ANOMALOUS,"{'is_sunlight': True, 'orbit_fraction': 0.4808362369337979, 'solar_power_w': 803.4822514463551, 'load_power_w': 95.0, 'operating_mode': 'STANDBY', 'fault_active': True, 'active_faults': ['BATTERY_RESISTANCE_SPIKE'], 'dataset': 'ASTRA_SIMULATED_EPS'}"
8510.0,ASTRA-FLAGSHIP-01,EPS,32.86338975983447,-21.691255924961293,14.867306435101472,39.99802763210076,1.0,"{'soh': 0.999950690802519, 'internal_resistance_ohm': 0.2025119821349879, 'solar_health_factor': 1.0}",ANOMALOUS,"{'is_sunlight': True, 'orbit_fraction': 0.48257839721254353, 'solar_power_w': 803.2434892624086, 'load_power_w': 95.0, 'operating_mode': 'STANDBY', 'fault_active': True, 'active_faults': ['BATTERY_RESISTANCE_SPIKE'], 'dataset': 'ASTRA_SIMULATED_EPS'}"
8520.0,ASTRA-FLAGSHIP-01,EPS,32.36722553383655,-21.58563015536192,14.8840578398539,39.99802763210076,1.0,"{'soh': 0.999950690802519, 'internal_resistance_ohm': 0.2025119821349879, 'solar_health_factor': 1.0}",ANOMALOUS,"{'is_sunlight': True, 'orbit_fraction': 0.4843205574912892, 'solar_power_w': 803.0087387523298, 'load_power_w': 95.0, 'operating_mode': 'STANDBY', 'fault_active': True, 'active_faults': ['BATTERY_RESISTANCE_SPIKE'], 'dataset': 'ASTRA_SIMULATED_EPS'}"
8530.0,ASTRA-FLAGSHIP-01,EPS,32.95104879345847,-21.693428897215874,14.898970694776803,39.99802763210076,1.0,"{'soh': 0.999950690802519, 'internal_resistance_ohm': 0.2025119821349879, 'solar_health_factor': 1.0}",ANOMALOUS,"{'is_sunlight': True, 'orbit_fraction': 0.48606271777003485, 'solar_power_w': 802.7776319815935, 'load_power_w': 95.0, 'operating_mode': 'STANDBY', 'fault_active': True, 'active_faults': ['BATTERY_RESISTANCE_SPIKE'], 'dataset': 'ASTRA_SIMULATED_EPS'}"
8540.0,ASTRA-FLAGSHIP-01,EPS,32.64769527604103,-21.543197543606585,14.876866523854687,39.99802763210076,1.0,"{'soh': 0.999950690802519, 'internal_resistance_ohm': 0.2025119821349879, 'solar_health_factor': 1.0}",ANOMALOUS,"{'is_sunlight': True, 'orbit_fraction': 0.4878048780487805, 'solar_power_w': 802.5498363869441, 'load_power_w': 95.0, 'operating_mode': 'STANDBY', 'fault_active': True, 'active_faults': ['BATTERY_RESISTANCE_SPIKE'], 'dataset': 'ASTRA_SIMULATED_EPS'}"
8550.0,ASTRA-FLAGSHIP-01,EPS,32.7325280348312,-21.677520574858125,14.981066295267418,39.99802763210076,1.0,"{'soh': 0.999950690802519, 'internal_resistance_ohm': 0.2025119821349879, 'solar_health_factor': 1.0}",ANOMALOUS,"{'is_sunlight': True, 'orbit_fraction': 0.4895470383275261, 'solar_power_w': 802.3250518331024, 'load_power_w': 95.0, 'operating_mode': 'STANDBY', 'fault_active': True, 'active_faults': ['BATTERY_RESISTANCE_SPIKE'], 'dataset': 'ASTRA_SIMULATED_EPS'}"
8560.0,ASTRA-FLAGSHIP-01,EPS,32.94023337941085,-21.58486044144693,14.977225357709496,39.99802763210076,1.0,"{'soh': 0.999950690802519, 'internal_resistance_ohm': 0.2025119821349879, 'solar_health_factor': 1.0}",ANOMALOUS,"{'is_sunlight': True, 'orbit_fraction': 0.4912891986062718, 'solar_power_w': 802.1030079136311, 'load_power_w': 95.0, 'operating_mode': 'STANDBY', 'fault_active': True, 'active_faults': ['BATTERY_RESISTANCE_SPIKE'], 'dataset': 'ASTRA_SIMULATED_EPS'}"
8570.0,ASTRA-FLAGSHIP-01,EPS,32.56188011582175,-21.58549460956771,14.999535724604266,39.99802763210076,1.0,"{'soh': 0.999950690802519, 'internal_resistance_ohm': 0.2025119821349879, 'solar_health_factor': 1.0}",ANOMALOUS,"{'is_sunlight': True, 'orbit_fraction': 0.4930313588850174, 'solar_power_w': 801.8834614756172, 'load_power_w': 95.0, 'operating_mode': 'STANDBY', 'fault_active': True, 'active_faults': ['BATTERY_RESISTANCE_SPIKE'], 'dataset': 'ASTRA_SIMULATED_EPS'}"
8580.0,ASTRA-FLAGSHIP-01,EPS,33.22924401090443,-21.670426325349403,15.101916028212552,39.99802763210076,1.0,"{'soh': 0.999950690802519, 'internal_resistance_ohm': 0.2025119821349879, 'solar_health_factor': 1.0}",ANOMALOUS,"{'is_sunlight': True, 'orbit_fraction': 0.49477351916376305, 'solar_power_w': 801.6661943495029, 'load_power_w': 95.0, 'operating_mode': 'STANDBY', 'fault_active': True, 'active_faults': ['BATTERY_RESISTANCE_SPIKE'], 'dataset': 'ASTRA_SIMULATED_EPS'}"
8590.0,ASTRA-FLAGSHIP-01,EPS,32.96292017394628,-21.50689318143997,15.143228304730162,39.99802763210076,1.0,"{'soh': 0.999950690802519, 'internal_resistance_ohm': 0.2025119821349879, 'solar_health_factor': 1.0}",ANOMALOUS,"{'is_sunlight': True, 'orbit_fraction': 0.4965156794425087, 'solar_power_w': 801.4510112669639, 'load_power_w': 95.0, 'operating_mode': 'STANDBY', 'fault_active': True, 'active_faults': ['BATTERY_RESISTANCE_SPIKE'], 'dataset': 'ASTRA_SIMULATED_EPS'}"
8600.0,ASTRA-FLAGSHIP-01,EPS,32.860459820330036,-21.488173769399285,15.079160455136359,39.99802763210076,1.0,"{'soh': 0.999950690802519, 'internal_resistance_ohm': 0.2025119821349879, 'solar_health_factor': 1.0}",ANOMALOUS,"{'is_sunlight': True, 'orbit_fraction': 0.49825783972125437, 'solar_power_w': 801.2377379511526, 'load_power_w': 95.0, 'operating_mode': 'STANDBY', 'fault_active': True, 'active_faults': ['BATTERY_RESISTANCE_SPIKE'], 'dataset': 'ASTRA_SIMULATED_EPS'}"
8610.0,ASTRA-FLAGSHIP-01,EPS,33.00009530564559,-21.402074666430792,15.076981112788305,39.99802763210076,1.0,"{'soh': 0.999950690802519, 'internal_resistance_ohm': 0.2025119821349879, 'solar_health_factor': 1.0}",ANOMALOUS,"{'is_sunlight': True, 'orbit_fraction': 0.5, 'solar_power_w': 801.0262193649352, 'load_power_w': 95.0, 'operating_mode': 'STANDBY', 'fault_active': True, 'active_faults': ['BATTERY_RESISTANCE_SPIKE'], 'dataset': 'ASTRA_SIMULATED_EPS'}"
8620.0,ASTRA-FLAGSHIP-01,EPS,32.58307896540263,-21.54202286019604,15.09464100901082,39.99802763210076,1.0,"{'soh': 0.999950690802519, 'internal_resistance_ohm': 0.2025119821349879, 'solar_health_factor': 1.0}",ANOMALOUS,"{'is_sunlight': True, 'orbit_fraction': 0.5017421602787456, 'solar_power_w': 800.8163181039463, 'load_power_w': 95.0, 'operating_mode': 'STANDBY', 'fault_active': True, 'active_faults': ['BATTERY_RESISTANCE_SPIKE'], 'dataset': 'ASTRA_SIMULATED_EPS'}"
8630.0,ASTRA-FLAGSHIP-01,EPS,32.78901250134196,-21.373523082863798,15.138085473314897,39.99802763210076,1.0,"{'soh': 0.999950690802519, 'internal_resistance_ohm': 0.2025119821349879, 'solar_health_factor': 1.0}",ANOMALOUS,"{'is_sunlight': True, 'orbit_fraction': 0.5034843205574913, 'solar_power_w': 800.6079129223855, 'load_power_w': 95.0, 'operating_mode': 'STANDBY', 'fault_active': True, 'active_faults': ['BATTERY_RESISTANCE_SPIKE'], 'dataset': 'ASTRA_SIMULATED_EPS'}"
8640.0,ASTRA-FLAGSHIP-01,EPS,32.79240628685952,-21.499973152202518,15.22960956536632,39.99802763210076,1.0,"{'soh': 0.999950690802519, 'internal_resistance_ohm': 0.2025119821349879, 'solar_health_factor': 1.0}",ANOMALOUS,"{'is_sunlight': True, 'orbit_fraction': 0.5052264808362369, 'solar_power_w': 800.4008973804844, 'load_power_w': 95.0, 'operating_mode': 'STANDBY', 'fault_active': True, 'active_faults': ['BATTERY_RESISTANCE_SPIKE'], 'dataset': 'ASTRA_SIMULATED_EPS'}"
8650.0,ASTRA-FLAGSHIP-01,EPS,32.4309448288828,-21.568485054887365,15.22391970448203,39.99802763210076,1.0,"{'soh': 0.999950690802519, 'internal_resistance_ohm': 0.2025119821349879, 'solar_health_factor': 1.0}",ANOMALOUS,"{'is_sunlight': True, 'orbit_fraction': 0.5069686411149826, 'solar_power_w': 800.195178603498, 'load_power_w': 95.0, 'operating_mode': 'STANDBY', 'fault_active': True, 'active_faults': ['BATTERY_RESISTANCE_SPIKE'], 'dataset': 'ASTRA_SIMULATED_EPS'}"
8660.0,ASTRA-FLAGSHIP-01,EPS,32.996236998116586,-21.549319889204803,15.145625603181,39.99802763210076,1.0,"{'soh': 0.999950690802519, 'internal_resistance_ohm': 0.2025119821349879, 'solar_health_factor': 1.0}",ANOMALOUS,"{'is_sunlight': True, 'orbit_fraction': 0.5087108013937283, 'solar_power_w': 799.9906761429185, 'load_power_w': 95.0, 'operating_mode': 'STANDBY', 'fault_active': True, 'active_faults': ['BATTERY_RESISTANCE_SPIKE'], 'dataset': 'ASTRA_SIMULATED_EPS'}"
8670.0,ASTRA-FLAGSHIP-01,EPS,32.90105775385025,-21.559235166667687,15.205998030226858,39.99802763210076,1.0,"{'soh': 0.999950690802519, 'internal_resistance_ohm': 0.2025119821349879, 'solar_health_factor': 1.0}",ANOMALOUS,"{'is_sunlight': True, 'orbit_fraction': 0.5104529616724739, 'solar_power_w': 799.7873209313884, 'load_power_w': 95.0, 'operating_mode': 'STANDBY', 'fault_active': True, 'active_faults': ['BATTERY_RESISTANCE_SPIKE'], 'dataset': 'ASTRA_SIMULATED_EPS'}"
8680.0,ASTRA-FLAGSHIP-01,EPS,32.697035482165184,-21.502371048683536,15.261202846319922,39.99802763210076,1.0,"{'soh': 0.999950690802519, 'internal_resistance_ohm': 0.2025119821349879, 'solar_health_factor': 1.0}",ANOMALOUS,"{'is_sunlight': True, 'orbit_fraction': 0.5121951219512195, 'solar_power_w': 799.5850543234942, 'load_power_w': 95.0, 'operating_mode': 'STANDBY', 'fault_active': True, 'active_faults': ['BATTERY_RESISTANCE_SPIKE'], 'dataset': 'ASTRA_SIMULATED_EPS'}"
8690.0,ASTRA-FLAGSHIP-01,EPS,32.43771940923642,-21.37468378627141,15.381073324732384,39.99802763210076,1.0,"{'soh': 0.999950690802519, 'internal_resistance_ohm': 0.2025119821349879, 'solar_health_factor': 1.0}",ANOMALOUS,"{'is_sunlight': True, 'orbit_fraction': 0.5139372822299652, 'solar_power_w': 799.3838272152822, 'load_power_w': 95.0, 'operating_mode': 'STANDBY', 'fault_active': True, 'active_faults': ['BATTERY_RESISTANCE_SPIKE'], 'dataset': 'ASTRA_SIMULATED_EPS'}"
8700.0,ASTRA-FLAGSHIP-01,EPS,32.90627330013005,-21.597204706860794,15.33307545044423,39.99802763210076,1.0,"{'soh': 0.999950690802519, 'internal_resistance_ohm': 0.2025119821349879, 'solar_health_factor': 1.0}",ANOMALOUS,"{'is_sunlight': True, 'orbit_fraction': 0.5156794425087108, 'solar_power_w': 799.1835992359294, 'load_power_w': 95.0, 'operating_mode': 'STANDBY', 'fault_active': True, 'active_faults': ['BATTERY_RESISTANCE_SPIKE'], 'dataset': 'ASTRA_SIMULATED_EPS'}"
8710.0,ASTRA-FLAGSHIP-01,EPS,32.79835580392939,-21.396059519977545,15.402318651505315,39.99802763210076,1.0,"{'soh': 0.999950690802519, 'internal_resistance_ohm': 0.2025119821349879, 'solar_health_factor': 1.0}",ANOMALOUS,"{'is_sunlight': True, 'orbit_fraction': 0.5174216027874564, 'solar_power_w': 798.984338005552, 'load_power_w': 95.0, 'operating_mode': 'STANDBY', 'fault_active': True, 'active_faults': ['BATTERY_RESISTANCE_SPIKE'], 'dataset': 'ASTRA_SIMULATED_EPS'}"
8720.0,ASTRA-FLAGSHIP-01,EPS,32.67902265598217,-21.4480606373511,15.417448576294776,39.99802763210076,1.0,"{'soh': 0.999950690802519, 'internal_resistance_ohm': 0.2025119821349879, 'solar_health_factor': 1.0}",ANOMALOUS,"{'is_sunlight': True, 'orbit_fraction': 0.519163763066202, 'solar_power_w': 798.7860184536358, 'load_power_w': 95.0, 'operating_mode': 'STANDBY', 'fault_active': True, 'active_faults': ['BATTERY_RESISTANCE_SPIKE'], 'dataset': 'ASTRA_SIMULATED_EPS'}"
8730.0,ASTRA-FLAGSHIP-01,EPS,33.03817553238317,-21.37216407384208,15.459651831616702,39.99802763210076,1.0,"{'soh': 0.999950690802519, 'internal_resistance_ohm': 0.2025119821349879, 'solar_health_factor': 1.0}",ANOMALOUS,"{'is_sunlight': True, 'orbit_fraction': 0.5209059233449478, 'solar_power_w': 798.5886221930358, 'load_power_w': 95.0, 'operating_mode': 'STANDBY', 'fault_active': True, 'active_faults': ['BATTERY_RESISTANCE_SPIKE'], 'dataset': 'ASTRA_SIMULATED_EPS'}"
8740.0,ASTRA-FLAGSHIP-01,EPS,32.81317202809309,-21.286968221772124,15.466233273053295,39.99802763210076,1.0,"{'soh': 0.999950690802519, 'internal_resistance_ohm': 0.2025119821349879, 'solar_health_factor': 1.0}",ANOMALOUS,"{'is_sunlight': True, 'orbit_fraction': 0.5226480836236934, 'solar_power_w': 798.392136944907, 'load_power_w': 95.0, 'operating_mode': 'STANDBY', 'fault_active': True, 'active_faults': ['BATTERY_RESISTANCE_SPIKE'], 'dataset': 'ASTRA_SIMULATED_EPS'}"
8750.0,ASTRA-FLAGSHIP-01,EPS,32.658208634843255,-21.281842716574094,15.506118309860293,39.99802763210076,1.0,"{'soh': 0.999950690802519, 'internal_resistance_ohm': 0.2025119821349879, 'solar_health_factor': 1.0}",ANOMALOUS,"{'is_sunlight': True, 'orbit_fraction': 0.524390243902439, 'solar_power_w': 798.1965560103256, 'load_power_w': 95.0, 'operating_mode': 'STANDBY', 'fault_active': True, 'active_faults': ['BATTERY_RESISTANCE_SPIKE'], 'dataset': 'ASTRA_SIMULATED_EPS'}"
8760.0,ASTRA-FLAGSHIP-01,EPS,32.726766525653915,-21.48714366347903,15.51146199510045,39.99802763210076,1.0,"{'soh': 0.999950690802519, 'internal_resistance_ohm': 0.2025119821349879, 'solar_health_factor': 1.0}",ANOMALOUS,"{'is_sunlight': True, 'orbit_fraction': 0.5261324041811847, 'solar_power_w': 798.001877784705, 'load_power_w': 95.0, 'operating_mode': 'STANDBY', 'fault_active': True, 'active_faults': ['BATTERY_RESISTANCE_SPIKE'], 'dataset': 'ASTRA_SIMULATED_EPS'}"
8770.0,ASTRA-FLAGSHIP-01,EPS,32.87538535801263,-21.405328854725013,15.537540962934656,39.99802763210076,1.0,"{'soh': 0.999950690802519, 'internal_resistance_ohm': 0.2025119821349879, 'solar_health_factor': 1.0}",ANOMALOUS,"{'is_sunlight': True, 'orbit_fraction': 0.5278745644599303, 'solar_power_w': 797.8081053114404, 'load_power_w': 95.0, 'operating_mode': 'STANDBY', 'fault_active': True, 'active_faults': ['BATTERY_RESISTANCE_SPIKE'], 'dataset': 'ASTRA_SIMULATED_EPS'}"
8780.0,ASTRA-FLAGSHIP-01,EPS,33.07821243087694,-21.3014442917677,15.556782040747741,39.99802763210076,1.0,"{'soh': 0.999950690802519, 'internal_resistance_ohm': 0.2025119821349879, 'solar_health_factor': 1.0}",ANOMALOUS,"{'is_sunlight': True, 'orbit_fraction': 0.5296167247386759, 'solar_power_w': 797.6152458715125, 'load_power_w': 95.0, 'operating_mode': 'STANDBY', 'fault_active': True, 'active_faults': ['BATTERY_RESISTANCE_SPIKE'], 'dataset': 'ASTRA_SIMULATED_EPS'}"
8790.0,ASTRA-FLAGSHIP-01,EPS,32.95379648280344,-21.531444755865948,15.592353946318681,39.99802763210076,1.0,"{'soh': 0.999950690802519, 'internal_resistance_ohm': 0.2025119821349879, 'solar_health_factor': 1.0}",ANOMALOUS,"{'is_sunlight': True, 'orbit_fraction': 0.5313588850174216, 'solar_power_w': 797.4233106060565, 'load_power_w': 95.0, 'operating_mode': 'STANDBY', 'fault_active': True, 'active_faults': ['BATTERY_RESISTANCE_SPIKE'], 'dataset': 'ASTRA_SIMULATED_EPS'}"
8800.0,ASTRA-FLAGSHIP-01,EPS,33.09614524284174,-21.434329684299673,15.555216010473535,39.99802763210076,1.0,"{'soh': 0.999950690802519, 'internal_resistance_ohm': 0.2025119821349879, 'solar_health_factor': 1.0}",ANOMALOUS,"{'is_sunlight': True, 'orbit_fraction': 0.5331010452961672, 'solar_power_w': 797.2323141691475, 'load_power_w': 95.0, 'operating_mode': 'STANDBY', 'fault_active': True, 'active_faults': ['BATTERY_RESISTANCE_SPIKE'], 'dataset': 'ASTRA_SIMULATED_EPS'}"
8810.0,ASTRA-FLAGSHIP-01,EPS,32.69248347168236,-21.52616501442133,15.583432684279694,39.99802763210076,1.0,"{'soh': 0.999950690802519, 'internal_resistance_ohm': 0.2025119821349879, 'solar_health_factor': 1.0}",ANOMALOUS,"{'is_sunlight': True, 'orbit_fraction': 0.5348432055749129, 'solar_power_w': 797.0422744082889, 'load_power_w': 95.0, 'operating_mode': 'STANDBY', 'fault_active': True, 'active_faults': ['BATTERY_RESISTANCE_SPIKE'], 'dataset': 'ASTRA_SIMULATED_EPS'}"
8820.0,ASTRA-FLAGSHIP-01,EPS,32.73866187912815,-21.555751396246315,15.648457907637733,39.99802763210076,1.0,"{'soh': 0.999950690802519, 'internal_resistance_ohm': 0.2025119821349879, 'solar_health_factor': 1.0}",ANOMALOUS,"{'is_sunlight': True, 'orbit_fraction': 0.5365853658536586, 'solar_power_w': 796.8532120702944, 'load_power_w': 95.0, 'operating_mode': 'STANDBY', 'fault_active': True, 'active_faults': ['BATTERY_RESISTANCE_SPIKE'], 'dataset': 'ASTRA_SIMULATED_EPS'}"
8830.0,ASTRA-FLAGSHIP-01,EPS,32.94739497319498,-21.494241007043943,15.748580715146502,39.99802763210076,1.0,"{'soh': 0.999950690802519, 'internal_resistance_ohm': 0.2025119821349879, 'solar_health_factor': 1.0}",ANOMALOUS,"{'is_sunlight': True, 'orbit_fraction': 0.5383275261324042, 'solar_power_w': 796.6651505304561, 'load_power_w': 95.0, 'operating_mode': 'STANDBY', 'fault_active': True, 'active_faults': ['BATTERY_RESISTANCE_SPIKE'], 'dataset': 'ASTRA_SIMULATED_EPS'}"
8840.0,ASTRA-FLAGSHIP-01,EPS,32.883192525321206,-21.27154594829976,15.664597813887902,39.99802763210076,1.0,"{'soh': 0.999950690802519, 'internal_resistance_ohm': 0.2025119821349879, 'solar_health_factor': 1.0}",ANOMALOUS,"{'is_sunlight': True, 'orbit_fraction': 0.5400696864111498, 'solar_power_w': 796.4781155430534, 'load_power_w': 95.0, 'operating_mode': 'STANDBY', 'fault_active': True, 'active_faults': ['BATTERY_RESISTANCE_SPIKE'], 'dataset': 'ASTRA_SIMULATED_EPS'}"
8850.0,ASTRA-FLAGSHIP-01,EPS,32.9395637529104,-21.50342738770244,15.76680861117812,39.99802763210076,1.0,"{'soh': 0.999950690802519, 'internal_resistance_ohm': 0.2025119821349879, 'solar_health_factor': 1.0}",ANOMALOUS,"{'is_sunlight': True, 'orbit_fraction': 0.5418118466898955, 'solar_power_w': 796.2921350114381, 'load_power_w': 95.0, 'operating_mode': 'STANDBY', 'fault_active': True, 'active_faults': ['BATTERY_RESISTANCE_SPIKE'], 'dataset': 'ASTRA_SIMULATED_EPS'}"
8860.0,ASTRA-FLAGSHIP-01,EPS,32.82760521912314,-21.313699442640367,15.688257049225355,39.99802763210076,1.0,"{'soh': 0.999950690802519, 'internal_resistance_ohm': 0.2025119821349879, 'solar_health_factor': 1.0}",ANOMALOUS,"{'is_sunlight': True, 'orbit_fraction': 0.5435540069686411, 'solar_power_w': 796.107238776063, 'load_power_w': 95.0, 'operating_mode': 'STANDBY', 'fault_active': True, 'active_faults': ['BATTERY_RESISTANCE_SPIKE'], 'dataset': 'ASTRA_SIMULATED_EPS'}"
8870.0,ASTRA-FLAGSHIP-01,EPS,32.65263517410749,-21.303192958647507,15.724293947883371,39.99802763210076,1.0,"{'soh': 0.999950690802519, 'internal_resistance_ohm': 0.2025119821349879, 'solar_health_factor': 1.0}",ANOMALOUS,"{'is_sunlight': True, 'orbit_fraction': 0.5452961672473867, 'solar_power_w': 795.9234584189637, 'load_power_w': 95.0, 'operating_mode': 'STANDBY', 'fault_active': True, 'active_faults': ['BATTERY_RESISTANCE_SPIKE'], 'dataset': 'ASTRA_SIMULATED_EPS'}"
8880.0,ASTRA-FLAGSHIP-01,EPS,32.875388539155686,-21.517301040624073,15.838728828466328,39.99802763210076,1.0,"{'soh': 0.999950690802519, 'internal_resistance_ohm': 0.2025119821349879, 'solar_health_factor': 1.0}",ANOMALOUS,"{'is_sunlight': True, 'orbit_fraction': 0.5470383275261324, 'solar_power_w': 795.7408270833347, 'load_power_w': 95.0, 'operating_mode': 'STANDBY', 'fault_active': True, 'active_faults': ['BATTERY_RESISTANCE_SPIKE'], 'dataset': 'ASTRA_SIMULATED_EPS'}"
8890.0,ASTRA-FLAGSHIP-01,EPS,32.597293759270705,-21.297148670490017,15.85214481086774,39.99802763210076,1.0,"{'soh': 0.999950690802519, 'internal_resistance_ohm': 0.2025119821349879, 'solar_health_factor': 1.0}",ANOMALOUS,"{'is_sunlight': True, 'orbit_fraction': 0.5487804878048781, 'solar_power_w': 795.5593793069397, 'load_power_w': 95.0, 'operating_mode': 'STANDBY', 'fault_active': True, 'active_faults': ['BATTERY_RESISTANCE_SPIKE'], 'dataset': 'ASTRA_SIMULATED_EPS'}"
8900.0,ASTRA-FLAGSHIP-01,EPS,32.68515545546551,-21.288346522718395,15.85836307531429,39.99802763210076,1.0,"{'soh': 0.999950690802519, 'internal_resistance_ohm': 0.2025119821349879, 'solar_health_factor': 1.0}",ANOMALOUS,"{'is_sunlight': True, 'orbit_fraction': 0.5505226480836237, 'solar_power_w': 795.3791508682189, 'load_power_w': 95.0, 'operating_mode': 'STANDBY', 'fault_active': True, 'active_faults': ['BATTERY_RESISTANCE_SPIKE'], 'dataset': 'ASTRA_SIMULATED_EPS'}"
8910.0,ASTRA-FLAGSHIP-01,EPS,32.71105550926875,-21.460636918256974,15.771622101664924,39.99802763210076,1.0,"{'soh': 0.999950690802519, 'internal_resistance_ohm': 0.2025119821349879, 'solar_health_factor': 1.0}",ANOMALOUS,"{'is_sunlight': True, 'orbit_fraction': 0.5522648083623694, 'solar_power_w': 795.2001786440354, 'load_power_w': 95.0, 'operating_mode': 'STANDBY', 'fault_active': True, 'active_faults': ['BATTERY_RESISTANCE_SPIKE'], 'dataset': 'ASTRA_SIMULATED_EPS'}"
8920.0,ASTRA-FLAGSHIP-01,EPS,32.85676561841661,-21.517332420363502,15.898867920523955,39.99802763210076,1.0,"{'soh': 0.999950690802519, 'internal_resistance_ohm': 0.2025119821349879, 'solar_health_factor': 1.0}",ANOMALOUS,"{'is_sunlight': True, 'orbit_fraction': 0.554006968641115, 'solar_power_w': 795.0225004781056, 'load_power_w': 95.0, 'operating_mode': 'STANDBY', 'fault_active': True, 'active_faults': ['BATTERY_RESISTANCE_SPIKE'], 'dataset': 'ASTRA_SIMULATED_EPS'}"
8930.0,ASTRA-FLAGSHIP-01,EPS,32.75621926540941,-21.261297159779673,15.90328083368259,39.99802763210076,1.0,"{'soh': 0.999950690802519, 'internal_resistance_ohm': 0.2025119821349879, 'solar_health_factor': 1.0}",ANOMALOUS,"{'is_sunlight': True, 'orbit_fraction': 0.5557491289198606, 'solar_power_w': 794.8461550592256, 'load_power_w': 95.0, 'operating_mode': 'STANDBY', 'fault_active': True, 'active_faults': ['BATTERY_RESISTANCE_SPIKE'], 'dataset': 'ASTRA_SIMULATED_EPS'}"
8940.0,ASTRA-FLAGSHIP-01,EPS,32.745395523110574,-21.25009307943982,15.959353655154871,39.99802763210076,1.0,"{'soh': 0.999950690802519, 'internal_resistance_ohm': 0.2025119821349879, 'solar_health_factor': 1.0}",ANOMALOUS,"{'is_sunlight': True, 'orbit_fraction': 0.5574912891986062, 'solar_power_w': 794.6711818084899, 'load_power_w': 95.0, 'operating_mode': 'STANDBY', 'fault_active': True, 'active_faults': ['BATTERY_RESISTANCE_SPIKE'], 'dataset': 'ASTRA_SIMULATED_EPS'}"
8950.0,ASTRA-FLAGSHIP-01,EPS,32.851272675406584,-21.27413592576855,15.88997521219711,39.99802763210076,1.0,"{'soh': 0.999950690802519, 'internal_resistance_ohm': 0.2025119821349879, 'solar_health_factor': 1.0}",ANOMALOUS,"{'is_sunlight': True, 'orbit_fraction': 0.5592334494773519, 'solar_power_w': 794.4976207747653, 'load_power_w': 95.0, 'operating_mode': 'STANDBY', 'fault_active': True, 'active_faults': ['BATTERY_RESISTANCE_SPIKE'], 'dataset': 'ASTRA_SIMULATED_EPS'}"
8960.0,ASTRA-FLAGSHIP-01,EPS,32.92353517102347,-21.2529187764771,15.94000831841302,39.99802763210076,1.0,"{'soh': 0.999950690802519, 'internal_resistance_ohm': 0.2025119821349879, 'solar_health_factor': 1.0}",ANOMALOUS,"{'is_sunlight': True, 'orbit_fraction': 0.5609756097560976, 'solar_power_w': 794.3255125377327, 'load_power_w': 95.0, 'operating_mode': 'STANDBY', 'fault_active': True, 'active_faults': ['BATTERY_RESISTANCE_SPIKE'], 'dataset': 'ASTRA_SIMULATED_EPS'}"
8970.0,ASTRA-FLAGSHIP-01,EPS,32.759395510726506,-21.32045836681721,16.008142055688847,39.99802763210076,1.0,"{'soh': 0.999950690802519, 'internal_resistance_ohm': 0.2025119821349879, 'solar_health_factor': 1.0}",ANOMALOUS,"{'is_sunlight': True, 'orbit_fraction': 0.5627177700348432, 'solar_power_w': 794.1548981178892, 'load_power_w': 95.0, 'operating_mode': 'STANDBY', 'fault_active': True, 'active_faults': ['BATTERY_RESISTANCE_SPIKE'], 'dataset': 'ASTRA_SIMULATED_EPS'}"
8980.0,ASTRA-FLAGSHIP-01,EPS,32.85417607718901,-21.151241969568147,16.092915586239485,39.99802763210076,1.0,"{'soh': 0.999950690802519, 'internal_resistance_ohm': 0.2025119821349879, 'solar_health_factor': 1.0}",ANOMALOUS,"{'is_sunlight': True, 'orbit_fraction': 0.5644599303135889, 'solar_power_w': 793.9858188929304, 'load_power_w': 95.0, 'operating_mode': 'STANDBY', 'fault_active': True, 'active_faults': ['BATTERY_RESISTANCE_SPIKE'], 'dataset': 'ASTRA_SIMULATED_EPS'}"
8990.0,ASTRA-FLAGSHIP-01,EPS,32.584223834579475,-21.23643175412021,16.129170376499662,39.99802763210076,1.0,"{'soh': 0.999950690802519, 'internal_resistance_ohm': 0.2025119821349879, 'solar_health_factor': 1.0}",ANOMALOUS,"{'is_sunlight': True, 'orbit_fraction': 0.5662020905923345, 'solar_power_w': 793.8183165200005, 'load_power_w': 95.0, 'operating_mode': 'STANDBY', 'fault_active': True, 'active_faults': ['BATTERY_RESISTANCE_SPIKE'], 'dataset': 'ASTRA_SIMULATED_EPS'}"
9000.0,ASTRA-FLAGSHIP-01,EPS,32.86285948566071,-21.179104688193217,16.18716996957987,39.99802763210076,1.0,"{'soh': 0.999950690802519, 'internal_resistance_ohm': 0.2025119821349879, 'solar_health_factor': 1.0}",ANOMALOUS,"{'is_sunlight': True, 'orbit_fraction': 0.5679442508710801, 'solar_power_w': 793.6524328633276, 'load_power_w': 95.0, 'operating_mode': 'STANDBY', 'fault_active': True, 'active_faults': ['BATTERY_RESISTANCE_SPIKE'], 'dataset': 'ASTRA_SIMULATED_EPS'}"
9010.0,ASTRA-FLAGSHIP-01,EPS,32.967309418854065,-21.267953623086626,16.162580053806284,39.99802763210076,1.0,"{'soh': 0.999950690802519, 'internal_resistance_ohm': 0.2025119821349879, 'solar_health_factor': 1.0}",ANOMALOUS,"{'is_sunlight': True, 'orbit_fraction': 0.5696864111498258, 'solar_power_w': 793.4882099268118, 'load_power_w': 95.0, 'operating_mode': 'STANDBY', 'fault_active': True, 'active_faults': ['BATTERY_RESISTANCE_SPIKE'], 'dataset': 'ASTRA_SIMULATED_EPS'}"
9020.0,ASTRA-FLAGSHIP-01,EPS,32.82318518834338,-21.288127171051908,16.116460716636087,39.99802763210076,1.0,"{'soh': 0.999950690802519, 'internal_resistance_ohm': 0.2025119821349879, 'solar_health_factor': 1.0}",ANOMALOUS,"{'is_sunlight': True, 'orbit_fraction': 0.5714285714285714, 'solar_power_w': 793.3256897911648, 'load_power_w': 95.0, 'operating_mode': 'STANDBY', 'fault_active': True, 'active_faults': ['BATTERY_RESISTANCE_SPIKE'], 'dataset': 'ASTRA_SIMULATED_EPS'}"
9030.0,ASTRA-FLAGSHIP-01,EPS,33.05581928874199,-21.377086543713023,16.234292397513222,39.99802763210076,1.0,"{'soh': 0.999950690802519, 'internal_resistance_ohm': 0.2025119821349879, 'solar_health_factor': 1.0}",ANOMALOUS,"{'is_sunlight': True, 'orbit_fraction': 0.573170731707317, 'solar_power_w': 793.1649145552311, 'load_power_w': 95.0, 'operating_mode': 'STANDBY', 'fault_active': True, 'active_faults': ['BATTERY_RESISTANCE_SPIKE'], 'dataset': 'ASTRA_SIMULATED_EPS'}"
9040.0,ASTRA-FLAGSHIP-01,EPS,32.88140027681873,-21.436932200755173,16.199636011898807,39.99802763210076,1.0,"{'soh': 0.999950690802519, 'internal_resistance_ohm': 0.2025119821349879, 'solar_health_factor': 1.0}",ANOMALOUS,"{'is_sunlight': True, 'orbit_fraction': 0.5749128919860628, 'solar_power_w': 793.0059262811645, 'load_power_w': 95.0, 'operating_mode': 'STANDBY', 'fault_active': True, 'active_faults': ['BATTERY_RESISTANCE_SPIKE'], 'dataset': 'ASTRA_SIMULATED_EPS'}"
9050.0,ASTRA-FLAGSHIP-01,EPS,32.4550257006408,-21.206580806806905,16.24903177860602,39.99802763210076,1.0,"{'soh': 0.999950690802519, 'internal_resistance_ohm': 0.2025119821349879, 'solar_health_factor': 1.0}",ANOMALOUS,"{'is_sunlight': True, 'orbit_fraction': 0.5766550522648084, 'solar_power_w': 792.8487669431428, 'load_power_w': 95.0, 'operating_mode': 'STANDBY', 'fault_active': True, 'active_faults': ['BATTERY_RESISTANCE_SPIKE'], 'dataset': 'ASTRA_SIMULATED_EPS'}"
9060.0,ASTRA-FLAGSHIP-01,EPS,32.702279328818,-21.25775821058902,16.325932022265537,39.99802763210076,1.0,"{'soh': 0.999950690802519, 'internal_resistance_ohm': 0.2025119821349879, 'solar_health_factor': 1.0}",ANOMALOUS,"{'is_sunlight': True, 'orbit_fraction': 0.578397212543554, 'solar_power_w': 792.6934783793474, 'load_power_w': 95.0, 'operating_mode': 'STANDBY', 'fault_active': True, 'active_faults': ['BATTERY_RESISTANCE_SPIKE'], 'dataset': 'ASTRA_SIMULATED_EPS'}"
9070.0,ASTRA-FLAGSHIP-01,EPS,32.716482996399684,-21.384732628498,16.32569872296628,39.99802763210076,1.0,"{'soh': 0.999950690802519, 'internal_resistance_ohm': 0.2025119821349879, 'solar_health_factor': 1.0}",ANOMALOUS,"{'is_sunlight': True, 'orbit_fraction': 0.5801393728222997, 'solar_power_w': 792.5401022469467, 'load_power_w': 95.0, 'operating_mode': 'STANDBY', 'fault_active': True, 'active_faults': ['BATTERY_RESISTANCE_SPIKE'], 'dataset': 'ASTRA_SIMULATED_EPS'}"
9080.0,ASTRA-FLAGSHIP-01,EPS,33.12128264616074,-21.261812016455078,16.325517729805984,39.99802763210076,1.0,"{'soh': 0.999950690802519, 'internal_resistance_ohm': 0.2025119821349879, 'solar_health_factor': 1.0}",ANOMALOUS,"{'is_sunlight': True, 'orbit_fraction': 0.5818815331010453, 'solar_power_w': 792.3886799798496, 'load_power_w': 95.0, 'operating_mode': 'STANDBY', 'fault_active': True, 'active_faults': ['BATTERY_RESISTANCE_SPIKE'], 'dataset': 'ASTRA_SIMULATED_EPS'}"
9090.0,ASTRA-FLAGSHIP-01,EPS,33.01942218572074,-21.34029743377611,16.273946100725745,39.99802763210076,1.0,"{'soh': 0.999950690802519, 'internal_resistance_ohm': 0.2025119821349879, 'solar_health_factor': 1.0}",ANOMALOUS,"{'is_sunlight': True, 'orbit_fraction': 0.5836236933797909, 'solar_power_w': 792.2392527490144, 'load_power_w': 95.0, 'operating_mode': 'STANDBY', 'fault_active': True, 'active_faults': ['BATTERY_RESISTANCE_SPIKE'], 'dataset': 'ASTRA_SIMULATED_EPS'}"
9100.0,ASTRA-FLAGSHIP-01,EPS,33.001283874146566,-21.065689302038727,16.349560205122874,39.99802763210076,1.0,"{'soh': 0.999950690802519, 'internal_resistance_ohm': 0.2025119821349879, 'solar_health_factor': 1.0}",ANOMALOUS,"{'is_sunlight': True, 'orbit_fraction': 0.5853658536585366, 'solar_power_w': 792.0918614251127, 'load_power_w': 95.0, 'operating_mode': 'STANDBY', 'fault_active': True, 'active_faults': ['BATTERY_RESISTANCE_SPIKE'], 'dataset': 'ASTRA_SIMULATED_EPS'}"
9110.0,ASTRA-FLAGSHIP-01,EPS,32.65513697871542,-21.02769540647522,16.318010507457917,39.99802763210076,1.0,"{'soh': 0.999950690802519, 'internal_resistance_ohm': 0.2025119821349879, 'solar_health_factor': 1.0}",ANOMALOUS,"{'is_sunlight': True, 'orbit_fraction': 0.5871080139372822, 'solar_power_w': 791.9465465433717, 'load_power_w': 95.0, 'operating_mode': 'STANDBY', 'fault_active': True, 'active_faults': ['BATTERY_RESISTANCE_SPIKE'], 'dataset': 'ASTRA_SIMULATED_EPS'}"
9120.0,ASTRA-FLAGSHIP-01,EPS,32.744462367828035,-21.206302133205543,16.44534824924466,39.99802763210076,1.0,"{'soh': 0.999950690802519, 'internal_resistance_ohm': 0.2025119821349879, 'solar_health_factor': 1.0}",ANOMALOUS,"{'is_sunlight': True, 'orbit_fraction': 0.5888501742160279, 'solar_power_w': 791.8033482704302, 'load_power_w': 95.0, 'operating_mode': 'STANDBY', 'fault_active': True, 'active_faults': ['BATTERY_RESISTANCE_SPIKE'], 'dataset': 'ASTRA_SIMULATED_EPS'}"
9130.0,ASTRA-FLAGSHIP-01,EPS,32.93947359937549,-21.19394425580065,16.413824280772932,39.99802763210076,1.0,"{'soh': 0.999950690802519, 'internal_resistance_ohm': 0.2025119821349879, 'solar_health_factor': 1.0}",ANOMALOUS,"{'is_sunlight': True, 'orbit_fraction': 0.5905923344947736, 'solar_power_w': 791.6623063730533, 'load_power_w': 95.0, 'operating_mode': 'STANDBY', 'fault_active': True, 'active_faults': ['BATTERY_RESISTANCE_SPIKE'], 'dataset': 'ASTRA_SIMULATED_EPS'}"
9140.0,ASTRA-FLAGSHIP-01,EPS,32.806560278960085,-21.173790753768913,16.287140090770936,39.99802763210076,1.0,"{'soh': 0.999950690802519, 'internal_resistance_ohm': 0.2025119821349879, 'solar_health_factor': 1.0}",ANOMALOUS,"{'is_sunlight': True, 'orbit_fraction': 0.5923344947735192, 'solar_power_w': 791.5234601885717, 'load_power_w': 95.0, 'operating_mode': 'STANDBY', 'fault_active': True, 'active_faults': ['BATTERY_RESISTANCE_SPIKE'], 'dataset': 'ASTRA_SIMULATED_EPS'}"
9150.0,ASTRA-FLAGSHIP-01,EPS,32.750781229526446,-21.204854250489085,16.378964408888926,39.99802763210076,1.0,"{'soh': 0.999950690802519, 'internal_resistance_ohm': 0.2025119821349879, 'solar_health_factor': 1.0}",ANOMALOUS,"{'is_sunlight': True, 'orbit_fraction': 0.5940766550522648, 'solar_power_w': 791.3868485969197, 'load_power_w': 95.0, 'operating_mode': 'STANDBY', 'fault_active': True, 'active_faults': ['BATTERY_RESISTANCE_SPIKE'], 'dataset': 'ASTRA_SIMULATED_EPS'}"
9160.0,ASTRA-FLAGSHIP-01,EPS,32.8627799100544,-21.250307954307868,16.547124857684157,39.99802763210076,1.0,"{'soh': 0.999950690802519, 'internal_resistance_ohm': 0.2025119821349879, 'solar_health_factor': 1.0}",ANOMALOUS,"{'is_sunlight': True, 'orbit_fraction': 0.5958188153310104, 'solar_power_w': 791.2525099941531, 'load_power_w': 95.0, 'operating_mode': 'STANDBY', 'fault_active': True, 'active_faults': ['BATTERY_RESISTANCE_SPIKE'], 'dataset': 'ASTRA_SIMULATED_EPS'}"
9170.0,ASTRA-FLAGSHIP-01,EPS,33.05739470314535,-21.275317428151123,16.474584250996,39.99802763210076,1.0,"{'soh': 0.999950690802519, 'internal_resistance_ohm': 0.2025119821349879, 'solar_health_factor': 1.0}",ANOMALOUS,"{'is_sunlight': True, 'orbit_fraction': 0.5975609756097561, 'solar_power_w': 791.1204822673451, 'load_power_w': 95.0, 'operating_mode': 'STANDBY', 'fault_active': True, 'active_faults': ['BATTERY_RESISTANCE_SPIKE'], 'dataset': 'ASTRA_SIMULATED_EPS'}"
9180.0,ASTRA-FLAGSHIP-01,EPS,32.787296810704845,-21.269782904275782,16.514591716078208,39.99802763210076,1.0,"{'soh': 0.999950690802519, 'internal_resistance_ohm': 0.2025119821349879, 'solar_health_factor': 1.0}",ANOMALOUS,"{'is_sunlight': True, 'orbit_fraction': 0.5993031358885017, 'solar_power_w': 790.9908027707629, 'load_power_w': 95.0, 'operating_mode': 'STANDBY', 'fault_active': True, 'active_faults': ['BATTERY_RESISTANCE_SPIKE'], 'dataset': 'ASTRA_SIMULATED_EPS'}"
9190.0,ASTRA-FLAGSHIP-01,EPS,32.67506792303642,-21.3413106206963,16.55862978682681,39.99802763210076,1.0,"{'soh': 0.999950690802519, 'internal_resistance_ohm': 0.2025119821349879, 'solar_health_factor': 1.0}",ANOMALOUS,"{'is_sunlight': True, 'orbit_fraction': 0.6010452961672473, 'solar_power_w': 790.8635083032362, 'load_power_w': 95.0, 'operating_mode': 'STANDBY', 'fault_active': True, 'active_faults': ['BATTERY_RESISTANCE_SPIKE'], 'dataset': 'ASTRA_SIMULATED_EPS'}"
9200.0,ASTRA-FLAGSHIP-01,EPS,32.902665037222434,-21.30124322711052,16.594855345901575,39.99802763210076,1.0,"{'soh': 0.999950690802519, 'internal_resistance_ohm': 0.2025119821349879, 'solar_health_factor': 1.0}",ANOMALOUS,"{'is_sunlight': True, 'orbit_fraction': 0.6027874564459931, 'solar_power_w': 790.7386350866386, 'load_power_w': 95.0, 'operating_mode': 'STANDBY', 'fault_active': True, 'active_faults': ['BATTERY_RESISTANCE_SPIKE'], 'dataset': 'ASTRA_SIMULATED_EPS'}"
9210.0,ASTRA-FLAGSHIP-01,EPS,32.69584706981286,-21.180072283635155,16.613637874795767,39.99802763210076,1.0,"{'soh': 0.999950690802519, 'internal_resistance_ohm': 0.2025119821349879, 'solar_health_factor': 1.0}",ANOMALOUS,"{'is_sunlight': True, 'orbit_fraction': 0.6045296167247387, 'solar_power_w': 790.6162187454055, 'load_power_w': 95.0, 'operating_mode': 'STANDBY', 'fault_active': True, 'active_faults': ['BATTERY_RESISTANCE_SPIKE'], 'dataset': 'ASTRA_SIMULATED_EPS'}"
9220.0,ASTRA-FLAGSHIP-01,EPS,32.7939116346297,-21.154041150994004,16.569272203506326,39.99802763210076,1.0,"{'soh': 0.999950690802519, 'internal_resistance_ohm': 0.2025119821349879, 'solar_health_factor': 1.0}",ANOMALOUS,"{'is_sunlight': True, 'orbit_fraction': 0.6062717770034843, 'solar_power_w': 790.4962942870288, 'load_power_w': 95.0, 'operating_mode': 'STANDBY', 'fault_active': True, 'active_faults': ['BATTERY_RESISTANCE_SPIKE'], 'dataset': 'ASTRA_SIMULATED_EPS'}"
9230.0,ASTRA-FLAGSHIP-01,EPS,32.767204044571116,-21.223799783508557,16.58017785187849,39.99802763210076,1.0,"{'soh': 0.999950690802519, 'internal_resistance_ohm': 0.2025119821349879, 'solar_health_factor': 1.0}",ANOMALOUS,"{'is_sunlight': True, 'orbit_fraction': 0.60801393728223, 'solar_power_w': 790.3788960834564, 'load_power_w': 95.0, 'operating_mode': 'STANDBY', 'fault_active': True, 'active_faults': ['BATTERY_RESISTANCE_SPIKE'], 'dataset': 'ASTRA_SIMULATED_EPS'}"
9240.0,ASTRA-FLAGSHIP-01,EPS,32.770433544780936,-21.36932404792924,16.615302397130513,39.99802763210076,1.0,"{'soh': 0.999950690802519, 'internal_resistance_ohm': 0.2025119821349879, 'solar_health_factor': 1.0}",ANOMALOUS,"{'is_sunlight': True, 'orbit_fraction': 0.6097560975609756, 'solar_power_w': 790.2640578533509, 'load_power_w': 95.0, 'operating_mode': 'STANDBY', 'fault_active': True, 'active_faults': ['BATTERY_RESISTANCE_SPIKE'], 'dataset': 'ASTRA_SIMULATED_EPS'}"
9250.0,ASTRA-FLAGSHIP-01,EPS,32.7527052379462,-21.22245331251856,16.650078918635447,39.99802763210076,1.0,"{'soh': 0.999950690802519, 'internal_resistance_ohm': 0.2025119821349879, 'solar_health_factor': 1.0}",ANOMALOUS,"{'is_sunlight': True, 'orbit_fraction': 0.6114982578397212, 'solar_power_w': 790.1518126451509, 'load_power_w': 95.0, 'operating_mode': 'STANDBY', 'fault_active': True, 'active_faults': ['BATTERY_RESISTANCE_SPIKE'], 'dataset': 'ASTRA_SIMULATED_EPS'}"
9260.0,ASTRA-FLAGSHIP-01,EPS,32.78929484751474,-21.137487213387406,16.728113901193133,39.99802763210076,1.0,"{'soh': 0.999950690802519, 'internal_resistance_ohm': 0.2025119821349879, 'solar_health_factor': 1.0}",ANOMALOUS,"{'is_sunlight': True, 'orbit_fraction': 0.6132404181184669, 'solar_power_w': 790.0421928208896, 'load_power_w': 95.0, 'operating_mode': 'STANDBY', 'fault_active': True, 'active_faults': ['BATTERY_RESISTANCE_SPIKE'], 'dataset': 'ASTRA_SIMULATED_EPS'}"
9270.0,ASTRA-FLAGSHIP-01,EPS,32.69286437253244,-21.320901393459152,16.654460792081053,39.99802763210076,1.0,"{'soh': 0.999950690802519, 'internal_resistance_ohm': 0.2025119821349879, 'solar_health_factor': 1.0}",ANOMALOUS,"{'is_sunlight': True, 'orbit_fraction': 0.6149825783972126, 'solar_power_w': 789.9352300407285, 'load_power_w': 95.0, 'operating_mode': 'STANDBY', 'fault_active': True, 'active_faults': ['BATTERY_RESISTANCE_SPIKE'], 'dataset': 'ASTRA_SIMULATED_EPS'}"
9280.0,ASTRA-FLAGSHIP-01,EPS,32.71952412247568,-21.223278143302167,16.690179041349488,39.99802763210076,1.0,"{'soh': 0.999950690802519, 'internal_resistance_ohm': 0.2025119821349879, 'solar_health_factor': 1.0}",ANOMALOUS,"{'is_sunlight': True, 'orbit_fraction': 0.6167247386759582, 'solar_power_w': 789.8309552481708, 'load_power_w': 95.0, 'operating_mode': 'STANDBY', 'fault_active': True, 'active_faults': ['BATTERY_RESISTANCE_SPIKE'], 'dataset': 'ASTRA_SIMULATED_EPS'}"
9290.0,ASTRA-FLAGSHIP-01,EPS,32.58686459829011,-21.23173272595027,16.7598070320793,39.99802763210076,1.0,"{'soh': 0.999950690802519, 'internal_resistance_ohm': 0.2025119821349879, 'solar_health_factor': 1.0}",ANOMALOUS,"{'is_sunlight': True, 'orbit_fraction': 0.6184668989547039, 'solar_power_w': 789.7293986559121, 'load_power_w': 95.0, 'operating_mode': 'STANDBY', 'fault_active': True, 'active_faults': ['BATTERY_RESISTANCE_SPIKE'], 'dataset': 'ASTRA_SIMULATED_EPS'}"
9300.0,ASTRA-FLAGSHIP-01,EPS,32.89700711710602,-21.239946807066,16.7520838480969,39.99802763210076,1.0,"{'soh': 0.999950690802519, 'internal_resistance_ohm': 0.2025119821349879, 'solar_health_factor': 1.0}",ANOMALOUS,"{'is_sunlight': True, 'orbit_fraction': 0.6202090592334495, 'solar_power_w': 789.6305897323042, 'load_power_w': 95.0, 'operating_mode': 'STANDBY', 'fault_active': True, 'active_faults': ['BATTERY_RESISTANCE_SPIKE'], 'dataset': 'ASTRA_SIMULATED_EPS'}"
9310.0,ASTRA-FLAGSHIP-01,EPS,32.647448144644464,-21.178691769321542,16.752251684189986,39.99802763210076,1.0,"{'soh': 0.999950690802519, 'internal_resistance_ohm': 0.2025119821349879, 'solar_health_factor': 1.0}",ANOMALOUS,"{'is_sunlight': True, 'orbit_fraction': 0.6219512195121951, 'solar_power_w': 789.5345571883989, 'load_power_w': 95.0, 'operating_mode': 'STANDBY', 'fault_active': True, 'active_faults': ['BATTERY_RESISTANCE_SPIKE'], 'dataset': 'ASTRA_SIMULATED_EPS'}"
9320.0,ASTRA-FLAGSHIP-01,EPS,32.8934153091543,-21.3703479506655,16.79857250396784,39.99802763210076,1.0,"{'soh': 0.999950690802519, 'internal_resistance_ohm': 0.2025119821349879, 'solar_health_factor': 1.0}",ANOMALOUS,"{'is_sunlight': True, 'orbit_fraction': 0.6236933797909407, 'solar_power_w': 789.4413289655449, 'load_power_w': 95.0, 'operating_mode': 'STANDBY', 'fault_active': True, 'active_faults': ['BATTERY_RESISTANCE_SPIKE'], 'dataset': 'ASTRA_SIMULATED_EPS'}"
9330.0,ASTRA-FLAGSHIP-01,EPS,32.84880473483016,-21.14922980316481,16.973028193489245,39.99802763210076,1.0,"{'soh': 0.999950690802519, 'internal_resistance_ohm': 0.2025119821349879, 'solar_health_factor': 1.0}",ANOMALOUS,"{'is_sunlight': True, 'orbit_fraction': 0.6254355400696864, 'solar_power_w': 789.3509322235165, 'load_power_w': 95.0, 'operating_mode': 'STANDBY', 'fault_active': True, 'active_faults': ['BATTERY_RESISTANCE_SPIKE'], 'dataset': 'ASTRA_SIMULATED_EPS'}"
9340.0,ASTRA-FLAGSHIP-01,EPS,32.85679019499557,-21.278222665833457,16.85536762724166,39.99802763210076,1.0,"{'soh': 0.999950690802519, 'internal_resistance_ohm': 0.2025119821349879, 'solar_health_factor': 1.0}",ANOMALOUS,"{'is_sunlight': True, 'orbit_fraction': 0.627177700348432, 'solar_power_w': 789.2633933291494, 'load_power_w': 95.0, 'operating_mode': 'STANDBY', 'fault_active': True, 'active_faults': ['BATTERY_RESISTANCE_SPIKE'], 'dataset': 'ASTRA_SIMULATED_EPS'}"
9350.0,ASTRA-FLAGSHIP-01,EPS,32.508124715307744,-21.173289786049917,16.840194327840486,39.99802763210076,1.0,"{'soh': 0.999950690802519, 'internal_resistance_ohm': 0.2025119821349879, 'solar_health_factor': 1.0}",ANOMALOUS,"{'is_sunlight': True, 'orbit_fraction': 0.6289198606271778, 'solar_power_w': 789.1787378454659, 'load_power_w': 95.0, 'operating_mode': 'STANDBY', 'fault_active': True, 'active_faults': ['BATTERY_RESISTANCE_SPIKE'], 'dataset': 'ASTRA_SIMULATED_EPS'}"
9360.0,ASTRA-FLAGSHIP-01,EPS,32.9495453672524,-21.222759425032812,16.897657242552253,39.99802763210076,1.0,"{'soh': 0.999950690802519, 'internal_resistance_ohm': 0.2025119821349879, 'solar_health_factor': 1.0}",ANOMALOUS,"{'is_sunlight': True, 'orbit_fraction': 0.6306620209059234, 'solar_power_w': 789.096990521269, 'load_power_w': 95.0, 'operating_mode': 'STANDBY', 'fault_active': True, 'active_faults': ['BATTERY_RESISTANCE_SPIKE'], 'dataset': 'ASTRA_SIMULATED_EPS'}"
9370.0,ASTRA-FLAGSHIP-01,EPS,32.695194342812734,-20.96680223682221,16.90902407860054,39.99802763210076,1.0,"{'soh': 0.999950690802519, 'internal_resistance_ohm': 0.2025119821349879, 'solar_health_factor': 1.0}",ANOMALOUS,"{'is_sunlight': True, 'orbit_fraction': 0.632404181184669, 'solar_power_w': 789.0181752811928, 'load_power_w': 95.0, 'operating_mode': 'STANDBY', 'fault_active': True, 'active_faults': ['BATTERY_RESISTANCE_SPIKE'], 'dataset': 'ASTRA_SIMULATED_EPS'}"
9380.0,ASTRA-FLAGSHIP-01,EPS,33.099958075742485,-21.066953032839766,16.970722656694786,39.99802763210076,1.0,"{'soh': 0.999950690802519, 'internal_resistance_ohm': 0.2025119821349879, 'solar_health_factor': 1.0}",ANOMALOUS,"{'is_sunlight': True, 'orbit_fraction': 0.6341463414634146, 'solar_power_w': 788.9423152161905, 'load_power_w': 95.0, 'operating_mode': 'STANDBY', 'fault_active': True, 'active_faults': ['BATTERY_RESISTANCE_SPIKE'], 'dataset': 'ASTRA_SIMULATED_EPS'}"
9390.0,ASTRA-FLAGSHIP-01,EPS,32.859895172596225,-21.111304620665837,16.871711373173195,39.99802763210076,1.0,"{'soh': 0.999950690802519, 'internal_resistance_ohm': 0.2025119821349879, 'solar_health_factor': 1.0}",ANOMALOUS,"{'is_sunlight': True, 'orbit_fraction': 0.6358885017421603, 'solar_power_w': 788.8694325744489, 'load_power_w': 95.0, 'operating_mode': 'STANDBY', 'fault_active': True, 'active_faults': ['BATTERY_RESISTANCE_SPIKE'], 'dataset': 'ASTRA_SIMULATED_EPS'}"
9400.0,ASTRA-FLAGSHIP-01,EPS,32.75368792493598,-21.05918366792862,16.987068556294396,39.99802763210076,1.0,"{'soh': 0.999950690802519, 'internal_resistance_ohm': 0.2025119821349879, 'solar_health_factor': 1.0}",ANOMALOUS,"{'is_sunlight': True, 'orbit_fraction': 0.6376306620209059, 'solar_power_w': 788.7995487527141, 'load_power_w': 95.0, 'operating_mode': 'STANDBY', 'fault_active': True, 'active_faults': ['BATTERY_RESISTANCE_SPIKE'], 'dataset': 'ASTRA_SIMULATED_EPS'}"
9410.0,ASTRA-FLAGSHIP-01,EPS,32.56897691047234,-21.15656213663744,17.09607998883963,39.99802763210076,1.0,"{'soh': 0.999950690802519, 'internal_resistance_ohm': 0.2025119821349879, 'solar_health_factor': 1.0}",ANOMALOUS,"{'is_sunlight': True, 'orbit_fraction': 0.6393728222996515, 'solar_power_w': 788.7326842880257, 'load_power_w': 95.0, 'operating_mode': 'STANDBY', 'fault_active': True, 'active_faults': ['BATTERY_RESISTANCE_SPIKE'], 'dataset': 'ASTRA_SIMULATED_EPS'}"
9420.0,ASTRA-FLAGSHIP-01,EPS,33.00391064867938,-21.15567878920637,17.079751510978355,39.99802763210076,1.0,"{'soh': 0.999950690802519, 'internal_resistance_ohm': 0.2025119821349879, 'solar_health_factor': 1.0}",ANOMALOUS,"{'is_sunlight': True, 'orbit_fraction': 0.6411149825783972, 'solar_power_w': 788.668858849835, 'load_power_w': 95.0, 'operating_mode': 'STANDBY', 'fault_active': True, 'active_faults': ['BATTERY_RESISTANCE_SPIKE'], 'dataset': 'ASTRA_SIMULATED_EPS'}"
9430.0,ASTRA-FLAGSHIP-01,EPS,32.73931790259252,-21.335637384826732,17.00720327025997,39.99802763210076,1.0,"{'soh': 0.999950690802519, 'internal_resistance_ohm': 0.2025119821349879, 'solar_health_factor': 1.0}",ANOMALOUS,"{'is_sunlight': True, 'orbit_fraction': 0.6428571428571429, 'solar_power_w': 788.6080912325145, 'load_power_w': 95.0, 'operating_mode': 'STANDBY', 'fault_active': True, 'active_faults': ['BATTERY_RESISTANCE_SPIKE'], 'dataset': 'ASTRA_SIMULATED_EPS'}"
9440.0,ASTRA-FLAGSHIP-01,EPS,33.05573325529268,-21.175538738585086,17.062448233178586,39.99802763210076,1.0,"{'soh': 0.999950690802519, 'internal_resistance_ohm': 0.2025119821349879, 'solar_health_factor': 1.0}",ANOMALOUS,"{'is_sunlight': True, 'orbit_fraction': 0.6445993031358885, 'solar_power_w': 788.5503993482388, 'load_power_w': 95.0, 'operating_mode': 'STANDBY', 'fault_active': True, 'active_faults': ['BATTERY_RESISTANCE_SPIKE'], 'dataset': 'ASTRA_SIMULATED_EPS'}"
9450.0,ASTRA-FLAGSHIP-01,EPS,32.750251397736804,-20.932714357960098,17.177049731429715,39.99802763210076,1.0,"{'soh': 0.999950690802519, 'internal_resistance_ohm': 0.2025119821349879, 'solar_health_factor': 1.0}",ANOMALOUS,"{'is_sunlight': True, 'orbit_fraction': 0.6463414634146342, 'solar_power_w': 788.4958002202322, 'load_power_w': 95.0, 'operating_mode': 'STANDBY', 'fault_active': True, 'active_faults': ['BATTERY_RESISTANCE_SPIKE'], 'dataset': 'ASTRA_SIMULATED_EPS'}"
9460.0,ASTRA-FLAGSHIP-01,EPS,33.16329756656993,-21.159573959220413,17.131611005337202,39.99802763210076,1.0,"{'soh': 0.999950690802519, 'internal_resistance_ohm': 0.2025119821349879, 'solar_health_factor': 1.0}",ANOMALOUS,"{'is_sunlight': True, 'orbit_fraction': 0.6480836236933798, 'solar_power_w': 788.444309976382, 'load_power_w': 95.0, 'operating_mode': 'STANDBY', 'fault_active': True, 'active_faults': ['BATTERY_RESISTANCE_SPIKE'], 'dataset': 'ASTRA_SIMULATED_EPS'}"
9470.0,ASTRA-FLAGSHIP-01,EPS,32.550698988227055,-20.97699121736807,17.079462590587386,39.99802763210076,1.0,"{'soh': 0.999950690802519, 'internal_resistance_ohm': 0.2025119821349879, 'solar_health_factor': 1.0}",ANOMALOUS,"{'is_sunlight': True, 'orbit_fraction': 0.6498257839721254, 'solar_power_w': 788.3959438432016, 'load_power_w': 95.0, 'operating_mode': 'STANDBY', 'fault_active': True, 'active_faults': ['BATTERY_RESISTANCE_SPIKE'], 'dataset': 'ASTRA_SIMULATED_EPS'}"
9480.0,ASTRA-FLAGSHIP-01,EPS,32.83497456653095,-21.260579091129006,17.129373955965445,39.99802763210076,1.0,"{'soh': 0.999950690802519, 'internal_resistance_ohm': 0.2025119821349879, 'solar_health_factor': 1.0}",ANOMALOUS,"{'is_sunlight': True, 'orbit_fraction': 0.6515679442508711, 'solar_power_w': 788.350716140149, 'load_power_w': 95.0, 'operating_mode': 'STANDBY', 'fault_active': True, 'active_faults': ['BATTERY_RESISTANCE_SPIKE'], 'dataset': 'ASTRA_SIMULATED_EPS'}"
9490.0,ASTRA-FLAGSHIP-01,EPS,32.662115371019596,-21.205114942039497,17.15277098268546,39.99802763210076,1.0,"{'soh': 0.999950690802519, 'internal_resistance_ohm': 0.2025119821349879, 'solar_health_factor': 1.0}",ANOMALOUS,"{'is_sunlight': True, 'orbit_fraction': 0.6533101045296167, 'solar_power_w': 788.3086402742844, 'load_power_w': 95.0, 'operating_mode': 'STANDBY', 'fault_active': True, 'active_faults': ['BATTERY_RESISTANCE_SPIKE'], 'dataset': 'ASTRA_SIMULATED_EPS'}"
9500.0,ASTRA-FLAGSHIP-01,EPS,32.709509495039995,-21.04440732047071,17.14533803920887,39.99802763210076,1.0,"{'soh': 0.999950690802519, 'internal_resistance_ohm': 0.2025119821349879, 'solar_health_factor': 1.0}",ANOMALOUS,"{'is_sunlight': True, 'orbit_fraction': 0.6550522648083623, 'solar_power_w': 788.2697287352728, 'load_power_w': 95.0, 'operating_mode': 'STANDBY', 'fault_active': True, 'active_faults': ['BATTERY_RESISTANCE_SPIKE'], 'dataset': 'ASTRA_SIMULATED_EPS'}"
9510.0,ASTRA-FLAGSHIP-01,EPS,32.83559215725832,-21.000752875978467,17.195719810826027,39.99802763210076,1.0,"{'soh': 0.999950690802519, 'internal_resistance_ohm': 0.2025119821349879, 'solar_health_factor': 1.0}",ANOMALOUS,"{'is_sunlight': True, 'orbit_fraction': 0.6567944250871081, 'solar_power_w': 788.2339930907215, 'load_power_w': 95.0, 'operating_mode': 'STANDBY', 'fault_active': True, 'active_faults': ['BATTERY_RESISTANCE_SPIKE'], 'dataset': 'ASTRA_SIMULATED_EPS'}"
9520.0,ASTRA-FLAGSHIP-01,EPS,32.68168736791869,-21.160074317335408,17.301108877125593,39.99802763210076,1.0,"{'soh': 0.999950690802519, 'internal_resistance_ohm': 0.2025119821349879, 'solar_health_factor': 1.0}",ANOMALOUS,"{'is_sunlight': True, 'orbit_fraction': 0.6585365853658537, 'solar_power_w': 788.2014439818471, 'load_power_w': 95.0, 'operating_mode': 'STANDBY', 'fault_active': True, 'active_faults': ['BATTERY_RESISTANCE_SPIKE'], 'dataset': 'ASTRA_SIMULATED_EPS'}"
9530.0,ASTRA-FLAGSHIP-01,EPS,32.8312570908339,-21.192455190224155,17.287004122289073,39.99802763210076,1.0,"{'soh': 0.999950690802519, 'internal_resistance_ohm': 0.2025119821349879, 'solar_health_factor': 1.0}",ANOMALOUS,"{'is_sunlight': True, 'orbit_fraction': 0.6602787456445993, 'solar_power_w': 788.1720911194788, 'load_power_w': 95.0, 'operating_mode': 'STANDBY', 'fault_active': True, 'active_faults': ['BATTERY_RESISTANCE_SPIKE'], 'dataset': 'ASTRA_SIMULATED_EPS'}"
9540.0,ASTRA-FLAGSHIP-01,EPS,32.61865126042616,-21.057467180338822,17.303873161008813,39.99802763210076,1.0,"{'soh': 0.999950690802519, 'internal_resistance_ohm': 0.2025119821349879, 'solar_health_factor': 1.0}",ANOMALOUS,"{'is_sunlight': True, 'orbit_fraction': 0.662020905923345, 'solar_power_w': 788.1459432803806, 'load_power_w': 95.0, 'operating_mode': 'STANDBY', 'fault_active': True, 'active_faults': ['BATTERY_RESISTANCE_SPIKE'], 'dataset': 'ASTRA_SIMULATED_EPS'}"
9550.0,ASTRA-FLAGSHIP-01,EPS,32.74894429561315,-21.224968754043115,17.25968623538789,39.99802763210076,1.0,"{'soh': 0.999950690802519, 'internal_resistance_ohm': 0.2025119821349879, 'solar_health_factor': 1.0}",ANOMALOUS,"{'is_sunlight': True, 'orbit_fraction': 0.6637630662020906, 'solar_power_w': 788.1230083039032, 'load_power_w': 95.0, 'operating_mode': 'STANDBY', 'fault_active': True, 'active_faults': ['BATTERY_RESISTANCE_SPIKE'], 'dataset': 'ASTRA_SIMULATED_EPS'}"
9560.0,ASTRA-FLAGSHIP-01,EPS,32.88713250127153,-20.995572717763476,17.29267750673328,39.99802763210076,1.0,"{'soh': 0.999950690802519, 'internal_resistance_ohm': 0.2025119821349879, 'solar_health_factor': 1.0}",ANOMALOUS,"{'is_sunlight': True, 'orbit_fraction': 0.6655052264808362, 'solar_power_w': 788.1032930889534, 'load_power_w': 95.0, 'operating_mode': 'STANDBY', 'fault_active': True, 'active_faults': ['BATTERY_RESISTANCE_SPIKE'], 'dataset': 'ASTRA_SIMULATED_EPS'}"
9570.0,ASTRA-FLAGSHIP-01,EPS,32.874598097614076,-21.36200698136507,17.315779893167633,39.99802763210076,1.0,"{'soh': 0.999950690802519, 'internal_resistance_ohm': 0.2025119821349879, 'solar_health_factor': 1.0}",ANOMALOUS,"{'is_sunlight': True, 'orbit_fraction': 0.6672473867595818, 'solar_power_w': 788.0868035912847, 'load_power_w': 95.0, 'operating_mode': 'STANDBY', 'fault_active': True, 'active_faults': ['BATTERY_RESISTANCE_SPIKE'], 'dataset': 'ASTRA_SIMULATED_EPS'}"
9580.0,ASTRA-FLAGSHIP-01,EPS,32.79433042284817,-21.23132155821273,17.31859876554848,39.99802763210076,1.0,"{'soh': 0.999950690802519, 'internal_resistance_ohm': 0.2025119821349879, 'solar_health_factor': 1.0}",ANOMALOUS,"{'is_sunlight': True, 'orbit_fraction': 0.6689895470383276, 'solar_power_w': 788.0735448211038, 'load_power_w': 95.0, 'operating_mode': 'STANDBY', 'fault_active': True, 'active_faults': ['BATTERY_RESISTANCE_SPIKE'], 'dataset': 'ASTRA_SIMULATED_EPS'}"
9590.0,ASTRA-FLAGSHIP-01,EPS,32.68991007433862,-21.09802481603832,17.376416502476207,39.99802763210076,1.0,"{'soh': 0.999950690802519, 'internal_resistance_ohm': 0.2025119821349879, 'solar_health_factor': 1.0}",ANOMALOUS,"{'is_sunlight': True, 'orbit_fraction': 0.6707317073170732, 'solar_power_w': 788.0635208409917, 'load_power_w': 95.0, 'operating_mode': 'STANDBY', 'fault_active': True, 'active_faults': ['BATTERY_RESISTANCE_SPIKE'], 'dataset': 'ASTRA_SIMULATED_EPS'}"
9600.0,ASTRA-FLAGSHIP-01,EPS,32.4323605222477,-21.36480662379782,17.375744273294607,39.99802763210076,1.0,"{'soh': 0.999950690802519, 'internal_resistance_ohm': 0.2025119821349879, 'solar_health_factor': 1.0}",ANOMALOUS,"{'is_sunlight': True, 'orbit_fraction': 0.6724738675958188, 'solar_power_w': 788.0567347641402, 'load_power_w': 95.0, 'operating_mode': 'STANDBY', 'fault_active': True, 'active_faults': ['BATTERY_RESISTANCE_SPIKE'], 'dataset': 'ASTRA_SIMULATED_EPS'}"
9610.0,ASTRA-FLAGSHIP-01,EPS,32.874483280360735,-21.434053434311004,17.401351456627385,39.99802763210076,1.0,"{'soh': 0.999950690802519, 'internal_resistance_ohm': 0.2025119821349879, 'solar_health_factor': 1.0}",ANOMALOUS,"{'is_sunlight': True, 'orbit_fraction': 0.6742160278745645, 'solar_power_w': 788.0531887528975, 'load_power_w': 95.0, 'operating_mode': 'STANDBY', 'fault_active': True, 'active_faults': ['BATTERY_RESISTANCE_SPIKE'], 'dataset': 'ASTRA_SIMULATED_EPS'}"
9620.0,ASTRA-FLAGSHIP-01,EPS,32.71312086551821,-20.976412364690535,17.427283306941497,39.99802763210076,1.0,"{'soh': 0.999950690802519, 'internal_resistance_ohm': 0.2025119821349879, 'solar_health_factor': 1.0}",ANOMALOUS,"{'is_sunlight': True, 'orbit_fraction': 0.6759581881533101, 'solar_power_w': 788.0528840176264, 'load_power_w': 95.0, 'operating_mode': 'STANDBY', 'fault_active': True, 'active_faults': ['BATTERY_RESISTANCE_SPIKE'], 'dataset': 'ASTRA_SIMULATED_EPS'}"
9630.0,ASTRA-FLAGSHIP-01,EPS,32.86223308887515,-21.114491512713297,17.36014864847671,39.99802763210076,1.0,"{'soh': 0.999950690802519, 'internal_resistance_ohm': 0.2025119821349879, 'solar_health_factor': 1.0}",ANOMALOUS,"{'is_sunlight': True, 'orbit_fraction': 0.6777003484320557, 'solar_power_w': 788.0558208158689, 'load_power_w': 95.0, 'operating_mode': 'STANDBY', 'fault_active': True, 'active_faults': ['BATTERY_RESISTANCE_SPIKE'], 'dataset': 'ASTRA_SIMULATED_EPS'}"
9640.0,ASTRA-FLAGSHIP-01,EPS,32.92540776947364,-21.10647608984279,17.512179265857554,39.99802763210076,1.0,"{'soh': 0.999950690802519, 'internal_resistance_ohm': 0.2025119821349879, 'solar_health_factor': 1.0}",ANOMALOUS,"{'is_sunlight': True, 'orbit_fraction': 0.6794425087108014, 'solar_power_w': 788.0619984518195, 'load_power_w': 95.0, 'operating_mode': 'STANDBY', 'fault_active': True, 'active_faults': ['BATTERY_RESISTANCE_SPIKE'], 'dataset': 'ASTRA_SIMULATED_EPS'}"
9650.0,ASTRA-FLAGSHIP-01,EPS,33.44331567464833,-21.36121046983026,17.593035957471553,39.99802763210076,1.0,"{'soh': 0.999950690802519, 'internal_resistance_ohm': 0.2025119821349879, 'solar_health_factor': 1.0}",ANOMALOUS,"{'is_sunlight': True, 'orbit_fraction': 0.681184668989547, 'solar_power_w': 788.0714152761054, 'load_power_w': 95.0, 'operating_mode': 'STANDBY', 'fault_active': True, 'active_faults': ['BATTERY_RESISTANCE_SPIKE'], 'dataset': 'ASTRA_SIMULATED_EPS'}"
9660.0,ASTRA-FLAGSHIP-01,EPS,32.75228343305851,-21.09918857649677,17.524507376385145,39.99802763210076,1.0,"{'soh': 0.999950690802519, 'internal_resistance_ohm': 0.2025119821349879, 'solar_health_factor': 1.0}",ANOMALOUS,"{'is_sunlight': True, 'orbit_fraction': 0.6829268292682927, 'solar_power_w': 788.0840686858689, 'load_power_w': 95.0, 'operating_mode': 'STANDBY', 'fault_active': True, 'active_faults': ['BATTERY_RESISTANCE_SPIKE'], 'dataset': 'ASTRA_SIMULATED_EPS'}"
9670.0,ASTRA-FLAGSHIP-01,EPS,32.729850461515774,-21.19452347710019,17.563187004125794,39.99802763210076,1.0,"{'soh': 0.999950690802519, 'internal_resistance_ohm': 0.2025119821349879, 'solar_health_factor': 1.0}",ANOMALOUS,"{'is_sunlight': True, 'orbit_fraction': 0.6846689895470384, 'solar_power_w': 788.0999551251555, 'load_power_w': 95.0, 'operating_mode': 'STANDBY', 'fault_active': True, 'active_faults': ['BATTERY_RESISTANCE_SPIKE'], 'dataset': 'ASTRA_SIMULATED_EPS'}"
9680.0,ASTRA-FLAGSHIP-01,EPS,32.55061188160731,-21.048990787906,17.545777282923286,39.99802763210076,1.0,"{'soh': 0.999950690802519, 'internal_resistance_ohm': 0.2025119821349879, 'solar_health_factor': 1.0}",ANOMALOUS,"{'is_sunlight': True, 'orbit_fraction': 0.686411149825784, 'solar_power_w': 788.1190700856039, 'load_power_w': 95.0, 'operating_mode': 'STANDBY', 'fault_active': True, 'active_faults': ['BATTERY_RESISTANCE_SPIKE'], 'dataset': 'ASTRA_SIMULATED_EPS'}"
9690.0,ASTRA-FLAGSHIP-01,EPS,32.61409588139517,-21.182531183612284,17.6492668986689,39.99802763210076,1.0,"{'soh': 0.999950690802519, 'internal_resistance_ohm': 0.2025119821349879, 'solar_health_factor': 1.0}",ANOMALOUS,"{'is_sunlight': True, 'orbit_fraction': 0.6881533101045296, 'solar_power_w': 788.1414081074367, 'load_power_w': 95.0, 'operating_mode': 'STANDBY', 'fault_active': True, 'active_faults': ['BATTERY_RESISTANCE_SPIKE'], 'dataset': 'ASTRA_SIMULATED_EPS'}"
9700.0,ASTRA-FLAGSHIP-01,EPS,32.71163058588769,-21.09384105112752,17.56963119887246,39.99802763210076,1.0,"{'soh': 0.999950690802519, 'internal_resistance_ohm': 0.2025119821349879, 'solar_health_factor': 1.0}",ANOMALOUS,"{'is_sunlight': True, 'orbit_fraction': 0.6898954703832753, 'solar_power_w': 788.1669627807524, 'load_power_w': 95.0, 'operating_mode': 'STANDBY', 'fault_active': True, 'active_faults': ['BATTERY_RESISTANCE_SPIKE'], 'dataset': 'ASTRA_SIMULATED_EPS'}"
9710.0,ASTRA-FLAGSHIP-01,EPS,32.92372099895543,-21.058520732261556,17.7183263102893,39.99802763210076,1.0,"{'soh': 0.999950690802519, 'internal_resistance_ohm': 0.2025119821349879, 'solar_health_factor': 1.0}",ANOMALOUS,"{'is_sunlight': True, 'orbit_fraction': 0.6916376306620209, 'solar_power_w': 788.1957267471128, 'load_power_w': 95.0, 'operating_mode': 'STANDBY', 'fault_active': True, 'active_faults': ['BATTERY_RESISTANCE_SPIKE'], 'dataset': 'ASTRA_SIMULATED_EPS'}"
9720.0,ASTRA-FLAGSHIP-01,EPS,32.770632016952696,-21.06135717928694,17.650463523285094,39.99802763210076,1.0,"{'soh': 0.999950690802519, 'internal_resistance_ohm': 0.2025119821349879, 'solar_health_factor': 1.0}",ANOMALOUS,"{'is_sunlight': True, 'orbit_fraction': 0.6933797909407665, 'solar_power_w': 788.2276917014324, 'load_power_w': 95.0, 'operating_mode': 'STANDBY', 'fault_active': True, 'active_faults': ['BATTERY_RESISTANCE_SPIKE'], 'dataset': 'ASTRA_SIMULATED_EPS'}"
9730.0,ASTRA-FLAGSHIP-01,EPS,33.01194323849335,-21.21599555566658,17.702422251561853,39.99802763210076,1.0,"{'soh': 0.999950690802519, 'internal_resistance_ohm': 0.2025119821349879, 'solar_health_factor': 1.0}",ANOMALOUS,"{'is_sunlight': True, 'orbit_fraction': 0.6951219512195121, 'solar_power_w': 788.2628483941618, 'load_power_w': 95.0, 'operating_mode': 'STANDBY', 'fault_active': True, 'active_faults': ['BATTERY_RESISTANCE_SPIKE'], 'dataset': 'ASTRA_SIMULATED_EPS'}"
9740.0,ASTRA-FLAGSHIP-01,EPS,32.76749420255563,-21.14470735951945,17.689319151511295,39.99802763210076,1.0,"{'soh': 0.999950690802519, 'internal_resistance_ohm': 0.2025119821349879, 'solar_health_factor': 1.0}",ANOMALOUS,"{'is_sunlight': True, 'orbit_fraction': 0.6968641114982579, 'solar_power_w': 788.3011866337653, 'load_power_w': 95.0, 'operating_mode': 'STANDBY', 'fault_active': True, 'active_faults': ['BATTERY_RESISTANCE_SPIKE'], 'dataset': 'ASTRA_SIMULATED_EPS'}"
9750.0,ASTRA-FLAGSHIP-01,EPS,32.84079069694859,-21.15173392502402,17.7149745690413,39.99802763210076,1.0,"{'soh': 0.999950690802519, 'internal_resistance_ohm': 0.2025119821349879, 'solar_health_factor': 1.0}",ANOMALOUS,"{'is_sunlight': True, 'orbit_fraction': 0.6986062717770035, 'solar_power_w': 788.3426952894944, 'load_power_w': 95.0, 'operating_mode': 'STANDBY', 'fault_active': True, 'active_faults': ['BATTERY_RESISTANCE_SPIKE'], 'dataset': 'ASTRA_SIMULATED_EPS'}"
9760.0,ASTRA-FLAGSHIP-01,EPS,33.05823081483647,-21.031139437908518,17.767152002414594,39.99802763210076,1.0,"{'soh': 0.999950690802519, 'internal_resistance_ohm': 0.2025119821349879, 'solar_health_factor': 1.0}",ANOMALOUS,"{'is_sunlight': True, 'orbit_fraction': 0.7003484320557491, 'solar_power_w': 788.3873622944528, 'load_power_w': 95.0, 'operating_mode': 'STANDBY', 'fault_active': True, 'active_faults': ['BATTERY_RESISTANCE_SPIKE'], 'dataset': 'ASTRA_SIMULATED_EPS'}"
9770.0,ASTRA-FLAGSHIP-01,EPS,32.72471682807858,-21.240134032936552,17.790862782640865,39.99802763210076,1.0,"{'soh': 0.999950690802519, 'internal_resistance_ohm': 0.2025119821349879, 'solar_health_factor': 1.0}",ANOMALOUS,"{'is_sunlight': True, 'orbit_fraction': 0.7020905923344948, 'solar_power_w': 788.4351746489517, 'load_power_w': 95.0, 'operating_mode': 'STANDBY', 'fault_active': True, 'active_faults': ['BATTERY_RESISTANCE_SPIKE'], 'dataset': 'ASTRA_SIMULATED_EPS'}"
9780.0,ASTRA-FLAGSHIP-01,EPS,32.943093149342054,-20.98019225444991,17.73225046275124,39.99802763210076,1.0,"{'soh': 0.999950690802519, 'internal_resistance_ohm': 0.2025119821349879, 'solar_health_factor': 1.0}",ANOMALOUS,"{'is_sunlight': True, 'orbit_fraction': 0.7038327526132404, 'solar_power_w': 788.486118424157, 'load_power_w': 95.0, 'operating_mode': 'STANDBY', 'fault_active': True, 'active_faults': ['BATTERY_RESISTANCE_SPIKE'], 'dataset': 'ASTRA_SIMULATED_EPS'}"
9790.0,ASTRA-FLAGSHIP-01,EPS,32.761778680011865,-21.326419944969615,17.762126073429194,39.99802763210076,1.0,"{'soh': 0.999950690802519, 'internal_resistance_ohm': 0.2025119821349879, 'solar_health_factor': 1.0}",ANOMALOUS,"{'is_sunlight': True, 'orbit_fraction': 0.705574912891986, 'solar_power_w': 788.5401787660217, 'load_power_w': 95.0, 'operating_mode': 'STANDBY', 'fault_active': True, 'active_faults': ['BATTERY_RESISTANCE_SPIKE'], 'dataset': 'ASTRA_SIMULATED_EPS'}"
9800.0,ASTRA-FLAGSHIP-01,EPS,32.96285869199292,-21.198288226125033,17.833022286148992,39.99802763210076,1.0,"{'soh': 0.999950690802519, 'internal_resistance_ohm': 0.2025119821349879, 'solar_health_factor': 1.0}",ANOMALOUS,"{'is_sunlight': True, 'orbit_fraction': 0.7073170731707317, 'solar_power_w': 788.5973398995087, 'load_power_w': 95.0, 'operating_mode': 'STANDBY', 'fault_active': True, 'active_faults': ['BATTERY_RESISTANCE_SPIKE'], 'dataset': 'ASTRA_SIMULATED_EPS'}"
9810.0,ASTRA-FLAGSHIP-01,EPS,32.768182037655826,-21.112581662091337,17.762811064774464,39.99802763210076,1.0,"{'soh': 0.999950690802519, 'internal_resistance_ohm': 0.2025119821349879, 'solar_health_factor': 1.0}",ANOMALOUS,"{'is_sunlight': True, 'orbit_fraction': 0.7090592334494773, 'solar_power_w': 788.6575851330953, 'load_power_w': 95.0, 'operating_mode': 'STANDBY', 'fault_active': True, 'active_faults': ['BATTERY_RESISTANCE_SPIKE'], 'dataset': 'ASTRA_SIMULATED_EPS'}"
9820.0,ASTRA-FLAGSHIP-01,EPS,32.813398102725046,-21.48167303867205,17.829996971332438,39.99802763210076,1.0,"{'soh': 0.999950690802519, 'internal_resistance_ohm': 0.2025119821349879, 'solar_health_factor': 1.0}",ANOMALOUS,"{'is_sunlight': True, 'orbit_fraction': 0.710801393728223, 'solar_power_w': 788.7208968635631, 'load_power_w': 95.0, 'operating_mode': 'STANDBY', 'fault_active': True, 'active_faults': ['BATTERY_RESISTANCE_SPIKE'], 'dataset': 'ASTRA_SIMULATED_EPS'}"
9830.0,ASTRA-FLAGSHIP-01,EPS,32.53203108219578,-21.01884346664314,17.897307235467455,39.99802763210076,1.0,"{'soh': 0.999950690802519, 'internal_resistance_ohm': 0.2025119821349879, 'solar_health_factor': 1.0}",ANOMALOUS,"{'is_sunlight': True, 'orbit_fraction': 0.7125435540069687, 'solar_power_w': 788.7872565810706, 'load_power_w': 95.0, 'operating_mode': 'STANDBY', 'fault_active': True, 'active_faults': ['BATTERY_RESISTANCE_SPIKE'], 'dataset': 'ASTRA_SIMULATED_EPS'}"
9840.0,ASTRA-FLAGSHIP-01,EPS,32.87595669541524,-20.986051550158837,17.830035210140444,39.99802763210076,1.0,"{'soh': 0.999950690802519, 'internal_resistance_ohm': 0.2025119821349879, 'solar_health_factor': 1.0}",ANOMALOUS,"{'is_sunlight': True, 'orbit_fraction': 0.7142857142857143, 'solar_power_w': 788.8566448745023, 'load_power_w': 95.0, 'operating_mode': 'STANDBY', 'fault_active': True, 'active_faults': ['BATTERY_RESISTANCE_SPIKE'], 'dataset': 'ASTRA_SIMULATED_EPS'}"
9850.0,ASTRA-FLAGSHIP-01,EPS,33.08598653042706,-21.05347309593255,17.884646655724254,39.99802763210076,1.0,"{'soh': 0.999950690802519, 'internal_resistance_ohm': 0.2025119821349879, 'solar_health_factor': 1.0}",ANOMALOUS,"{'is_sunlight': True, 'orbit_fraction': 0.7160278745644599, 'solar_power_w': 788.9290414371012, 'load_power_w': 95.0, 'operating_mode': 'STANDBY', 'fault_active': True, 'active_faults': ['BATTERY_RESISTANCE_SPIKE'], 'dataset': 'ASTRA_SIMULATED_EPS'}"
9860.0,ASTRA-FLAGSHIP-01,EPS,32.98566243193182,-21.28161509853868,17.87419144688859,39.99802763210076,1.0,"{'soh': 0.999950690802519, 'internal_resistance_ohm': 0.2025119821349879, 'solar_health_factor': 1.0}",ANOMALOUS,"{'is_sunlight': True, 'orbit_fraction': 0.7177700348432056, 'solar_power_w': 789.0044250723731, 'load_power_w': 95.0, 'operating_mode': 'STANDBY', 'fault_active': True, 'active_faults': ['BATTERY_RESISTANCE_SPIKE'], 'dataset': 'ASTRA_SIMULATED_EPS'}"
9870.0,ASTRA-FLAGSHIP-01,EPS,32.69961703652098,-21.220046307194597,17.881481493747057,39.99802763210076,1.0,"{'soh': 0.999950690802519, 'internal_resistance_ohm': 0.2025119821349879, 'solar_health_factor': 1.0}",ANOMALOUS,"{'is_sunlight': True, 'orbit_fraction': 0.7195121951219512, 'solar_power_w': 789.0827737002683, 'load_power_w': 95.0, 'operating_mode': 'STANDBY', 'fault_active': True, 'active_faults': ['BATTERY_RESISTANCE_SPIKE'], 'dataset': 'ASTRA_SIMULATED_EPS'}"
9880.0,ASTRA-FLAGSHIP-01,EPS,33.00000609890353,-21.192596336055427,17.97077646596722,39.99802763210076,1.0,"{'soh': 0.999950690802519, 'internal_resistance_ohm': 0.2025119821349879, 'solar_health_factor': 1.0}",ANOMALOUS,"{'is_sunlight': True, 'orbit_fraction': 0.7212543554006968, 'solar_power_w': 789.1640643636333, 'load_power_w': 95.0, 'operating_mode': 'STANDBY', 'fault_active': True, 'active_faults': ['BATTERY_RESISTANCE_SPIKE'], 'dataset': 'ASTRA_SIMULATED_EPS'}"
9890.0,ASTRA-FLAGSHIP-01,EPS,32.705888016913676,-21.36825940771266,17.985445682222146,39.99802763210076,1.0,"{'soh': 0.999950690802519, 'internal_resistance_ohm': 0.2025119821349879, 'solar_health_factor': 1.0}",ANOMALOUS,"{'is_sunlight': True, 'orbit_fraction': 0.7229965156794426, 'solar_power_w': 789.2482732349359, 'load_power_w': 95.0, 'operating_mode': 'STANDBY', 'fault_active': True, 'active_faults': ['BATTERY_RESISTANCE_SPIKE'], 'dataset': 'ASTRA_SIMULATED_EPS'}"
9900.0,ASTRA-FLAGSHIP-01,EPS,32.48581968972988,-21.176740990149987,17.922268548189464,39.99802763210076,1.0,"{'soh': 0.999950690802519, 'internal_resistance_ohm': 0.2025119821349879, 'solar_health_factor': 1.0}",ANOMALOUS,"{'is_sunlight': True, 'orbit_fraction': 0.7247386759581882, 'solar_power_w': 789.3353756232553, 'load_power_w': 95.0, 'operating_mode': 'STANDBY', 'fault_active': True, 'active_faults': ['BATTERY_RESISTANCE_SPIKE'], 'dataset': 'ASTRA_SIMULATED_EPS'}"
9910.0,ASTRA-FLAGSHIP-01,EPS,33.125331538891956,-21.070843143022135,18.014663498227662,39.99802763210076,1.0,"{'soh': 0.999950690802519, 'internal_resistance_ohm': 0.2025119821349879, 'solar_health_factor': 1.0}",ANOMALOUS,"{'is_sunlight': True, 'orbit_fraction': 0.7264808362369338, 'solar_power_w': 789.4253459815393, 'load_power_w': 95.0, 'operating_mode': 'STANDBY', 'fault_active': True, 'active_faults': ['BATTERY_RESISTANCE_SPIKE'], 'dataset': 'ASTRA_SIMULATED_EPS'}"
9920.0,ASTRA-FLAGSHIP-01,EPS,33.00666825403894,-21.268539971912666,18.055191442107823,39.99802763210076,1.0,"{'soh': 0.999950690802519, 'internal_resistance_ohm': 0.2025119821349879, 'solar_health_factor': 1.0}",ANOMALOUS,"{'is_sunlight': True, 'orbit_fraction': 0.7282229965156795, 'solar_power_w': 789.5181579141263, 'load_power_w': 95.0, 'operating_mode': 'STANDBY', 'fault_active': True, 'active_faults': ['BATTERY_RESISTANCE_SPIKE'], 'dataset': 'ASTRA_SIMULATED_EPS'}"
9930.0,ASTRA-FLAGSHIP-01,EPS,32.8321923340632,-21.14834473150069,18.110227101584528,39.99802763210076,1.0,"{'soh': 0.999950690802519, 'internal_resistance_ohm': 0.2025119821349879, 'solar_health_factor': 1.0}",ANOMALOUS,"{'is_sunlight': True, 'orbit_fraction': 0.7299651567944251, 'solar_power_w': 789.6137841845252, 'load_power_w': 95.0, 'operating_mode': 'STANDBY', 'fault_active': True, 'active_faults': ['BATTERY_RESISTANCE_SPIKE'], 'dataset': 'ASTRA_SIMULATED_EPS'}"
9940.0,ASTRA-FLAGSHIP-01,EPS,32.91955059366172,-21.148601501603082,17.98240742963023,39.99802763210076,1.0,"{'soh': 0.999950690802519, 'internal_resistance_ohm': 0.2025119821349879, 'solar_health_factor': 1.0}",ANOMALOUS,"{'is_sunlight': True, 'orbit_fraction': 0.7317073170731707, 'solar_power_w': 789.7121967234584, 'load_power_w': 95.0, 'operating_mode': 'STANDBY', 'fault_active': True, 'active_faults': ['BATTERY_RESISTANCE_SPIKE'], 'dataset': 'ASTRA_SIMULATED_EPS'}"
9950.0,ASTRA-FLAGSHIP-01,EPS,32.64197917090422,-21.197317051035803,18.088313348684967,39.99802763210076,1.0,"{'soh': 0.999950690802519, 'internal_resistance_ohm': 0.2025119821349879, 'solar_health_factor': 1.0}",ANOMALOUS,"{'is_sunlight': True, 'orbit_fraction': 0.7334494773519163, 'solar_power_w': 789.8133666371564, 'load_power_w': 95.0, 'operating_mode': 'STANDBY', 'fault_active': True, 'active_faults': ['BATTERY_RESISTANCE_SPIKE'], 'dataset': 'ASTRA_SIMULATED_EPS'}"
9960.0,ASTRA-FLAGSHIP-01,EPS,32.614073842538296,-20.919336188118177,18.177908046787223,39.99802763210076,1.0,"{'soh': 0.999950690802519, 'internal_resistance_ohm': 0.2025119821349879, 'solar_health_factor': 1.0}",ANOMALOUS,"{'is_sunlight': True, 'orbit_fraction': 0.735191637630662, 'solar_power_w': 789.9172642159085, 'load_power_w': 95.0, 'operating_mode': 'STANDBY', 'fault_active': True, 'active_faults': ['BATTERY_RESISTANCE_SPIKE'], 'dataset': 'ASTRA_SIMULATED_EPS'}"
9970.0,ASTRA-FLAGSHIP-01,EPS,32.89816966882774,-21.1821313829361,18.109872326612088,39.99802763210076,1.0,"{'soh': 0.999950690802519, 'internal_resistance_ohm': 0.2025119821349879, 'solar_health_factor': 1.0}",ANOMALOUS,"{'is_sunlight': True, 'orbit_fraction': 0.7369337979094077, 'solar_power_w': 790.0238589428643, 'load_power_w': 95.0, 'operating_mode': 'STANDBY', 'fault_active': True, 'active_faults': ['BATTERY_RESISTANCE_SPIKE'], 'dataset': 'ASTRA_SIMULATED_EPS'}"
9980.0,ASTRA-FLAGSHIP-01,EPS,32.64331211247818,-21.184857288427516,18.151715781380666,39.99802763210076,1.0,"{'soh': 0.999950690802519, 'internal_resistance_ohm': 0.2025119821349879, 'solar_health_factor': 1.0}",ANOMALOUS,"{'is_sunlight': True, 'orbit_fraction': 0.7386759581881533, 'solar_power_w': 790.1331195030815, 'load_power_w': 95.0, 'operating_mode': 'STANDBY', 'fault_active': True, 'active_faults': ['BATTERY_RESISTANCE_SPIKE'], 'dataset': 'ASTRA_SIMULATED_EPS'}"
9990.0,ASTRA-FLAGSHIP-01,EPS,32.595778840290464,-21.15977821494145,18.149361660187296,39.99802763210076,1.0,"{'soh': 0.999950690802519, 'internal_resistance_ohm': 0.2025119821349879, 'solar_health_factor': 1.0}",ANOMALOUS,"{'is_sunlight': True, 'orbit_fraction': 0.740418118466899, 'solar_power_w': 790.2450137928198, 'load_power_w': 95.0, 'operating_mode': 'STANDBY', 'fault_active': True, 'active_faults': ['BATTERY_RESISTANCE_SPIKE'], 'dataset': 'ASTRA_SIMULATED_EPS'}"
10000.0,ASTRA-FLAGSHIP-01,EPS,32.48654905339823,-21.295861601720993,18.154692003657107,39.99802763210076,1.0,"{'soh': 0.999950690802519, 'internal_resistance_ohm': 0.2025119821349879, 'solar_health_factor': 1.0}",ANOMALOUS,"{'is_sunlight': True, 'orbit_fraction': 0.7421602787456446, 'solar_power_w': 790.3595089290782, 'load_power_w': 95.0, 'operating_mode': 'STANDBY', 'fault_active': True, 'active_faults': ['BATTERY_RESISTANCE_SPIKE'], 'dataset': 'ASTRA_SIMULATED_EPS'}"
10010.0,ASTRA-FLAGSHIP-01,EPS,33.10899933763712,-21.142138041509813,18.126797209125655,39.99802763210076,1.0,"{'soh': 0.999950690802519, 'internal_resistance_ohm': 0.2025119821349879, 'solar_health_factor': 1.0}",ANOMALOUS,"{'is_sunlight': True, 'orbit_fraction': 0.7439024390243902, 'solar_power_w': 790.476571259368, 'load_power_w': 95.0, 'operating_mode': 'STANDBY', 'fault_active': True, 'active_faults': ['BATTERY_RESISTANCE_SPIKE'], 'dataset': 'ASTRA_SIMULATED_EPS'}"
10020.0,ASTRA-FLAGSHIP-01,EPS,32.87913255006505,-21.379381949472407,18.265856316841454,39.99802763210076,1.0,"{'soh': 0.999950690802519, 'internal_resistance_ohm': 0.2025119821349879, 'solar_health_factor': 1.0}",ANOMALOUS,"{'is_sunlight': True, 'orbit_fraction': 0.7456445993031359, 'solar_power_w': 790.5961663717256, 'load_power_w': 95.0, 'operating_mode': 'STANDBY', 'fault_active': True, 'active_faults': ['BATTERY_RESISTANCE_SPIKE'], 'dataset': 'ASTRA_SIMULATED_EPS'}"
10030.0,ASTRA-FLAGSHIP-01,EPS,32.72216091233365,-21.221693930829975,18.296113671819818,39.99802763210076,1.0,"{'soh': 0.999950690802519, 'internal_resistance_ohm': 0.2025119821349879, 'solar_health_factor': 1.0}",ANOMALOUS,"{'is_sunlight': True, 'orbit_fraction': 0.7473867595818815, 'solar_power_w': 790.7182591049561, 'load_power_w': 95.0, 'operating_mode': 'STANDBY', 'fault_active': True, 'active_faults': ['BATTERY_RESISTANCE_SPIKE'], 'dataset': 'ASTRA_SIMULATED_EPS'}"
10040.0,ASTRA-FLAGSHIP-01,EPS,32.58833288018262,-21.370278032815417,18.218697676220227,39.99802763210076,1.0,"{'soh': 0.999950690802519, 'internal_resistance_ohm': 0.2025119821349879, 'solar_health_factor': 1.0}",ANOMALOUS,"{'is_sunlight': True, 'orbit_fraction': 0.7491289198606271, 'solar_power_w': 790.842813559106, 'load_power_w': 95.0, 'operating_mode': 'STANDBY', 'fault_active': True, 'active_faults': ['BATTERY_RESISTANCE_SPIKE'], 'dataset': 'ASTRA_SIMULATED_EPS'}"
10050.0,ASTRA-FLAGSHIP-01,EPS,32.9697151394167,-21.387755357847173,18.1242755222519,39.99802763210076,1.0,"{'soh': 0.999950690802519, 'internal_resistance_ohm': 0.2025119821349879, 'solar_health_factor': 1.0}",ANOMALOUS,"{'is_sunlight': True, 'orbit_fraction': 0.7508710801393729, 'solar_power_w': 790.9697931061646, 'load_power_w': 95.0, 'operating_mode': 'STANDBY', 'fault_active': True, 'active_faults': ['BATTERY_RESISTANCE_SPIKE'], 'dataset': 'ASTRA_SIMULATED_EPS'}"
10060.0,ASTRA-FLAGSHIP-01,EPS,32.72543524495106,-21.161601648706554,18.343854034171947,39.99802763210076,1.0,"{'soh': 0.999950690802519, 'internal_resistance_ohm': 0.2025119821349879, 'solar_health_factor': 1.0}",ANOMALOUS,"{'is_sunlight': True, 'orbit_fraction': 0.7526132404181185, 'solar_power_w': 791.099160400986, 'load_power_w': 95.0, 'operating_mode': 'STANDBY', 'fault_active': True, 'active_faults': ['BATTERY_RESISTANCE_SPIKE'], 'dataset': 'ASTRA_SIMULATED_EPS'}"
10070.0,ASTRA-FLAGSHIP-01,EPS,32.72346686891544,-21.272647645996216,18.3594457408733,39.99802763210076,1.0,"{'soh': 0.999950690802519, 'internal_resistance_ohm': 0.2025119821349879, 'solar_health_factor': 1.0}",ANOMALOUS,"{'is_sunlight': True, 'orbit_fraction': 0.7543554006968641, 'solar_power_w': 791.2308773924314, 'load_power_w': 95.0, 'operating_mode': 'STANDBY', 'fault_active': True, 'active_faults': ['BATTERY_RESISTANCE_SPIKE'], 'dataset': 'ASTRA_SIMULATED_EPS'}"
10080.0,ASTRA-FLAGSHIP-01,EPS,32.49279174451009,-21.27419624263345,18.329133896779005,39.99802763210076,1.0,"{'soh': 0.999950690802519, 'internal_resistance_ohm': 0.2025119821349879, 'solar_health_factor': 1.0}",ANOMALOUS,"{'is_sunlight': True, 'orbit_fraction': 0.7560975609756098, 'solar_power_w': 791.3649053347269, 'load_power_w': 95.0, 'operating_mode': 'STANDBY', 'fault_active': True, 'active_faults': ['BATTERY_RESISTANCE_SPIKE'], 'dataset': 'ASTRA_SIMULATED_EPS'}"
10090.0,ASTRA-FLAGSHIP-01,EPS,32.8730945749262,-21.291843922103112,18.339149118995294,39.99802763210076,1.0,"{'soh': 0.999950690802519, 'internal_resistance_ohm': 0.2025119821349879, 'solar_health_factor': 1.0}",ANOMALOUS,"{'is_sunlight': True, 'orbit_fraction': 0.7578397212543554, 'solar_power_w': 791.5012047990353, 'load_power_w': 95.0, 'operating_mode': 'STANDBY', 'fault_active': True, 'active_faults': ['BATTERY_RESISTANCE_SPIKE'], 'dataset': 'ASTRA_SIMULATED_EPS'}"
10100.0,ASTRA-FLAGSHIP-01,EPS,32.39134547883208,-21.31258453085483,18.37786936518863,39.99802763210076,1.0,"{'soh': 0.999950690802519, 'internal_resistance_ohm': 0.2025119821349879, 'solar_health_factor': 1.0}",ANOMALOUS,"{'is_sunlight': True, 'orbit_fraction': 0.759581881533101, 'solar_power_w': 791.6397356852345, 'load_power_w': 95.0, 'operating_mode': 'STANDBY', 'fault_active': True, 'active_faults': ['BATTERY_RESISTANCE_SPIKE'], 'dataset': 'ASTRA_SIMULATED_EPS'}"
10110.0,ASTRA-FLAGSHIP-01,EPS,32.63833060578595,-21.237119553111796,18.395257037455547,39.99802763210076,1.0,"{'soh': 0.999950690802519, 'internal_resistance_ohm': 0.2025119821349879, 'solar_health_factor': 1.0}",ANOMALOUS,"{'is_sunlight': True, 'orbit_fraction': 0.7613240418118467, 'solar_power_w': 791.7804572339007, 'load_power_w': 95.0, 'operating_mode': 'STANDBY', 'fault_active': True, 'active_faults': ['BATTERY_RESISTANCE_SPIKE'], 'dataset': 'ASTRA_SIMULATED_EPS'}"
10120.0,ASTRA-FLAGSHIP-01,EPS,32.74324691599277,-21.229073157267177,18.342449015051404,39.99802763210076,1.0,"{'soh': 0.999950690802519, 'internal_resistance_ohm': 0.2025119821349879, 'solar_health_factor': 1.0}",ANOMALOUS,"{'is_sunlight': True, 'orbit_fraction': 0.7630662020905923, 'solar_power_w': 791.9233280384955, 'load_power_w': 95.0, 'operating_mode': 'STANDBY', 'fault_active': True, 'active_faults': ['BATTERY_RESISTANCE_SPIKE'], 'dataset': 'ASTRA_SIMULATED_EPS'}"
10130.0,ASTRA-FLAGSHIP-01,EPS,32.765540343560986,-21.184561675204,18.416059396315216,39.99802763210076,1.0,"{'soh': 0.999950690802519, 'internal_resistance_ohm': 0.2025119821349879, 'solar_health_factor': 1.0}",ANOMALOUS,"{'is_sunlight': True, 'orbit_fraction': 0.764808362369338, 'solar_power_w': 792.068306057746, 'load_power_w': 95.0, 'operating_mode': 'STANDBY', 'fault_active': True, 'active_faults': ['BATTERY_RESISTANCE_SPIKE'], 'dataset': 'ASTRA_SIMULATED_EPS'}"
10140.0,ASTRA-FLAGSHIP-01,EPS,32.703234559395284,-21.231986946643943,18.46151934246991,39.99802763210076,1.0,"{'soh': 0.999950690802519, 'internal_resistance_ohm': 0.2025119821349879, 'solar_health_factor': 1.0}",ANOMALOUS,"{'is_sunlight': True, 'orbit_fraction': 0.7665505226480837, 'solar_power_w': 792.2153486282226, 'load_power_w': 95.0, 'operating_mode': 'STANDBY', 'fault_active': True, 'active_faults': ['BATTERY_RESISTANCE_SPIKE'], 'dataset': 'ASTRA_SIMULATED_EPS'}"
10150.0,ASTRA-FLAGSHIP-01,EPS,32.46323953254968,-21.13246996901559,18.426507345729526,39.99802763210076,1.0,"{'soh': 0.999950690802519, 'internal_resistance_ohm': 0.2025119821349879, 'solar_health_factor': 1.0}",ANOMALOUS,"{'is_sunlight': True, 'orbit_fraction': 0.7682926829268293, 'solar_power_w': 792.3644124771018, 'load_power_w': 95.0, 'operating_mode': 'STANDBY', 'fault_active': True, 'active_faults': ['BATTERY_RESISTANCE_SPIKE'], 'dataset': 'ASTRA_SIMULATED_EPS'}"
10160.0,ASTRA-FLAGSHIP-01,EPS,32.86920312202595,-21.132798477371736,18.39222087758162,39.99802763210076,1.0,"{'soh': 0.999950690802519, 'internal_resistance_ohm': 0.2025119821349879, 'solar_health_factor': 1.0}",ANOMALOUS,"{'is_sunlight': True, 'orbit_fraction': 0.7700348432055749, 'solar_power_w': 792.5154537351187, 'load_power_w': 95.0, 'operating_mode': 'STANDBY', 'fault_active': True, 'active_faults': ['BATTERY_RESISTANCE_SPIKE'], 'dataset': 'ASTRA_SIMULATED_EPS'}"
10170.0,ASTRA-FLAGSHIP-01,EPS,32.68307771718667,-21.30288341997436,18.439054740887073,39.99802763210076,1.0,"{'soh': 0.999950690802519, 'internal_resistance_ohm': 0.2025119821349879, 'solar_health_factor': 1.0}",ANOMALOUS,"{'is_sunlight': True, 'orbit_fraction': 0.7717770034843205, 'solar_power_w': 792.6684279496963, 'load_power_w': 95.0, 'operating_mode': 'STANDBY', 'fault_active': True, 'active_faults': ['BATTERY_RESISTANCE_SPIKE'], 'dataset': 'ASTRA_SIMULATED_EPS'}"
10180.0,ASTRA-FLAGSHIP-01,EPS,33.08394860019491,-21.37089894918435,18.46785643152377,39.99802763210076,1.0,"{'soh': 0.999950690802519, 'internal_resistance_ohm': 0.2025119821349879, 'solar_health_factor': 1.0}",ANOMALOUS,"{'is_sunlight': True, 'orbit_fraction': 0.7735191637630662, 'solar_power_w': 792.8232900982533, 'load_power_w': 95.0, 'operating_mode': 'STANDBY', 'fault_active': True, 'active_faults': ['BATTERY_RESISTANCE_SPIKE'], 'dataset': 'ASTRA_SIMULATED_EPS'}"
10190.0,ASTRA-FLAGSHIP-01,EPS,32.83294321092982,-21.41417255665425,18.493194711522303,39.99802763210076,1.0,"{'soh': 0.999950690802519, 'internal_resistance_ohm': 0.2025119821349879, 'solar_health_factor': 1.0}",ANOMALOUS,"{'is_sunlight': True, 'orbit_fraction': 0.7752613240418118, 'solar_power_w': 792.979994601687, 'load_power_w': 95.0, 'operating_mode': 'STANDBY', 'fault_active': True, 'active_faults': ['BATTERY_RESISTANCE_SPIKE'], 'dataset': 'ASTRA_SIMULATED_EPS'}"
10200.0,ASTRA-FLAGSHIP-01,EPS,32.85148541896607,-21.322173121985763,18.52560812750616,39.99802763210076,1.0,"{'soh': 0.999950690802519, 'internal_resistance_ohm': 0.2025119821349879, 'solar_health_factor': 1.0}",ANOMALOUS,"{'is_sunlight': True, 'orbit_fraction': 0.7770034843205574, 'solar_power_w': 793.1384953380204, 'load_power_w': 95.0, 'operating_mode': 'STANDBY', 'fault_active': True, 'active_faults': ['BATTERY_RESISTANCE_SPIKE'], 'dataset': 'ASTRA_SIMULATED_EPS'}"
10210.0,ASTRA-FLAGSHIP-01,EPS,32.712615056428206,-21.458757264943955,18.56360972443025,39.99802763210076,1.0,"{'soh': 0.999950690802519, 'internal_resistance_ohm': 0.2025119821349879, 'solar_health_factor': 1.0}",ANOMALOUS,"{'is_sunlight': True, 'orbit_fraction': 0.7787456445993032, 'solar_power_w': 793.2987456562153, 'load_power_w': 95.0, 'operating_mode': 'STANDBY', 'fault_active': True, 'active_faults': ['BATTERY_RESISTANCE_SPIKE'], 'dataset': 'ASTRA_SIMULATED_EPS'}"
10220.0,ASTRA-FLAGSHIP-01,EPS,33.087227967917755,-21.292856134624646,18.57599985622203,39.99802763210076,1.0,"{'soh': 0.999950690802519, 'internal_resistance_ohm': 0.2025119821349879, 'solar_health_factor': 1.0}",ANOMALOUS,"{'is_sunlight': True, 'orbit_fraction': 0.7804878048780488, 'solar_power_w': 793.460698390146, 'load_power_w': 95.0, 'operating_mode': 'STANDBY', 'fault_active': True, 'active_faults': ['BATTERY_RESISTANCE_SPIKE'], 'dataset': 'ASTRA_SIMULATED_EPS'}"
10230.0,ASTRA-FLAGSHIP-01,EPS,32.91302853518104,-21.44142525607721,18.66702308553184,39.99802763210076,1.0,"{'soh': 0.999950690802519, 'internal_resistance_ohm': 0.2025119821349879, 'solar_health_factor': 1.0}",ANOMALOUS,"{'is_sunlight': True, 'orbit_fraction': 0.7822299651567944, 'solar_power_w': 793.6243058727258, 'load_power_w': 95.0, 'operating_mode': 'STANDBY', 'fault_active': True, 'active_faults': ['BATTERY_RESISTANCE_SPIKE'], 'dataset': 'ASTRA_SIMULATED_EPS'}"
10240.0,ASTRA-FLAGSHIP-01,EPS,32.83260533829377,-21.122940380197434,18.56236064324216,39.99802763210076,1.0,"{'soh': 0.999950690802519, 'internal_resistance_ohm': 0.2025119821349879, 'solar_health_factor': 1.0}",ANOMALOUS,"{'is_sunlight': True, 'orbit_fraction': 0.7839721254355401, 'solar_power_w': 793.7895199501866, 'load_power_w': 95.0, 'operating_mode': 'STANDBY', 'fault_active': True, 'active_faults': ['BATTERY_RESISTANCE_SPIKE'], 'dataset': 'ASTRA_SIMULATED_EPS'}"
10250.0,ASTRA-FLAGSHIP-01,EPS,33.09758091765549,-21.22354861210273,18.643733597862933,39.99802763210076,1.0,"{'soh': 0.999950690802519, 'internal_resistance_ohm': 0.2025119821349879, 'solar_health_factor': 1.0}",ANOMALOUS,"{'is_sunlight': True, 'orbit_fraction': 0.7857142857142857, 'solar_power_w': 793.9562919965015, 'load_power_w': 95.0, 'operating_mode': 'STANDBY', 'fault_active': True, 'active_faults': ['BATTERY_RESISTANCE_SPIKE'], 'dataset': 'ASTRA_SIMULATED_EPS'}"
10260.0,ASTRA-FLAGSHIP-01,EPS,32.83780333491059,-21.342877645040158,18.693131958911152,39.99802763210076,1.0,"{'soh': 0.999950690802519, 'internal_resistance_ohm': 0.2025119821349879, 'solar_health_factor': 1.0}",ANOMALOUS,"{'is_sunlight': True, 'orbit_fraction': 0.7874564459930313, 'solar_power_w': 794.1245729279519, 'load_power_w': 95.0, 'operating_mode': 'STANDBY', 'fault_active': True, 'active_faults': ['BATTERY_RESISTANCE_SPIKE'], 'dataset': 'ASTRA_SIMULATED_EPS'}"
10270.0,ASTRA-FLAGSHIP-01,EPS,32.82244261280651,-21.539851135978775,18.59422443856614,39.99802763210076,1.0,"{'soh': 0.999950690802519, 'internal_resistance_ohm': 0.2025119821349879, 'solar_health_factor': 1.0}",ANOMALOUS,"{'is_sunlight': True, 'orbit_fraction': 0.789198606271777, 'solar_power_w': 794.2943132178291, 'load_power_w': 95.0, 'operating_mode': 'STANDBY', 'fault_active': True, 'active_faults': ['BATTERY_RESISTANCE_SPIKE'], 'dataset': 'ASTRA_SIMULATED_EPS'}"
10280.0,ASTRA-FLAGSHIP-01,EPS,32.76894583026664,-21.290936575405112,18.664187447175426,39.99802763210076,1.0,"{'soh': 0.999950690802519, 'internal_resistance_ohm': 0.2025119821349879, 'solar_health_factor': 1.0}",ANOMALOUS,"{'is_sunlight': True, 'orbit_fraction': 0.7909407665505227, 'solar_power_w': 794.4654629112695, 'load_power_w': 95.0, 'operating_mode': 'STANDBY', 'fault_active': True, 'active_faults': ['BATTERY_RESISTANCE_SPIKE'], 'dataset': 'ASTRA_SIMULATED_EPS'}"
10290.0,ASTRA-FLAGSHIP-01,EPS,32.999331697269454,-21.548648888301848,18.691084223454688,39.99802763210076,1.0,"{'soh': 0.999950690802519, 'internal_resistance_ohm': 0.2025119821349879, 'solar_health_factor': 1.0}",ANOMALOUS,"{'is_sunlight': True, 'orbit_fraction': 0.7926829268292683, 'solar_power_w': 794.6379716402155, 'load_power_w': 95.0, 'operating_mode': 'STANDBY', 'fault_active': True, 'active_faults': ['BATTERY_RESISTANCE_SPIKE'], 'dataset': 'ASTRA_SIMULATED_EPS'}"
10300.0,ASTRA-FLAGSHIP-01,EPS,32.501280641220305,-21.251254898332594,18.69602481136965,39.99802763210076,1.0,"{'soh': 0.999950690802519, 'internal_resistance_ohm': 0.2025119821349879, 'solar_health_factor': 1.0}",ANOMALOUS,"{'is_sunlight': True, 'orbit_fraction': 0.794425087108014, 'solar_power_w': 794.8117886385007, 'load_power_w': 95.0, 'operating_mode': 'STANDBY', 'fault_active': True, 'active_faults': ['BATTERY_RESISTANCE_SPIKE'], 'dataset': 'ASTRA_SIMULATED_EPS'}"
10310.0,ASTRA-FLAGSHIP-01,EPS,32.868238825320844,-21.437939603024653,18.78151899968239,39.99802763210076,1.0,"{'soh': 0.999950690802519, 'internal_resistance_ohm': 0.2025119821349879, 'solar_health_factor': 1.0}",ANOMALOUS,"{'is_sunlight': True, 'orbit_fraction': 0.7961672473867596, 'solar_power_w': 794.9868627570512, 'load_power_w': 95.0, 'operating_mode': 'STANDBY', 'fault_active': True, 'active_faults': ['BATTERY_RESISTANCE_SPIKE'], 'dataset': 'ASTRA_SIMULATED_EPS'}"
10320.0,ASTRA-FLAGSHIP-01,EPS,32.97026384311922,-21.281610368021752,18.7278231020814,39.99802763210076,1.0,"{'soh': 0.999950690802519, 'internal_resistance_ohm': 0.2025119821349879, 'solar_health_factor': 1.0}",ANOMALOUS,"{'is_sunlight': True, 'orbit_fraction': 0.7979094076655052, 'solar_power_w': 795.1631424792014, 'load_power_w': 95.0, 'operating_mode': 'STANDBY', 'fault_active': True, 'active_faults': ['BATTERY_RESISTANCE_SPIKE'], 'dataset': 'ASTRA_SIMULATED_EPS'}"
10330.0,ASTRA-FLAGSHIP-01,EPS,32.89451892318374,-21.431224891537163,18.793785283470474,39.99802763210076,1.0,"{'soh': 0.999950690802519, 'internal_resistance_ohm': 0.2025119821349879, 'solar_health_factor': 1.0}",ANOMALOUS,"{'is_sunlight': True, 'orbit_fraction': 0.7996515679442509, 'solar_power_w': 795.3405759361158, 'load_power_w': 95.0, 'operating_mode': 'STANDBY', 'fault_active': True, 'active_faults': ['BATTERY_RESISTANCE_SPIKE'], 'dataset': 'ASTRA_SIMULATED_EPS'}"
10340.0,ASTRA-FLAGSHIP-01,EPS,33.06993411453985,-21.237983268241454,18.731191357027683,39.99802763210076,1.0,"{'soh': 0.999950690802519, 'internal_resistance_ohm': 0.2025119821349879, 'solar_health_factor': 1.0}",ANOMALOUS,"{'is_sunlight': True, 'orbit_fraction': 0.8013937282229965, 'solar_power_w': 795.5191109223155, 'load_power_w': 95.0, 'operating_mode': 'STANDBY', 'fault_active': True, 'active_faults': ['BATTERY_RESISTANCE_SPIKE'], 'dataset': 'ASTRA_SIMULATED_EPS'}"
10350.0,ASTRA-FLAGSHIP-01,EPS,32.85869539753699,-21.507733775907337,18.812910538795457,39.99802763210076,1.0,"{'soh': 0.999950690802519, 'internal_resistance_ohm': 0.2025119821349879, 'solar_health_factor': 1.0}",ANOMALOUS,"{'is_sunlight': True, 'orbit_fraction': 0.8031358885017421, 'solar_power_w': 795.6986949113018, 'load_power_w': 95.0, 'operating_mode': 'STANDBY', 'fault_active': True, 'active_faults': ['BATTERY_RESISTANCE_SPIKE'], 'dataset': 'ASTRA_SIMULATED_EPS'}"
10360.0,ASTRA-FLAGSHIP-01,EPS,32.873321660356986,-21.577772134153054,18.74277705497909,39.99802763210076,1.0,"{'soh': 0.999950690802519, 'internal_resistance_ohm': 0.2025119821349879, 'solar_health_factor': 1.0}",ANOMALOUS,"{'is_sunlight': True, 'orbit_fraction': 0.8048780487804879, 'solar_power_w': 795.8792750712731, 'load_power_w': 95.0, 'operating_mode': 'STANDBY', 'fault_active': True, 'active_faults': ['BATTERY_RESISTANCE_SPIKE'], 'dataset': 'ASTRA_SIMULATED_EPS'}"
10370.0,ASTRA-FLAGSHIP-01,EPS,32.75299003476531,-21.40783762909913,18.756923423744635,39.99802763210076,1.0,"{'soh': 0.999950690802519, 'internal_resistance_ohm': 0.2025119821349879, 'solar_health_factor': 1.0}",ANOMALOUS,"{'is_sunlight': True, 'orbit_fraction': 0.8066202090592335, 'solar_power_w': 796.0607982809305, 'load_power_w': 95.0, 'operating_mode': 'STANDBY', 'fault_active': True, 'active_faults': ['BATTERY_RESISTANCE_SPIKE'], 'dataset': 'ASTRA_SIMULATED_EPS'}"
10380.0,ASTRA-FLAGSHIP-01,EPS,32.86321538974087,-21.351602071636513,18.824170754528605,39.99802763210076,1.0,"{'soh': 0.999950690802519, 'internal_resistance_ohm': 0.2025119821349879, 'solar_health_factor': 1.0}",ANOMALOUS,"{'is_sunlight': True, 'orbit_fraction': 0.8083623693379791, 'solar_power_w': 796.2432111453656, 'load_power_w': 95.0, 'operating_mode': 'STANDBY', 'fault_active': True, 'active_faults': ['BATTERY_RESISTANCE_SPIKE'], 'dataset': 'ASTRA_SIMULATED_EPS'}"
10390.0,ASTRA-FLAGSHIP-01,EPS,32.675476369048624,-21.26795032929489,18.933097542218942,39.99802763210076,1.0,"{'soh': 0.999950690802519, 'internal_resistance_ohm': 0.2025119821349879, 'solar_health_factor': 1.0}",ANOMALOUS,"{'is_sunlight': True, 'orbit_fraction': 0.8101045296167247, 'solar_power_w': 796.4264600120259, 'load_power_w': 95.0, 'operating_mode': 'STANDBY', 'fault_active': True, 'active_faults': ['BATTERY_RESISTANCE_SPIKE'], 'dataset': 'ASTRA_SIMULATED_EPS'}"
10400.0,ASTRA-FLAGSHIP-01,EPS,32.720121307699124,-21.459474358124343,18.891286697337623,39.99802763210076,1.0,"{'soh': 0.999950690802519, 'internal_resistance_ohm': 0.2025119821349879, 'solar_health_factor': 1.0}",ANOMALOUS,"{'is_sunlight': True, 'orbit_fraction': 0.8118466898954704, 'solar_power_w': 796.6104909867548, 'load_power_w': 95.0, 'operating_mode': 'STANDBY', 'fault_active': True, 'active_faults': ['BATTERY_RESISTANCE_SPIKE'], 'dataset': 'ASTRA_SIMULATED_EPS'}"
10410.0,ASTRA-FLAGSHIP-01,EPS,32.74070821123798,-21.412182488029213,18.920064368149077,39.99802763210076,1.0,"{'soh': 0.999950690802519, 'internal_resistance_ohm': 0.2025119821349879, 'solar_health_factor': 1.0}",ANOMALOUS,"{'is_sunlight': True, 'orbit_fraction': 0.813588850174216, 'solar_power_w': 796.7952499498972, 'load_power_w': 95.0, 'operating_mode': 'STANDBY', 'fault_active': True, 'active_faults': ['BATTERY_RESISTANCE_SPIKE'], 'dataset': 'ASTRA_SIMULATED_EPS'}"
10420.0,ASTRA-FLAGSHIP-01,EPS,32.4862950989987,-21.254561390863813,18.90302751888448,39.99802763210076,1.0,"{'soh': 0.999950690802519, 'internal_resistance_ohm': 0.2025119821349879, 'solar_health_factor': 1.0}",ANOMALOUS,"{'is_sunlight': True, 'orbit_fraction': 0.8153310104529616, 'solar_power_w': 796.9806825724698, 'load_power_w': 95.0, 'operating_mode': 'STANDBY', 'fault_active': True, 'active_faults': ['BATTERY_RESISTANCE_SPIKE'], 'dataset': 'ASTRA_SIMULATED_EPS'}"
10430.0,ASTRA-FLAGSHIP-01,EPS,32.73194030778436,-21.41789608209254,18.91378324443859,39.99802763210076,1.0,"{'soh': 0.999950690802519, 'internal_resistance_ohm': 0.2025119821349879, 'solar_health_factor': 1.0}",ANOMALOUS,"{'is_sunlight': True, 'orbit_fraction': 0.8170731707317073, 'solar_power_w': 797.1667343323874, 'load_power_w': 95.0, 'operating_mode': 'STANDBY', 'fault_active': True, 'active_faults': ['BATTERY_RESISTANCE_SPIKE'], 'dataset': 'ASTRA_SIMULATED_EPS'}"
10440.0,ASTRA-FLAGSHIP-01,EPS,32.51551197049772,-21.24605330376106,18.933952960229927,39.99802763210076,1.0,"{'soh': 0.999950690802519, 'internal_resistance_ohm': 0.2025119821349879, 'solar_health_factor': 1.0}",ANOMALOUS,"{'is_sunlight': True, 'orbit_fraction': 0.818815331010453, 'solar_power_w': 797.3533505307417, 'load_power_w': 95.0, 'operating_mode': 'STANDBY', 'fault_active': True, 'active_faults': ['BATTERY_RESISTANCE_SPIKE'], 'dataset': 'ASTRA_SIMULATED_EPS'}"
10450.0,ASTRA-FLAGSHIP-01,EPS,32.872075071932656,-21.31262773929539,18.897010191262073,39.99802763210076,1.0,"{'soh': 0.999950690802519, 'internal_resistance_ohm': 0.2025119821349879, 'solar_health_factor': 1.0}",ANOMALOUS,"{'is_sunlight': True, 'orbit_fraction': 0.8205574912891986, 'solar_power_w': 797.5404763081291, 'load_power_w': 95.0, 'operating_mode': 'STANDBY', 'fault_active': True, 'active_faults': ['BATTERY_RESISTANCE_SPIKE'], 'dataset': 'ASTRA_SIMULATED_EPS'}"
10460.0,ASTRA-FLAGSHIP-01,EPS,32.877072026227886,-21.455021392513782,19.00654533739654,39.99802763210076,1.0,"{'soh': 0.999950690802519, 'internal_resistance_ohm': 0.2025119821349879, 'solar_health_factor': 1.0}",ANOMALOUS,"{'is_sunlight': True, 'orbit_fraction': 0.8222996515679443, 'solar_power_w': 797.728056661017, 'load_power_w': 95.0, 'operating_mode': 'STANDBY', 'fault_active': True, 'active_faults': ['BATTERY_RESISTANCE_SPIKE'], 'dataset': 'ASTRA_SIMULATED_EPS'}"
10470.0,ASTRA-FLAGSHIP-01,EPS,32.45056482788345,-21.441857105062194,18.95016121438349,39.99802763210076,1.0,"{'soh': 0.999950690802519, 'internal_resistance_ohm': 0.2025119821349879, 'solar_health_factor': 1.0}",ANOMALOUS,"{'is_sunlight': True, 'orbit_fraction': 0.8240418118466899, 'solar_power_w': 797.9160364581512, 'load_power_w': 95.0, 'operating_mode': 'STANDBY', 'fault_active': True, 'active_faults': ['BATTERY_RESISTANCE_SPIKE'], 'dataset': 'ASTRA_SIMULATED_EPS'}"
10480.0,ASTRA-FLAGSHIP-01,EPS,32.87031387737221,-21.38375430037166,18.96097347977246,39.99802763210076,1.0,"{'soh': 0.999950690802519, 'internal_resistance_ohm': 0.2025119821349879, 'solar_health_factor': 1.0}",ANOMALOUS,"{'is_sunlight': True, 'orbit_fraction': 0.8257839721254355, 'solar_power_w': 798.1043604569915, 'load_power_w': 95.0, 'operating_mode': 'STANDBY', 'fault_active': True, 'active_faults': ['BATTERY_RESISTANCE_SPIKE'], 'dataset': 'ASTRA_SIMULATED_EPS'}"
10490.0,ASTRA-FLAGSHIP-01,EPS,32.682629535730584,-21.45465338162483,18.967532383749095,39.99802763210076,1.0,"{'soh': 0.999950690802519, 'internal_resistance_ohm': 0.2025119821349879, 'solar_health_factor': 1.0}",ANOMALOUS,"{'is_sunlight': True, 'orbit_fraction': 0.8275261324041812, 'solar_power_w': 798.2929733201754, 'load_power_w': 95.0, 'operating_mode': 'STANDBY', 'fault_active': True, 'active_faults': ['BATTERY_RESISTANCE_SPIKE'], 'dataset': 'ASTRA_SIMULATED_EPS'}"
10500.0,ASTRA-FLAGSHIP-01,EPS,32.937506899523314,-21.48943290437467,18.8829821121618,39.99802763210076,1.0,"{'soh': 0.999950690802519, 'internal_resistance_ohm': 0.2025119821349879, 'solar_health_factor': 1.0}",ANOMALOUS,"{'is_sunlight': True, 'orbit_fraction': 0.8292682926829268, 'solar_power_w': 798.4818196320028, 'load_power_w': 95.0, 'operating_mode': 'STANDBY', 'fault_active': True, 'active_faults': ['BATTERY_RESISTANCE_SPIKE'], 'dataset': 'ASTRA_SIMULATED_EPS'}"
10510.0,ASTRA-FLAGSHIP-01,EPS,32.737954260593554,-21.570352186049682,18.962692181626494,39.99802763210076,1.0,"{'soh': 0.999950690802519, 'internal_resistance_ohm': 0.2025119821349879, 'solar_health_factor': 1.0}",ANOMALOUS,"{'is_sunlight': True, 'orbit_fraction': 0.8310104529616724, 'solar_power_w': 798.6708439149369, 'load_power_w': 95.0, 'operating_mode': 'STANDBY', 'fault_active': True, 'active_faults': ['BATTERY_RESISTANCE_SPIKE'], 'dataset': 'ASTRA_SIMULATED_EPS'}"
10520.0,ASTRA-FLAGSHIP-01,EPS,32.59648959351917,-21.44723659709936,19.126569997885554,39.99802763210076,1.0,"{'soh': 0.999950690802519, 'internal_resistance_ohm': 0.2025119821349879, 'solar_health_factor': 1.0}",ANOMALOUS,"{'is_sunlight': True, 'orbit_fraction': 0.8327526132404182, 'solar_power_w': 798.8599906461154, 'load_power_w': 95.0, 'operating_mode': 'STANDBY', 'fault_active': True, 'active_faults': ['BATTERY_RESISTANCE_SPIKE'], 'dataset': 'ASTRA_SIMULATED_EPS'}"
10530.0,ASTRA-FLAGSHIP-01,EPS,32.85078535012904,-21.533418094683775,19.09877279834775,39.99802763210076,1.0,"{'soh': 0.999950690802519, 'internal_resistance_ohm': 0.2025119821349879, 'solar_health_factor': 1.0}",ANOMALOUS,"{'is_sunlight': True, 'orbit_fraction': 0.8344947735191638, 'solar_power_w': 799.0492042738684, 'load_power_w': 95.0, 'operating_mode': 'STANDBY', 'fault_active': True, 'active_faults': ['BATTERY_RESISTANCE_SPIKE'], 'dataset': 'ASTRA_SIMULATED_EPS'}"
10540.0,ASTRA-FLAGSHIP-01,EPS,32.72413450969687,-21.549102907833532,19.03405684827466,39.99802763210076,1.0,"{'soh': 0.999950690802519, 'internal_resistance_ohm': 0.2025119821349879, 'solar_health_factor': 1.0}",ANOMALOUS,"{'is_sunlight': True, 'orbit_fraction': 0.8362369337979094, 'solar_power_w': 799.2384292342362, 'load_power_w': 95.0, 'operating_mode': 'STANDBY', 'fault_active': True, 'active_faults': ['BATTERY_RESISTANCE_SPIKE'], 'dataset': 'ASTRA_SIMULATED_EPS'}"
10550.0,ASTRA-FLAGSHIP-01,EPS,32.51212911936278,-21.52064992026845,19.115432922897817,39.99802763210076,1.0,"{'soh': 0.999950690802519, 'internal_resistance_ohm': 0.2025119821349879, 'solar_health_factor': 1.0}",ANOMALOUS,"{'is_sunlight': True, 'orbit_fraction': 0.837979094076655, 'solar_power_w': 799.4276099674821, 'load_power_w': 95.0, 'operating_mode': 'STANDBY', 'fault_active': True, 'active_faults': ['BATTERY_RESISTANCE_SPIKE'], 'dataset': 'ASTRA_SIMULATED_EPS'}"
10560.0,ASTRA-FLAGSHIP-01,EPS,32.78357799478349,-21.529353520019704,19.0759561980379,39.99802763210076,1.0,"{'soh': 0.999950690802519, 'internal_resistance_ohm': 0.2025119821349879, 'solar_health_factor': 1.0}",ANOMALOUS,"{'is_sunlight': True, 'orbit_fraction': 0.8397212543554007, 'solar_power_w': 799.6166909345969, 'load_power_w': 95.0, 'operating_mode': 'STANDBY', 'fault_active': True, 'active_faults': ['BATTERY_RESISTANCE_SPIKE'], 'dataset': 'ASTRA_SIMULATED_EPS'}"
10570.0,ASTRA-FLAGSHIP-01,EPS,32.89917462207139,-21.63645411533121,19.17771624742872,39.99802763210076,1.0,"{'soh': 0.999950690802519, 'internal_resistance_ohm': 0.2025119821349879, 'solar_health_factor': 1.0}",ANOMALOUS,"{'is_sunlight': True, 'orbit_fraction': 0.8414634146341463, 'solar_power_w': 799.805616633786, 'load_power_w': 95.0, 'operating_mode': 'STANDBY', 'fault_active': True, 'active_faults': ['BATTERY_RESISTANCE_SPIKE'], 'dataset': 'ASTRA_SIMULATED_EPS'}"
10580.0,ASTRA-FLAGSHIP-01,EPS,32.635063293678094,-21.578733875016308,19.08120515260113,39.99802763210076,1.0,"{'soh': 0.999950690802519, 'internal_resistance_ohm': 0.2025119821349879, 'solar_health_factor': 1.0}",ANOMALOUS,"{'is_sunlight': True, 'orbit_fraction': 0.8432055749128919, 'solar_power_w': 799.9943316169393, 'load_power_w': 95.0, 'operating_mode': 'STANDBY', 'fault_active': True, 'active_faults': ['BATTERY_RESISTANCE_SPIKE'], 'dataset': 'ASTRA_SIMULATED_EPS'}"
10590.0,ASTRA-FLAGSHIP-01,EPS,32.717195490341965,-21.3901306422208,19.195913698121757,39.99802763210076,1.0,"{'soh': 0.999950690802519, 'internal_resistance_ohm': 0.2025119821349879, 'solar_health_factor': 1.0}",ANOMALOUS,"{'is_sunlight': True, 'orbit_fraction': 0.8449477351916377, 'solar_power_w': 800.1827805060739, 'load_power_w': 95.0, 'operating_mode': 'STANDBY', 'fault_active': True, 'active_faults': ['BATTERY_RESISTANCE_SPIKE'], 'dataset': 'ASTRA_SIMULATED_EPS'}"
10600.0,ASTRA-FLAGSHIP-01,EPS,32.959882406898025,-21.44683264443484,19.13049511615651,39.99802763210076,1.0,"{'soh': 0.999950690802519, 'internal_resistance_ohm': 0.2025119821349879, 'solar_health_factor': 1.0}",ANOMALOUS,"{'is_sunlight': True, 'orbit_fraction': 0.8466898954703833, 'solar_power_w': 800.3709080097466, 'load_power_w': 95.0, 'operating_mode': 'STANDBY', 'fault_active': True, 'active_faults': ['BATTERY_RESISTANCE_SPIKE'], 'dataset': 'ASTRA_SIMULATED_EPS'}"
10610.0,ASTRA-FLAGSHIP-01,EPS,32.7451755182749,-21.599129016431927,19.267712209831426,39.99802763210076,1.0,"{'soh': 0.999950690802519, 'internal_resistance_ohm': 0.2025119821349879, 'solar_health_factor': 1.0}",ANOMALOUS,"{'is_sunlight': True, 'orbit_fraction': 0.8484320557491289, 'solar_power_w': 800.5586589394327, 'load_power_w': 95.0, 'operating_mode': 'STANDBY', 'fault_active': True, 'active_faults': ['BATTERY_RESISTANCE_SPIKE'], 'dataset': 'ASTRA_SIMULATED_EPS'}"
10620.0,ASTRA-FLAGSHIP-01,EPS,32.603154107136014,-21.41640647905831,19.2612946688959,39.99802763210076,1.0,"{'soh': 0.999950690802519, 'internal_resistance_ohm': 0.2025119821349879, 'solar_health_factor': 1.0}",ANOMALOUS,"{'is_sunlight': True, 'orbit_fraction': 0.8501742160278746, 'solar_power_w': 800.7459782258624, 'load_power_w': 95.0, 'operating_mode': 'STANDBY', 'fault_active': True, 'active_faults': ['BATTERY_RESISTANCE_SPIKE'], 'dataset': 'ASTRA_SIMULATED_EPS'}"
10630.0,ASTRA-FLAGSHIP-01,EPS,33.09947644214951,-21.568856039393808,19.26768535810176,39.99802763210076,1.0,"{'soh': 0.999950690802519, 'internal_resistance_ohm': 0.2025119821349879, 'solar_health_factor': 1.0}",ANOMALOUS,"{'is_sunlight': True, 'orbit_fraction': 0.8519163763066202, 'solar_power_w': 800.9328109353128, 'load_power_w': 95.0, 'operating_mode': 'STANDBY', 'fault_active': True, 'active_faults': ['BATTERY_RESISTANCE_SPIKE'], 'dataset': 'ASTRA_SIMULATED_EPS'}"
10640.0,ASTRA-FLAGSHIP-01,EPS,33.17360832840569,-21.5979718640517,19.17069838641247,39.99802763210076,1.0,"{'soh': 0.999950690802519, 'internal_resistance_ohm': 0.2025119821349879, 'solar_health_factor': 1.0}",ANOMALOUS,"{'is_sunlight': True, 'orbit_fraction': 0.8536585365853658, 'solar_power_w': 801.1191022858496, 'load_power_w': 95.0, 'operating_mode': 'STANDBY', 'fault_active': True, 'active_faults': ['BATTERY_RESISTANCE_SPIKE'], 'dataset': 'ASTRA_SIMULATED_EPS'}"
10650.0,ASTRA-FLAGSHIP-01,EPS,32.491107767272155,-21.453759534047666,19.168633020656056,39.99802763210076,1.0,"{'soh': 0.999950690802519, 'internal_resistance_ohm': 0.2025119821349879, 'solar_health_factor': 1.0}",ANOMALOUS,"{'is_sunlight': True, 'orbit_fraction': 0.8554006968641115, 'solar_power_w': 801.3047976635128, 'load_power_w': 95.0, 'operating_mode': 'STANDBY', 'fault_active': True, 'active_faults': ['BATTERY_RESISTANCE_SPIKE'], 'dataset': 'ASTRA_SIMULATED_EPS'}"
10660.0,ASTRA-FLAGSHIP-01,EPS,32.73836474598904,-21.49041818375772,19.28734853315099,39.99802763210076,1.0,"{'soh': 0.999950690802519, 'internal_resistance_ohm': 0.2025119821349879, 'solar_health_factor': 1.0}",ANOMALOUS,"{'is_sunlight': True, 'orbit_fraction': 0.8571428571428571, 'solar_power_w': 801.4898426384412, 'load_power_w': 95.0, 'operating_mode': 'STANDBY', 'fault_active': True, 'active_faults': ['BATTERY_RESISTANCE_SPIKE'], 'dataset': 'ASTRA_SIMULATED_EPS'}"
10670.0,ASTRA-FLAGSHIP-01,EPS,32.869195730830555,-21.520264978076572,19.35729147429167,39.99802763210076,1.0,"{'soh': 0.999950690802519, 'internal_resistance_ohm': 0.2025119821349879, 'solar_health_factor': 1.0}",ANOMALOUS,"{'is_sunlight': True, 'orbit_fraction': 0.8588850174216028, 'solar_power_w': 801.6741829809347, 'load_power_w': 95.0, 'operating_mode': 'STANDBY', 'fault_active': True, 'active_faults': ['BATTERY_RESISTANCE_SPIKE'], 'dataset': 'ASTRA_SIMULATED_EPS'}"
10680.0,ASTRA-FLAGSHIP-01,EPS,32.643246854626675,-21.627254378509257,19.269932949539456,39.99802763210076,1.0,"{'soh': 0.999950690802519, 'internal_resistance_ohm': 0.2025119821349879, 'solar_health_factor': 1.0}",ANOMALOUS,"{'is_sunlight': True, 'orbit_fraction': 0.8606271777003485, 'solar_power_w': 801.8577646774427, 'load_power_w': 95.0, 'operating_mode': 'STANDBY', 'fault_active': True, 'active_faults': ['BATTERY_RESISTANCE_SPIKE'], 'dataset': 'ASTRA_SIMULATED_EPS'}"
10690.0,ASTRA-FLAGSHIP-01,EPS,32.93557306457535,-21.45494322437445,19.346304345310784,39.99802763210076,1.0,"{'soh': 0.999950690802519, 'internal_resistance_ohm': 0.2025119821349879, 'solar_health_factor': 1.0}",ANOMALOUS,"{'is_sunlight': True, 'orbit_fraction': 0.8623693379790941, 'solar_power_w': 802.0405339464796, 'load_power_w': 95.0, 'operating_mode': 'STANDBY', 'fault_active': True, 'active_faults': ['BATTERY_RESISTANCE_SPIKE'], 'dataset': 'ASTRA_SIMULATED_EPS'}"
10700.0,ASTRA-FLAGSHIP-01,EPS,32.99351355128764,-21.69493333986444,19.42224097004416,39.99802763210076,1.0,"{'soh': 0.999950690802519, 'internal_resistance_ohm': 0.2025119821349879, 'solar_health_factor': 1.0}",ANOMALOUS,"{'is_sunlight': True, 'orbit_fraction': 0.8641114982578397, 'solar_power_w': 802.2224372544601, 'load_power_w': 95.0, 'operating_mode': 'STANDBY', 'fault_active': True, 'active_faults': ['BATTERY_RESISTANCE_SPIKE'], 'dataset': 'ASTRA_SIMULATED_EPS'}"
10710.0,ASTRA-FLAGSHIP-01,EPS,33.0492307454103,-21.48455027407853,19.443066030533245,39.99802763210076,1.0,"{'soh': 0.999950690802519, 'internal_resistance_ohm': 0.2025119821349879, 'solar_health_factor': 1.0}",ANOMALOUS,"{'is_sunlight': True, 'orbit_fraction': 0.8658536585365854, 'solar_power_w': 802.4034213314486, 'load_power_w': 95.0, 'operating_mode': 'STANDBY', 'fault_active': True, 'active_faults': ['BATTERY_RESISTANCE_SPIKE'], 'dataset': 'ASTRA_SIMULATED_EPS'}"
10720.0,ASTRA-FLAGSHIP-01,EPS,32.527742563418016,-21.63223644627205,19.332266975833676,39.99802763210076,1.0,"{'soh': 0.999950690802519, 'internal_resistance_ohm': 0.2025119821349879, 'solar_health_factor': 1.0}",ANOMALOUS,"{'is_sunlight': True, 'orbit_fraction': 0.867595818815331, 'solar_power_w': 802.5834331868223, 'load_power_w': 95.0, 'operating_mode': 'STANDBY', 'fault_active': True, 'active_faults': ['BATTERY_RESISTANCE_SPIKE'], 'dataset': 'ASTRA_SIMULATED_EPS'}"
10730.0,ASTRA-FLAGSHIP-01,EPS,32.91774452961893,-21.697054526729918,19.421922820604333,39.99802763210076,1.0,"{'soh': 0.999950690802519, 'internal_resistance_ohm': 0.2025119821349879, 'solar_health_factor': 1.0}",ANOMALOUS,"{'is_sunlight': True, 'orbit_fraction': 0.8693379790940766, 'solar_power_w': 802.7624201248362, 'load_power_w': 95.0, 'operating_mode': 'STANDBY', 'fault_active': True, 'active_faults': ['BATTERY_RESISTANCE_SPIKE'], 'dataset': 'ASTRA_SIMULATED_EPS'}"
10740.0,ASTRA-FLAGSHIP-01,EPS,33.02418797884931,-21.505423621757387,19.413211486152168,39.99802763210076,1.0,"{'soh': 0.999950690802519, 'internal_resistance_ohm': 0.2025119821349879, 'solar_health_factor': 1.0}",ANOMALOUS,"{'is_sunlight': True, 'orbit_fraction': 0.8710801393728222, 'solar_power_w': 802.9403297600927, 'load_power_w': 95.0, 'operating_mode': 'STANDBY', 'fault_active': True, 'active_faults': ['BATTERY_RESISTANCE_SPIKE'], 'dataset': 'ASTRA_SIMULATED_EPS'}"
10750.0,ASTRA-FLAGSHIP-01,EPS,32.63741561556444,-21.684964329896573,19.476440816407344,39.99802763210076,1.0,"{'soh': 0.999950690802519, 'internal_resistance_ohm': 0.2025119821349879, 'solar_health_factor': 1.0}",ANOMALOUS,"{'is_sunlight': True, 'orbit_fraction': 0.872822299651568, 'solar_power_w': 803.1171100329055, 'load_power_w': 95.0, 'operating_mode': 'STANDBY', 'fault_active': True, 'active_faults': ['BATTERY_RESISTANCE_SPIKE'], 'dataset': 'ASTRA_SIMULATED_EPS'}"
10760.0,ASTRA-FLAGSHIP-01,EPS,32.92723499049806,-21.599077305553234,19.4079605008645,39.99802763210076,1.0,"{'soh': 0.999950690802519, 'internal_resistance_ohm': 0.2025119821349879, 'solar_health_factor': 1.0}",ANOMALOUS,"{'is_sunlight': True, 'orbit_fraction': 0.8745644599303136, 'solar_power_w': 803.2927092245575, 'load_power_w': 95.0, 'operating_mode': 'STANDBY', 'fault_active': True, 'active_faults': ['BATTERY_RESISTANCE_SPIKE'], 'dataset': 'ASTRA_SIMULATED_EPS'}"
10770.0,ASTRA-FLAGSHIP-01,EPS,32.46719734154171,-21.720991537209752,19.539283316568042,39.99802763210076,1.0,"{'soh': 0.999950690802519, 'internal_resistance_ohm': 0.2025119821349879, 'solar_health_factor': 1.0}",ANOMALOUS,"{'is_sunlight': True, 'orbit_fraction': 0.8763066202090593, 'solar_power_w': 803.4670759724441, 'load_power_w': 95.0, 'operating_mode': 'STANDBY', 'fault_active': True, 'active_faults': ['BATTERY_RESISTANCE_SPIKE'], 'dataset': 'ASTRA_SIMULATED_EPS'}"
10780.0,ASTRA-FLAGSHIP-01,EPS,32.589432972466945,-21.583846110268304,19.50890132790492,39.99802763210076,1.0,"{'soh': 0.999950690802519, 'internal_resistance_ohm': 0.2025119821349879, 'solar_health_factor': 1.0}",ANOMALOUS,"{'is_sunlight': True, 'orbit_fraction': 0.8780487804878049, 'solar_power_w': 803.640159285103, 'load_power_w': 95.0, 'operating_mode': 'STANDBY', 'fault_active': True, 'active_faults': ['BATTERY_RESISTANCE_SPIKE'], 'dataset': 'ASTRA_SIMULATED_EPS'}"
10790.0,ASTRA-FLAGSHIP-01,EPS,32.593620295024,-21.589616686110173,19.52020216177604,39.99802763210076,1.0,"{'soh': 0.999950690802519, 'internal_resistance_ohm': 0.2025119821349879, 'solar_health_factor': 1.0}",ANOMALOUS,"{'is_sunlight': True, 'orbit_fraction': 0.8797909407665505, 'solar_power_w': 803.8119085571182, 'load_power_w': 95.0, 'operating_mode': 'STANDBY', 'fault_active': True, 'active_faults': ['BATTERY_RESISTANCE_SPIKE'], 'dataset': 'ASTRA_SIMULATED_EPS'}"
10800.0,ASTRA-FLAGSHIP-01,EPS,32.80147385118363,-21.29133820088695,19.404614271596863,39.99802763210076,1.0,"{'soh': 0.999950690802519, 'internal_resistance_ohm': 0.2025119821349879, 'solar_health_factor': 1.0}",ANOMALOUS,"{'is_sunlight': True, 'orbit_fraction': 0.8815331010452961, 'solar_power_w': 803.9822735839014, 'load_power_w': 95.0, 'operating_mode': 'STANDBY', 'fault_active': True, 'active_faults': ['BATTERY_RESISTANCE_SPIKE'], 'dataset': 'ASTRA_SIMULATED_EPS'}"
10810.0,ASTRA-FLAGSHIP-01,EPS,32.97305242814325,-21.64038784338429,19.541338790990498,39.99802763210076,1.0,"{'soh': 0.999950690802519, 'internal_resistance_ohm': 0.2025119821349879, 'solar_health_factor': 1.0}",ANOMALOUS,"{'is_sunlight': True, 'orbit_fraction': 0.8832752613240418, 'solar_power_w': 804.1512045763434, 'load_power_w': 95.0, 'operating_mode': 'STANDBY', 'fault_active': True, 'active_faults': ['BATTERY_RESISTANCE_SPIKE'], 'dataset': 'ASTRA_SIMULATED_EPS'}"
10820.0,ASTRA-FLAGSHIP-01,EPS,32.87179710029951,-21.70889020926016,19.528851955449635,39.99802763210076,1.0,"{'soh': 0.999950690802519, 'internal_resistance_ohm': 0.2025119821349879, 'solar_health_factor': 1.0}",ANOMALOUS,"{'is_sunlight': True, 'orbit_fraction': 0.8850174216027874, 'solar_power_w': 804.318652175329, 'load_power_w': 95.0, 'operating_mode': 'STANDBY', 'fault_active': True, 'active_faults': ['BATTERY_RESISTANCE_SPIKE'], 'dataset': 'ASTRA_SIMULATED_EPS'}"
10830.0,ASTRA-FLAGSHIP-01,EPS,32.49473351113082,-21.562746427743022,19.54693032009732,39.99802763210076,1.0,"{'soh': 0.999950690802519, 'internal_resistance_ohm': 0.2025119821349879, 'solar_health_factor': 1.0}",ANOMALOUS,"{'is_sunlight': True, 'orbit_fraction': 0.8867595818815331, 'solar_power_w': 804.4845674661165, 'load_power_w': 95.0, 'operating_mode': 'STANDBY', 'fault_active': True, 'active_faults': ['BATTERY_RESISTANCE_SPIKE'], 'dataset': 'ASTRA_SIMULATED_EPS'}"
10840.0,ASTRA-FLAGSHIP-01,EPS,32.904162426700026,-21.516259283438238,19.56498466241682,39.99802763210076,1.0,"{'soh': 0.999950690802519, 'internal_resistance_ohm': 0.2025119821349879, 'solar_health_factor': 1.0}",ANOMALOUS,"{'is_sunlight': True, 'orbit_fraction': 0.8885017421602788, 'solar_power_w': 804.6489019925706, 'load_power_w': 95.0, 'operating_mode': 'STANDBY', 'fault_active': True, 'active_faults': ['BATTERY_RESISTANCE_SPIKE'], 'dataset': 'ASTRA_SIMULATED_EPS'}"
10850.0,ASTRA-FLAGSHIP-01,EPS,32.823710236737185,-21.740719079061137,19.52553502243613,39.99802763210076,1.0,"{'soh': 0.999950690802519, 'internal_resistance_ohm': 0.2025119821349879, 'solar_health_factor': 1.0}",ANOMALOUS,"{'is_sunlight': True, 'orbit_fraction': 0.8902439024390244, 'solar_power_w': 804.8116077712532, 'load_power_w': 95.0, 'operating_mode': 'STANDBY', 'fault_active': True, 'active_faults': ['BATTERY_RESISTANCE_SPIKE'], 'dataset': 'ASTRA_SIMULATED_EPS'}"
10860.0,ASTRA-FLAGSHIP-01,EPS,32.994045058292805,-21.483251909846658,19.563744149307997,39.99802763210076,1.0,"{'soh': 0.999950690802519, 'internal_resistance_ohm': 0.2025119821349879, 'solar_health_factor': 1.0}",ANOMALOUS,"{'is_sunlight': True, 'orbit_fraction': 0.89198606271777, 'solar_power_w': 804.9726373053595, 'load_power_w': 95.0, 'operating_mode': 'STANDBY', 'fault_active': True, 'active_faults': ['BATTERY_RESISTANCE_SPIKE'], 'dataset': 'ASTRA_SIMULATED_EPS'}"
10870.0,ASTRA-FLAGSHIP-01,EPS,32.806968316450245,-21.753195288043955,19.64875244759731,39.99802763210076,1.0,"{'soh': 0.999950690802519, 'internal_resistance_ohm': 0.2025119821349879, 'solar_health_factor': 1.0}",ANOMALOUS,"{'is_sunlight': True, 'orbit_fraction': 0.8937282229965157, 'solar_power_w': 805.1319435985015, 'load_power_w': 95.0, 'operating_mode': 'STANDBY', 'fault_active': True, 'active_faults': ['BATTERY_RESISTANCE_SPIKE'], 'dataset': 'ASTRA_SIMULATED_EPS'}"
10880.0,ASTRA-FLAGSHIP-01,EPS,32.90855044106863,-21.435650653950777,19.560624812527394,39.99802763210076,1.0,"{'soh': 0.999950690802519, 'internal_resistance_ohm': 0.2025119821349879, 'solar_health_factor': 1.0}",ANOMALOUS,"{'is_sunlight': True, 'orbit_fraction': 0.8954703832752613, 'solar_power_w': 805.2894801683316, 'load_power_w': 95.0, 'operating_mode': 'STANDBY', 'fault_active': True, 'active_faults': ['BATTERY_RESISTANCE_SPIKE'], 'dataset': 'ASTRA_SIMULATED_EPS'}"
10890.0,ASTRA-FLAGSHIP-01,EPS,32.7374317916158,-21.63407187898526,19.651253334028972,39.99802763210076,1.0,"{'soh': 0.999950690802519, 'internal_resistance_ohm': 0.2025119821349879, 'solar_health_factor': 1.0}",ANOMALOUS,"{'is_sunlight': True, 'orbit_fraction': 0.8972125435540069, 'solar_power_w': 805.4452010600055, 'load_power_w': 95.0, 'operating_mode': 'STANDBY', 'fault_active': True, 'active_faults': ['BATTERY_RESISTANCE_SPIKE'], 'dataset': 'ASTRA_SIMULATED_EPS'}"
10900.0,ASTRA-FLAGSHIP-01,EPS,32.76405512695571,-21.763914227714928,19.677348756636484,39.99802763210076,1.0,"{'soh': 0.999950690802519, 'internal_resistance_ohm': 0.2025119821349879, 'solar_health_factor': 1.0}",ANOMALOUS,"{'is_sunlight': True, 'orbit_fraction': 0.8989547038327527, 'solar_power_w': 805.5990608594767, 'load_power_w': 95.0, 'operating_mode': 'STANDBY', 'fault_active': True, 'active_faults': ['BATTERY_RESISTANCE_SPIKE'], 'dataset': 'ASTRA_SIMULATED_EPS'}"
10910.0,ASTRA-FLAGSHIP-01,EPS,32.91768812097081,-21.773476716814912,19.715361777898405,39.99802763210076,1.0,"{'soh': 0.999950690802519, 'internal_resistance_ohm': 0.2025119821349879, 'solar_health_factor': 1.0}",ANOMALOUS,"{'is_sunlight': True, 'orbit_fraction': 0.9006968641114983, 'solar_power_w': 805.751014706622, 'load_power_w': 95.0, 'operating_mode': 'STANDBY', 'fault_active': True, 'active_faults': ['BATTERY_RESISTANCE_SPIKE'], 'dataset': 'ASTRA_SIMULATED_EPS'}"
10920.0,ASTRA-FLAGSHIP-01,EPS,32.99133321651552,-21.65896683188916,19.665842625261018,39.99802763210076,1.0,"{'soh': 0.999950690802519, 'internal_resistance_ohm': 0.2025119821349879, 'solar_health_factor': 1.0}",ANOMALOUS,"{'is_sunlight': True, 'orbit_fraction': 0.9024390243902439, 'solar_power_w': 805.9010183081934, 'load_power_w': 95.0, 'operating_mode': 'STANDBY', 'fault_active': True, 'active_faults': ['BATTERY_RESISTANCE_SPIKE'], 'dataset': 'ASTRA_SIMULATED_EPS'}"
10930.0,ASTRA-FLAGSHIP-01,EPS,32.89028787716116,-21.776416270600464,19.677599338814705,39.99802763210076,1.0,"{'soh': 0.999950690802519, 'internal_resistance_ohm': 0.2025119821349879, 'solar_health_factor': 1.0}",ANOMALOUS,"{'is_sunlight': True, 'orbit_fraction': 0.9041811846689896, 'solar_power_w': 806.0490279505923, 'load_power_w': 95.0, 'operating_mode': 'STANDBY', 'fault_active': True, 'active_faults': ['BATTERY_RESISTANCE_SPIKE'], 'dataset': 'ASTRA_SIMULATED_EPS'}"
10940.0,ASTRA-FLAGSHIP-01,EPS,32.44643929595503,-21.58375128719667,19.612220176361458,39.99802763210076,1.0,"{'soh': 0.999950690802519, 'internal_resistance_ohm': 0.2025119821349879, 'solar_health_factor': 1.0}",ANOMALOUS,"{'is_sunlight': True, 'orbit_fraction': 0.9059233449477352, 'solar_power_w': 806.1950005124638, 'load_power_w': 95.0, 'operating_mode': 'STANDBY', 'fault_active': True, 'active_faults': ['BATTERY_RESISTANCE_SPIKE'], 'dataset': 'ASTRA_SIMULATED_EPS'}"
10950.0,ASTRA-FLAGSHIP-01,EPS,33.04598052039013,-21.72499030984658,19.6938707021537,39.99802763210076,1.0,"{'soh': 0.999950690802519, 'internal_resistance_ohm': 0.2025119821349879, 'solar_health_factor': 1.0}",ANOMALOUS,"{'is_sunlight': True, 'orbit_fraction': 0.9076655052264808, 'solar_power_w': 806.3388934771049, 'load_power_w': 95.0, 'operating_mode': 'STANDBY', 'fault_active': True, 'active_faults': ['BATTERY_RESISTANCE_SPIKE'], 'dataset': 'ASTRA_SIMULATED_EPS'}"
10960.0,ASTRA-FLAGSHIP-01,EPS,32.696477445669835,-21.72454531436877,19.789502074370994,39.99802763210076,1.0,"{'soh': 0.999950690802519, 'internal_resistance_ohm': 0.2025119821349879, 'solar_health_factor': 1.0}",ANOMALOUS,"{'is_sunlight': True, 'orbit_fraction': 0.9094076655052264, 'solar_power_w': 806.4806649446872, 'load_power_w': 95.0, 'operating_mode': 'STANDBY', 'fault_active': True, 'active_faults': ['BATTERY_RESISTANCE_SPIKE'], 'dataset': 'ASTRA_SIMULATED_EPS'}"
10970.0,ASTRA-FLAGSHIP-01,EPS,32.39143054362621,-21.55121025131255,19.749560479816374,39.99802763210076,1.0,"{'soh': 0.999950690802519, 'internal_resistance_ohm': 0.2025119821349879, 'solar_health_factor': 1.0}",ANOMALOUS,"{'is_sunlight': True, 'orbit_fraction': 0.9111498257839721, 'solar_power_w': 806.6202736442873, 'load_power_w': 95.0, 'operating_mode': 'STANDBY', 'fault_active': True, 'active_faults': ['BATTERY_RESISTANCE_SPIKE'], 'dataset': 'ASTRA_SIMULATED_EPS'}"
10980.0,ASTRA-FLAGSHIP-01,EPS,32.60147592437247,-21.82235994087951,19.830525198973003,39.99802763210076,1.0,"{'soh': 0.999950690802519, 'internal_resistance_ohm': 0.2025119821349879, 'solar_health_factor': 1.0}",ANOMALOUS,"{'is_sunlight': True, 'orbit_fraction': 0.9128919860627178, 'solar_power_w': 806.7576789457228, 'load_power_w': 95.0, 'operating_mode': 'STANDBY', 'fault_active': True, 'active_faults': ['BATTERY_RESISTANCE_SPIKE'], 'dataset': 'ASTRA_SIMULATED_EPS'}"
10990.0,ASTRA-FLAGSHIP-01,EPS,32.64436359314581,-21.83536201507653,19.817580059937196,39.99802763210076,1.0,"{'soh': 0.999950690802519, 'internal_resistance_ohm': 0.2025119821349879, 'solar_health_factor': 1.0}",ANOMALOUS,"{'is_sunlight': True, 'orbit_fraction': 0.9146341463414634, 'solar_power_w': 806.8928408711915, 'load_power_w': 95.0, 'operating_mode': 'STANDBY', 'fault_active': True, 'active_faults': ['BATTERY_RESISTANCE_SPIKE'], 'dataset': 'ASTRA_SIMULATED_EPS'}"
11000.0,ASTRA-FLAGSHIP-01,EPS,32.85494569506487,-21.81497677841455,19.785517010035008,39.99802763210076,1.0,"{'soh': 0.999950690802519, 'internal_resistance_ohm': 0.2025119821349879, 'solar_health_factor': 1.0}",ANOMALOUS,"{'is_sunlight': True, 'orbit_fraction': 0.9163763066202091, 'solar_power_w': 807.0257201067108, 'load_power_w': 95.0, 'operating_mode': 'STANDBY', 'fault_active': True, 'active_faults': ['BATTERY_RESISTANCE_SPIKE'], 'dataset': 'ASTRA_SIMULATED_EPS'}"
11010.0,ASTRA-FLAGSHIP-01,EPS,32.631203512447975,-21.58745111377175,19.84168848081173,39.99802763210076,1.0,"{'soh': 0.999950690802519, 'internal_resistance_ohm': 0.2025119821349879, 'solar_health_factor': 1.0}",ANOMALOUS,"{'is_sunlight': True, 'orbit_fraction': 0.9181184668989547, 'solar_power_w': 807.1562780133514, 'load_power_w': 95.0, 'operating_mode': 'STANDBY', 'fault_active': True, 'active_faults': ['BATTERY_RESISTANCE_SPIKE'], 'dataset': 'ASTRA_SIMULATED_EPS'}"
11020.0,ASTRA-FLAGSHIP-01,EPS,32.88667148281365,-21.675293368019943,19.89057635232459,39.99802763210076,1.0,"{'soh': 0.999950690802519, 'internal_resistance_ohm': 0.2025119821349879, 'solar_health_factor': 1.0}",ANOMALOUS,"{'is_sunlight': True, 'orbit_fraction': 0.9198606271777003, 'solar_power_w': 807.2844766382666, 'load_power_w': 95.0, 'operating_mode': 'STANDBY', 'fault_active': True, 'active_faults': ['BATTERY_RESISTANCE_SPIKE'], 'dataset': 'ASTRA_SIMULATED_EPS'}"
11030.0,ASTRA-FLAGSHIP-01,EPS,32.79937255698404,-21.85446912387937,19.838850596533288,39.99802763210076,1.0,"{'soh': 0.999950690802519, 'internal_resistance_ohm': 0.2025119821349879, 'solar_health_factor': 1.0}",ANOMALOUS,"{'is_sunlight': True, 'orbit_fraction': 0.921602787456446, 'solar_power_w': 807.4102787255107, 'load_power_w': 95.0, 'operating_mode': 'STANDBY', 'fault_active': True, 'active_faults': ['BATTERY_RESISTANCE_SPIKE'], 'dataset': 'ASTRA_SIMULATED_EPS'}"
11040.0,ASTRA-FLAGSHIP-01,EPS,33.14152970668077,-21.83926512893704,19.812126757487928,39.99802763210076,1.0,"{'soh': 0.999950690802519, 'internal_resistance_ohm': 0.2025119821349879, 'solar_health_factor': 1.0}",ANOMALOUS,"{'is_sunlight': True, 'orbit_fraction': 0.9233449477351916, 'solar_power_w': 807.5336477266457, 'load_power_w': 95.0, 'operating_mode': 'STANDBY', 'fault_active': True, 'active_faults': ['BATTERY_RESISTANCE_SPIKE'], 'dataset': 'ASTRA_SIMULATED_EPS'}"
11050.0,ASTRA-FLAGSHIP-01,EPS,32.867719949269684,-21.733780012877737,19.794870850414902,39.99802763210076,1.0,"{'soh': 0.999950690802519, 'internal_resistance_ohm': 0.2025119821349879, 'solar_health_factor': 1.0}",ANOMALOUS,"{'is_sunlight': True, 'orbit_fraction': 0.9250871080139372, 'solar_power_w': 807.6545478111334, 'load_power_w': 95.0, 'operating_mode': 'STANDBY', 'fault_active': True, 'active_faults': ['BATTERY_RESISTANCE_SPIKE'], 'dataset': 'ASTRA_SIMULATED_EPS'}"
11060.0,ASTRA-FLAGSHIP-01,EPS,32.98340545585112,-21.467576767131366,19.86754197297314,39.99802763210076,1.0,"{'soh': 0.999950690802519, 'internal_resistance_ohm': 0.2025119821349879, 'solar_health_factor': 1.0}",ANOMALOUS,"{'is_sunlight': True, 'orbit_fraction': 0.926829268292683, 'solar_power_w': 807.7729438765094, 'load_power_w': 95.0, 'operating_mode': 'STANDBY', 'fault_active': True, 'active_faults': ['BATTERY_RESISTANCE_SPIKE'], 'dataset': 'ASTRA_SIMULATED_EPS'}"
11070.0,ASTRA-FLAGSHIP-01,EPS,32.65115940259624,-21.91087287754069,19.884346904682946,39.99802763210076,1.0,"{'soh': 0.999950690802519, 'internal_resistance_ohm': 0.2025119821349879, 'solar_health_factor': 1.0}",ANOMALOUS,"{'is_sunlight': True, 'orbit_fraction': 0.9285714285714286, 'solar_power_w': 807.8888015583358, 'load_power_w': 95.0, 'operating_mode': 'STANDBY', 'fault_active': True, 'active_faults': ['BATTERY_RESISTANCE_SPIKE'], 'dataset': 'ASTRA_SIMULATED_EPS'}"
11080.0,ASTRA-FLAGSHIP-01,EPS,32.98045670351721,-21.684227843687967,19.88500405196095,39.99802763210076,1.0,"{'soh': 0.999950690802519, 'internal_resistance_ohm': 0.2025119821349879, 'solar_health_factor': 1.0}",ANOMALOUS,"{'is_sunlight': True, 'orbit_fraction': 0.9303135888501742, 'solar_power_w': 808.0020872399336, 'load_power_w': 95.0, 'operating_mode': 'STANDBY', 'fault_active': True, 'active_faults': ['BATTERY_RESISTANCE_SPIKE'], 'dataset': 'ASTRA_SIMULATED_EPS'}"
11090.0,ASTRA-FLAGSHIP-01,EPS,32.70278514460264,-21.865812611342182,19.940501479005786,39.99802763210076,1.0,"{'soh': 0.999950690802519, 'internal_resistance_ohm': 0.2025119821349879, 'solar_health_factor': 1.0}",ANOMALOUS,"{'is_sunlight': True, 'orbit_fraction': 0.9320557491289199, 'solar_power_w': 808.1127680618871, 'load_power_w': 95.0, 'operating_mode': 'STANDBY', 'fault_active': True, 'active_faults': ['BATTERY_RESISTANCE_SPIKE'], 'dataset': 'ASTRA_SIMULATED_EPS'}"
11100.0,ASTRA-FLAGSHIP-01,EPS,32.949279912626594,-21.92070630470188,19.991859157831403,39.99802763210076,1.0,"{'soh': 0.999950690802519, 'internal_resistance_ohm': 0.2025119821349879, 'solar_health_factor': 1.0}",ANOMALOUS,"{'is_sunlight': True, 'orbit_fraction': 0.9337979094076655, 'solar_power_w': 808.2208119313226, 'load_power_w': 95.0, 'operating_mode': 'STANDBY', 'fault_active': True, 'active_faults': ['BATTERY_RESISTANCE_SPIKE'], 'dataset': 'ASTRA_SIMULATED_EPS'}"
11110.0,ASTRA-FLAGSHIP-01,EPS,32.89357002528586,-21.58894072387439,19.85882784227432,39.99802763210076,1.0,"{'soh': 0.999950690802519, 'internal_resistance_ohm': 0.2025119821349879, 'solar_health_factor': 1.0}",ANOMALOUS,"{'is_sunlight': True, 'orbit_fraction': 0.9355400696864111, 'solar_power_w': 808.326187530956, 'load_power_w': 95.0, 'operating_mode': 'STANDBY', 'fault_active': True, 'active_faults': ['BATTERY_RESISTANCE_SPIKE'], 'dataset': 'ASTRA_SIMULATED_EPS'}"
11120.0,ASTRA-FLAGSHIP-01,EPS,32.57543277048543,-21.76820818341754,19.964604293097473,39.99802763210076,1.0,"{'soh': 0.999950690802519, 'internal_resistance_ohm': 0.2025119821349879, 'solar_health_factor': 1.0}",ANOMALOUS,"{'is_sunlight': True, 'orbit_fraction': 0.9372822299651568, 'solar_power_w': 808.4288643279089, 'load_power_w': 95.0, 'operating_mode': 'STANDBY', 'fault_active': True, 'active_faults': ['BATTERY_RESISTANCE_SPIKE'], 'dataset': 'ASTRA_SIMULATED_EPS'}"
11130.0,ASTRA-FLAGSHIP-01,EPS,33.09402199981537,-21.673977551070223,19.94082576772077,39.99802763210076,1.0,"{'soh': 0.999950690802519, 'internal_resistance_ohm': 0.2025119821349879, 'solar_health_factor': 1.0}",ANOMALOUS,"{'is_sunlight': True, 'orbit_fraction': 0.9390243902439024, 'solar_power_w': 808.5288125822891, 'load_power_w': 95.0, 'operating_mode': 'STANDBY', 'fault_active': True, 'active_faults': ['BATTERY_RESISTANCE_SPIKE'], 'dataset': 'ASTRA_SIMULATED_EPS'}"
11140.0,ASTRA-FLAGSHIP-01,EPS,32.63110240428337,-21.617315135615677,19.91818333405634,39.99802763210076,1.0,"{'soh': 0.999950690802519, 'internal_resistance_ohm': 0.2025119821349879, 'solar_health_factor': 1.0}",ANOMALOUS,"{'is_sunlight': True, 'orbit_fraction': 0.9407665505226481, 'solar_power_w': 808.6260033555377, 'load_power_w': 95.0, 'operating_mode': 'STANDBY', 'fault_active': True, 'active_faults': ['BATTERY_RESISTANCE_SPIKE'], 'dataset': 'ASTRA_SIMULATED_EPS'}"
11150.0,ASTRA-FLAGSHIP-01,EPS,33.06648815136909,-21.792513870323294,20.059370592693853,39.99802763210076,1.0,"{'soh': 0.999950690802519, 'internal_resistance_ohm': 0.2025119821349879, 'solar_health_factor': 1.0}",ANOMALOUS,"{'is_sunlight': True, 'orbit_fraction': 0.9425087108013938, 'solar_power_w': 808.7204085185335, 'load_power_w': 95.0, 'operating_mode': 'STANDBY', 'fault_active': True, 'active_faults': ['BATTERY_RESISTANCE_SPIKE'], 'dataset': 'ASTRA_SIMULATED_EPS'}"
11160.0,ASTRA-FLAGSHIP-01,EPS,32.91076677463113,-21.778535281056666,19.967258759834152,39.99802763210076,1.0,"{'soh': 0.999950690802519, 'internal_resistance_ohm': 0.2025119821349879, 'solar_health_factor': 1.0}",ANOMALOUS,"{'is_sunlight': True, 'orbit_fraction': 0.9442508710801394, 'solar_power_w': 808.8120007594612, 'load_power_w': 95.0, 'operating_mode': 'STANDBY', 'fault_active': True, 'active_faults': ['BATTERY_RESISTANCE_SPIKE'], 'dataset': 'ASTRA_SIMULATED_EPS'}"
11170.0,ASTRA-FLAGSHIP-01,EPS,32.74351608832166,-21.716894567267815,20.010437793693878,39.99802763210076,1.0,"{'soh': 0.999950690802519, 'internal_resistance_ohm': 0.2025119821349879, 'solar_health_factor': 1.0}",ANOMALOUS,"{'is_sunlight': True, 'orbit_fraction': 0.945993031358885, 'solar_power_w': 808.9007535914337, 'load_power_w': 95.0, 'operating_mode': 'STANDBY', 'fault_active': True, 'active_faults': ['BATTERY_RESISTANCE_SPIKE'], 'dataset': 'ASTRA_SIMULATED_EPS'}"
11180.0,ASTRA-FLAGSHIP-01,EPS,32.70204063764736,-21.78712338183216,20.023824607118595,39.99802763210076,1.0,"{'soh': 0.999950690802519, 'internal_resistance_ohm': 0.2025119821349879, 'solar_health_factor': 1.0}",ANOMALOUS,"{'is_sunlight': True, 'orbit_fraction': 0.9477351916376306, 'solar_power_w': 808.9866413598734, 'load_power_w': 95.0, 'operating_mode': 'STANDBY', 'fault_active': True, 'active_faults': ['BATTERY_RESISTANCE_SPIKE'], 'dataset': 'ASTRA_SIMULATED_EPS'}"
11190.0,ASTRA-FLAGSHIP-01,EPS,32.4503177376763,-21.718633880007282,19.984189972381774,39.99802763210076,1.0,"{'soh': 0.999950690802519, 'internal_resistance_ohm': 0.2025119821349879, 'solar_health_factor': 1.0}",ANOMALOUS,"{'is_sunlight': True, 'orbit_fraction': 0.9494773519163763, 'solar_power_w': 809.0696392496468, 'load_power_w': 95.0, 'operating_mode': 'STANDBY', 'fault_active': True, 'active_faults': ['BATTERY_RESISTANCE_SPIKE'], 'dataset': 'ASTRA_SIMULATED_EPS'}"
11200.0,ASTRA-FLAGSHIP-01,EPS,32.610280805869856,-21.96537126486228,19.956726272634572,39.99802763210076,1.0,"{'soh': 0.999950690802519, 'internal_resistance_ohm': 0.2025119821349879, 'solar_health_factor': 1.0}",ANOMALOUS,"{'is_sunlight': True, 'orbit_fraction': 0.9512195121951219, 'solar_power_w': 809.1497232919502, 'load_power_w': 95.0, 'operating_mode': 'STANDBY', 'fault_active': True, 'active_faults': ['BATTERY_RESISTANCE_SPIKE'], 'dataset': 'ASTRA_SIMULATED_EPS'}"
11210.0,ASTRA-FLAGSHIP-01,EPS,32.5771345115783,-21.85633372400701,20.157293398677552,39.99802763210076,1.0,"{'soh': 0.999950690802519, 'internal_resistance_ohm': 0.2025119821349879, 'solar_health_factor': 1.0}",ANOMALOUS,"{'is_sunlight': True, 'orbit_fraction': 0.9529616724738676, 'solar_power_w': 809.2268703709495, 'load_power_w': 95.0, 'operating_mode': 'STANDBY', 'fault_active': True, 'active_faults': ['BATTERY_RESISTANCE_SPIKE'], 'dataset': 'ASTRA_SIMULATED_EPS'}"
11220.0,ASTRA-FLAGSHIP-01,EPS,32.71318124607988,-21.75760989932854,20.092828829948406,39.99802763210076,1.0,"{'soh': 0.999950690802519, 'internal_resistance_ohm': 0.2025119821349879, 'solar_health_factor': 1.0}",ANOMALOUS,"{'is_sunlight': True, 'orbit_fraction': 0.9547038327526133, 'solar_power_w': 809.3010582301674, 'load_power_w': 95.0, 'operating_mode': 'STANDBY', 'fault_active': True, 'active_faults': ['BATTERY_RESISTANCE_SPIKE'], 'dataset': 'ASTRA_SIMULATED_EPS'}"
11230.0,ASTRA-FLAGSHIP-01,EPS,32.82091831145959,-21.788845539503047,20.026179259748133,39.99802763210076,1.0,"{'soh': 0.999950690802519, 'internal_resistance_ohm': 0.2025119821349879, 'solar_health_factor': 1.0}",ANOMALOUS,"{'is_sunlight': True, 'orbit_fraction': 0.9564459930313589, 'solar_power_w': 809.3722654786192, 'load_power_w': 95.0, 'operating_mode': 'STANDBY', 'fault_active': True, 'active_faults': ['BATTERY_RESISTANCE_SPIKE'], 'dataset': 'ASTRA_SIMULATED_EPS'}"
11240.0,ASTRA-FLAGSHIP-01,EPS,33.03737193762375,-21.576245499765403,20.01491516269415,39.99802763210076,1.0,"{'soh': 0.999950690802519, 'internal_resistance_ohm': 0.2025119821349879, 'solar_health_factor': 1.0}",ANOMALOUS,"{'is_sunlight': True, 'orbit_fraction': 0.9581881533101045, 'solar_power_w': 809.4404715966965, 'load_power_w': 95.0, 'operating_mode': 'STANDBY', 'fault_active': True, 'active_faults': ['BATTERY_RESISTANCE_SPIKE'], 'dataset': 'ASTRA_SIMULATED_EPS'}"
11250.0,ASTRA-FLAGSHIP-01,EPS,32.63148625869421,-21.815967726437258,20.063890412728373,39.99802763210076,1.0,"{'soh': 0.999950690802519, 'internal_resistance_ohm': 0.2025119821349879, 'solar_health_factor': 1.0}",ANOMALOUS,"{'is_sunlight': True, 'orbit_fraction': 0.9599303135888502, 'solar_power_w': 809.5056569417961, 'load_power_w': 95.0, 'operating_mode': 'STANDBY', 'fault_active': True, 'active_faults': ['BATTERY_RESISTANCE_SPIKE'], 'dataset': 'ASTRA_SIMULATED_EPS'}"
11260.0,ASTRA-FLAGSHIP-01,EPS,32.88240089197088,-21.868958328966063,20.233404459724284,39.99802763210076,1.0,"{'soh': 0.999950690802519, 'internal_resistance_ohm': 0.2025119821349879, 'solar_health_factor': 1.0}",ANOMALOUS,"{'is_sunlight': True, 'orbit_fraction': 0.9616724738675958, 'solar_power_w': 809.5678027536919, 'load_power_w': 95.0, 'operating_mode': 'STANDBY', 'fault_active': True, 'active_faults': ['BATTERY_RESISTANCE_SPIKE'], 'dataset': 'ASTRA_SIMULATED_EPS'}"
11270.0,ASTRA-FLAGSHIP-01,EPS,32.9946705390718,-21.763567374617494,20.18950056508305,39.99802763210076,1.0,"{'soh': 0.999950690802519, 'internal_resistance_ohm': 0.2025119821349879, 'solar_health_factor': 1.0}",ANOMALOUS,"{'is_sunlight': True, 'orbit_fraction': 0.9634146341463414, 'solar_power_w': 809.6268911596534, 'load_power_w': 95.0, 'operating_mode': 'STANDBY', 'fault_active': True, 'active_faults': ['BATTERY_RESISTANCE_SPIKE'], 'dataset': 'ASTRA_SIMULATED_EPS'}"
11280.0,ASTRA-FLAGSHIP-01,EPS,32.98078848298146,-21.853756002667854,20.110305319684855,39.99802763210076,1.0,"{'soh': 0.999950690802519, 'internal_resistance_ohm': 0.2025119821349879, 'solar_health_factor': 1.0}",ANOMALOUS,"{'is_sunlight': True, 'orbit_fraction': 0.9651567944250871, 'solar_power_w': 809.682905179303, 'load_power_w': 95.0, 'operating_mode': 'STANDBY', 'fault_active': True, 'active_faults': ['BATTERY_RESISTANCE_SPIKE'], 'dataset': 'ASTRA_SIMULATED_EPS'}"
11290.0,ASTRA-FLAGSHIP-01,EPS,32.81223923566336,-21.692920945006104,20.170999558692856,39.99802763210076,1.0,"{'soh': 0.999950690802519, 'internal_resistance_ohm': 0.2025119821349879, 'solar_health_factor': 1.0}",ANOMALOUS,"{'is_sunlight': True, 'orbit_fraction': 0.9668989547038328, 'solar_power_w': 809.7358287292174, 'load_power_w': 95.0, 'operating_mode': 'STANDBY', 'fault_active': True, 'active_faults': ['BATTERY_RESISTANCE_SPIKE'], 'dataset': 'ASTRA_SIMULATED_EPS'}"
11300.0,ASTRA-FLAGSHIP-01,EPS,32.540801117072235,-21.88412041948295,20.173243771477107,39.99802763210076,1.0,"{'soh': 0.999950690802519, 'internal_resistance_ohm': 0.2025119821349879, 'solar_health_factor': 1.0}",ANOMALOUS,"{'is_sunlight': True, 'orbit_fraction': 0.9686411149825784, 'solar_power_w': 809.7856466272685, 'load_power_w': 95.0, 'operating_mode': 'STANDBY', 'fault_active': True, 'active_faults': ['BATTERY_RESISTANCE_SPIKE'], 'dataset': 'ASTRA_SIMULATED_EPS'}"
11310.0,ASTRA-FLAGSHIP-01,EPS,32.7870150571971,-21.56924062599826,20.120504504431125,39.99802763210076,1.0,"{'soh': 0.999950690802519, 'internal_resistance_ohm': 0.2025119821349879, 'solar_health_factor': 1.0}",ANOMALOUS,"{'is_sunlight': True, 'orbit_fraction': 0.9703832752613241, 'solar_power_w': 809.8323445967028, 'load_power_w': 95.0, 'operating_mode': 'STANDBY', 'fault_active': True, 'active_faults': ['BATTERY_RESISTANCE_SPIKE'], 'dataset': 'ASTRA_SIMULATED_EPS'}"
11320.0,ASTRA-FLAGSHIP-01,EPS,32.882339177948985,-21.625655487336697,20.316203578418076,39.99802763210076,1.0,"{'soh': 0.999950690802519, 'internal_resistance_ohm': 0.2025119821349879, 'solar_health_factor': 1.0}",ANOMALOUS,"{'is_sunlight': True, 'orbit_fraction': 0.9721254355400697, 'solar_power_w': 809.8759092699619, 'load_power_w': 95.0, 'operating_mode': 'STANDBY', 'fault_active': True, 'active_faults': ['BATTERY_RESISTANCE_SPIKE'], 'dataset': 'ASTRA_SIMULATED_EPS'}"
11330.0,ASTRA-FLAGSHIP-01,EPS,32.73310398565466,-21.740597655398386,20.24391209276381,39.99802763210076,1.0,"{'soh': 0.999950690802519, 'internal_resistance_ohm': 0.2025119821349879, 'solar_health_factor': 1.0}",ANOMALOUS,"{'is_sunlight': True, 'orbit_fraction': 0.9738675958188153, 'solar_power_w': 809.9163281922397, 'load_power_w': 95.0, 'operating_mode': 'STANDBY', 'fault_active': True, 'active_faults': ['BATTERY_RESISTANCE_SPIKE'], 'dataset': 'ASTRA_SIMULATED_EPS'}"
11340.0,ASTRA-FLAGSHIP-01,EPS,32.83148243937477,-21.809015574345334,20.24998171351247,39.99802763210076,1.0,"{'soh': 0.999950690802519, 'internal_resistance_ohm': 0.2025119821349879, 'solar_health_factor': 1.0}",ANOMALOUS,"{'is_sunlight': True, 'orbit_fraction': 0.975609756097561, 'solar_power_w': 809.9535898247783, 'load_power_w': 95.0, 'operating_mode': 'STANDBY', 'fault_active': True, 'active_faults': ['BATTERY_RESISTANCE_SPIKE'], 'dataset': 'ASTRA_SIMULATED_EPS'}"
11350.0,ASTRA-FLAGSHIP-01,EPS,32.38414293330208,-21.721036007440116,20.247216684703133,39.99802763210076,1.0,"{'soh': 0.999950690802519, 'internal_resistance_ohm': 0.2025119821349879, 'solar_health_factor': 1.0}",ANOMALOUS,"{'is_sunlight': True, 'orbit_fraction': 0.9773519163763066, 'solar_power_w': 809.9876835479001, 'load_power_w': 95.0, 'operating_mode': 'STANDBY', 'fault_active': True, 'active_faults': ['BATTERY_RESISTANCE_SPIKE'], 'dataset': 'ASTRA_SIMULATED_EPS'}"
11360.0,ASTRA-FLAGSHIP-01,EPS,32.76293875604685,-21.56639084542953,20.219852001141785,39.99802763210076,1.0,"{'soh': 0.999950690802519, 'internal_resistance_ohm': 0.2025119821349879, 'solar_health_factor': 1.0}",ANOMALOUS,"{'is_sunlight': True, 'orbit_fraction': 0.9790940766550522, 'solar_power_w': 810.018599663777, 'load_power_w': 95.0, 'operating_mode': 'STANDBY', 'fault_active': True, 'active_faults': ['BATTERY_RESISTANCE_SPIKE'], 'dataset': 'ASTRA_SIMULATED_EPS'}"
11370.0,ASTRA-FLAGSHIP-01,EPS,32.73332069704442,-21.573532999698404,20.2246527069666,39.99802763210076,1.0,"{'soh': 0.999950690802519, 'internal_resistance_ohm': 0.2025119821349879, 'solar_health_factor': 1.0}",ANOMALOUS,"{'is_sunlight': True, 'orbit_fraction': 0.980836236933798, 'solar_power_w': 810.0463293989358, 'load_power_w': 95.0, 'operating_mode': 'STANDBY', 'fault_active': True, 'active_faults': ['BATTERY_RESISTANCE_SPIKE'], 'dataset': 'ASTRA_SIMULATED_EPS'}"
11380.0,ASTRA-FLAGSHIP-01,EPS,32.709206676323845,-21.818085728308432,20.32091581425635,39.99802763210076,1.0,"{'soh': 0.999950690802519, 'internal_resistance_ohm': 0.2025119821349879, 'solar_health_factor': 1.0}",ANOMALOUS,"{'is_sunlight': True, 'orbit_fraction': 0.9825783972125436, 'solar_power_w': 810.0708649065, 'load_power_w': 95.0, 'operating_mode': 'STANDBY', 'fault_active': True, 'active_faults': ['BATTERY_RESISTANCE_SPIKE'], 'dataset': 'ASTRA_SIMULATED_EPS'}"
11390.0,ASTRA-FLAGSHIP-01,EPS,32.83350301112203,-21.949346355878486,20.264860317753115,39.99802763210076,1.0,"{'soh': 0.999950690802519, 'internal_resistance_ohm': 0.2025119821349879, 'solar_health_factor': 1.0}",ANOMALOUS,"{'is_sunlight': True, 'orbit_fraction': 0.9843205574912892, 'solar_power_w': 810.0921992681667, 'load_power_w': 95.0, 'operating_mode': 'STANDBY', 'fault_active': True, 'active_faults': ['BATTERY_RESISTANCE_SPIKE'], 'dataset': 'ASTRA_SIMULATED_EPS'}"
11400.0,ASTRA-FLAGSHIP-01,EPS,32.69981962052785,-21.811331150034395,20.325317012185206,39.99802763210076,1.0,"{'soh': 0.999950690802519, 'internal_resistance_ohm': 0.2025119821349879, 'solar_health_factor': 1.0}",ANOMALOUS,"{'is_sunlight': True, 'orbit_fraction': 0.9860627177700348, 'solar_power_w': 810.110326495919, 'load_power_w': 95.0, 'operating_mode': 'STANDBY', 'fault_active': True, 'active_faults': ['BATTERY_RESISTANCE_SPIKE'], 'dataset': 'ASTRA_SIMULATED_EPS'}"
11410.0,ASTRA-FLAGSHIP-01,EPS,32.86800853791867,-22.00547352766202,20.36974447908708,39.99802763210076,1.0,"{'soh': 0.999950690802519, 'internal_resistance_ohm': 0.2025119821349879, 'solar_health_factor': 1.0}",ANOMALOUS,"{'is_sunlight': True, 'orbit_fraction': 0.9878048780487805, 'solar_power_w': 810.1252415334747, 'load_power_w': 95.0, 'operating_mode': 'STANDBY', 'fault_active': True, 'active_faults': ['BATTERY_RESISTANCE_SPIKE'], 'dataset': 'ASTRA_SIMULATED_EPS'}"
11420.0,ASTRA-FLAGSHIP-01,EPS,32.840844561732126,-21.645478620690835,20.35124655292768,39.99802763210076,1.0,"{'soh': 0.999950690802519, 'internal_resistance_ohm': 0.2025119821349879, 'solar_health_factor': 1.0}",ANOMALOUS,"{'is_sunlight': True, 'orbit_fraction': 0.9895470383275261, 'solar_power_w': 810.1369402574683, 'load_power_w': 95.0, 'operating_mode': 'STANDBY', 'fault_active': True, 'active_faults': ['BATTERY_RESISTANCE_SPIKE'], 'dataset': 'ASTRA_SIMULATED_EPS'}"
11430.0,ASTRA-FLAGSHIP-01,EPS,32.980037791638665,-21.750402345897157,20.408803826675783,39.99802763210076,1.0,"{'soh': 0.999950690802519, 'internal_resistance_ohm': 0.2025119821349879, 'solar_health_factor': 1.0}",ANOMALOUS,"{'is_sunlight': True, 'orbit_fraction': 0.9912891986062717, 'solar_power_w': 810.1454194783722, 'load_power_w': 95.0, 'operating_mode': 'STANDBY', 'fault_active': True, 'active_faults': ['BATTERY_RESISTANCE_SPIKE'], 'dataset': 'ASTRA_SIMULATED_EPS'}"
11440.0,ASTRA-FLAGSHIP-01,EPS,32.88507159860986,-21.814921370832472,20.467536961451014,39.99802763210076,1.0,"{'soh': 0.999950690802519, 'internal_resistance_ohm': 0.2025119821349879, 'solar_health_factor': 1.0}",ANOMALOUS,"{'is_sunlight': True, 'orbit_fraction': 0.9930313588850174, 'solar_power_w': 810.150676941149, 'load_power_w': 95.0, 'operating_mode': 'STANDBY', 'fault_active': True, 'active_faults': ['BATTERY_RESISTANCE_SPIKE'], 'dataset': 'ASTRA_SIMULATED_EPS'}"
11450.0,ASTRA-FLAGSHIP-01,EPS,32.94522352600882,-21.738401398041617,20.30248956400061,39.99802763210076,1.0,"{'soh': 0.999950690802519, 'internal_resistance_ohm': 0.2025119821349879, 'solar_health_factor': 1.0}",ANOMALOUS,"{'is_sunlight': True, 'orbit_fraction': 0.9947735191637631, 'solar_power_w': 810.1527113256415, 'load_power_w': 95.0, 'operating_mode': 'STANDBY', 'fault_active': True, 'active_faults': ['BATTERY_RESISTANCE_SPIKE'], 'dataset': 'ASTRA_SIMULATED_EPS'}"
11460.0,ASTRA-FLAGSHIP-01,EPS,32.588145259461285,-21.77040786364202,20.38593736528973,39.99802763210076,1.0,"{'soh': 0.999950690802519, 'internal_resistance_ohm': 0.2025119821349879, 'solar_health_factor': 1.0}",ANOMALOUS,"{'is_sunlight': True, 'orbit_fraction': 0.9965156794425087, 'solar_power_w': 810.1515222466994, 'load_power_w': 95.0, 'operating_mode': 'STANDBY', 'fault_active': True, 'active_faults': ['BATTERY_RESISTANCE_SPIKE'], 'dataset': 'ASTRA_SIMULATED_EPS'}"
11470.0,ASTRA-FLAGSHIP-01,EPS,32.698709666405556,-9.556874681399124,20.470416221655764,39.99802763210076,1.0,"{'soh': 0.999950690802519, 'internal_resistance_ohm': 0.2025119821349879, 'solar_health_factor': 1.0}",ANOMALOUS,"{'is_sunlight': True, 'orbit_fraction': 0.9982578397212544, 'solar_power_w': 408.7042398844769, 'load_power_w': 95.0, 'operating_mode': 'STANDBY', 'fault_active': True, 'active_faults': ['BATTERY_RESISTANCE_SPIKE'], 'dataset': 'ASTRA_SIMULATED_EPS'}"
11480.0,ASTRA-FLAGSHIP-01,EPS,32.31375270188282,2.874163243019512,20.281487705355488,39.99802763210076,0.9997988517254961,"{'soh': 0.999950690802519, 'internal_resistance_ohm': 0.2025119821349879, 'solar_health_factor': 1.0}",ANOMALOUS,"{'is_sunlight': False, 'orbit_fraction': 0.0, 'solar_power_w': 0.0, 'load_power_w': 95.0, 'operating_mode': 'STANDBY', 'fault_active': True, 'active_faults': ['BATTERY_RESISTANCE_SPIKE'], 'dataset': 'ASTRA_SIMULATED_EPS'}"
11490.0,ASTRA-FLAGSHIP-01,EPS,32.062452803782364,2.8888905221755383,20.16276616781586,39.99802602299391,0.9995976998698226,"{'soh': 0.9999506505748478, 'internal_resistance_ohm': 0.202511991910312, 'solar_health_factor': 1.0}",ANOMALOUS,"{'is_sunlight': False, 'orbit_fraction': 0.0017421602787456446, 'solar_power_w': 0.0, 'load_power_w': 95.0, 'operating_mode': 'STANDBY', 'fault_active': True, 'active_faults': ['BATTERY_RESISTANCE_SPIKE'], 'dataset': 'ASTRA_SIMULATED_EPS'}"
11500.0,ASTRA-FLAGSHIP-01,EPS,32.10693933427185,2.87209263620856,20.073759978159394,39.99802441385848,0.9993965408999005,"{'soh': 0.999950610346462, 'internal_resistance_ohm': 0.20251200168580977, 'solar_health_factor': 1.0}",ANOMALOUS,"{'is_sunlight': False, 'orbit_fraction': 0.003484320557491289, 'solar_power_w': 0.0, 'load_power_w': 95.0, 'operating_mode': 'STANDBY', 'fault_active': True, 'active_faults': ['BATTERY_RESISTANCE_SPIKE'], 'dataset': 'ASTRA_SIMULATED_EPS'}"
11510.0,ASTRA-FLAGSHIP-01,EPS,32.08666549284714,2.839573277729871,20.079799987049896,39.9980228046662,0.9991953748148947,"{'soh': 0.999950570116655, 'internal_resistance_ohm': 0.20251201146165282, 'solar_health_factor': 1.0}",ANOMALOUS,"{'is_sunlight': False, 'orbit_fraction': 0.005226480836236934, 'solar_power_w': 0.0, 'load_power_w': 95.0, 'operating_mode': 'STANDBY', 'fault_active': True, 'active_faults': ['BATTERY_RESISTANCE_SPIKE'], 'dataset': 'ASTRA_SIMULATED_EPS'}"
11520.0,ASTRA-FLAGSHIP-01,EPS,32.34609348568468,2.889419032916955,19.875411851787575,39.99802119541707,0.9989942016139695,"{'soh': 0.9999505298854268, 'internal_resistance_ohm': 0.20251202123784132, 'solar_health_factor': 1.0}",ANOMALOUS,"{'is_sunlight': False, 'orbit_fraction': 0.006968641114982578, 'solar_power_w': 0.0, 'load_power_w': 95.0, 'operating_mode': 'STANDBY', 'fault_active': True, 'active_faults': ['BATTERY_RESISTANCE_SPIKE'], 'dataset': 'ASTRA_SIMULATED_EPS'}"
11530.0,ASTRA-FLAGSHIP-01,EPS,31.97747921509745,2.9298930584367517,19.86696203373911,39.99801958611108,0.9987930212962882,"{'soh': 0.999950489652777, 'internal_resistance_ohm': 0.20251203101437518, 'solar_health_factor': 1.0}",ANOMALOUS,"{'is_sunlight': False, 'orbit_fraction': 0.008710801393728223, 'solar_power_w': 0.0, 'load_power_w': 95.0, 'operating_mode': 'STANDBY', 'fault_active': True, 'active_faults': ['BATTERY_RESISTANCE_SPIKE'], 'dataset': 'ASTRA_SIMULATED_EPS'}"
11540.0,ASTRA-FLAGSHIP-01,EPS,32.18676972485466,2.9168987819556738,19.678791477949613,39.99801797674822,0.9985918338610136,"{'soh': 0.9999504494187056, 'internal_resistance_ohm': 0.2025120407912545, 'solar_health_factor': 1.0}",ANOMALOUS,"{'is_sunlight': False, 'orbit_fraction': 0.010452961672473868, 'solar_power_w': 0.0, 'load_power_w': 95.0, 'operating_mode': 'STANDBY', 'fault_active': True, 'active_faults': ['BATTERY_RESISTANCE_SPIKE'], 'dataset': 'ASTRA_SIMULATED_EPS'}"
11550.0,ASTRA-FLAGSHIP-01,EPS,31.942870754644044,2.8890334012131444,19.574851408764307,39.99801636732849,0.9983906393073073,"{'soh': 0.9999504091832123, 'internal_resistance_ohm': 0.20251205056847937, 'solar_health_factor': 1.0}",ANOMALOUS,"{'is_sunlight': False, 'orbit_fraction': 0.012195121951219513, 'solar_power_w': 0.0, 'load_power_w': 95.0, 'operating_mode': 'STANDBY', 'fault_active': True, 'active_faults': ['BATTERY_RESISTANCE_SPIKE'], 'dataset': 'ASTRA_SIMULATED_EPS'}"
11560.0,ASTRA-FLAGSHIP-01,EPS,32.081421327444055,2.8928996602556705,19.46220686389723,39.998014757851884,0.9981894376343305,"{'soh': 0.9999503689462971, 'internal_resistance_ohm': 0.2025120603460498, 'solar_health_factor': 1.0}",ANOMALOUS,"{'is_sunlight': False, 'orbit_fraction': 0.013937282229965157, 'solar_power_w': 0.0, 'load_power_w': 95.0, 'operating_mode': 'STANDBY', 'fault_active': True, 'active_faults': ['BATTERY_RESISTANCE_SPIKE'], 'dataset': 'ASTRA_SIMULATED_EPS'}"
11570.0,ASTRA-FLAGSHIP-01,EPS,32.138580985711755,2.8982810278537996,19.31255830235808,39.998013148318385,0.9979882288412434,"{'soh': 0.9999503287079596, 'internal_resistance_ohm': 0.2025120701239658, 'solar_health_factor': 1.0}",ANOMALOUS,"{'is_sunlight': False, 'orbit_fraction': 0.0156794425087108, 'solar_power_w': 0.0, 'load_power_w': 95.0, 'operating_mode': 'STANDBY', 'fault_active': True, 'active_faults': ['BATTERY_RESISTANCE_SPIKE'], 'dataset': 'ASTRA_SIMULATED_EPS'}"
11580.0,ASTRA-FLAGSHIP-01,EPS,32.033723406574445,2.8723326529579607,19.313577214954613,39.998011538727994,0.9977870129272054,"{'soh': 0.9999502884681999, 'internal_resistance_ohm': 0.20251207990222742, 'solar_health_factor': 1.0}",ANOMALOUS,"{'is_sunlight': False, 'orbit_fraction': 0.017421602787456445, 'solar_power_w': 0.0, 'load_power_w': 95.0, 'operating_mode': 'STANDBY', 'fault_active': True, 'active_faults': ['BATTERY_RESISTANCE_SPIKE'], 'dataset': 'ASTRA_SIMULATED_EPS'}"
11590.0,ASTRA-FLAGSHIP-01,EPS,31.808187518217007,2.9199479593071422,19.23338462110867,39.9980099290807,0.9975857898913751,"{'soh': 0.9999502482270176, 'internal_resistance_ohm': 0.20251208968083467, 'solar_health_factor': 1.0}",ANOMALOUS,"{'is_sunlight': False, 'orbit_fraction': 0.01916376306620209, 'solar_power_w': 0.0, 'load_power_w': 95.0, 'operating_mode': 'STANDBY', 'fault_active': True, 'active_faults': ['BATTERY_RESISTANCE_SPIKE'], 'dataset': 'ASTRA_SIMULATED_EPS'}"
11600.0,ASTRA-FLAGSHIP-01,EPS,32.09593315559365,2.8468404537735665,19.045662198069213,39.99800831937651,0.9973845597329105,"{'soh': 0.9999502079844127, 'internal_resistance_ohm': 0.2025120994597877, 'solar_health_factor': 1.0}",ANOMALOUS,"{'is_sunlight': False, 'orbit_fraction': 0.020905923344947737, 'solar_power_w': 0.0, 'load_power_w': 95.0, 'operating_mode': 'STANDBY', 'fault_active': True, 'active_faults': ['BATTERY_RESISTANCE_SPIKE'], 'dataset': 'ASTRA_SIMULATED_EPS'}"
11610.0,ASTRA-FLAGSHIP-01,EPS,32.13222328626506,2.8779775509763126,18.93790460755932,39.998006709615396,0.9971833224509686,"{'soh': 0.9999501677403849, 'internal_resistance_ohm': 0.20251210923908644, 'solar_health_factor': 1.0}",ANOMALOUS,"{'is_sunlight': False, 'orbit_fraction': 0.02264808362369338, 'solar_power_w': 0.0, 'load_power_w': 95.0, 'operating_mode': 'STANDBY', 'fault_active': True, 'active_faults': ['BATTERY_RESISTANCE_SPIKE'], 'dataset': 'ASTRA_SIMULATED_EPS'}"
11620.0,ASTRA-FLAGSHIP-01,EPS,32.38662576226428,2.9107336057812767,18.817650013643963,39.99800509979737,0.9969820780447056,"{'soh': 0.9999501274949342, 'internal_resistance_ohm': 0.202512119018731, 'solar_health_factor': 1.0}",ANOMALOUS,"{'is_sunlight': False, 'orbit_fraction': 0.024390243902439025, 'solar_power_w': 0.0, 'load_power_w': 95.0, 'operating_mode': 'STANDBY', 'fault_active': True, 'active_faults': ['BATTERY_RESISTANCE_SPIKE'], 'dataset': 'ASTRA_SIMULATED_EPS'}"
11630.0,ASTRA-FLAGSHIP-01,EPS,31.882286668593718,2.8915040372505625,18.75369089070944,39.99800348992241,0.996780826513277,"{'soh': 0.9999500872480602, 'internal_resistance_ohm': 0.20251212879872138, 'solar_health_factor': 1.0}",ANOMALOUS,"{'is_sunlight': False, 'orbit_fraction': 0.02613240418118467, 'solar_power_w': 0.0, 'load_power_w': 95.0, 'operating_mode': 'STANDBY', 'fault_active': True, 'active_faults': ['BATTERY_RESISTANCE_SPIKE'], 'dataset': 'ASTRA_SIMULATED_EPS'}"
11640.0,ASTRA-FLAGSHIP-01,EPS,32.21713549301357,2.887546628186666,18.690695190254704,39.99800187999051,0.9965795678558375,"{'soh': 0.9999500469997629, 'internal_resistance_ohm': 0.20251213857905762, 'solar_health_factor': 1.0}",ANOMALOUS,"{'is_sunlight': False, 'orbit_fraction': 0.027874564459930314, 'solar_power_w': 0.0, 'load_power_w': 95.0, 'operating_mode': 'STANDBY', 'fault_active': True, 'active_faults': ['BATTERY_RESISTANCE_SPIKE'], 'dataset': 'ASTRA_SIMULATED_EPS'}"
11650.0,ASTRA-FLAGSHIP-01,EPS,32.44680928988468,2.9139768529925436,18.56374158559072,39.99800027000168,0.9963783020715408,"{'soh': 0.9999500067500421, 'internal_resistance_ohm': 0.2025121483597398, 'solar_health_factor': 1.0}",ANOMALOUS,"{'is_sunlight': False, 'orbit_fraction': 0.029616724738675958, 'solar_power_w': 0.0, 'load_power_w': 95.0, 'operating_mode': 'STANDBY', 'fault_active': True, 'active_faults': ['BATTERY_RESISTANCE_SPIKE'], 'dataset': 'ASTRA_SIMULATED_EPS'}"
11660.0,ASTRA-FLAGSHIP-01,EPS,32.10497356382252,2.891233030052082,18.526471683083702,39.997998659955904,0.9961770291595401,"{'soh': 0.9999499664988977, 'internal_resistance_ohm': 0.20251215814076787, 'solar_health_factor': 1.0}",ANOMALOUS,"{'is_sunlight': False, 'orbit_fraction': 0.0313588850174216, 'solar_power_w': 0.0, 'load_power_w': 95.0, 'operating_mode': 'STANDBY', 'fault_active': True, 'active_faults': ['BATTERY_RESISTANCE_SPIKE'], 'dataset': 'ASTRA_SIMULATED_EPS'}"
11670.0,ASTRA-FLAGSHIP-01,EPS,32.03219611335644,2.8991689041502258,18.371559632749282,39.99799704985317,0.9959757491189877,"{'soh': 0.9999499262463293, 'internal_resistance_ohm': 0.202512167922142, 'solar_health_factor': 1.0}",ANOMALOUS,"{'is_sunlight': False, 'orbit_fraction': 0.033101045296167246, 'solar_power_w': 0.0, 'load_power_w': 95.0, 'operating_mode': 'STANDBY', 'fault_active': True, 'active_faults': ['BATTERY_RESISTANCE_SPIKE'], 'dataset': 'ASTRA_SIMULATED_EPS'}"
11680.0,ASTRA-FLAGSHIP-01,EPS,32.05099288180552,2.8716379603335205,18.2869737983432,39.99799543969348,0.995774461949035,"{'soh': 0.999949885992337, 'internal_resistance_ohm': 0.2025121777038621, 'solar_health_factor': 1.0}",ANOMALOUS,"{'is_sunlight': False, 'orbit_fraction': 0.03484320557491289, 'solar_power_w': 0.0, 'load_power_w': 95.0, 'operating_mode': 'STANDBY', 'fault_active': True, 'active_faults': ['BATTERY_RESISTANCE_SPIKE'], 'dataset': 'ASTRA_SIMULATED_EPS'}"
11690.0,ASTRA-FLAGSHIP-01,EPS,32.1204681461785,2.908243462566145,18.146234486239706,39.99799382947682,0.9955731676488326,"{'soh': 0.9999498457369205, 'internal_resistance_ohm': 0.2025121874859283, 'solar_health_factor': 1.0}",ANOMALOUS,"{'is_sunlight': False, 'orbit_fraction': 0.036585365853658534, 'solar_power_w': 0.0, 'load_power_w': 95.0, 'operating_mode': 'STANDBY', 'fault_active': True, 'active_faults': ['BATTERY_RESISTANCE_SPIKE'], 'dataset': 'ASTRA_SIMULATED_EPS'}"
11700.0,ASTRA-FLAGSHIP-01,EPS,32.325075536790834,2.8815041799777497,18.16086897453357,39.997992219203184,0.9953718662175305,"{'soh': 0.9999498054800796, 'internal_resistance_ohm': 0.2025121972683407, 'solar_health_factor': 1.0}",ANOMALOUS,"{'is_sunlight': False, 'orbit_fraction': 0.03832752613240418, 'solar_power_w': 0.0, 'load_power_w': 95.0, 'operating_mode': 'STANDBY', 'fault_active': True, 'active_faults': ['BATTERY_RESISTANCE_SPIKE'], 'dataset': 'ASTRA_SIMULATED_EPS'}"
11710.0,ASTRA-FLAGSHIP-01,EPS,31.846931278436074,2.9071728733175295,18.001652987504166,39.99799060887256,0.9951705576542776,"{'soh': 0.9999497652218141, 'internal_resistance_ohm': 0.20251220705109918, 'solar_health_factor': 1.0}",ANOMALOUS,"{'is_sunlight': False, 'orbit_fraction': 0.04006968641114982, 'solar_power_w': 0.0, 'load_power_w': 95.0, 'operating_mode': 'STANDBY', 'fault_active': True, 'active_faults': ['BATTERY_RESISTANCE_SPIKE'], 'dataset': 'ASTRA_SIMULATED_EPS'}"
11720.0,ASTRA-FLAGSHIP-01,EPS,31.99860761152383,2.907073414590286,17.9447329732543,39.99798899848496,0.9949692419582223,"{'soh': 0.9999497249621241, 'internal_resistance_ohm': 0.20251221683420387, 'solar_health_factor': 1.0}",ANOMALOUS,"{'is_sunlight': False, 'orbit_fraction': 0.041811846689895474, 'solar_power_w': 0.0, 'load_power_w': 95.0, 'operating_mode': 'STANDBY', 'fault_active': True, 'active_faults': ['BATTERY_RESISTANCE_SPIKE'], 'dataset': 'ASTRA_SIMULATED_EPS'}"
11730.0,ASTRA-FLAGSHIP-01,EPS,31.769067810768174,2.908703647215166,17.659229283352083,39.997987388040364,0.9947679191285121,"{'soh': 0.9999496847010091, 'internal_resistance_ohm': 0.20251222661765478, 'solar_health_factor': 1.0}",ANOMALOUS,"{'is_sunlight': False, 'orbit_fraction': 0.04355400696864112, 'solar_power_w': 0.0, 'load_power_w': 95.0, 'operating_mode': 'STANDBY', 'fault_active': True, 'active_faults': ['BATTERY_RESISTANCE_SPIKE'], 'dataset': 'ASTRA_SIMULATED_EPS'}"
11740.0,ASTRA-FLAGSHIP-01,EPS,31.968800516808457,2.930766139401999,17.65819884841889,39.99798577753876,0.9945665891642936,"{'soh': 0.999949644438469, 'internal_resistance_ohm': 0.202512236401452, 'solar_health_factor': 1.0}",ANOMALOUS,"{'is_sunlight': False, 'orbit_fraction': 0.04529616724738676, 'solar_power_w': 0.0, 'load_power_w': 95.0, 'operating_mode': 'STANDBY', 'fault_active': True, 'active_faults': ['BATTERY_RESISTANCE_SPIKE'], 'dataset': 'ASTRA_SIMULATED_EPS'}"
11750.0,ASTRA-FLAGSHIP-01,EPS,31.934133941403157,2.8952492206205167,17.694336908343516,39.99798416698015,0.9943652520647126,"{'soh': 0.9999496041745038, 'internal_resistance_ohm': 0.20251224618559557, 'solar_health_factor': 1.0}",ANOMALOUS,"{'is_sunlight': False, 'orbit_fraction': 0.047038327526132406, 'solar_power_w': 0.0, 'load_power_w': 95.0, 'operating_mode': 'STANDBY', 'fault_active': True, 'active_faults': ['BATTERY_RESISTANCE_SPIKE'], 'dataset': 'ASTRA_SIMULATED_EPS'}"
11760.0,ASTRA-FLAGSHIP-01,EPS,31.827271446385325,2.8787143686489354,17.56972453337474,39.997982556364526,0.9941639078289142,"{'soh': 0.9999495639091132, 'internal_resistance_ohm': 0.20251225597008551, 'solar_health_factor': 1.0}",ANOMALOUS,"{'is_sunlight': False, 'orbit_fraction': 0.04878048780487805, 'solar_power_w': 0.0, 'load_power_w': 95.0, 'operating_mode': 'STANDBY', 'fault_active': True, 'active_faults': ['BATTERY_RESISTANCE_SPIKE'], 'dataset': 'ASTRA_SIMULATED_EPS'}"
11770.0,ASTRA-FLAGSHIP-01,EPS,32.41858726536925,2.8972968613795635,17.337068611030414,39.99798094569188,0.9939625564560426,"{'soh': 0.9999495236422971, 'internal_resistance_ohm': 0.20251226575492182, 'solar_health_factor': 1.0}",ANOMALOUS,"{'is_sunlight': False, 'orbit_fraction': 0.050522648083623695, 'solar_power_w': 0.0, 'load_power_w': 95.0, 'operating_mode': 'STANDBY', 'fault_active': True, 'active_faults': ['BATTERY_RESISTANCE_SPIKE'], 'dataset': 'ASTRA_SIMULATED_EPS'}"
11780.0,ASTRA-FLAGSHIP-01,EPS,32.45561118535445,2.9305030509212706,17.337393072689153,39.99797933496221,0.9937611979452413,"{'soh': 0.9999494833740552, 'internal_resistance_ohm': 0.20251227554010456, 'solar_health_factor': 1.0}",ANOMALOUS,"{'is_sunlight': False, 'orbit_fraction': 0.05226480836236934, 'solar_power_w': 0.0, 'load_power_w': 95.0, 'operating_mode': 'STANDBY', 'fault_active': True, 'active_faults': ['BATTERY_RESISTANCE_SPIKE'], 'dataset': 'ASTRA_SIMULATED_EPS'}"
11790.0,ASTRA-FLAGSHIP-01,EPS,31.987361410122332,2.898562801821807,17.200107632989273,39.9979777241755,0.993559832295653,"{'soh': 0.9999494431043874, 'internal_resistance_ohm': 0.20251228532563387, 'solar_health_factor': 1.0}",ANOMALOUS,"{'is_sunlight': False, 'orbit_fraction': 0.05400696864111498, 'solar_power_w': 0.0, 'load_power_w': 95.0, 'operating_mode': 'STANDBY', 'fault_active': True, 'active_faults': ['BATTERY_RESISTANCE_SPIKE'], 'dataset': 'ASTRA_SIMULATED_EPS'}"
11800.0,ASTRA-FLAGSHIP-01,EPS,32.16975282073359,2.9279132265328593,17.157031108740025,39.997976113331745,0.9933584595064195,"{'soh': 0.9999494028332936, 'internal_resistance_ohm': 0.20251229511150964, 'solar_health_factor': 1.0}",ANOMALOUS,"{'is_sunlight': False, 'orbit_fraction': 0.05574912891986063, 'solar_power_w': 0.0, 'load_power_w': 95.0, 'operating_mode': 'STANDBY', 'fault_active': True, 'active_faults': ['BATTERY_RESISTANCE_SPIKE'], 'dataset': 'ASTRA_SIMULATED_EPS'}"
11810.0,ASTRA-FLAGSHIP-01,EPS,31.94242412584889,2.926563928398056,17.033905469440683,39.99797450243094,0.9931570795766819,"{'soh': 0.9999493625607735, 'internal_resistance_ohm': 0.20251230489773203, 'solar_health_factor': 1.0}",ANOMALOUS,"{'is_sunlight': False, 'orbit_fraction': 0.05749128919860627, 'solar_power_w': 0.0, 'load_power_w': 95.0, 'operating_mode': 'STANDBY', 'fault_active': True, 'active_faults': ['BATTERY_RESISTANCE_SPIKE'], 'dataset': 'ASTRA_SIMULATED_EPS'}"
11820.0,ASTRA-FLAGSHIP-01,EPS,32.224553959700295,2.928423136991998,16.868111731314638,39.99797289147308,0.9929556925055802,"{'soh': 0.999949322286827, 'internal_resistance_ohm': 0.202512314684301, 'solar_health_factor': 1.0}",ANOMALOUS,"{'is_sunlight': False, 'orbit_fraction': 0.059233449477351915, 'solar_power_w': 0.0, 'load_power_w': 95.0, 'operating_mode': 'STANDBY', 'fault_active': True, 'active_faults': ['BATTERY_RESISTANCE_SPIKE'], 'dataset': 'ASTRA_SIMULATED_EPS'}"
11830.0,ASTRA-FLAGSHIP-01,EPS,32.107285656012536,2.8895664091992557,16.75099222685771,39.99797128045816,0.9927542982922541,"{'soh': 0.9999492820114539, 'internal_resistance_ohm': 0.20251232447121667, 'solar_health_factor': 1.0}",ANOMALOUS,"{'is_sunlight': False, 'orbit_fraction': 0.06097560975609756, 'solar_power_w': 0.0, 'load_power_w': 95.0, 'operating_mode': 'STANDBY', 'fault_active': True, 'active_faults': ['BATTERY_RESISTANCE_SPIKE'], 'dataset': 'ASTRA_SIMULATED_EPS'}"
11840.0,ASTRA-FLAGSHIP-01,EPS,32.167514145349465,2.949008082928124,16.64332764241912,39.997969669386165,0.9925528969358421,"{'soh': 0.9999492417346542, 'internal_resistance_ohm': 0.20251233425847903, 'solar_health_factor': 1.0}",ANOMALOUS,"{'is_sunlight': False, 'orbit_fraction': 0.0627177700348432, 'solar_power_w': 0.0, 'load_power_w': 95.0, 'operating_mode': 'STANDBY', 'fault_active': True, 'active_faults': ['BATTERY_RESISTANCE_SPIKE'], 'dataset': 'ASTRA_SIMULATED_EPS'}"
11850.0,ASTRA-FLAGSHIP-01,EPS,32.105473919418884,2.9126260949047573,16.6476829585217,39.997968058257094,0.992351488435482,"{'soh': 0.9999492014564274, 'internal_resistance_ohm': 0.2025123440460881, 'solar_health_factor': 1.0}",ANOMALOUS,"{'is_sunlight': False, 'orbit_fraction': 0.06445993031358885, 'solar_power_w': 0.0, 'load_power_w': 95.0, 'operating_mode': 'STANDBY', 'fault_active': True, 'active_faults': ['BATTERY_RESISTANCE_SPIKE'], 'dataset': 'ASTRA_SIMULATED_EPS'}"
11860.0,ASTRA-FLAGSHIP-01,EPS,32.091305392432695,2.87490157418638,16.559616406899288,39.99796644707095,0.9921500727903109,"{'soh': 0.9999491611767737, 'internal_resistance_ohm': 0.202512353834044, 'solar_health_factor': 1.0}",ANOMALOUS,"{'is_sunlight': False, 'orbit_fraction': 0.06620209059233449, 'solar_power_w': 0.0, 'load_power_w': 95.0, 'operating_mode': 'STANDBY', 'fault_active': True, 'active_faults': ['BATTERY_RESISTANCE_SPIKE'], 'dataset': 'ASTRA_SIMULATED_EPS'}"
11870.0,ASTRA-FLAGSHIP-01,EPS,31.986787866719776,2.857633411106483,16.514404524390173,39.9979648358277,0.9919486499994647,"{'soh': 0.9999491208956925, 'internal_resistance_ohm': 0.2025123636223467, 'solar_health_factor': 1.0}",ANOMALOUS,"{'is_sunlight': False, 'orbit_fraction': 0.06794425087108014, 'solar_power_w': 0.0, 'load_power_w': 95.0, 'operating_mode': 'STANDBY', 'fault_active': True, 'active_faults': ['BATTERY_RESISTANCE_SPIKE'], 'dataset': 'ASTRA_SIMULATED_EPS'}"
11880.0,ASTRA-FLAGSHIP-01,EPS,32.26094745821259,2.9014509056140296,16.373075637500072,39.99796322452736,0.9917472200620792,"{'soh': 0.999949080613184, 'internal_resistance_ohm': 0.20251237341099626, 'solar_health_factor': 1.0}",ANOMALOUS,"{'is_sunlight': False, 'orbit_fraction': 0.06968641114982578, 'solar_power_w': 0.0, 'load_power_w': 95.0, 'operating_mode': 'STANDBY', 'fault_active': True, 'active_faults': ['BATTERY_RESISTANCE_SPIKE'], 'dataset': 'ASTRA_SIMULATED_EPS'}"
11890.0,ASTRA-FLAGSHIP-01,EPS,32.27836562202441,2.904921438552737,16.314018244102193,39.99796161316992,0.9915457829772887,"{'soh': 0.9999490403292479, 'internal_resistance_ohm': 0.20251238319999276, 'solar_health_factor': 1.0}",ANOMALOUS,"{'is_sunlight': False, 'orbit_fraction': 0.07142857142857142, 'solar_power_w': 0.0, 'load_power_w': 95.0, 'operating_mode': 'STANDBY', 'fault_active': True, 'active_faults': ['BATTERY_RESISTANCE_SPIKE'], 'dataset': 'ASTRA_SIMULATED_EPS'}"
11900.0,ASTRA-FLAGSHIP-01,EPS,32.05696671524146,2.926236955961757,16.19229992020286,39.99796000175536,0.991344338744227,"{'soh': 0.999949000043884, 'internal_resistance_ohm': 0.20251239298933618, 'solar_health_factor': 1.0}",ANOMALOUS,"{'is_sunlight': False, 'orbit_fraction': 0.07317073170731707, 'solar_power_w': 0.0, 'load_power_w': 95.0, 'operating_mode': 'STANDBY', 'fault_active': True, 'active_faults': ['BATTERY_RESISTANCE_SPIKE'], 'dataset': 'ASTRA_SIMULATED_EPS'}"
11910.0,ASTRA-FLAGSHIP-01,EPS,32.13468253201527,2.8759808753913774,16.098298832154203,39.997958390283685,0.9911428873620272,"{'soh': 0.9999489597570921, 'internal_resistance_ohm': 0.2025124027790266, 'solar_health_factor': 1.0}",ANOMALOUS,"{'is_sunlight': False, 'orbit_fraction': 0.07491289198606271, 'solar_power_w': 0.0, 'load_power_w': 95.0, 'operating_mode': 'STANDBY', 'fault_active': True, 'active_faults': ['BATTERY_RESISTANCE_SPIKE'], 'dataset': 'ASTRA_SIMULATED_EPS'}"
11920.0,ASTRA-FLAGSHIP-01,EPS,31.968809660904196,2.8884054381951954,15.951119138045481,39.99795677875488,0.9909414288298214,"{'soh': 0.9999489194688721, 'internal_resistance_ohm': 0.20251241256906405, 'solar_health_factor': 1.0}",ANOMALOUS,"{'is_sunlight': False, 'orbit_fraction': 0.07665505226480836, 'solar_power_w': 0.0, 'load_power_w': 95.0, 'operating_mode': 'STANDBY', 'fault_active': True, 'active_faults': ['BATTERY_RESISTANCE_SPIKE'], 'dataset': 'ASTRA_SIMULATED_EPS'}"
11930.0,ASTRA-FLAGSHIP-01,EPS,31.930025939149832,2.9424007444621627,15.966637566157772,39.997955167168946,0.990739963146741,"{'soh': 0.9999488791792237, 'internal_resistance_ohm': 0.20251242235944866, 'solar_health_factor': 1.0}",ANOMALOUS,"{'is_sunlight': False, 'orbit_fraction': 0.078397212543554, 'solar_power_w': 0.0, 'load_power_w': 95.0, 'operating_mode': 'STANDBY', 'fault_active': True, 'active_faults': ['BATTERY_RESISTANCE_SPIKE'], 'dataset': 'ASTRA_SIMULATED_EPS'}"
11940.0,ASTRA-FLAGSHIP-01,EPS,32.4081964397726,2.8772074557809697,15.812061149243569,39.997953555525875,0.9905384903119163,"{'soh': 0.9999488388881469, 'internal_resistance_ohm': 0.2025124321501803, 'solar_health_factor': 1.0}",ANOMALOUS,"{'is_sunlight': False, 'orbit_fraction': 0.08013937282229965, 'solar_power_w': 0.0, 'load_power_w': 95.0, 'operating_mode': 'STANDBY', 'fault_active': True, 'active_faults': ['BATTERY_RESISTANCE_SPIKE'], 'dataset': 'ASTRA_SIMULATED_EPS'}"
11950.0,ASTRA-FLAGSHIP-01,EPS,31.891192460437765,2.8875931713790863,15.671264460181474,39.997951943825655,0.9903370103244773,"{'soh': 0.9999487985956415, 'internal_resistance_ohm': 0.20251244194125914, 'solar_health_factor': 1.0}",ANOMALOUS,"{'is_sunlight': False, 'orbit_fraction': 0.08188153310104529, 'solar_power_w': 0.0, 'load_power_w': 95.0, 'operating_mode': 'STANDBY', 'fault_active': True, 'active_faults': ['BATTERY_RESISTANCE_SPIKE'], 'dataset': 'ASTRA_SIMULATED_EPS'}"
11960.0,ASTRA-FLAGSHIP-01,EPS,32.296546082054284,2.8935371687234865,15.679505968576704,39.99795033206829,0.9901355231835528,"{'soh': 0.9999487583017073, 'internal_resistance_ohm': 0.20251245173268514, 'solar_health_factor': 1.0}",ANOMALOUS,"{'is_sunlight': False, 'orbit_fraction': 0.08362369337979095, 'solar_power_w': 0.0, 'load_power_w': 95.0, 'operating_mode': 'STANDBY', 'fault_active': True, 'active_faults': ['BATTERY_RESISTANCE_SPIKE'], 'dataset': 'ASTRA_SIMULATED_EPS'}"
11970.0,ASTRA-FLAGSHIP-01,EPS,32.193373391615665,2.9463057811619437,15.461274176342531,39.99794872025375,0.989934028888271,"{'soh': 0.9999487180063439, 'internal_resistance_ohm': 0.20251246152445843, 'solar_health_factor': 1.0}",ANOMALOUS,"{'is_sunlight': False, 'orbit_fraction': 0.08536585365853659, 'solar_power_w': 0.0, 'load_power_w': 95.0, 'operating_mode': 'STANDBY', 'fault_active': True, 'active_faults': ['BATTERY_RESISTANCE_SPIKE'], 'dataset': 'ASTRA_SIMULATED_EPS'}"
11980.0,ASTRA-FLAGSHIP-01,EPS,32.29731490755663,2.923836004144872,15.395979374445243,39.997947108382064,0.9897325274377591,"{'soh': 0.9999486777095515, 'internal_resistance_ohm': 0.202512471316579, 'solar_health_factor': 1.0}",ANOMALOUS,"{'is_sunlight': False, 'orbit_fraction': 0.08710801393728224, 'solar_power_w': 0.0, 'load_power_w': 95.0, 'operating_mode': 'STANDBY', 'fault_active': True, 'active_faults': ['BATTERY_RESISTANCE_SPIKE'], 'dataset': 'ASTRA_SIMULATED_EPS'}"
11990.0,ASTRA-FLAGSHIP-01,EPS,32.255668094417004,2.9081323689551497,15.342918327586675,39.997945496453184,0.9895310188311436,"{'soh': 0.9999486374113297, 'internal_resistance_ohm': 0.2025124811090469, 'solar_health_factor': 1.0}",ANOMALOUS,"{'is_sunlight': False, 'orbit_fraction': 0.08885017421602788, 'solar_power_w': 0.0, 'load_power_w': 95.0, 'operating_mode': 'STANDBY', 'fault_active': True, 'active_faults': ['BATTERY_RESISTANCE_SPIKE'], 'dataset': 'ASTRA_SIMULATED_EPS'}"
12000.0,ASTRA-FLAGSHIP-01,EPS,31.960656068251417,2.8876491664240236,15.366667819082604,39.997943884467134,0.9893295030675501,"{'soh': 0.9999485971116784, 'internal_resistance_ohm': 0.20251249090186213, 'solar_health_factor': 1.0}",ANOMALOUS,"{'is_sunlight': False, 'orbit_fraction': 0.09059233449477352, 'solar_power_w': 0.0, 'load_power_w': 95.0, 'operating_mode': 'STANDBY', 'fault_active': True, 'active_faults': ['BATTERY_RESISTANCE_SPIKE'], 'dataset': 'ASTRA_SIMULATED_EPS'}"
12010.0,ASTRA-FLAGSHIP-01,EPS,32.09179308659938,2.917039283345784,15.134757924358357,39.99794227242389,0.9891279801461036,"{'soh': 0.9999485568105974, 'internal_resistance_ohm': 0.20251250069502483, 'solar_health_factor': 1.0}",ANOMALOUS,"{'is_sunlight': False, 'orbit_fraction': 0.09233449477351917, 'solar_power_w': 0.0, 'load_power_w': 95.0, 'operating_mode': 'STANDBY', 'fault_active': True, 'active_faults': ['BATTERY_RESISTANCE_SPIKE'], 'dataset': 'ASTRA_SIMULATED_EPS'}"
12020.0,ASTRA-FLAGSHIP-01,EPS,31.96536934634782,2.922992642440035,15.017189725273036,39.99794066032346,0.988926450065928,"{'soh': 0.9999485165080865, 'internal_resistance_ohm': 0.202512510488535, 'solar_health_factor': 1.0}",ANOMALOUS,"{'is_sunlight': False, 'orbit_fraction': 0.09407665505226481, 'solar_power_w': 0.0, 'load_power_w': 95.0, 'operating_mode': 'STANDBY', 'fault_active': True, 'active_faults': ['BATTERY_RESISTANCE_SPIKE'], 'dataset': 'ASTRA_SIMULATED_EPS'}"
12030.0,ASTRA-FLAGSHIP-01,EPS,32.02269422118263,2.9026505963068696,15.00084213125621,39.99793904816582,0.9887249128261467,"{'soh': 0.9999484762041455, 'internal_resistance_ohm': 0.2025125202823926, 'solar_health_factor': 1.0}",ANOMALOUS,"{'is_sunlight': False, 'orbit_fraction': 0.09581881533101046, 'solar_power_w': 0.0, 'load_power_w': 95.0, 'operating_mode': 'STANDBY', 'fault_active': True, 'active_faults': ['BATTERY_RESISTANCE_SPIKE'], 'dataset': 'ASTRA_SIMULATED_EPS'}"
12040.0,ASTRA-FLAGSHIP-01,EPS,32.0593951221354,2.909812333926813,14.940759938616022,39.99793743595097,0.988523368425882,"{'soh': 0.9999484358987744, 'internal_resistance_ohm': 0.20251253007659786, 'solar_health_factor': 1.0}",ANOMALOUS,"{'is_sunlight': False, 'orbit_fraction': 0.0975609756097561, 'solar_power_w': 0.0, 'load_power_w': 95.0, 'operating_mode': 'STANDBY', 'fault_active': True, 'active_faults': ['BATTERY_RESISTANCE_SPIKE'], 'dataset': 'ASTRA_SIMULATED_EPS'}"
12050.0,ASTRA-FLAGSHIP-01,EPS,32.20480541489911,2.8829587315589618,14.802991093156667,39.997935823678915,0.9883218168642555,"{'soh': 0.9999483955919728, 'internal_resistance_ohm': 0.2025125398711506, 'solar_health_factor': 1.0}",ANOMALOUS,"{'is_sunlight': False, 'orbit_fraction': 0.09930313588850175, 'solar_power_w': 0.0, 'load_power_w': 95.0, 'operating_mode': 'STANDBY', 'fault_active': True, 'active_faults': ['BATTERY_RESISTANCE_SPIKE'], 'dataset': 'ASTRA_SIMULATED_EPS'}"
12060.0,ASTRA-FLAGSHIP-01,EPS,32.27743345233302,2.9197516172008116,14.659874985252715,39.99793421134962,0.988120258140388,"{'soh': 0.9999483552837406, 'internal_resistance_ohm': 0.20251254966605103, 'solar_health_factor': 1.0}",ANOMALOUS,"{'is_sunlight': False, 'orbit_fraction': 0.10104529616724739, 'solar_power_w': 0.0, 'load_power_w': 95.0, 'operating_mode': 'STANDBY', 'fault_active': True, 'active_faults': ['BATTERY_RESISTANCE_SPIKE'], 'dataset': 'ASTRA_SIMULATED_EPS'}"
12070.0,ASTRA-FLAGSHIP-01,EPS,32.14095949406252,2.8637996355816004,14.642420591970984,39.99793259896311,0.9879186922533995,"{'soh': 0.9999483149740778, 'internal_resistance_ohm': 0.20251255946129912, 'solar_health_factor': 1.0}",ANOMALOUS,"{'is_sunlight': False, 'orbit_fraction': 0.10278745644599303, 'solar_power_w': 0.0, 'load_power_w': 95.0, 'operating_mode': 'STANDBY', 'fault_active': True, 'active_faults': ['BATTERY_RESISTANCE_SPIKE'], 'dataset': 'ASTRA_SIMULATED_EPS'}"
12080.0,ASTRA-FLAGSHIP-01,EPS,32.387823011871056,2.884006028465718,14.510149731353495,39.99793098651936,0.987717119202409,"{'soh': 0.999948274662984, 'internal_resistance_ohm': 0.2025125692568949, 'solar_health_factor': 1.0}",ANOMALOUS,"{'is_sunlight': False, 'orbit_fraction': 0.10452961672473868, 'solar_power_w': 0.0, 'load_power_w': 95.0, 'operating_mode': 'STANDBY', 'fault_active': True, 'active_faults': ['BATTERY_RESISTANCE_SPIKE'], 'dataset': 'ASTRA_SIMULATED_EPS'}"
12090.0,ASTRA-FLAGSHIP-01,EPS,32.20476271392474,2.872500122235743,14.432255686781765,39.99792937401836,0.9875155389865351,"{'soh': 0.9999482343504591, 'internal_resistance_ohm': 0.20251257905283845, 'solar_health_factor': 1.0}",ANOMALOUS,"{'is_sunlight': False, 'orbit_fraction': 0.10627177700348432, 'solar_power_w': 0.0, 'load_power_w': 95.0, 'operating_mode': 'STANDBY', 'fault_active': True, 'active_faults': ['BATTERY_RESISTANCE_SPIKE'], 'dataset': 'ASTRA_SIMULATED_EPS'}"
12100.0,ASTRA-FLAGSHIP-01,EPS,32.176690953467286,2.8903307482684344,14.36435738332707,39.99792776146011,0.9873139516048952,"{'soh': 0.9999481940365028, 'internal_resistance_ohm': 0.20251258884912982, 'solar_health_factor': 1.0}",ANOMALOUS,"{'is_sunlight': False, 'orbit_fraction': 0.10801393728222997, 'solar_power_w': 0.0, 'load_power_w': 95.0, 'operating_mode': 'STANDBY', 'fault_active': True, 'active_faults': ['BATTERY_RESISTANCE_SPIKE'], 'dataset': 'ASTRA_SIMULATED_EPS'}"
12110.0,ASTRA-FLAGSHIP-01,EPS,32.19920030876092,2.911037061046686,14.301993510250885,39.99792614884461,0.9871123570566059,"{'soh': 0.9999481537211152, 'internal_resistance_ohm': 0.20251259864576898, 'solar_health_factor': 1.0}",ANOMALOUS,"{'is_sunlight': False, 'orbit_fraction': 0.10975609756097561, 'solar_power_w': 0.0, 'load_power_w': 95.0, 'operating_mode': 'STANDBY', 'fault_active': True, 'active_faults': ['BATTERY_RESISTANCE_SPIKE'], 'dataset': 'ASTRA_SIMULATED_EPS'}"
12120.0,ASTRA-FLAGSHIP-01,EPS,32.02425534461688,2.9101356613831824,14.195196302778578,39.99792453617184,0.9869107553407833,"{'soh': 0.9999481134042959, 'internal_resistance_ohm': 0.20251260844275606, 'solar_health_factor': 1.0}",ANOMALOUS,"{'is_sunlight': False, 'orbit_fraction': 0.11149825783972125, 'solar_power_w': 0.0, 'load_power_w': 95.0, 'operating_mode': 'STANDBY', 'fault_active': True, 'active_faults': ['BATTERY_RESISTANCE_SPIKE'], 'dataset': 'ASTRA_SIMULATED_EPS'}"
12130.0,ASTRA-FLAGSHIP-01,EPS,32.15088914595121,2.89331950936072,14.105217849954057,39.99792292344179,0.9867091464565423,"{'soh': 0.9999480730860448, 'internal_resistance_ohm': 0.2025126182400911, 'solar_health_factor': 1.0}",ANOMALOUS,"{'is_sunlight': False, 'orbit_fraction': 0.1132404181184669, 'solar_power_w': 0.0, 'load_power_w': 95.0, 'operating_mode': 'STANDBY', 'fault_active': True, 'active_faults': ['BATTERY_RESISTANCE_SPIKE'], 'dataset': 'ASTRA_SIMULATED_EPS'}"
12140.0,ASTRA-FLAGSHIP-01,EPS,31.91750673662233,2.9024371015120316,13.986992011539938,39.99792131065447,0.9865075304029972,"{'soh': 0.9999480327663618, 'internal_resistance_ohm': 0.2025126280377741, 'solar_health_factor': 1.0}",ANOMALOUS,"{'is_sunlight': False, 'orbit_fraction': 0.11498257839721254, 'solar_power_w': 0.0, 'load_power_w': 95.0, 'operating_mode': 'STANDBY', 'fault_active': True, 'active_faults': ['BATTERY_RESISTANCE_SPIKE'], 'dataset': 'ASTRA_SIMULATED_EPS'}"
12150.0,ASTRA-FLAGSHIP-01,EPS,31.89642637578561,2.9082714856465857,13.951606574005465,39.99791969780986,0.9863059071792615,"{'soh': 0.9999479924452466, 'internal_resistance_ohm': 0.2025126378358051, 'solar_health_factor': 1.0}",ANOMALOUS,"{'is_sunlight': False, 'orbit_fraction': 0.11672473867595819, 'solar_power_w': 0.0, 'load_power_w': 95.0, 'operating_mode': 'STANDBY', 'fault_active': True, 'active_faults': ['BATTERY_RESISTANCE_SPIKE'], 'dataset': 'ASTRA_SIMULATED_EPS'}"
12160.0,ASTRA-FLAGSHIP-01,EPS,32.19945566901536,2.894912446023907,13.875030914433296,39.997918084907965,0.9861042767844477,"{'soh': 0.999947952122699, 'internal_resistance_ohm': 0.20251264763418414, 'solar_health_factor': 1.0}",ANOMALOUS,"{'is_sunlight': False, 'orbit_fraction': 0.11846689895470383, 'solar_power_w': 0.0, 'load_power_w': 95.0, 'operating_mode': 'STANDBY', 'fault_active': True, 'active_faults': ['BATTERY_RESISTANCE_SPIKE'], 'dataset': 'ASTRA_SIMULATED_EPS'}"
12170.0,ASTRA-FLAGSHIP-01,EPS,32.161048881823305,2.9121104358217385,13.72723481481765,39.997916471948756,0.9859026392176676,"{'soh': 0.9999479117987189, 'internal_resistance_ohm': 0.2025126574329113, 'solar_health_factor': 1.0}",ANOMALOUS,"{'is_sunlight': False, 'orbit_fraction': 0.12020905923344948, 'solar_power_w': 0.0, 'load_power_w': 95.0, 'operating_mode': 'STANDBY', 'fault_active': True, 'active_faults': ['BATTERY_RESISTANCE_SPIKE'], 'dataset': 'ASTRA_SIMULATED_EPS'}"
12180.0,ASTRA-FLAGSHIP-01,EPS,32.09548693966306,2.9106400540695985,13.682995574405911,39.99791485893225,0.9857009944780324,"{'soh': 0.9999478714733062, 'internal_resistance_ohm': 0.20251266723198658, 'solar_health_factor': 1.0}",ANOMALOUS,"{'is_sunlight': False, 'orbit_fraction': 0.12195121951219512, 'solar_power_w': 0.0, 'load_power_w': 95.0, 'operating_mode': 'STANDBY', 'fault_active': True, 'active_faults': ['BATTERY_RESISTANCE_SPIKE'], 'dataset': 'ASTRA_SIMULATED_EPS'}"
12190.0,ASTRA-FLAGSHIP-01,EPS,31.735779316506434,2.9067685308311746,13.707611667262515,39.99791324585842,0.985499342564652,"{'soh': 0.9999478311464606, 'internal_resistance_ohm': 0.2025126770314101, 'solar_health_factor': 1.0}",ANOMALOUS,"{'is_sunlight': False, 'orbit_fraction': 0.12369337979094076, 'solar_power_w': 0.0, 'load_power_w': 95.0, 'operating_mode': 'STANDBY', 'fault_active': True, 'active_faults': ['BATTERY_RESISTANCE_SPIKE'], 'dataset': 'ASTRA_SIMULATED_EPS'}"
12200.0,ASTRA-FLAGSHIP-01,EPS,32.01143309992843,2.8895281419187393,13.530229708171362,39.99791163272727,0.9852976834766358,"{'soh': 0.9999477908181819, 'internal_resistance_ohm': 0.20251268683118182, 'solar_health_factor': 1.0}",ANOMALOUS,"{'is_sunlight': False, 'orbit_fraction': 0.1254355400696864, 'solar_power_w': 0.0, 'load_power_w': 95.0, 'operating_mode': 'STANDBY', 'fault_active': True, 'active_faults': ['BATTERY_RESISTANCE_SPIKE'], 'dataset': 'ASTRA_SIMULATED_EPS'}"
12210.0,ASTRA-FLAGSHIP-01,EPS,32.118064750499705,2.9271237136747468,13.36347412810975,39.9979100195388,0.9850960172130924,"{'soh': 0.99994775048847, 'internal_resistance_ohm': 0.2025126966313018, 'solar_health_factor': 1.0}",ANOMALOUS,"{'is_sunlight': False, 'orbit_fraction': 0.12717770034843207, 'solar_power_w': 0.0, 'load_power_w': 95.0, 'operating_mode': 'STANDBY', 'fault_active': True, 'active_faults': ['BATTERY_RESISTANCE_SPIKE'], 'dataset': 'ASTRA_SIMULATED_EPS'}"
12220.0,ASTRA-FLAGSHIP-01,EPS,32.18405726220603,2.9154705589425998,13.334292947397843,39.997908406292986,0.9848943437731293,"{'soh': 0.9999477101573246, 'internal_resistance_ohm': 0.20251270643177013, 'solar_health_factor': 1.0}",ANOMALOUS,"{'is_sunlight': False, 'orbit_fraction': 0.1289198606271777, 'solar_power_w': 0.0, 'load_power_w': 95.0, 'operating_mode': 'STANDBY', 'fault_active': True, 'active_faults': ['BATTERY_RESISTANCE_SPIKE'], 'dataset': 'ASTRA_SIMULATED_EPS'}"
12230.0,ASTRA-FLAGSHIP-01,EPS,32.11990728285371,2.9241441732302285,13.300275657624201,39.99790679298983,0.9846926631558537,"{'soh': 0.9999476698247457, 'internal_resistance_ohm': 0.20251271623258676, 'solar_health_factor': 1.0}",ANOMALOUS,"{'is_sunlight': False, 'orbit_fraction': 0.13066202090592335, 'solar_power_w': 0.0, 'load_power_w': 95.0, 'operating_mode': 'STANDBY', 'fault_active': True, 'active_faults': ['BATTERY_RESISTANCE_SPIKE'], 'dataset': 'ASTRA_SIMULATED_EPS'}"
12240.0,ASTRA-FLAGSHIP-01,EPS,31.881168932519184,2.9201622668141125,13.168911343824503,39.99790517962932,0.9844909753603713,"{'soh': 0.999947629490733, 'internal_resistance_ohm': 0.2025127260337519, 'solar_health_factor': 1.0}",ANOMALOUS,"{'is_sunlight': False, 'orbit_fraction': 0.13240418118466898, 'solar_power_w': 0.0, 'load_power_w': 95.0, 'operating_mode': 'STANDBY', 'fault_active': True, 'active_faults': ['BATTERY_RESISTANCE_SPIKE'], 'dataset': 'ASTRA_SIMULATED_EPS'}"
12250.0,ASTRA-FLAGSHIP-01,EPS,32.074916999623426,2.9056843102896295,13.080345177816852,39.99790356621146,0.9842892803857876,"{'soh': 0.9999475891552865, 'internal_resistance_ohm': 0.20251273583526536, 'solar_health_factor': 1.0}",ANOMALOUS,"{'is_sunlight': False, 'orbit_fraction': 0.13414634146341464, 'solar_power_w': 0.0, 'load_power_w': 95.0, 'operating_mode': 'STANDBY', 'fault_active': True, 'active_faults': ['BATTERY_RESISTANCE_SPIKE'], 'dataset': 'ASTRA_SIMULATED_EPS'}"
12260.0,ASTRA-FLAGSHIP-01,EPS,32.25309086613464,2.902724356211386,12.947816640007456,39.99790195273623,0.9840875782312067,"{'soh': 0.9999475488184058, 'internal_resistance_ohm': 0.2025127456371274, 'solar_health_factor': 1.0}",ANOMALOUS,"{'is_sunlight': False, 'orbit_fraction': 0.13588850174216027, 'solar_power_w': 0.0, 'load_power_w': 95.0, 'operating_mode': 'STANDBY', 'fault_active': True, 'active_faults': ['BATTERY_RESISTANCE_SPIKE'], 'dataset': 'ASTRA_SIMULATED_EPS'}"
12270.0,ASTRA-FLAGSHIP-01,EPS,31.997777203126983,2.9079504968264835,12.981415770668043,39.99790033920363,0.9838858688957325,"{'soh': 0.9999475084800907, 'internal_resistance_ohm': 0.20251275543933794, 'solar_health_factor': 1.0}",ANOMALOUS,"{'is_sunlight': False, 'orbit_fraction': 0.13763066202090593, 'solar_power_w': 0.0, 'load_power_w': 95.0, 'operating_mode': 'STANDBY', 'fault_active': True, 'active_faults': ['BATTERY_RESISTANCE_SPIKE'], 'dataset': 'ASTRA_SIMULATED_EPS'}"
12280.0,ASTRA-FLAGSHIP-01,EPS,32.15635055169479,2.8879604058820405,12.960599479639082,39.997898725613645,0.9836841523784676,"{'soh': 0.9999474681403412, 'internal_resistance_ohm': 0.20251276524189704, 'solar_health_factor': 1.0}",ANOMALOUS,"{'is_sunlight': False, 'orbit_fraction': 0.13937282229965156, 'solar_power_w': 0.0, 'load_power_w': 95.0, 'operating_mode': 'STANDBY', 'fault_active': True, 'active_faults': ['BATTERY_RESISTANCE_SPIKE'], 'dataset': 'ASTRA_SIMULATED_EPS'}"
12290.0,ASTRA-FLAGSHIP-01,EPS,32.10093058669695,2.9295684571081746,12.745362484868979,39.99789711196628,0.983482428678514,"{'soh': 0.9999474277991571, 'internal_resistance_ohm': 0.20251277504480478, 'solar_health_factor': 1.0}",ANOMALOUS,"{'is_sunlight': False, 'orbit_fraction': 0.14111498257839722, 'solar_power_w': 0.0, 'load_power_w': 95.0, 'operating_mode': 'STANDBY', 'fault_active': True, 'active_faults': ['BATTERY_RESISTANCE_SPIKE'], 'dataset': 'ASTRA_SIMULATED_EPS'}"
12300.0,ASTRA-FLAGSHIP-01,EPS,32.14279298490248,2.9211615526010473,12.730688839926756,39.99789549826153,0.9832806977949727,"{'soh': 0.9999473874565381, 'internal_resistance_ohm': 0.20251278484806123, 'solar_health_factor': 1.0}",ANOMALOUS,"{'is_sunlight': False, 'orbit_fraction': 0.14285714285714285, 'solar_power_w': 0.0, 'load_power_w': 95.0, 'operating_mode': 'STANDBY', 'fault_active': True, 'active_faults': ['BATTERY_RESISTANCE_SPIKE'], 'dataset': 'ASTRA_SIMULATED_EPS'}"
12310.0,ASTRA-FLAGSHIP-01,EPS,32.22559181828545,2.9219043237601627,12.57107774686482,39.99789388449936,0.983078959726944,"{'soh': 0.9999473471124841, 'internal_resistance_ohm': 0.20251279465166636, 'solar_health_factor': 1.0}",ANOMALOUS,"{'is_sunlight': False, 'orbit_fraction': 0.1445993031358885, 'solar_power_w': 0.0, 'load_power_w': 95.0, 'operating_mode': 'STANDBY', 'fault_active': True, 'active_faults': ['BATTERY_RESISTANCE_SPIKE'], 'dataset': 'ASTRA_SIMULATED_EPS'}"
12320.0,ASTRA-FLAGSHIP-01,EPS,31.963293270904085,2.9114726944175393,12.550762955250828,39.9978922706798,0.9828772144735275,"{'soh': 0.999947306766995, 'internal_resistance_ohm': 0.20251280445562023, 'solar_health_factor': 1.0}",ANOMALOUS,"{'is_sunlight': False, 'orbit_fraction': 0.14634146341463414, 'solar_power_w': 0.0, 'load_power_w': 95.0, 'operating_mode': 'STANDBY', 'fault_active': True, 'active_faults': ['BATTERY_RESISTANCE_SPIKE'], 'dataset': 'ASTRA_SIMULATED_EPS'}"
12330.0,ASTRA-FLAGSHIP-01,EPS,32.01804789486221,2.9258798472848553,12.49423275565003,39.99789065680282,0.9826754620338216,"{'soh': 0.9999472664200704, 'internal_resistance_ohm': 0.20251281425992287, 'solar_health_factor': 1.0}",ANOMALOUS,"{'is_sunlight': False, 'orbit_fraction': 0.1480836236933798, 'solar_power_w': 0.0, 'load_power_w': 95.0, 'operating_mode': 'STANDBY', 'fault_active': True, 'active_faults': ['BATTERY_RESISTANCE_SPIKE'], 'dataset': 'ASTRA_SIMULATED_EPS'}"
12340.0,ASTRA-FLAGSHIP-01,EPS,31.905704238359103,2.888843649035936,12.332298841689196,39.99788904286841,0.9824737024069242,"{'soh': 0.9999472260717103, 'internal_resistance_ohm': 0.2025128240645744, 'solar_health_factor': 1.0}",ANOMALOUS,"{'is_sunlight': False, 'orbit_fraction': 0.14982578397212543, 'solar_power_w': 0.0, 'load_power_w': 95.0, 'operating_mode': 'STANDBY', 'fault_active': True, 'active_faults': ['BATTERY_RESISTANCE_SPIKE'], 'dataset': 'ASTRA_SIMULATED_EPS'}"
12350.0,ASTRA-FLAGSHIP-01,EPS,32.10066667078435,2.895045758931588,12.324863126908392,39.99788742887658,0.9822719355919324,"{'soh': 0.9999471857219144, 'internal_resistance_ohm': 0.20251283386957478, 'solar_health_factor': 1.0}",ANOMALOUS,"{'is_sunlight': False, 'orbit_fraction': 0.15156794425087108, 'solar_power_w': 0.0, 'load_power_w': 95.0, 'operating_mode': 'STANDBY', 'fault_active': True, 'active_faults': ['BATTERY_RESISTANCE_SPIKE'], 'dataset': 'ASTRA_SIMULATED_EPS'}"
12360.0,ASTRA-FLAGSHIP-01,EPS,32.11813992602943,2.9061623668705785,12.103612051295746,39.997885814827306,0.9820701615879421,"{'soh': 0.9999471453706826, 'internal_resistance_ohm': 0.2025128436749241, 'solar_health_factor': 1.0}",ANOMALOUS,"{'is_sunlight': False, 'orbit_fraction': 0.15331010452961671, 'solar_power_w': 0.0, 'load_power_w': 95.0, 'operating_mode': 'STANDBY', 'fault_active': True, 'active_faults': ['BATTERY_RESISTANCE_SPIKE'], 'dataset': 'ASTRA_SIMULATED_EPS'}"
12370.0,ASTRA-FLAGSHIP-01,EPS,31.838143068093107,2.91098289961036,11.98715083258338,39.99788420072059,0.9818683803940489,"{'soh': 0.9999471050180148, 'internal_resistance_ohm': 0.20251285348062242, 'solar_health_factor': 1.0}",ANOMALOUS,"{'is_sunlight': False, 'orbit_fraction': 0.15505226480836237, 'solar_power_w': 0.0, 'load_power_w': 95.0, 'operating_mode': 'STANDBY', 'fault_active': True, 'active_faults': ['BATTERY_RESISTANCE_SPIKE'], 'dataset': 'ASTRA_SIMULATED_EPS'}"
12380.0,ASTRA-FLAGSHIP-01,EPS,32.21007305479302,2.9025104952871144,12.174526317893179,39.99788258655643,0.9816665920093471,"{'soh': 0.9999470646639107, 'internal_resistance_ohm': 0.2025128632866697, 'solar_health_factor': 1.0}",ANOMALOUS,"{'is_sunlight': False, 'orbit_fraction': 0.156794425087108, 'solar_power_w': 0.0, 'load_power_w': 95.0, 'operating_mode': 'STANDBY', 'fault_active': True, 'active_faults': ['BATTERY_RESISTANCE_SPIKE'], 'dataset': 'ASTRA_SIMULATED_EPS'}"
12390.0,ASTRA-FLAGSHIP-01,EPS,32.416426591253675,2.9021589303625,11.925863262726267,39.9978809723348,0.9814647964329305,"{'soh': 0.99994702430837, 'internal_resistance_ohm': 0.20251287309306604, 'solar_health_factor': 1.0}",ANOMALOUS,"{'is_sunlight': False, 'orbit_fraction': 0.15853658536585366, 'solar_power_w': 0.0, 'load_power_w': 95.0, 'operating_mode': 'STANDBY', 'fault_active': True, 'active_faults': ['BATTERY_RESISTANCE_SPIKE'], 'dataset': 'ASTRA_SIMULATED_EPS'}"
12400.0,ASTRA-FLAGSHIP-01,EPS,32.20495412853095,2.9390671190380884,11.768303911684175,39.99787935805571,0.9812629936638918,"{'soh': 0.9999469839513928, 'internal_resistance_ohm': 0.20251288289981154, 'solar_health_factor': 1.0}",ANOMALOUS,"{'is_sunlight': False, 'orbit_fraction': 0.1602787456445993, 'solar_power_w': 0.0, 'load_power_w': 95.0, 'operating_mode': 'STANDBY', 'fault_active': True, 'active_faults': ['BATTERY_RESISTANCE_SPIKE'], 'dataset': 'ASTRA_SIMULATED_EPS'}"
12410.0,ASTRA-FLAGSHIP-01,EPS,31.758032480887902,2.8937612181203702,11.798583725574082,39.99787774371915,0.981061183701323,"{'soh': 0.9999469435929788, 'internal_resistance_ohm': 0.20251289270690614, 'solar_health_factor': 1.0}",ANOMALOUS,"{'is_sunlight': False, 'orbit_fraction': 0.16202090592334495, 'solar_power_w': 0.0, 'load_power_w': 95.0, 'operating_mode': 'STANDBY', 'fault_active': True, 'active_faults': ['BATTERY_RESISTANCE_SPIKE'], 'dataset': 'ASTRA_SIMULATED_EPS'}"
12420.0,ASTRA-FLAGSHIP-01,EPS,32.12266731209595,2.926905457563959,11.628919105447025,39.99787612932511,0.9808593665443154,"{'soh': 0.9999469032331277, 'internal_resistance_ohm': 0.20251290251434995, 'solar_health_factor': 1.0}",ANOMALOUS,"{'is_sunlight': False, 'orbit_fraction': 0.16376306620209058, 'solar_power_w': 0.0, 'load_power_w': 95.0, 'operating_mode': 'STANDBY', 'fault_active': True, 'active_faults': ['BATTERY_RESISTANCE_SPIKE'], 'dataset': 'ASTRA_SIMULATED_EPS'}"
12430.0,ASTRA-FLAGSHIP-01,EPS,31.6708053395832,2.9228737589765386,11.567166382229228,39.99787451487358,0.9806575421919592,"{'soh': 0.9999468628718395, 'internal_resistance_ohm': 0.202512912322143, 'solar_health_factor': 1.0}",ANOMALOUS,"{'is_sunlight': False, 'orbit_fraction': 0.16550522648083624, 'solar_power_w': 0.0, 'load_power_w': 95.0, 'operating_mode': 'STANDBY', 'fault_active': True, 'active_faults': ['BATTERY_RESISTANCE_SPIKE'], 'dataset': 'ASTRA_SIMULATED_EPS'}"
12440.0,ASTRA-FLAGSHIP-01,EPS,31.71731725533985,2.9090530007101467,11.5681216993682,39.997872900364555,0.980455710643344,"{'soh': 0.9999468225091139, 'internal_resistance_ohm': 0.2025129221302853, 'solar_health_factor': 1.0}",ANOMALOUS,"{'is_sunlight': False, 'orbit_fraction': 0.1672473867595819, 'solar_power_w': 0.0, 'load_power_w': 95.0, 'operating_mode': 'STANDBY', 'fault_active': True, 'active_faults': ['BATTERY_RESISTANCE_SPIKE'], 'dataset': 'ASTRA_SIMULATED_EPS'}"
12450.0,ASTRA-FLAGSHIP-01,EPS,32.019945273495395,2.8973807437802956,11.440595455531993,39.99787128579803,0.9802538718975585,"{'soh': 0.9999467821449507, 'internal_resistance_ohm': 0.20251293193877695, 'solar_health_factor': 1.0}",ANOMALOUS,"{'is_sunlight': False, 'orbit_fraction': 0.16898954703832753, 'solar_power_w': 0.0, 'load_power_w': 95.0, 'operating_mode': 'STANDBY', 'fault_active': True, 'active_faults': ['BATTERY_RESISTANCE_SPIKE'], 'dataset': 'ASTRA_SIMULATED_EPS'}"
12460.0,ASTRA-FLAGSHIP-01,EPS,31.978946809372463,2.8800965555575515,11.333143548133997,39.997869671173994,0.9800520259536906,"{'soh': 0.9999467417793498, 'internal_resistance_ohm': 0.20251294174761797, 'solar_health_factor': 1.0}",ANOMALOUS,"{'is_sunlight': False, 'orbit_fraction': 0.17073170731707318, 'solar_power_w': 0.0, 'load_power_w': 95.0, 'operating_mode': 'STANDBY', 'fault_active': True, 'active_faults': ['BATTERY_RESISTANCE_SPIKE'], 'dataset': 'ASTRA_SIMULATED_EPS'}"
12470.0,ASTRA-FLAGSHIP-01,EPS,32.12062503247308,2.912813569913759,11.297807380869493,39.99786805649244,0.9798501728108272,"{'soh': 0.9999467014123111, 'internal_resistance_ohm': 0.2025129515568084, 'solar_health_factor': 1.0}",ANOMALOUS,"{'is_sunlight': False, 'orbit_fraction': 0.17247386759581881, 'solar_power_w': 0.0, 'load_power_w': 95.0, 'operating_mode': 'STANDBY', 'fault_active': True, 'active_faults': ['BATTERY_RESISTANCE_SPIKE'], 'dataset': 'ASTRA_SIMULATED_EPS'}"
12480.0,ASTRA-FLAGSHIP-01,EPS,31.876533307015425,2.9030885588159694,11.101290173178407,39.99786644175337,0.9796483124680545,"{'soh': 0.9999466610438342, 'internal_resistance_ohm': 0.20251296136634828, 'solar_health_factor': 1.0}",ANOMALOUS,"{'is_sunlight': False, 'orbit_fraction': 0.17421602787456447, 'solar_power_w': 0.0, 'load_power_w': 95.0, 'operating_mode': 'STANDBY', 'fault_active': True, 'active_faults': ['BATTERY_RESISTANCE_SPIKE'], 'dataset': 'ASTRA_SIMULATED_EPS'}"
12490.0,ASTRA-FLAGSHIP-01,EPS,32.06333546139592,2.934648319480134,11.057387514281094,39.997864826956764,0.979446444924458,"{'soh': 0.999946620673919, 'internal_resistance_ohm': 0.20251297117623768, 'solar_health_factor': 1.0}",ANOMALOUS,"{'is_sunlight': False, 'orbit_fraction': 0.1759581881533101, 'solar_power_w': 0.0, 'load_power_w': 95.0, 'operating_mode': 'STANDBY', 'fault_active': True, 'active_faults': ['BATTERY_RESISTANCE_SPIKE'], 'dataset': 'ASTRA_SIMULATED_EPS'}"
12500.0,ASTRA-FLAGSHIP-01,EPS,31.93971368540567,2.9132698813240396,11.114898044061038,39.997863212102615,0.979244570179122,"{'soh': 0.9999465803025654, 'internal_resistance_ohm': 0.2025129809864766, 'solar_health_factor': 1.0}",ANOMALOUS,"{'is_sunlight': False, 'orbit_fraction': 0.17770034843205576, 'solar_power_w': 0.0, 'load_power_w': 95.0, 'operating_mode': 'STANDBY', 'fault_active': True, 'active_faults': ['BATTERY_RESISTANCE_SPIKE'], 'dataset': 'ASTRA_SIMULATED_EPS'}"
12510.0,ASTRA-FLAGSHIP-01,EPS,31.96058412181262,2.8934217187483497,10.875182079874765,39.997861597190926,0.9790426882311304,"{'soh': 0.9999465399297732, 'internal_resistance_ohm': 0.20251299079706508, 'solar_health_factor': 1.0}",ANOMALOUS,"{'is_sunlight': False, 'orbit_fraction': 0.1794425087108014, 'solar_power_w': 0.0, 'load_power_w': 95.0, 'operating_mode': 'STANDBY', 'fault_active': True, 'active_faults': ['BATTERY_RESISTANCE_SPIKE'], 'dataset': 'ASTRA_SIMULATED_EPS'}"
12520.0,ASTRA-FLAGSHIP-01,EPS,32.04775095056795,2.9469406938860643,10.909078456575818,39.997859982221684,0.9788407990795659,"{'soh': 0.9999464995555422, 'internal_resistance_ohm': 0.20251300060800323, 'solar_health_factor': 1.0}",ANOMALOUS,"{'is_sunlight': False, 'orbit_fraction': 0.18118466898954705, 'solar_power_w': 0.0, 'load_power_w': 95.0, 'operating_mode': 'STANDBY', 'fault_active': True, 'active_faults': ['BATTERY_RESISTANCE_SPIKE'], 'dataset': 'ASTRA_SIMULATED_EPS'}"
12530.0,ASTRA-FLAGSHIP-01,EPS,32.02642878481316,2.913443990076514,10.816447641711987,39.99785836719488,0.9786389027235106,"{'soh': 0.999946459179872, 'internal_resistance_ohm': 0.2025130104192911, 'solar_health_factor': 1.0}",ANOMALOUS,"{'is_sunlight': False, 'orbit_fraction': 0.18292682926829268, 'solar_power_w': 0.0, 'load_power_w': 95.0, 'operating_mode': 'STANDBY', 'fault_active': True, 'active_faults': ['BATTERY_RESISTANCE_SPIKE'], 'dataset': 'ASTRA_SIMULATED_EPS'}"
12540.0,ASTRA-FLAGSHIP-01,EPS,31.898609326777986,2.9233393274201127,10.750290880063407,39.997856752110515,0.9784369991620457,"{'soh': 0.9999464188027628, 'internal_resistance_ohm': 0.20251302023092863, 'solar_health_factor': 1.0}",ANOMALOUS,"{'is_sunlight': False, 'orbit_fraction': 0.18466898954703834, 'solar_power_w': 0.0, 'load_power_w': 95.0, 'operating_mode': 'STANDBY', 'fault_active': True, 'active_faults': ['BATTERY_RESISTANCE_SPIKE'], 'dataset': 'ASTRA_SIMULATED_EPS'}"
12550.0,ASTRA-FLAGSHIP-01,EPS,32.030441192930596,2.8883036238372477,10.726387059175348,39.99785513696857,0.9782350883942516,"{'soh': 0.9999463784242142, 'internal_resistance_ohm': 0.202513030042916, 'solar_health_factor': 1.0}",ANOMALOUS,"{'is_sunlight': False, 'orbit_fraction': 0.18641114982578397, 'solar_power_w': 0.0, 'load_power_w': 95.0, 'operating_mode': 'STANDBY', 'fault_active': True, 'active_faults': ['BATTERY_RESISTANCE_SPIKE'], 'dataset': 'ASTRA_SIMULATED_EPS'}"
12560.0,ASTRA-FLAGSHIP-01,EPS,32.13287276356263,2.8966602240686647,10.633719505196796,39.99785352176904,0.9780331704192077,"{'soh': 0.999946338044226, 'internal_resistance_ohm': 0.2025130398552531, 'solar_health_factor': 1.0}",ANOMALOUS,"{'is_sunlight': False, 'orbit_fraction': 0.18815331010452963, 'solar_power_w': 0.0, 'load_power_w': 95.0, 'operating_mode': 'STANDBY', 'fault_active': True, 'active_faults': ['BATTERY_RESISTANCE_SPIKE'], 'dataset': 'ASTRA_SIMULATED_EPS'}"
12570.0,ASTRA-FLAGSHIP-01,EPS,31.945570103988107,2.8922878335951236,10.468266893908114,39.99785190651192,0.9778312452359926,"{'soh': 0.999946297662798, 'internal_resistance_ohm': 0.2025130496679401, 'solar_health_factor': 1.0}",ANOMALOUS,"{'is_sunlight': False, 'orbit_fraction': 0.18989547038327526, 'solar_power_w': 0.0, 'load_power_w': 95.0, 'operating_mode': 'STANDBY', 'fault_active': True, 'active_faults': ['BATTERY_RESISTANCE_SPIKE'], 'dataset': 'ASTRA_SIMULATED_EPS'}"
12580.0,ASTRA-FLAGSHIP-01,EPS,31.74047194750345,2.9168833352164256,10.337525228019205,39.9978502911972,0.9776293128436844,"{'soh': 0.9999462572799301, 'internal_resistance_ohm': 0.202513059480977, 'solar_health_factor': 1.0}",ANOMALOUS,"{'is_sunlight': False, 'orbit_fraction': 0.1916376306620209, 'solar_power_w': 0.0, 'load_power_w': 95.0, 'operating_mode': 'STANDBY', 'fault_active': True, 'active_faults': ['BATTERY_RESISTANCE_SPIKE'], 'dataset': 'ASTRA_SIMULATED_EPS'}"
12590.0,ASTRA-FLAGSHIP-01,EPS,31.826176097276942,2.8672192329596435,10.347815493357599,39.99784867582488,0.9774273732413599,"{'soh': 0.9999462168956221, 'internal_resistance_ohm': 0.20251306929436383, 'solar_health_factor': 1.0}",ANOMALOUS,"{'is_sunlight': False, 'orbit_fraction': 0.19337979094076654, 'solar_power_w': 0.0, 'load_power_w': 95.0, 'operating_mode': 'STANDBY', 'fault_active': True, 'active_faults': ['BATTERY_RESISTANCE_SPIKE'], 'dataset': 'ASTRA_SIMULATED_EPS'}"
12600.0,ASTRA-FLAGSHIP-01,EPS,31.997611559197598,2.9014941464124027,10.223232133723448,39.99784706039495,0.9772254264280953,"{'soh': 0.9999461765098738, 'internal_resistance_ohm': 0.20251307910810065, 'solar_health_factor': 1.0}",ANOMALOUS,"{'is_sunlight': False, 'orbit_fraction': 0.1951219512195122, 'solar_power_w': 0.0, 'load_power_w': 95.0, 'operating_mode': 'STANDBY', 'fault_active': True, 'active_faults': ['BATTERY_RESISTANCE_SPIKE'], 'dataset': 'ASTRA_SIMULATED_EPS'}"
12610.0,ASTRA-FLAGSHIP-01,EPS,31.83281311705051,2.917055062033056,10.17128044868737,39.997845444907405,0.9770234724029659,"{'soh': 0.9999461361226851, 'internal_resistance_ohm': 0.20251308892218753, 'solar_health_factor': 1.0}",ANOMALOUS,"{'is_sunlight': False, 'orbit_fraction': 0.19686411149825783, 'solar_power_w': 0.0, 'load_power_w': 95.0, 'operating_mode': 'STANDBY', 'fault_active': True, 'active_faults': ['BATTERY_RESISTANCE_SPIKE'], 'dataset': 'ASTRA_SIMULATED_EPS'}"
12620.0,ASTRA-FLAGSHIP-01,EPS,32.06994989994142,2.890786923580142,10.13151264900181,39.997843829362225,0.9768215111650465,"{'soh': 0.9999460957340557, 'internal_resistance_ohm': 0.2025130987366245, 'solar_health_factor': 1.0}",ANOMALOUS,"{'is_sunlight': False, 'orbit_fraction': 0.1986062717770035, 'solar_power_w': 0.0, 'load_power_w': 95.0, 'operating_mode': 'STANDBY', 'fault_active': True, 'active_faults': ['BATTERY_RESISTANCE_SPIKE'], 'dataset': 'ASTRA_SIMULATED_EPS'}"
12630.0,ASTRA-FLAGSHIP-01,EPS,32.22675590707812,2.9196430469726202,10.025694182193789,39.99784221375941,0.9766195427134103,"{'soh': 0.9999460553439854, 'internal_resistance_ohm': 0.20251310855141152, 'solar_health_factor': 1.0}",ANOMALOUS,"{'is_sunlight': False, 'orbit_fraction': 0.20034843205574912, 'solar_power_w': 0.0, 'load_power_w': 95.0, 'operating_mode': 'STANDBY', 'fault_active': True, 'active_faults': ['BATTERY_RESISTANCE_SPIKE'], 'dataset': 'ASTRA_SIMULATED_EPS'}"
12640.0,ASTRA-FLAGSHIP-01,EPS,32.05809826827849,2.903589632059835,9.970767594561558,39.99784059809897,0.9764175670471305,"{'soh': 0.9999460149524741, 'internal_resistance_ohm': 0.20251311836654876, 'solar_health_factor': 1.0}",ANOMALOUS,"{'is_sunlight': False, 'orbit_fraction': 0.20209059233449478, 'solar_power_w': 0.0, 'load_power_w': 95.0, 'operating_mode': 'STANDBY', 'fault_active': True, 'active_faults': ['BATTERY_RESISTANCE_SPIKE'], 'dataset': 'ASTRA_SIMULATED_EPS'}"
12650.0,ASTRA-FLAGSHIP-01,EPS,31.74266293756483,3.9758189388833403,9.908613286047348,39.99783898238086,0.9761411694193334,"{'soh': 0.9999459745595216, 'internal_resistance_ohm': 0.20251312818203626, 'solar_health_factor': 1.0}",ANOMALOUS,"{'is_sunlight': False, 'orbit_fraction': 0.2038327526132404, 'solar_power_w': 0.0, 'load_power_w': 130.0, 'operating_mode': 'STANDBY', 'fault_active': True, 'active_faults': ['BATTERY_RESISTANCE_SPIKE'], 'dataset': 'ASTRA_SIMULATED_EPS'}"
12660.0,ASTRA-FLAGSHIP-01,EPS,31.63171603891492,3.9548092616355452,9.756455203073408,39.9978367713193,0.9758647582778573,"{'soh': 0.9999459192829825, 'internal_resistance_ohm': 0.20251314161423523, 'solar_health_factor': 1.0}",ANOMALOUS,"{'is_sunlight': False, 'orbit_fraction': 0.20557491289198607, 'solar_power_w': 0.0, 'load_power_w': 130.0, 'operating_mode': 'STANDBY', 'fault_active': True, 'active_faults': ['BATTERY_RESISTANCE_SPIKE'], 'dataset': 'ASTRA_SIMULATED_EPS'}"
12670.0,ASTRA-FLAGSHIP-01,EPS,31.53104099902907,3.949987416998703,9.761960739415242,39.997834560149755,0.9755883336203193,"{'soh': 0.999945864003744, 'internal_resistance_ohm': 0.20251315504709022, 'solar_health_factor': 1.0}",ANOMALOUS,"{'is_sunlight': False, 'orbit_fraction': 0.2073170731707317, 'solar_power_w': 0.0, 'load_power_w': 130.0, 'operating_mode': 'STANDBY', 'fault_active': True, 'active_faults': ['BATTERY_RESISTANCE_SPIKE'], 'dataset': 'ASTRA_SIMULATED_EPS'}"
12680.0,ASTRA-FLAGSHIP-01,EPS,31.639726180582738,3.9932842832757474,9.684053687889438,39.997832348872215,0.9753118954443332,"{'soh': 0.9999458087218054, 'internal_resistance_ohm': 0.2025131684806013, 'solar_health_factor': 1.0}",ANOMALOUS,"{'is_sunlight': False, 'orbit_fraction': 0.20905923344947736, 'solar_power_w': 0.0, 'load_power_w': 130.0, 'operating_mode': 'STANDBY', 'fault_active': True, 'active_faults': ['BATTERY_RESISTANCE_SPIKE'], 'dataset': 'ASTRA_SIMULATED_EPS'}"
12690.0,ASTRA-FLAGSHIP-01,EPS,31.465435877232334,3.996999630619173,9.651407662229623,39.99783013748665,0.97503544374751,"{'soh': 0.9999457534371663, 'internal_resistance_ohm': 0.2025131819147686, 'solar_health_factor': 1.0}",ANOMALOUS,"{'is_sunlight': False, 'orbit_fraction': 0.21080139372822299, 'solar_power_w': 0.0, 'load_power_w': 130.0, 'operating_mode': 'STANDBY', 'fault_active': True, 'active_faults': ['BATTERY_RESISTANCE_SPIKE'], 'dataset': 'ASTRA_SIMULATED_EPS'}"
12700.0,ASTRA-FLAGSHIP-01,EPS,31.617245444503403,3.9913476122391107,9.49680683347376,39.99782792599304,0.9747589785274577,"{'soh': 0.9999456981498261, 'internal_resistance_ohm': 0.20251319534959222, 'solar_health_factor': 1.0}",ANOMALOUS,"{'is_sunlight': False, 'orbit_fraction': 0.21254355400696864, 'solar_power_w': 0.0, 'load_power_w': 130.0, 'operating_mode': 'STANDBY', 'fault_active': True, 'active_faults': ['BATTERY_RESISTANCE_SPIKE'], 'dataset': 'ASTRA_SIMULATED_EPS'}"
12710.0,ASTRA-FLAGSHIP-01,EPS,31.787853466256177,3.949584703000806,9.378950324738113,39.99782571439139,0.9744824997817816,"{'soh': 0.9999456428597847, 'internal_resistance_ohm': 0.2025132087850723, 'solar_health_factor': 1.0}",ANOMALOUS,"{'is_sunlight': False, 'orbit_fraction': 0.21428571428571427, 'solar_power_w': 0.0, 'load_power_w': 130.0, 'operating_mode': 'STANDBY', 'fault_active': True, 'active_faults': ['BATTERY_RESISTANCE_SPIKE'], 'dataset': 'ASTRA_SIMULATED_EPS'}"
12720.0,ASTRA-FLAGSHIP-01,EPS,31.7089305115909,3.978190461021244,9.377901646217921,39.997823502681655,0.9742060075080837,"{'soh': 0.9999455875670413, 'internal_resistance_ohm': 0.202513222221209, 'solar_health_factor': 1.0}",ANOMALOUS,"{'is_sunlight': False, 'orbit_fraction': 0.21602787456445993, 'solar_power_w': 0.0, 'load_power_w': 130.0, 'operating_mode': 'STANDBY', 'fault_active': True, 'active_faults': ['BATTERY_RESISTANCE_SPIKE'], 'dataset': 'ASTRA_SIMULATED_EPS'}"
12730.0,ASTRA-FLAGSHIP-01,EPS,31.57924972418703,3.9715062867565685,9.340633152181978,39.99782129086382,0.9739295017039632,"{'soh': 0.9999455322715954, 'internal_resistance_ohm': 0.2025132356580023, 'solar_health_factor': 1.0}",ANOMALOUS,"{'is_sunlight': False, 'orbit_fraction': 0.21777003484320556, 'solar_power_w': 0.0, 'load_power_w': 130.0, 'operating_mode': 'STANDBY', 'fault_active': True, 'active_faults': ['BATTERY_RESISTANCE_SPIKE'], 'dataset': 'ASTRA_SIMULATED_EPS'}"
12740.0,ASTRA-FLAGSHIP-01,EPS,31.757905488621027,3.9862071396211785,9.22324541076321,39.997819078937866,0.9736529823670163,"{'soh': 0.9999454769734467, 'internal_resistance_ohm': 0.20251324909545243, 'solar_health_factor': 1.0}",ANOMALOUS,"{'is_sunlight': False, 'orbit_fraction': 0.21951219512195122, 'solar_power_w': 0.0, 'load_power_w': 130.0, 'operating_mode': 'STANDBY', 'fault_active': True, 'active_faults': ['BATTERY_RESISTANCE_SPIKE'], 'dataset': 'ASTRA_SIMULATED_EPS'}"
12750.0,ASTRA-FLAGSHIP-01,EPS,31.94895599846951,3.9525583933759094,9.210909475376434,39.99781686690379,0.9733764494948363,"{'soh': 0.9999454216725947, 'internal_resistance_ohm': 0.2025132625335595, 'solar_health_factor': 1.0}",ANOMALOUS,"{'is_sunlight': False, 'orbit_fraction': 0.22125435540069685, 'solar_power_w': 0.0, 'load_power_w': 130.0, 'operating_mode': 'STANDBY', 'fault_active': True, 'active_faults': ['BATTERY_RESISTANCE_SPIKE'], 'dataset': 'ASTRA_SIMULATED_EPS'}"
12760.0,ASTRA-FLAGSHIP-01,EPS,31.948489275183547,3.994030278258677,9.106380962782342,39.997814654761555,0.9730999030850134,"{'soh': 0.9999453663690389, 'internal_resistance_ohm': 0.20251327597232355, 'solar_health_factor': 1.0}",ANOMALOUS,"{'is_sunlight': False, 'orbit_fraction': 0.2229965156794425, 'solar_power_w': 0.0, 'load_power_w': 130.0, 'operating_mode': 'STANDBY', 'fault_active': True, 'active_faults': ['BATTERY_RESISTANCE_SPIKE'], 'dataset': 'ASTRA_SIMULATED_EPS'}"
12770.0,ASTRA-FLAGSHIP-01,EPS,31.674917533049484,4.008055696653911,8.97552773319117,39.99781244251115,0.972823343135135,"{'soh': 0.9999453110627786, 'internal_resistance_ohm': 0.2025132894117448, 'solar_health_factor': 1.0}",ANOMALOUS,"{'is_sunlight': False, 'orbit_fraction': 0.22473867595818817, 'solar_power_w': 0.0, 'load_power_w': 130.0, 'operating_mode': 'STANDBY', 'fault_active': True, 'active_faults': ['BATTERY_RESISTANCE_SPIKE'], 'dataset': 'ASTRA_SIMULATED_EPS'}"
12780.0,ASTRA-FLAGSHIP-01,EPS,31.60283878852426,3.972536223120566,9.03892046459925,39.99781023015254,0.9725467696427854,"{'soh': 0.9999452557538135, 'internal_resistance_ohm': 0.20251330285182328, 'solar_health_factor': 1.0}",ANOMALOUS,"{'is_sunlight': False, 'orbit_fraction': 0.2264808362369338, 'solar_power_w': 0.0, 'load_power_w': 130.0, 'operating_mode': 'STANDBY', 'fault_active': True, 'active_faults': ['BATTERY_RESISTANCE_SPIKE'], 'dataset': 'ASTRA_SIMULATED_EPS'}"
12790.0,ASTRA-FLAGSHIP-01,EPS,31.81530056471189,3.958517983878509,8.892074274812,39.997808017685735,0.9722701826055461,"{'soh': 0.9999452004421433, 'internal_resistance_ohm': 0.20251331629255914, 'solar_health_factor': 1.0}",ANOMALOUS,"{'is_sunlight': False, 'orbit_fraction': 0.22822299651567945, 'solar_power_w': 0.0, 'load_power_w': 130.0, 'operating_mode': 'STANDBY', 'fault_active': True, 'active_faults': ['BATTERY_RESISTANCE_SPIKE'], 'dataset': 'ASTRA_SIMULATED_EPS'}"
12800.0,ASTRA-FLAGSHIP-01,EPS,31.655635650825634,3.9651461387525404,8.887275362833295,39.99780580511069,0.9719935820209954,"{'soh': 0.9999451451277672, 'internal_resistance_ohm': 0.20251332973395259, 'solar_health_factor': 1.0}",ANOMALOUS,"{'is_sunlight': False, 'orbit_fraction': 0.22996515679442509, 'solar_power_w': 0.0, 'load_power_w': 130.0, 'operating_mode': 'STANDBY', 'fault_active': True, 'active_faults': ['BATTERY_RESISTANCE_SPIKE'], 'dataset': 'ASTRA_SIMULATED_EPS'}"
12810.0,ASTRA-FLAGSHIP-01,EPS,31.533596700335938,4.023107787685127,8.810671824848802,39.997803592427395,0.9717169678867088,"{'soh': 0.9999450898106849, 'internal_resistance_ohm': 0.20251334317600356, 'solar_health_factor': 1.0}",ANOMALOUS,"{'is_sunlight': False, 'orbit_fraction': 0.23170731707317074, 'solar_power_w': 0.0, 'load_power_w': 130.0, 'operating_mode': 'STANDBY', 'fault_active': True, 'active_faults': ['BATTERY_RESISTANCE_SPIKE'], 'dataset': 'ASTRA_SIMULATED_EPS'}"
12820.0,ASTRA-FLAGSHIP-01,EPS,31.922772117704177,3.971685086587966,8.692879990343307,39.99780137963583,0.9714403402002587,"{'soh': 0.9999450344908958, 'internal_resistance_ohm': 0.2025133566187123, 'solar_health_factor': 1.0}",ANOMALOUS,"{'is_sunlight': False, 'orbit_fraction': 0.23344947735191637, 'solar_power_w': 0.0, 'load_power_w': 130.0, 'operating_mode': 'STANDBY', 'fault_active': True, 'active_faults': ['BATTERY_RESISTANCE_SPIKE'], 'dataset': 'ASTRA_SIMULATED_EPS'}"
12830.0,ASTRA-FLAGSHIP-01,EPS,31.52035558278605,3.9703416364578246,8.656362776683624,39.99779916673598,0.9711636989592146,"{'soh': 0.9999449791683995, 'internal_resistance_ohm': 0.2025133700620789, 'solar_health_factor': 1.0}",ANOMALOUS,"{'is_sunlight': False, 'orbit_fraction': 0.23519163763066203, 'solar_power_w': 0.0, 'load_power_w': 130.0, 'operating_mode': 'STANDBY', 'fault_active': True, 'active_faults': ['BATTERY_RESISTANCE_SPIKE'], 'dataset': 'ASTRA_SIMULATED_EPS'}"
12840.0,ASTRA-FLAGSHIP-01,EPS,31.95185008245768,3.9560214910974207,8.544893234722483,39.997796953727814,0.970887044161143,"{'soh': 0.9999449238431954, 'internal_resistance_ohm': 0.20251338350610348, 'solar_health_factor': 1.0}",ANOMALOUS,"{'is_sunlight': False, 'orbit_fraction': 0.23693379790940766, 'solar_power_w': 0.0, 'load_power_w': 130.0, 'operating_mode': 'STANDBY', 'fault_active': True, 'active_faults': ['BATTERY_RESISTANCE_SPIKE'], 'dataset': 'ASTRA_SIMULATED_EPS'}"
12850.0,ASTRA-FLAGSHIP-01,EPS,31.72039839609274,3.949022999381212,8.524409209933044,39.99779474061133,0.9706103758036074,"{'soh': 0.9999448685152833, 'internal_resistance_ohm': 0.20251339695078616, 'solar_health_factor': 1.0}",ANOMALOUS,"{'is_sunlight': False, 'orbit_fraction': 0.23867595818815332, 'solar_power_w': 0.0, 'load_power_w': 130.0, 'operating_mode': 'STANDBY', 'fault_active': True, 'active_faults': ['BATTERY_RESISTANCE_SPIKE'], 'dataset': 'ASTRA_SIMULATED_EPS'}"
12860.0,ASTRA-FLAGSHIP-01,EPS,31.627806324038417,3.9791306362086063,8.404101495888737,39.997792527386494,0.9703336938841683,"{'soh': 0.9999448131846624, 'internal_resistance_ohm': 0.20251341039612702, 'solar_health_factor': 1.0}",ANOMALOUS,"{'is_sunlight': False, 'orbit_fraction': 0.24041811846689895, 'solar_power_w': 0.0, 'load_power_w': 130.0, 'operating_mode': 'STANDBY', 'fault_active': True, 'active_faults': ['BATTERY_RESISTANCE_SPIKE'], 'dataset': 'ASTRA_SIMULATED_EPS'}"
12870.0,ASTRA-FLAGSHIP-01,EPS,31.615752255041592,3.984019290957926,8.34795902656365,39.9977903140533,0.9700569984003834,"{'soh': 0.9999447578513324, 'internal_resistance_ohm': 0.20251342384212626, 'solar_health_factor': 1.0}",ANOMALOUS,"{'is_sunlight': False, 'orbit_fraction': 0.2421602787456446, 'solar_power_w': 0.0, 'load_power_w': 130.0, 'operating_mode': 'STANDBY', 'fault_active': True, 'active_faults': ['BATTERY_RESISTANCE_SPIKE'], 'dataset': 'ASTRA_SIMULATED_EPS'}"
12880.0,ASTRA-FLAGSHIP-01,EPS,31.680331100870244,3.966235305297508,8.306938963647067,39.99778810061171,0.969780289349807,"{'soh': 0.9999447025152927, 'internal_resistance_ohm': 0.20251343728878388, 'solar_health_factor': 1.0}",ANOMALOUS,"{'is_sunlight': False, 'orbit_fraction': 0.24390243902439024, 'solar_power_w': 0.0, 'load_power_w': 130.0, 'operating_mode': 'STANDBY', 'fault_active': True, 'active_faults': ['BATTERY_RESISTANCE_SPIKE'], 'dataset': 'ASTRA_SIMULATED_EPS'}"
12890.0,ASTRA-FLAGSHIP-01,EPS,32.000079865897455,3.9880715542267064,8.273173937461856,39.99778588706172,0.9695035667299907,"{'soh': 0.9999446471765429, 'internal_resistance_ohm': 0.2025134507361001, 'solar_health_factor': 1.0}",ANOMALOUS,"{'is_sunlight': False, 'orbit_fraction': 0.2456445993031359, 'solar_power_w': 0.0, 'load_power_w': 130.0, 'operating_mode': 'STANDBY', 'fault_active': True, 'active_faults': ['BATTERY_RESISTANCE_SPIKE'], 'dataset': 'ASTRA_SIMULATED_EPS'}"
12900.0,ASTRA-FLAGSHIP-01,EPS,31.515401634983508,3.988712386724253,8.101086391888709,39.99778367340329,0.9692268305384832,"{'soh': 0.9999445918350823, 'internal_resistance_ohm': 0.202513464184075, 'solar_health_factor': 1.0}",ANOMALOUS,"{'is_sunlight': False, 'orbit_fraction': 0.24738675958188153, 'solar_power_w': 0.0, 'load_power_w': 130.0, 'operating_mode': 'STANDBY', 'fault_active': True, 'active_faults': ['BATTERY_RESISTANCE_SPIKE'], 'dataset': 'ASTRA_SIMULATED_EPS'}"
12910.0,ASTRA-FLAGSHIP-01,EPS,31.499992482045453,3.966546850317276,8.148317472731824,39.99778145963643,0.9689500807728301,"{'soh': 0.9999445364909108, 'internal_resistance_ohm': 0.20251347763270872, 'solar_health_factor': 1.0}",ANOMALOUS,"{'is_sunlight': False, 'orbit_fraction': 0.24912891986062718, 'solar_power_w': 0.0, 'load_power_w': 130.0, 'operating_mode': 'STANDBY', 'fault_active': True, 'active_faults': ['BATTERY_RESISTANCE_SPIKE'], 'dataset': 'ASTRA_SIMULATED_EPS'}"
12920.0,ASTRA-FLAGSHIP-01,EPS,31.88341173647249,3.991227964380894,7.94503554242473,39.997779245761095,0.9686733174305737,"{'soh': 0.9999444811440275, 'internal_resistance_ohm': 0.2025134910820013, 'solar_health_factor': 1.0}",ANOMALOUS,"{'is_sunlight': False, 'orbit_fraction': 0.2508710801393728, 'solar_power_w': 0.0, 'load_power_w': 130.0, 'operating_mode': 'STANDBY', 'fault_active': True, 'active_faults': ['BATTERY_RESISTANCE_SPIKE'], 'dataset': 'ASTRA_SIMULATED_EPS'}"
12930.0,ASTRA-FLAGSHIP-01,EPS,31.6998814474123,3.9928865962296385,7.963575275589041,39.99777703177728,0.9683965405092538,"{'soh': 0.9999444257944321, 'internal_resistance_ohm': 0.20251350453195296, 'solar_health_factor': 1.0}",ANOMALOUS,"{'is_sunlight': False, 'orbit_fraction': 0.25261324041811845, 'solar_power_w': 0.0, 'load_power_w': 130.0, 'operating_mode': 'STANDBY', 'fault_active': True, 'active_faults': ['BATTERY_RESISTANCE_SPIKE'], 'dataset': 'ASTRA_SIMULATED_EPS'}"
12940.0,ASTRA-FLAGSHIP-01,EPS,31.436856186010314,3.9633678416464764,7.884901773516635,39.99777481768497,0.9681197500064069,"{'soh': 0.9999443704421243, 'internal_resistance_ohm': 0.20251351798256378, 'solar_health_factor': 1.0}",ANOMALOUS,"{'is_sunlight': False, 'orbit_fraction': 0.25435540069686413, 'solar_power_w': 0.0, 'load_power_w': 130.0, 'operating_mode': 'STANDBY', 'fault_active': True, 'active_faults': ['BATTERY_RESISTANCE_SPIKE'], 'dataset': 'ASTRA_SIMULATED_EPS'}"
12950.0,ASTRA-FLAGSHIP-01,EPS,31.81279246864025,3.9310100945219992,7.813485448852455,39.99777260348412,0.9678429459195665,"{'soh': 0.9999443150871031, 'internal_resistance_ohm': 0.2025135314338339, 'solar_health_factor': 1.0}",ANOMALOUS,"{'is_sunlight': False, 'orbit_fraction': 0.25609756097560976, 'solar_power_w': 0.0, 'load_power_w': 130.0, 'operating_mode': 'STANDBY', 'fault_active': True, 'active_faults': ['BATTERY_RESISTANCE_SPIKE'], 'dataset': 'ASTRA_SIMULATED_EPS'}"
12960.0,ASTRA-FLAGSHIP-01,EPS,31.748757342445938,4.007132929385373,7.789898793588765,39.99777038917475,0.9675661282462632,"{'soh': 0.9999442597293686, 'internal_resistance_ohm': 0.20251354488576342, 'solar_health_factor': 1.0}",ANOMALOUS,"{'is_sunlight': False, 'orbit_fraction': 0.2578397212543554, 'solar_power_w': 0.0, 'load_power_w': 130.0, 'operating_mode': 'STANDBY', 'fault_active': True, 'active_faults': ['BATTERY_RESISTANCE_SPIKE'], 'dataset': 'ASTRA_SIMULATED_EPS'}"
12970.0,ASTRA-FLAGSHIP-01,EPS,31.816824859154796,3.9662046463921237,7.59369785461802,39.99776817475679,0.9672892969840245,"{'soh': 0.9999442043689198, 'internal_resistance_ohm': 0.20251355833835247, 'solar_health_factor': 1.0}",ANOMALOUS,"{'is_sunlight': False, 'orbit_fraction': 0.259581881533101, 'solar_power_w': 0.0, 'load_power_w': 130.0, 'operating_mode': 'STANDBY', 'fault_active': True, 'active_faults': ['BATTERY_RESISTANCE_SPIKE'], 'dataset': 'ASTRA_SIMULATED_EPS'}"
12980.0,ASTRA-FLAGSHIP-01,EPS,31.660424319059228,4.011315639281372,7.692790020703304,39.99776596023027,0.967012452130375,"{'soh': 0.9999441490057567, 'internal_resistance_ohm': 0.20251357179160112, 'solar_health_factor': 1.0}",ANOMALOUS,"{'is_sunlight': False, 'orbit_fraction': 0.2613240418118467, 'solar_power_w': 0.0, 'load_power_w': 130.0, 'operating_mode': 'STANDBY', 'fault_active': True, 'active_faults': ['BATTERY_RESISTANCE_SPIKE'], 'dataset': 'ASTRA_SIMULATED_EPS'}"
12990.0,ASTRA-FLAGSHIP-01,EPS,31.833817550636454,3.997243382495634,7.576295405829838,39.99776374559514,0.9667355936828362,"{'soh': 0.9999440936398784, 'internal_resistance_ohm': 0.20251358524550955, 'solar_health_factor': 1.0}",ANOMALOUS,"{'is_sunlight': False, 'orbit_fraction': 0.26306620209059234, 'solar_power_w': 0.0, 'load_power_w': 130.0, 'operating_mode': 'STANDBY', 'fault_active': True, 'active_faults': ['BATTERY_RESISTANCE_SPIKE'], 'dataset': 'ASTRA_SIMULATED_EPS'}"
13000.0,ASTRA-FLAGSHIP-01,EPS,31.631274709234496,3.98349143462355,7.575139339865181,39.99776153085138,0.9664587216389267,"{'soh': 0.9999440382712844, 'internal_resistance_ohm': 0.20251359870007787, 'solar_health_factor': 1.0}",ANOMALOUS,"{'is_sunlight': False, 'orbit_fraction': 0.26480836236933797, 'solar_power_w': 0.0, 'load_power_w': 130.0, 'operating_mode': 'STANDBY', 'fault_active': True, 'active_faults': ['BATTERY_RESISTANCE_SPIKE'], 'dataset': 'ASTRA_SIMULATED_EPS'}"
13010.0,ASTRA-FLAGSHIP-01,EPS,31.568347913329276,4.027193850275531,7.4101327257488006,39.997759315998984,0.9661818359961617,"{'soh': 0.9999439828999745, 'internal_resistance_ohm': 0.20251361215530617, 'solar_health_factor': 1.0}",ANOMALOUS,"{'is_sunlight': False, 'orbit_fraction': 0.2665505226480836, 'solar_power_w': 0.0, 'load_power_w': 130.0, 'operating_mode': 'STANDBY', 'fault_active': True, 'active_faults': ['BATTERY_RESISTANCE_SPIKE'], 'dataset': 'ASTRA_SIMULATED_EPS'}"
13020.0,ASTRA-FLAGSHIP-01,EPS,31.926369676735014,3.952045719340439,7.39025296516551,39.99775710103792,0.9659049367520539,"{'soh': 0.9999439275259481, 'internal_resistance_ohm': 0.2025136256111946, 'solar_health_factor': 1.0}",ANOMALOUS,"{'is_sunlight': False, 'orbit_fraction': 0.2682926829268293, 'solar_power_w': 0.0, 'load_power_w': 130.0, 'operating_mode': 'STANDBY', 'fault_active': True, 'active_faults': ['BATTERY_RESISTANCE_SPIKE'], 'dataset': 'ASTRA_SIMULATED_EPS'}"
13030.0,ASTRA-FLAGSHIP-01,EPS,31.59770419848898,3.9520292376859083,7.306782955554271,39.99775488596818,0.9656280239041127,"{'soh': 0.9999438721492044, 'internal_resistance_ohm': 0.2025136390677433, 'solar_health_factor': 1.0}",ANOMALOUS,"{'is_sunlight': False, 'orbit_fraction': 0.2700348432055749, 'solar_power_w': 0.0, 'load_power_w': 130.0, 'operating_mode': 'STANDBY', 'fault_active': True, 'active_faults': ['BATTERY_RESISTANCE_SPIKE'], 'dataset': 'ASTRA_SIMULATED_EPS'}"
13040.0,ASTRA-FLAGSHIP-01,EPS,31.872956723790054,3.96644609878299,7.155978358035027,39.99775267078974,0.9653510974498446,"{'soh': 0.9999438167697434, 'internal_resistance_ohm': 0.20251365252495235, 'solar_health_factor': 1.0}",ANOMALOUS,"{'is_sunlight': False, 'orbit_fraction': 0.27177700348432055, 'solar_power_w': 0.0, 'load_power_w': 130.0, 'operating_mode': 'STANDBY', 'fault_active': True, 'active_faults': ['BATTERY_RESISTANCE_SPIKE'], 'dataset': 'ASTRA_SIMULATED_EPS'}"
13050.0,ASTRA-FLAGSHIP-01,EPS,31.69668253738098,3.9855321210135966,7.193591974352778,39.99775045550257,0.9650741573867528,"{'soh': 0.9999437613875642, 'internal_resistance_ohm': 0.20251366598282186, 'solar_health_factor': 1.0}",ANOMALOUS,"{'is_sunlight': False, 'orbit_fraction': 0.2735191637630662, 'solar_power_w': 0.0, 'load_power_w': 130.0, 'operating_mode': 'STANDBY', 'fault_active': True, 'active_faults': ['BATTERY_RESISTANCE_SPIKE'], 'dataset': 'ASTRA_SIMULATED_EPS'}"
13060.0,ASTRA-FLAGSHIP-01,EPS,31.860156220761596,3.9864266162220603,7.194371462098677,39.99774824010666,0.9647972037123379,"{'soh': 0.9999437060026666, 'internal_resistance_ohm': 0.20251367944135204, 'solar_health_factor': 1.0}",ANOMALOUS,"{'is_sunlight': False, 'orbit_fraction': 0.27526132404181186, 'solar_power_w': 0.0, 'load_power_w': 130.0, 'operating_mode': 'STANDBY', 'fault_active': True, 'active_faults': ['BATTERY_RESISTANCE_SPIKE'], 'dataset': 'ASTRA_SIMULATED_EPS'}"
13070.0,ASTRA-FLAGSHIP-01,EPS,31.74350487923309,3.9794641532179207,6.956611232433827,39.997746024601994,0.9645202364240971,"{'soh': 0.9999436506150499, 'internal_resistance_ohm': 0.20251369290054289, 'solar_health_factor': 1.0}",ANOMALOUS,"{'is_sunlight': False, 'orbit_fraction': 0.2770034843205575, 'solar_power_w': 0.0, 'load_power_w': 130.0, 'operating_mode': 'STANDBY', 'fault_active': True, 'active_faults': ['BATTERY_RESISTANCE_SPIKE'], 'dataset': 'ASTRA_SIMULATED_EPS'}"
13080.0,ASTRA-FLAGSHIP-01,EPS,31.66466979812255,3.9799100588949092,7.0209706809211685,39.997743808988545,0.9642432555195247,"{'soh': 0.9999435952247137, 'internal_resistance_ohm': 0.2025137063603946, 'solar_health_factor': 1.0}",ANOMALOUS,"{'is_sunlight': False, 'orbit_fraction': 0.2787456445993031, 'solar_power_w': 0.0, 'load_power_w': 130.0, 'operating_mode': 'STANDBY', 'fault_active': True, 'active_faults': ['BATTERY_RESISTANCE_SPIKE'], 'dataset': 'ASTRA_SIMULATED_EPS'}"
13090.0,ASTRA-FLAGSHIP-01,EPS,31.77797890755787,3.95907954294029,6.917506075621288,39.99774159326629,0.963966260996112,"{'soh': 0.9999435398316573, 'internal_resistance_ohm': 0.20251371982090727, 'solar_health_factor': 1.0}",ANOMALOUS,"{'is_sunlight': False, 'orbit_fraction': 0.2804878048780488, 'solar_power_w': 0.0, 'load_power_w': 130.0, 'operating_mode': 'STANDBY', 'fault_active': True, 'active_faults': ['BATTERY_RESISTANCE_SPIKE'], 'dataset': 'ASTRA_SIMULATED_EPS'}"
13100.0,ASTRA-FLAGSHIP-01,EPS,31.809467103514752,4.026806236637286,6.889378083776664,39.99773937743522,0.9636892528513473,"{'soh': 0.9999434844358804, 'internal_resistance_ohm': 0.20251373328208103, 'solar_health_factor': 1.0}",ANOMALOUS,"{'is_sunlight': False, 'orbit_fraction': 0.28222996515679444, 'solar_power_w': 0.0, 'load_power_w': 130.0, 'operating_mode': 'STANDBY', 'fault_active': True, 'active_faults': ['BATTERY_RESISTANCE_SPIKE'], 'dataset': 'ASTRA_SIMULATED_EPS'}"
13110.0,ASTRA-FLAGSHIP-01,EPS,31.82197344526975,3.9903866117334226,6.800699169698915,39.9977371614953,0.9634122310827158,"{'soh': 0.9999434290373825, 'internal_resistance_ohm': 0.20251374674391606, 'solar_health_factor': 1.0}",ANOMALOUS,"{'is_sunlight': False, 'orbit_fraction': 0.28397212543554007, 'solar_power_w': 0.0, 'load_power_w': 130.0, 'operating_mode': 'STANDBY', 'fault_active': True, 'active_faults': ['BATTERY_RESISTANCE_SPIKE'], 'dataset': 'ASTRA_SIMULATED_EPS'}"
13120.0,ASTRA-FLAGSHIP-01,EPS,31.897773527719938,3.9558370975976684,6.700262984513222,39.997734945446524,0.9631351956876996,"{'soh': 0.9999433736361631, 'internal_resistance_ohm': 0.20251376020641237, 'solar_health_factor': 1.0}",ANOMALOUS,"{'is_sunlight': False, 'orbit_fraction': 0.2857142857142857, 'solar_power_w': 0.0, 'load_power_w': 130.0, 'operating_mode': 'STANDBY', 'fault_active': True, 'active_faults': ['BATTERY_RESISTANCE_SPIKE'], 'dataset': 'ASTRA_SIMULATED_EPS'}"
13130.0,ASTRA-FLAGSHIP-01,EPS,31.575638536672255,3.998738317230044,6.715867682483952,39.99773272928886,0.9628581466637777,"{'soh': 0.9999433182322216, 'internal_resistance_ohm': 0.2025137736695701, 'solar_health_factor': 1.0}",ANOMALOUS,"{'is_sunlight': False, 'orbit_fraction': 0.2874564459930314, 'solar_power_w': 0.0, 'load_power_w': 130.0, 'operating_mode': 'STANDBY', 'fault_active': True, 'active_faults': ['BATTERY_RESISTANCE_SPIKE'], 'dataset': 'ASTRA_SIMULATED_EPS'}"
13140.0,ASTRA-FLAGSHIP-01,EPS,31.601827971235167,3.929844042778864,6.570536946018255,39.997730513022304,0.9625810840084263,"{'soh': 0.9999432628255576, 'internal_resistance_ohm': 0.20251378713338947, 'solar_health_factor': 1.0}",ANOMALOUS,"{'is_sunlight': False, 'orbit_fraction': 0.289198606271777, 'solar_power_w': 0.0, 'load_power_w': 130.0, 'operating_mode': 'STANDBY', 'fault_active': True, 'active_faults': ['BATTERY_RESISTANCE_SPIKE'], 'dataset': 'ASTRA_SIMULATED_EPS'}"
13150.0,ASTRA-FLAGSHIP-01,EPS,31.839553937797017,4.0030849536669315,6.549518038694132,39.99772829664682,0.9623040077191185,"{'soh': 0.9999432074161705, 'internal_resistance_ohm': 0.2025138005978706, 'solar_health_factor': 1.0}",ANOMALOUS,"{'is_sunlight': False, 'orbit_fraction': 0.29094076655052264, 'solar_power_w': 0.0, 'load_power_w': 130.0, 'operating_mode': 'STANDBY', 'fault_active': True, 'active_faults': ['BATTERY_RESISTANCE_SPIKE'], 'dataset': 'ASTRA_SIMULATED_EPS'}"
13160.0,ASTRA-FLAGSHIP-01,EPS,31.648777052367112,3.9579571291733346,6.491003066944593,39.997726080162394,0.9620269177933242,"{'soh': 0.9999431520040598, 'internal_resistance_ohm': 0.20251381406301347, 'solar_health_factor': 1.0}",ANOMALOUS,"{'is_sunlight': False, 'orbit_fraction': 0.2926829268292683, 'solar_power_w': 0.0, 'load_power_w': 130.0, 'operating_mode': 'STANDBY', 'fault_active': True, 'active_faults': ['BATTERY_RESISTANCE_SPIKE'], 'dataset': 'ASTRA_SIMULATED_EPS'}"
13170.0,ASTRA-FLAGSHIP-01,EPS,31.559302319824944,4.0445581875134335,6.431061766734062,39.997723863569,0.9617498142285102,"{'soh': 0.999943096589225, 'internal_resistance_ohm': 0.20251382752881833, 'solar_health_factor': 1.0}",ANOMALOUS,"{'is_sunlight': False, 'orbit_fraction': 0.29442508710801396, 'solar_power_w': 0.0, 'load_power_w': 130.0, 'operating_mode': 'STANDBY', 'fault_active': True, 'active_faults': ['BATTERY_RESISTANCE_SPIKE'], 'dataset': 'ASTRA_SIMULATED_EPS'}"
13180.0,ASTRA-FLAGSHIP-01,EPS,31.597851239396242,3.9750056200286106,6.335355232985278,39.99772164686662,0.9614726970221407,"{'soh': 0.9999430411716657, 'internal_resistance_ohm': 0.20251384099528524, 'solar_health_factor': 1.0}",ANOMALOUS,"{'is_sunlight': False, 'orbit_fraction': 0.2961672473867596, 'solar_power_w': 0.0, 'load_power_w': 130.0, 'operating_mode': 'STANDBY', 'fault_active': True, 'active_faults': ['BATTERY_RESISTANCE_SPIKE'], 'dataset': 'ASTRA_SIMULATED_EPS'}"
13190.0,ASTRA-FLAGSHIP-01,EPS,31.65026148362776,4.01832427392962,6.286956822270131,39.997719430055255,0.9611955661716762,"{'soh': 0.9999429857513813, 'internal_resistance_ohm': 0.20251385446241432, 'solar_health_factor': 1.0}",ANOMALOUS,"{'is_sunlight': False, 'orbit_fraction': 0.2979094076655052, 'solar_power_w': 0.0, 'load_power_w': 130.0, 'operating_mode': 'STANDBY', 'fault_active': True, 'active_faults': ['BATTERY_RESISTANCE_SPIKE'], 'dataset': 'ASTRA_SIMULATED_EPS'}"
13200.0,ASTRA-FLAGSHIP-01,EPS,31.570647686917898,4.037825667391259,6.217902087465352,39.99771721313485,0.9609184216745746,"{'soh': 0.9999429303283712, 'internal_resistance_ohm': 0.20251386793020582, 'solar_health_factor': 1.0}",ANOMALOUS,"{'is_sunlight': False, 'orbit_fraction': 0.29965156794425085, 'solar_power_w': 0.0, 'load_power_w': 130.0, 'operating_mode': 'STANDBY', 'fault_active': True, 'active_faults': ['BATTERY_RESISTANCE_SPIKE'], 'dataset': 'ASTRA_SIMULATED_EPS'}"
13210.0,ASTRA-FLAGSHIP-01,EPS,31.806718865713236,3.9756714815663226,6.171559750432363,39.9977149961054,0.9606412635282907,"{'soh': 0.9999428749026351, 'internal_resistance_ohm': 0.20251388139865967, 'solar_health_factor': 1.0}",ANOMALOUS,"{'is_sunlight': False, 'orbit_fraction': 0.30139372822299654, 'solar_power_w': 0.0, 'load_power_w': 130.0, 'operating_mode': 'STANDBY', 'fault_active': True, 'active_faults': ['BATTERY_RESISTANCE_SPIKE'], 'dataset': 'ASTRA_SIMULATED_EPS'}"
13220.0,ASTRA-FLAGSHIP-01,EPS,31.73255413559962,3.943889038702555,6.192301219409482,39.9977127789669,0.960364091730276,"{'soh': 0.9999428194741724, 'internal_resistance_ohm': 0.2025138948677761, 'solar_health_factor': 1.0}",ANOMALOUS,"{'is_sunlight': False, 'orbit_fraction': 0.30313588850174217, 'solar_power_w': 0.0, 'load_power_w': 130.0, 'operating_mode': 'STANDBY', 'fault_active': True, 'active_faults': ['BATTERY_RESISTANCE_SPIKE'], 'dataset': 'ASTRA_SIMULATED_EPS'}"
13230.0,ASTRA-FLAGSHIP-01,EPS,31.88607110207416,3.9813295676056635,5.9747232252427045,39.9977105617193,0.9600869062779791,"{'soh': 0.9999427640429825, 'internal_resistance_ohm': 0.20251390833755523, 'solar_health_factor': 1.0}",ANOMALOUS,"{'is_sunlight': False, 'orbit_fraction': 0.3048780487804878, 'solar_power_w': 0.0, 'load_power_w': 130.0, 'operating_mode': 'STANDBY', 'fault_active': True, 'active_faults': ['BATTERY_RESISTANCE_SPIKE'], 'dataset': 'ASTRA_SIMULATED_EPS'}"
13240.0,ASTRA-FLAGSHIP-01,EPS,31.735029443298245,3.9936022145252976,5.9860847196698925,39.99770834436261,0.9598097071688455,"{'soh': 0.9999427086090651, 'internal_resistance_ohm': 0.20251392180799715, 'solar_health_factor': 1.0}",ANOMALOUS,"{'is_sunlight': False, 'orbit_fraction': 0.30662020905923343, 'solar_power_w': 0.0, 'load_power_w': 130.0, 'operating_mode': 'STANDBY', 'fault_active': True, 'active_faults': ['BATTERY_RESISTANCE_SPIKE'], 'dataset': 'ASTRA_SIMULATED_EPS'}"
13250.0,ASTRA-FLAGSHIP-01,EPS,31.70867301595561,4.0042697971381065,5.979295988043621,39.99770612689678,0.9595324944003177,"{'soh': 0.9999426531724195, 'internal_resistance_ohm': 0.20251393527910205, 'solar_health_factor': 1.0}",ANOMALOUS,"{'is_sunlight': False, 'orbit_fraction': 0.3083623693379791, 'solar_power_w': 0.0, 'load_power_w': 130.0, 'operating_mode': 'STANDBY', 'fault_active': True, 'active_faults': ['BATTERY_RESISTANCE_SPIKE'], 'dataset': 'ASTRA_SIMULATED_EPS'}"
13260.0,ASTRA-FLAGSHIP-01,EPS,31.76665976358959,3.965632928989311,5.913852707849372,39.997703909321814,0.9592552679698351,"{'soh': 0.9999425977330453, 'internal_resistance_ohm': 0.20251394875087, 'solar_health_factor': 1.0}",ANOMALOUS,"{'is_sunlight': False, 'orbit_fraction': 0.31010452961672474, 'solar_power_w': 0.0, 'load_power_w': 130.0, 'operating_mode': 'STANDBY', 'fault_active': True, 'active_faults': ['BATTERY_RESISTANCE_SPIKE'], 'dataset': 'ASTRA_SIMULATED_EPS'}"
13270.0,ASTRA-FLAGSHIP-01,EPS,31.934866991726608,4.070703759153536,5.728507718636487,39.99770169163767,0.9589780278748339,"{'soh': 0.9999425422909418, 'internal_resistance_ohm': 0.20251396222330115, 'solar_health_factor': 1.0}",ANOMALOUS,"{'is_sunlight': False, 'orbit_fraction': 0.3118466898954704, 'solar_power_w': 0.0, 'load_power_w': 130.0, 'operating_mode': 'STANDBY', 'fault_active': True, 'active_faults': ['BATTERY_RESISTANCE_SPIKE'], 'dataset': 'ASTRA_SIMULATED_EPS'}"
13280.0,ASTRA-FLAGSHIP-01,EPS,31.711851445700677,3.940253034050415,5.7514612889652525,39.99769947384435,0.9587007741127473,"{'soh': 0.9999424868461088, 'internal_resistance_ohm': 0.20251397569639557, 'solar_health_factor': 1.0}",ANOMALOUS,"{'is_sunlight': False, 'orbit_fraction': 0.313588850174216, 'solar_power_w': 0.0, 'load_power_w': 130.0, 'operating_mode': 'STANDBY', 'fault_active': True, 'active_faults': ['BATTERY_RESISTANCE_SPIKE'], 'dataset': 'ASTRA_SIMULATED_EPS'}"
13290.0,ASTRA-FLAGSHIP-01,EPS,31.584927118571695,4.040434423231619,5.624357613249742,39.997697255941816,0.9584235066810056,"{'soh': 0.9999424313985454, 'internal_resistance_ohm': 0.20251398917015345, 'solar_health_factor': 1.0}",ANOMALOUS,"{'is_sunlight': False, 'orbit_fraction': 0.3153310104529617, 'solar_power_w': 0.0, 'load_power_w': 130.0, 'operating_mode': 'STANDBY', 'fault_active': True, 'active_faults': ['BATTERY_RESISTANCE_SPIKE'], 'dataset': 'ASTRA_SIMULATED_EPS'}"
13300.0,ASTRA-FLAGSHIP-01,EPS,31.40260878223995,3.9808536143588635,5.503761188714694,39.99769503793006,0.9581462255770358,"{'soh': 0.9999423759482515, 'internal_resistance_ohm': 0.20251400264457484, 'solar_health_factor': 1.0}",ANOMALOUS,"{'is_sunlight': False, 'orbit_fraction': 0.3170731707317073, 'solar_power_w': 0.0, 'load_power_w': 130.0, 'operating_mode': 'STANDBY', 'fault_active': True, 'active_faults': ['BATTERY_RESISTANCE_SPIKE'], 'dataset': 'ASTRA_SIMULATED_EPS'}"
13310.0,ASTRA-FLAGSHIP-01,EPS,31.78737458117212,3.941261614637516,5.543567923110044,39.99769281980905,0.9578689307982619,"{'soh': 0.9999423204952264, 'internal_resistance_ohm': 0.20251401611966002, 'solar_health_factor': 1.0}",ANOMALOUS,"{'is_sunlight': False, 'orbit_fraction': 0.31881533101045295, 'solar_power_w': 0.0, 'load_power_w': 130.0, 'operating_mode': 'STANDBY', 'fault_active': True, 'active_faults': ['BATTERY_RESISTANCE_SPIKE'], 'dataset': 'ASTRA_SIMULATED_EPS'}"
13320.0,ASTRA-FLAGSHIP-01,EPS,31.337807597857754,3.985014966349171,5.5640852373586185,39.997690601578775,0.9575916223421047,"{'soh': 0.9999422650394694, 'internal_resistance_ohm': 0.2025140295954089, 'solar_health_factor': 1.0}",ANOMALOUS,"{'is_sunlight': False, 'orbit_fraction': 0.3205574912891986, 'solar_power_w': 0.0, 'load_power_w': 130.0, 'operating_mode': 'STANDBY', 'fault_active': True, 'active_faults': ['BATTERY_RESISTANCE_SPIKE'], 'dataset': 'ASTRA_SIMULATED_EPS'}"
13330.0,ASTRA-FLAGSHIP-01,EPS,31.722247486623395,3.9716499618797143,5.420288828030569,39.99768838323921,0.9573143002059822,"{'soh': 0.9999422095809802, 'internal_resistance_ohm': 0.20251404307182178, 'solar_health_factor': 1.0}",ANOMALOUS,"{'is_sunlight': False, 'orbit_fraction': 0.32229965156794427, 'solar_power_w': 0.0, 'load_power_w': 130.0, 'operating_mode': 'STANDBY', 'fault_active': True, 'active_faults': ['BATTERY_RESISTANCE_SPIKE'], 'dataset': 'ASTRA_SIMULATED_EPS'}"
13340.0,ASTRA-FLAGSHIP-01,EPS,31.6663517081932,4.005204946640699,5.293599714417585,39.99768616479034,0.957036964387309,"{'soh': 0.9999421541197584, 'internal_resistance_ohm': 0.2025140565488987, 'solar_health_factor': 1.0}",ANOMALOUS,"{'is_sunlight': False, 'orbit_fraction': 0.3240418118466899, 'solar_power_w': 0.0, 'load_power_w': 130.0, 'operating_mode': 'STANDBY', 'fault_active': True, 'active_faults': ['BATTERY_RESISTANCE_SPIKE'], 'dataset': 'ASTRA_SIMULATED_EPS'}"
13350.0,ASTRA-FLAGSHIP-01,EPS,31.75565973118311,3.9260783346214465,5.2707025632160525,39.99768394623213,0.9567596148834969,"{'soh': 0.9999420986558032, 'internal_resistance_ohm': 0.20251407002663985, 'solar_health_factor': 1.0}",ANOMALOUS,"{'is_sunlight': False, 'orbit_fraction': 0.32578397212543553, 'solar_power_w': 0.0, 'load_power_w': 130.0, 'operating_mode': 'STANDBY', 'fault_active': True, 'active_faults': ['BATTERY_RESISTANCE_SPIKE'], 'dataset': 'ASTRA_SIMULATED_EPS'}"
13360.0,ASTRA-FLAGSHIP-01,EPS,31.582907977163234,4.009612009671134,5.2437425919693785,39.99768172756457,0.9564822516919543,"{'soh': 0.9999420431891142, 'internal_resistance_ohm': 0.20251408350504527, 'solar_health_factor': 1.0}",ANOMALOUS,"{'is_sunlight': False, 'orbit_fraction': 0.32752613240418116, 'solar_power_w': 0.0, 'load_power_w': 130.0, 'operating_mode': 'STANDBY', 'fault_active': True, 'active_faults': ['BATTERY_RESISTANCE_SPIKE'], 'dataset': 'ASTRA_SIMULATED_EPS'}"
13370.0,ASTRA-FLAGSHIP-01,EPS,31.43606297287762,3.9694001290489953,5.193118981806178,39.997679508787634,0.9562048748100868,"{'soh': 0.9999419877196909, 'internal_resistance_ohm': 0.20251409698411513, 'solar_health_factor': 1.0}",ANOMALOUS,"{'is_sunlight': False, 'orbit_fraction': 0.32926829268292684, 'solar_power_w': 0.0, 'load_power_w': 130.0, 'operating_mode': 'STANDBY', 'fault_active': True, 'active_faults': ['BATTERY_RESISTANCE_SPIKE'], 'dataset': 'ASTRA_SIMULATED_EPS'}"
13380.0,ASTRA-FLAGSHIP-01,EPS,31.64438936517555,3.9797310438061873,5.099876471721524,39.99767728990131,0.9559274842352966,"{'soh': 0.9999419322475328, 'internal_resistance_ohm': 0.2025141104638495, 'solar_health_factor': 1.0}",ANOMALOUS,"{'is_sunlight': False, 'orbit_fraction': 0.3310104529616725, 'solar_power_w': 0.0, 'load_power_w': 130.0, 'operating_mode': 'STANDBY', 'fault_active': True, 'active_faults': ['BATTERY_RESISTANCE_SPIKE'], 'dataset': 'ASTRA_SIMULATED_EPS'}"
13390.0,ASTRA-FLAGSHIP-01,EPS,31.76544228901715,3.9814615209559365,5.060405602258528,39.99767507090557,0.9556500799649832,"{'soh': 0.9999418767726393, 'internal_resistance_ohm': 0.20251412394424864, 'solar_health_factor': 1.0}",ANOMALOUS,"{'is_sunlight': False, 'orbit_fraction': 0.3327526132404181, 'solar_power_w': 0.0, 'load_power_w': 130.0, 'operating_mode': 'STANDBY', 'fault_active': True, 'active_faults': ['BATTERY_RESISTANCE_SPIKE'], 'dataset': 'ASTRA_SIMULATED_EPS'}"
13400.0,ASTRA-FLAGSHIP-01,EPS,31.997037754351613,3.95903280296626,4.913268431191327,39.9976728518004,0.9553726619965426,"{'soh': 0.99994182129501, 'internal_resistance_ohm': 0.20251413742531257, 'solar_health_factor': 1.0}",ANOMALOUS,"{'is_sunlight': False, 'orbit_fraction': 0.3344947735191638, 'solar_power_w': 0.0, 'load_power_w': 130.0, 'operating_mode': 'STANDBY', 'fault_active': True, 'active_faults': ['BATTERY_RESISTANCE_SPIKE'], 'dataset': 'ASTRA_SIMULATED_EPS'}"
13410.0,ASTRA-FLAGSHIP-01,EPS,31.77596749221385,3.9778350141617085,4.931157072522876,39.997670632585766,0.9550952303273679,"{'soh': 0.9999417658146442, 'internal_resistance_ohm': 0.20251415090704142, 'solar_health_factor': 1.0}",ANOMALOUS,"{'is_sunlight': False, 'orbit_fraction': 0.3362369337979094, 'solar_power_w': 0.0, 'load_power_w': 130.0, 'operating_mode': 'STANDBY', 'fault_active': True, 'active_faults': ['BATTERY_RESISTANCE_SPIKE'], 'dataset': 'ASTRA_SIMULATED_EPS'}"
13420.0,ASTRA-FLAGSHIP-01,EPS,31.526688006311165,3.9884920014441962,4.968361792394094,39.997668413261664,0.954817784954849,"{'soh': 0.9999417103315417, 'internal_resistance_ohm': 0.20251416438943534, 'solar_health_factor': 1.0}",ANOMALOUS,"{'is_sunlight': False, 'orbit_fraction': 0.33797909407665505, 'solar_power_w': 0.0, 'load_power_w': 130.0, 'operating_mode': 'STANDBY', 'fault_active': True, 'active_faults': ['BATTERY_RESISTANCE_SPIKE'], 'dataset': 'ASTRA_SIMULATED_EPS'}"
13430.0,ASTRA-FLAGSHIP-01,EPS,31.77558893270562,4.016712415139134,4.759146608651361,39.99766619382806,0.9545403258763728,"{'soh': 0.9999416548457015, 'internal_resistance_ohm': 0.2025141778724945, 'solar_health_factor': 1.0}",ANOMALOUS,"{'is_sunlight': False, 'orbit_fraction': 0.3397212543554007, 'solar_power_w': 0.0, 'load_power_w': 130.0, 'operating_mode': 'STANDBY', 'fault_active': True, 'active_faults': ['BATTERY_RESISTANCE_SPIKE'], 'dataset': 'ASTRA_SIMULATED_EPS'}"
13440.0,ASTRA-FLAGSHIP-01,EPS,31.464854761923128,3.924463477656243,4.731168712964719,39.99766397428494,0.9542628530893231,"{'soh': 0.9999415993571236, 'internal_resistance_ohm': 0.20251419135621895, 'solar_health_factor': 1.0}",ANOMALOUS,"{'is_sunlight': False, 'orbit_fraction': 0.34146341463414637, 'solar_power_w': 0.0, 'load_power_w': 130.0, 'operating_mode': 'STANDBY', 'fault_active': True, 'active_faults': ['BATTERY_RESISTANCE_SPIKE'], 'dataset': 'ASTRA_SIMULATED_EPS'}"
13450.0,ASTRA-FLAGSHIP-01,EPS,31.79673366130946,4.0084842130322675,4.702398183646463,39.99766175463228,0.9539853665910806,"{'soh': 0.999941543865807, 'internal_resistance_ohm': 0.2025142048406089, 'solar_health_factor': 1.0}",ANOMALOUS,"{'is_sunlight': False, 'orbit_fraction': 0.343205574912892, 'solar_power_w': 0.0, 'load_power_w': 130.0, 'operating_mode': 'STANDBY', 'fault_active': True, 'active_faults': ['BATTERY_RESISTANCE_SPIKE'], 'dataset': 'ASTRA_SIMULATED_EPS'}"
13460.0,ASTRA-FLAGSHIP-01,EPS,31.64017908539449,3.978561674968802,4.665703767272377,39.99765953487006,0.9537078663790226,"{'soh': 0.9999414883717516, 'internal_resistance_ohm': 0.20251421832566435, 'solar_health_factor': 1.0}",ANOMALOUS,"{'is_sunlight': False, 'orbit_fraction': 0.34494773519163763, 'solar_power_w': 0.0, 'load_power_w': 130.0, 'operating_mode': 'STANDBY', 'fault_active': True, 'active_faults': ['BATTERY_RESISTANCE_SPIKE'], 'dataset': 'ASTRA_SIMULATED_EPS'}"
13470.0,ASTRA-FLAGSHIP-01,EPS,31.763226881698927,3.9556019429205516,4.612595651982462,39.997657314998264,0.9534303524505237,"{'soh': 0.9999414328749565, 'internal_resistance_ohm': 0.20251423181138553, 'solar_health_factor': 1.0}",ANOMALOUS,"{'is_sunlight': False, 'orbit_fraction': 0.34668989547038326, 'solar_power_w': 0.0, 'load_power_w': 130.0, 'operating_mode': 'STANDBY', 'fault_active': True, 'active_faults': ['BATTERY_RESISTANCE_SPIKE'], 'dataset': 'ASTRA_SIMULATED_EPS'}"
13480.0,ASTRA-FLAGSHIP-01,EPS,31.787919651634056,3.985794300360989,4.574950796320515,39.99765509501686,0.953152824802955,"{'soh': 0.9999413773754214, 'internal_resistance_ohm': 0.2025142452977726, 'solar_health_factor': 1.0}",ANOMALOUS,"{'is_sunlight': False, 'orbit_fraction': 0.34843205574912894, 'solar_power_w': 0.0, 'load_power_w': 130.0, 'operating_mode': 'STANDBY', 'fault_active': True, 'active_faults': ['BATTERY_RESISTANCE_SPIKE'], 'dataset': 'ASTRA_SIMULATED_EPS'}"
13490.0,ASTRA-FLAGSHIP-01,EPS,32.0840167249114,3.9937545333249718,4.5020382567351485,39.99765287492583,0.9528752834336849,"{'soh': 0.9999413218731459, 'internal_resistance_ohm': 0.20251425878482554, 'solar_health_factor': 1.0}",ANOMALOUS,"{'is_sunlight': False, 'orbit_fraction': 0.3501742160278746, 'solar_power_w': 0.0, 'load_power_w': 130.0, 'operating_mode': 'STANDBY', 'fault_active': True, 'active_faults': ['BATTERY_RESISTANCE_SPIKE'], 'dataset': 'ASTRA_SIMULATED_EPS'}"
13500.0,ASTRA-FLAGSHIP-01,EPS,31.520355134970316,4.001086762023585,4.447997852214264,39.99765065472516,0.9525977283400783,"{'soh': 0.9999412663681291, 'internal_resistance_ohm': 0.2025142722725446, 'solar_health_factor': 1.0}",ANOMALOUS,"{'is_sunlight': False, 'orbit_fraction': 0.3519163763066202, 'solar_power_w': 0.0, 'load_power_w': 130.0, 'operating_mode': 'STANDBY', 'fault_active': True, 'active_faults': ['BATTERY_RESISTANCE_SPIKE'], 'dataset': 'ASTRA_SIMULATED_EPS'}"
13510.0,ASTRA-FLAGSHIP-01,EPS,31.666273735404886,3.971280192983448,4.3780675433843985,39.997648434414835,0.9523201595194971,"{'soh': 0.9999412108603708, 'internal_resistance_ohm': 0.2025142857609299, 'solar_health_factor': 1.0}",ANOMALOUS,"{'is_sunlight': False, 'orbit_fraction': 0.35365853658536583, 'solar_power_w': 0.0, 'load_power_w': 130.0, 'operating_mode': 'STANDBY', 'fault_active': True, 'active_faults': ['BATTERY_RESISTANCE_SPIKE'], 'dataset': 'ASTRA_SIMULATED_EPS'}"
13520.0,ASTRA-FLAGSHIP-01,EPS,31.865077061090336,4.008162569953159,4.358767405256776,39.99764621399481,0.9520425769693003,"{'soh': 0.9999411553498703, 'internal_resistance_ohm': 0.20251429924998154, 'solar_health_factor': 1.0}",ANOMALOUS,"{'is_sunlight': False, 'orbit_fraction': 0.3554006968641115, 'solar_power_w': 0.0, 'load_power_w': 130.0, 'operating_mode': 'STANDBY', 'fault_active': True, 'active_faults': ['BATTERY_RESISTANCE_SPIKE'], 'dataset': 'ASTRA_SIMULATED_EPS'}"
13530.0,ASTRA-FLAGSHIP-01,EPS,33.10837592996541,-3.324102582288119,4.385140434073158,39.99764399346508,0.952274561246435,"{'soh': 0.999941099836627, 'internal_resistance_ohm': 0.2025143127396996, 'solar_health_factor': 1.0}",ANOMALOUS,"{'is_sunlight': True, 'orbit_fraction': 0.35714285714285715, 'solar_power_w': 203.63962499999482, 'load_power_w': 95.0, 'operating_mode': 'STANDBY', 'fault_active': True, 'active_faults': ['BATTERY_RESISTANCE_SPIKE'], 'dataset': 'ASTRA_SIMULATED_EPS'}"
13540.0,ASTRA-FLAGSHIP-01,EPS,35.8288360686563,-20.697609250044323,4.57014759378612,39.997642137700176,0.9537143836254622,"{'soh': 0.9999410534425044, 'internal_resistance_ohm': 0.20251432401347141, 'solar_health_factor': 1.0}",ANOMALOUS,"{'is_sunlight': True, 'orbit_fraction': 0.3588850174216028, 'solar_power_w': 769.3052499999949, 'load_power_w': 95.0, 'operating_mode': 'STANDBY', 'fault_active': True, 'active_faults': ['BATTERY_RESISTANCE_SPIKE'], 'dataset': 'ASTRA_SIMULATED_EPS'}"
13550.0,ASTRA-FLAGSHIP-01,EPS,35.886081550520736,-31.011851817187754,5.124726825677546,39.99763061980013,0.9558702185669269,"{'soh': 0.9999407654950031, 'internal_resistance_ohm': 0.20251439398471427, 'solar_health_factor': 1.0}",ANOMALOUS,"{'is_sunlight': True, 'orbit_fraction': 0.3606271777003484, 'solar_power_w': 1104.8905011291931, 'load_power_w': 95.0, 'operating_mode': 'STANDBY', 'fault_active': True, 'active_faults': ['BATTERY_RESISTANCE_SPIKE'], 'dataset': 'ASTRA_SIMULATED_EPS'}"
13560.0,ASTRA-FLAGSHIP-01,EPS,35.785938156286115,-30.110332674375794,5.6095242359576885,39.99761337414219,0.9579727850243325,"{'soh': 0.9999403343535548, 'internal_resistance_ohm': 0.20251449875208616, 'solar_health_factor': 1.0}",ANOMALOUS,"{'is_sunlight': True, 'orbit_fraction': 0.3623693379790941, 'solar_power_w': 1080.3144459123678, 'load_power_w': 95.0, 'operating_mode': 'STANDBY', 'fault_active': True, 'active_faults': ['BATTERY_RESISTANCE_SPIKE'], 'dataset': 'ASTRA_SIMULATED_EPS'}"
13570.0,ASTRA-FLAGSHIP-01,EPS,35.87314888159004,-29.806760349583218,6.0283419868194885,39.99759655461414,0.9600265005932319,"{'soh': 0.9999399138653535, 'internal_resistance_ohm': 0.2025146009307191, 'solar_health_factor': 1.0}",ANOMALOUS,"{'is_sunlight': True, 'orbit_fraction': 0.3641114982578397, 'solar_power_w': 1057.7810361516301, 'load_power_w': 95.0, 'operating_mode': 'STANDBY', 'fault_active': True, 'active_faults': ['BATTERY_RESISTANCE_SPIKE'], 'dataset': 'ASTRA_SIMULATED_EPS'}"
13580.0,ASTRA-FLAGSHIP-01,EPS,35.91973013150499,-28.909642055943845,6.457572913950647,39.99758012587679,0.9620354118195031,"{'soh': 0.9999395031469197, 'internal_resistance_ohm': 0.20251470073529848, 'solar_health_factor': 1.0}",ANOMALOUS,"{'is_sunlight': True, 'orbit_fraction': 0.36585365853658536, 'solar_power_w': 1037.1199875493169, 'load_power_w': 95.0, 'operating_mode': 'STANDBY', 'fault_active': True, 'active_faults': ['BATTERY_RESISTANCE_SPIKE'], 'dataset': 'ASTRA_SIMULATED_EPS'}"
13590.0,ASTRA-FLAGSHIP-01,EPS,35.6386577650659,-28.391750846240168,6.887444856902076,39.99756405555924,0.9640032254389752,"{'soh': 0.999939101388981, 'internal_resistance_ohm': 0.2025147983624776, 'solar_health_factor': 1.0}",ANOMALOUS,"{'is_sunlight': True, 'orbit_fraction': 0.367595818815331, 'solar_power_w': 1018.1751824508017, 'load_power_w': 95.0, 'operating_mode': 'STANDBY', 'fault_active': True, 'active_faults': ['BATTERY_RESISTANCE_SPIKE'], 'dataset': 'ASTRA_SIMULATED_EPS'}"
13600.0,ASTRA-FLAGSHIP-01,EPS,36.114058984459334,-27.892414963558167,7.401582524261259,39.99754831400898,0.9659333369673578,"{'soh': 0.9999387078502245, 'internal_resistance_ohm': 0.2025148939923954, 'solar_health_factor': 1.0}",ANOMALOUS,"{'is_sunlight': True, 'orbit_fraction': 0.3693379790940767, 'solar_power_w': 1000.803492105937, 'load_power_w': 95.0, 'operating_mode': 'STANDBY', 'fault_active': True, 'active_faults': ['BATTERY_RESISTANCE_SPIKE'], 'dataset': 'ASTRA_SIMULATED_EPS'}"
13610.0,ASTRA-FLAGSHIP-01,EPS,35.65590470088269,-27.108313467807072,7.710161704755437,39.997532874063154,0.9678288568685781,"{'soh': 0.9999383218515789, 'internal_resistance_ohm': 0.2025149877900663, 'solar_health_factor': 1.0}",ANOMALOUS,"{'is_sunlight': True, 'orbit_fraction': 0.3710801393728223, 'solar_power_w': 984.873696798297, 'load_power_w': 95.0, 'operating_mode': 'STANDBY', 'fault_active': True, 'active_faults': ['BATTERY_RESISTANCE_SPIKE'], 'dataset': 'ASTRA_SIMULATED_EPS'}"
13620.0,ASTRA-FLAGSHIP-01,EPS,36.15472527702184,-26.82562544899844,8.17164994975575,39.99751771083925,0.969692634509442,"{'soh': 0.9999379427709811, 'internal_resistance_ohm': 0.20251507990665157, 'solar_health_factor': 1.0}",ANOMALOUS,"{'is_sunlight': True, 'orbit_fraction': 0.37282229965156793, 'solar_power_w': 970.2654957129714, 'load_power_w': 95.0, 'operating_mode': 'STANDBY', 'fault_active': True, 'active_faults': ['BATTERY_RESISTANCE_SPIKE'], 'dataset': 'ASTRA_SIMULATED_EPS'}"
13630.0,ASTRA-FLAGSHIP-01,EPS,35.93027484638049,-26.567852770577776,8.569238541775851,39.997502801543405,0.9715272800902265,"{'soh': 0.9999375700385852, 'internal_resistance_ohm': 0.20251517048062379, 'solar_health_factor': 1.0}",ANOMALOUS,"{'is_sunlight': True, 'orbit_fraction': 0.37456445993031356, 'solar_power_w': 956.8685990886805, 'load_power_w': 95.0, 'operating_mode': 'STANDBY', 'fault_active': True, 'active_faults': ['BATTERY_RESISTANCE_SPIKE'], 'dataset': 'ASTRA_SIMULATED_EPS'}"
13640.0,ASTRA-FLAGSHIP-01,EPS,35.97957348374121,-26.002245830357225,8.934364666974401,39.99748812529506,0.9733351847241843,"{'soh': 0.9999372031323764, 'internal_resistance_ohm': 0.20251525963883255, 'solar_health_factor': 1.0}",ANOMALOUS,"{'is_sunlight': True, 'orbit_fraction': 0.37630662020905925, 'solar_power_w': 944.5818958189622, 'load_power_w': 95.0, 'operating_mode': 'STANDBY', 'fault_active': True, 'active_faults': ['BATTERY_RESISTANCE_SPIKE'], 'dataset': 'ASTRA_SIMULATED_EPS'}"
13650.0,ASTRA-FLAGSHIP-01,EPS,35.814248056423004,-25.599242560857622,9.209002795847193,39.99747366296623,0.975118538823838,"{'soh': 0.9999368415741557, 'internal_resistance_ohm': 0.20251534749748012, 'solar_health_factor': 1.0}",ANOMALOUS,"{'is_sunlight': True, 'orbit_fraction': 0.3780487804878049, 'solar_power_w': 933.3126902347877, 'load_power_w': 95.0, 'operating_mode': 'STANDBY', 'fault_active': True, 'active_faults': ['BATTERY_RESISTANCE_SPIKE'], 'dataset': 'ASTRA_SIMULATED_EPS'}"
13660.0,ASTRA-FLAGSHIP-01,EPS,35.97620951598401,-25.34453096072673,9.521362960204064,39.997459397034504,0.9768793489382075,"{'soh': 0.9999364849258626, 'internal_resistance_ohm': 0.20251543416301537, 'solar_health_factor': 1.0}",ANOMALOUS,"{'is_sunlight': True, 'orbit_fraction': 0.3797909407665505, 'solar_power_w': 922.9760023214279, 'load_power_w': 95.0, 'operating_mode': 'STANDBY', 'fault_active': True, 'active_faults': ['BATTERY_RESISTANCE_SPIKE'], 'dataset': 'ASTRA_SIMULATED_EPS'}"
13670.0,ASTRA-FLAGSHIP-01,EPS,35.85980933229232,-24.879883517665476,9.991084323554059,39.99744531144829,0.9786194531726194,"{'soh': 0.9999361327862073, 'internal_resistance_ohm': 0.20251551973295165, 'solar_health_factor': 1.0}",ANOMALOUS,"{'is_sunlight': True, 'orbit_fraction': 0.38153310104529614, 'solar_power_w': 913.4939260996687, 'load_power_w': 95.0, 'operating_mode': 'STANDBY', 'fault_active': True, 'active_faults': ['BATTERY_RESISTANCE_SPIKE'], 'dataset': 'ASTRA_SIMULATED_EPS'}"
13680.0,ASTRA-FLAGSHIP-01,EPS,35.9887248760811,-24.750650280513693,10.275476242919504,39.997431391503504,0.9803405353113713,"{'soh': 0.9999357847875876, 'internal_resistance_ohm': 0.20251560429661625, 'solar_health_factor': 1.0}",ANOMALOUS,"{'is_sunlight': True, 'orbit_fraction': 0.3832752613240418, 'solar_power_w': 904.7950413390986, 'load_power_w': 95.0, 'operating_mode': 'STANDBY', 'fault_active': True, 'active_faults': ['BATTERY_RESISTANCE_SPIKE'], 'dataset': 'ASTRA_SIMULATED_EPS'}"
13690.0,ASTRA-FLAGSHIP-01,EPS,36.24418500944903,-24.555866696932657,10.638667158256071,39.99741762373055,0.982044137753161,"{'soh': 0.9999354405932638, 'internal_resistance_ohm': 0.2025156879358369, 'solar_health_factor': 1.0}",ANOMALOUS,"{'is_sunlight': True, 'orbit_fraction': 0.38501742160278746, 'solar_power_w': 896.8138741725157, 'load_power_w': 95.0, 'operating_mode': 'STANDBY', 'fault_active': True, 'active_faults': ['BATTERY_RESISTANCE_SPIKE'], 'dataset': 'ASTRA_SIMULATED_EPS'}"
13700.0,ASTRA-FLAGSHIP-01,EPS,36.20628542594557,-24.39726898480288,11.035806557205376,39.99740399579088,0.9837316733597486,"{'soh': 0.999935099894772, 'internal_resistance_ohm': 0.2025157707255704, 'solar_health_factor': 1.0}",ANOMALOUS,"{'is_sunlight': True, 'orbit_fraction': 0.3867595818815331, 'solar_power_w': 889.4904025484792, 'load_power_w': 95.0, 'operating_mode': 'STANDBY', 'fault_active': True, 'active_faults': ['BATTERY_RESISTANCE_SPIKE'], 'dataset': 'ASTRA_SIMULATED_EPS'}"
13710.0,ASTRA-FLAGSHIP-01,EPS,35.72451694624619,-23.881807285459285,11.264335661316522,39.9973904963822,0.9854044363097062,"{'soh': 0.999934762409555, 'internal_resistance_ohm': 0.2025158527344781, 'solar_health_factor': 1.0}",ANOMALOUS,"{'is_sunlight': True, 'orbit_fraction': 0.3885017421602787, 'solar_power_w': 882.7696027964689, 'load_power_w': 95.0, 'operating_mode': 'STANDBY', 'fault_active': True, 'active_faults': ['BATTERY_RESISTANCE_SPIKE'], 'dataset': 'ASTRA_SIMULATED_EPS'}"
13720.0,ASTRA-FLAGSHIP-01,EPS,35.95631422539145,-24.125780971102305,11.580020621061085,39.997377115151615,0.9870636120412558,"{'soh': 0.9999344278787904, 'internal_resistance_ohm': 0.20251593402545393, 'solar_health_factor': 1.0}",ANOMALOUS,"{'is_sunlight': True, 'orbit_fraction': 0.3902439024390244, 'solar_power_w': 876.601033888537, 'load_power_w': 95.0, 'operating_mode': 'STANDBY', 'fault_active': True, 'active_faults': ['BATTERY_RESISTANCE_SPIKE'], 'dataset': 'ASTRA_SIMULATED_EPS'}"
13730.0,ASTRA-FLAGSHIP-01,EPS,35.81283482441516,-23.785623852725223,11.910726733987744,39.99736384261613,0.988710286361029,"{'soh': 0.9999340960654033, 'internal_resistance_ohm': 0.202516014656107, 'solar_health_factor': 1.0}",ANOMALOUS,"{'is_sunlight': True, 'orbit_fraction': 0.39198606271777003, 'solar_power_w': 870.9384562650696, 'load_power_w': 95.0, 'operating_mode': 'STANDBY', 'fault_active': True, 'active_faults': ['BATTERY_RESISTANCE_SPIKE'], 'dataset': 'ASTRA_SIMULATED_EPS'}"
13740.0,ASTRA-FLAGSHIP-01,EPS,36.17240249060512,-23.519373440935613,12.243176614695075,39.99735067008975,0.9903454537890336,"{'soh': 0.9999337667522438, 'internal_resistance_ohm': 0.20251609467920476, 'solar_health_factor': 1.0}",ANOMALOUS,"{'is_sunlight': True, 'orbit_fraction': 0.39372822299651566, 'solar_power_w': 865.7394823524402, 'load_power_w': 95.0, 'operating_mode': 'STANDBY', 'fault_active': True, 'active_faults': ['BATTERY_RESISTANCE_SPIKE'], 'dataset': 'ASTRA_SIMULATED_EPS'}"
13750.0,ASTRA-FLAGSHIP-01,EPS,35.8028065100078,-23.499689241687197,12.623601898813403,39.99733758961674,0.991970025204142,"{'soh': 0.9999334397404186, 'internal_resistance_ohm': 0.20251617414307826, 'solar_health_factor': 1.0}",ANOMALOUS,"{'is_sunlight': True, 'orbit_fraction': 0.39547038327526135, 'solar_power_w': 860.9652561389119, 'load_power_w': 95.0, 'operating_mode': 'STANDBY', 'fault_active': True, 'active_faults': ['BATTERY_RESISTANCE_SPIKE'], 'dataset': 'ASTRA_SIMULATED_EPS'}"
13760.0,ASTRA-FLAGSHIP-01,EPS,35.86766381374262,-23.050874229448365,12.823339026355416,39.997324593910484,0.993584834848951,"{'soh': 0.999933114847762, 'internal_resistance_ohm': 0.20251625309199384, 'solar_health_factor': 1.0}",ANOMALOUS,"{'is_sunlight': True, 'orbit_fraction': 0.397212543554007, 'solar_power_w': 856.5801593939026, 'load_power_w': 95.0, 'operating_mode': 'STANDBY', 'fault_active': True, 'active_faults': ['BATTERY_RESISTANCE_SPIKE'], 'dataset': 'ASTRA_SIMULATED_EPS'}"
13770.0,ASTRA-FLAGSHIP-01,EPS,36.00041182850583,-22.993039768864953,13.19712658710735,39.99731167629738,0.9951906467478775,"{'soh': 0.9999327919074344, 'internal_resistance_ohm': 0.20251633156649343, 'solar_health_factor': 1.0}",ANOMALOUS,"{'is_sunlight': True, 'orbit_fraction': 0.3989547038327526, 'solar_power_w': 852.5515423163273, 'load_power_w': 95.0, 'operating_mode': 'STANDBY', 'fault_active': True, 'active_faults': ['BATTERY_RESISTANCE_SPIKE'], 'dataset': 'ASTRA_SIMULATED_EPS'}"
13780.0,ASTRA-FLAGSHIP-01,EPS,35.98005373914977,-23.04924014142892,13.425229072108232,39.99729883066558,0.9967881605877946,"{'soh': 0.9999324707666394, 'internal_resistance_ohm': 0.20251640960370665, 'solar_health_factor': 1.0}",ANOMALOUS,"{'is_sunlight': True, 'orbit_fraction': 0.40069686411149824, 'solar_power_w': 848.8494765816648, 'load_power_w': 95.0, 'operating_mode': 'STANDBY', 'fault_active': True, 'active_faults': ['BATTERY_RESISTANCE_SPIKE'], 'dataset': 'ASTRA_SIMULATED_EPS'}"
13790.0,ASTRA-FLAGSHIP-01,EPS,36.06083235508178,-22.7859037087696,13.719403990117634,39.99728605141789,0.9983780171063421,"{'soh': 0.9999321512854471, 'internal_resistance_ohm': 0.20251648723763635, 'solar_health_factor': 1.0}",ANOMALOUS,"{'is_sunlight': True, 'orbit_fraction': 0.4024390243902439, 'solar_power_w': 845.4465289260662, 'load_power_w': 95.0, 'operating_mode': 'STANDBY', 'fault_active': True, 'active_faults': ['BATTERY_RESISTANCE_SPIKE'], 'dataset': 'ASTRA_SIMULATED_EPS'}"
13800.0,ASTRA-FLAGSHIP-01,EPS,36.11139953364417,-22.595676119796053,14.026303158410256,39.997273333428694,0.9999608030292363,"{'soh': 0.9999318333357173, 'internal_resistance_ohm': 0.20251656449942068, 'solar_health_factor': 1.0}",ANOMALOUS,"{'is_sunlight': True, 'orbit_fraction': 0.40418118466898956, 'solar_power_w': 842.3175535604809, 'load_power_w': 95.0, 'operating_mode': 'STANDBY', 'fault_active': True, 'active_faults': ['BATTERY_RESISTANCE_SPIKE'], 'dataset': 'ASTRA_SIMULATED_EPS'}"
13810.0,ASTRA-FLAGSHIP-01,EPS,36.05609751408086,-22.876690913145264,14.160816380019046,39.99726067200446,1.0,"{'soh': 0.9999315168001114, 'internal_resistance_ohm': 0.20251664141757292, 'solar_health_factor': 1.0}",ANOMALOUS,"{'is_sunlight': True, 'orbit_fraction': 0.4059233449477352, 'solar_power_w': 839.4395018495848, 'load_power_w': 95.0, 'operating_mode': 'STANDBY', 'fault_active': True, 'active_faults': ['BATTERY_RESISTANCE_SPIKE'], 'dataset': 'ASTRA_SIMULATED_EPS'}"
13820.0,ASTRA-FLAGSHIP-01,EPS,33.24411705373434,-22.627180821281105,14.31123406636641,39.99724806271287,1.0,"{'soh': 0.9999312015678218, 'internal_resistance_ohm': 0.2025167180190193, 'solar_health_factor': 1.0}",ANOMALOUS,"{'is_sunlight': True, 'orbit_fraction': 0.4076655052264808, 'solar_power_w': 836.7912478203517, 'load_power_w': 95.0, 'operating_mode': 'STANDBY', 'fault_active': True, 'active_faults': ['BATTERY_RESISTANCE_SPIKE'], 'dataset': 'ASTRA_SIMULATED_EPS'}"
13830.0,ASTRA-FLAGSHIP-01,EPS,33.15107364577966,-22.548768928977502,14.432566706527679,39.99724806271287,1.0,"{'soh': 0.9999312015678218, 'internal_resistance_ohm': 0.2025167180190193, 'solar_health_factor': 1.0}",ANOMALOUS,"{'is_sunlight': True, 'orbit_fraction': 0.4094076655052265, 'solar_power_w': 834.3534281843233, 'load_power_w': 95.0, 'operating_mode': 'STANDBY', 'fault_active': True, 'active_faults': ['BATTERY_RESISTANCE_SPIKE'], 'dataset': 'ASTRA_SIMULATED_EPS'}"
13840.0,ASTRA-FLAGSHIP-01,EPS,33.068553009336746,-22.560871975044716,14.46123538193063,39.99724806271287,1.0,"{'soh': 0.9999312015678218, 'internal_resistance_ohm': 0.2025167180190193, 'solar_health_factor': 1.0}",ANOMALOUS,"{'is_sunlight': True, 'orbit_fraction': 0.41114982578397213, 'solar_power_w': 832.1082956669965, 'load_power_w': 95.0, 'operating_mode': 'STANDBY', 'fault_active': True, 'active_faults': ['BATTERY_RESISTANCE_SPIKE'], 'dataset': 'ASTRA_SIMULATED_EPS'}"
13850.0,ASTRA-FLAGSHIP-01,EPS,32.97228084199742,-22.348505496567274,14.420931092348374,39.99724806271287,1.0,"{'soh': 0.9999312015678218, 'internal_resistance_ohm': 0.2025167180190193, 'solar_health_factor': 1.0}",ANOMALOUS,"{'is_sunlight': True, 'orbit_fraction': 0.41289198606271776, 'solar_power_w': 830.0395845379817, 'load_power_w': 95.0, 'operating_mode': 'STANDBY', 'fault_active': True, 'active_faults': ['BATTERY_RESISTANCE_SPIKE'], 'dataset': 'ASTRA_SIMULATED_EPS'}"
13860.0,ASTRA-FLAGSHIP-01,EPS,32.86316189408087,-22.34216222024247,14.476834043590626,39.99724806271287,1.0,"{'soh': 0.9999312015678218, 'internal_resistance_ohm': 0.2025167180190193, 'solar_health_factor': 1.0}",ANOMALOUS,"{'is_sunlight': True, 'orbit_fraction': 0.4146341463414634, 'solar_power_w': 828.1323873275319, 'load_power_w': 95.0, 'operating_mode': 'STANDBY', 'fault_active': True, 'active_faults': ['BATTERY_RESISTANCE_SPIKE'], 'dataset': 'ASTRA_SIMULATED_EPS'}"
13870.0,ASTRA-FLAGSHIP-01,EPS,33.018340487176545,-22.3296451874874,14.414612484780225,39.99724806271287,1.0,"{'soh': 0.9999312015678218, 'internal_resistance_ohm': 0.2025167180190193, 'solar_health_factor': 1.0}",ANOMALOUS,"{'is_sunlight': True, 'orbit_fraction': 0.4163763066202091, 'solar_power_w': 826.3730417993215, 'load_power_w': 95.0, 'operating_mode': 'STANDBY', 'fault_active': True, 'active_faults': ['BATTERY_RESISTANCE_SPIKE'], 'dataset': 'ASTRA_SIMULATED_EPS'}"
13880.0,ASTRA-FLAGSHIP-01,EPS,32.842735246927475,-22.156559888020855,14.52100205002093,39.99724806271287,1.0,"{'soh': 0.9999312015678218, 'internal_resistance_ohm': 0.2025167180190193, 'solar_health_factor': 1.0}",ANOMALOUS,"{'is_sunlight': True, 'orbit_fraction': 0.4181184668989547, 'solar_power_w': 824.7490273266627, 'load_power_w': 95.0, 'operating_mode': 'STANDBY', 'fault_active': True, 'active_faults': ['BATTERY_RESISTANCE_SPIKE'], 'dataset': 'ASTRA_SIMULATED_EPS'}"
13890.0,ASTRA-FLAGSHIP-01,EPS,32.85267379836886,-22.088664396699023,14.529153547208658,39.99724806271287,1.0,"{'soh': 0.9999312015678218, 'internal_resistance_ohm': 0.2025167180190193, 'solar_health_factor': 1.0}",ANOMALOUS,"{'is_sunlight': True, 'orbit_fraction': 0.41986062717770034, 'solar_power_w': 823.248869890208, 'load_power_w': 95.0, 'operating_mode': 'STANDBY', 'fault_active': True, 'active_faults': ['BATTERY_RESISTANCE_SPIKE'], 'dataset': 'ASTRA_SIMULATED_EPS'}"
13900.0,ASTRA-FLAGSHIP-01,EPS,32.62259008134278,-22.179419412519287,14.569025747974642,39.99724806271287,1.0,"{'soh': 0.9999312015678218, 'internal_resistance_ohm': 0.2025167180190193, 'solar_health_factor': 1.0}",ANOMALOUS,"{'is_sunlight': True, 'orbit_fraction': 0.42160278745644597, 'solar_power_w': 821.8620549801761, 'load_power_w': 95.0, 'operating_mode': 'STANDBY', 'fault_active': True, 'active_faults': ['BATTERY_RESISTANCE_SPIKE'], 'dataset': 'ASTRA_SIMULATED_EPS'}"
13910.0,ASTRA-FLAGSHIP-01,EPS,32.70351561601594,-22.141973100519138,14.64600010169203,39.99724806271287,1.0,"{'soh': 0.9999312015678218, 'internal_resistance_ohm': 0.2025167180190193, 'solar_health_factor': 1.0}",ANOMALOUS,"{'is_sunlight': True, 'orbit_fraction': 0.42334494773519166, 'solar_power_w': 820.5789477457336, 'load_power_w': 95.0, 'operating_mode': 'STANDBY', 'fault_active': True, 'active_faults': ['BATTERY_RESISTANCE_SPIKE'], 'dataset': 'ASTRA_SIMULATED_EPS'}"
13920.0,ASTRA-FLAGSHIP-01,EPS,32.84936119421451,-22.050036750995286,14.74006567455421,39.99724806271287,1.0,"{'soh': 0.9999312015678218, 'internal_resistance_ohm': 0.2025167180190193, 'solar_health_factor': 1.0}",ANOMALOUS,"{'is_sunlight': True, 'orbit_fraction': 0.4250871080139373, 'solar_power_w': 819.3907197887901, 'load_power_w': 95.0, 'operating_mode': 'STANDBY', 'fault_active': True, 'active_faults': ['BATTERY_RESISTANCE_SPIKE'], 'dataset': 'ASTRA_SIMULATED_EPS'}"
13930.0,ASTRA-FLAGSHIP-01,EPS,32.78525486303809,-22.019807445095857,14.651733489016724,39.99724806271287,1.0,"{'soh': 0.9999312015678218, 'internal_resistance_ohm': 0.2025167180190193, 'solar_health_factor': 1.0}",ANOMALOUS,"{'is_sunlight': True, 'orbit_fraction': 0.4268292682926829, 'solar_power_w': 818.2892820495751, 'load_power_w': 95.0, 'operating_mode': 'STANDBY', 'fault_active': True, 'active_faults': ['BATTERY_RESISTANCE_SPIKE'], 'dataset': 'ASTRA_SIMULATED_EPS'}"
13940.0,ASTRA-FLAGSHIP-01,EPS,32.69497406144797,-22.0880538821974,14.680915934770232,39.99724806271287,1.0,"{'soh': 0.9999312015678218, 'internal_resistance_ohm': 0.2025167180190193, 'solar_health_factor': 1.0}",ANOMALOUS,"{'is_sunlight': True, 'orbit_fraction': 0.42857142857142855, 'solar_power_w': 817.2672232772943, 'load_power_w': 95.0, 'operating_mode': 'STANDBY', 'fault_active': True, 'active_faults': ['BATTERY_RESISTANCE_SPIKE'], 'dataset': 'ASTRA_SIMULATED_EPS'}"
13950.0,ASTRA-FLAGSHIP-01,EPS,32.88667118719545,-21.72173394401289,14.696594046929208,39.99724806271287,1.0,"{'soh': 0.9999312015678218, 'internal_resistance_ohm': 0.2025167180190193, 'solar_health_factor': 1.0}",ANOMALOUS,"{'is_sunlight': True, 'orbit_fraction': 0.43031358885017423, 'solar_power_w': 816.3177536212845, 'load_power_w': 95.0, 'operating_mode': 'STANDBY', 'fault_active': True, 'active_faults': ['BATTERY_RESISTANCE_SPIKE'], 'dataset': 'ASTRA_SIMULATED_EPS'}"
13960.0,ASTRA-FLAGSHIP-01,EPS,32.75417424244827,-21.97210490570428,14.779625849979901,39.99724806271287,1.0,"{'soh': 0.9999312015678218, 'internal_resistance_ohm': 0.2025167180190193, 'solar_health_factor': 1.0}",ANOMALOUS,"{'is_sunlight': True, 'orbit_fraction': 0.43205574912891986, 'solar_power_w': 815.4346529167126, 'load_power_w': 95.0, 'operating_mode': 'STANDBY', 'fault_active': True, 'active_faults': ['BATTERY_RESISTANCE_SPIKE'], 'dataset': 'ASTRA_SIMULATED_EPS'}"
13970.0,ASTRA-FLAGSHIP-01,EPS,32.86160265715308,-21.79249794604539,14.665863233353228,39.99724806271287,1.0,"{'soh': 0.9999312015678218, 'internal_resistance_ohm': 0.2025167180190193, 'solar_health_factor': 1.0}",ANOMALOUS,"{'is_sunlight': True, 'orbit_fraction': 0.4337979094076655, 'solar_power_w': 814.6122232742658, 'load_power_w': 95.0, 'operating_mode': 'STANDBY', 'fault_active': True, 'active_faults': ['BATTERY_RESISTANCE_SPIKE'], 'dataset': 'ASTRA_SIMULATED_EPS'}"
13980.0,ASTRA-FLAGSHIP-01,EPS,32.42328970570343,-21.97321716914938,14.869308720914336,39.99724806271287,1.0,"{'soh': 0.9999312015678218, 'internal_resistance_ohm': 0.2025167180190193, 'solar_health_factor': 1.0}",ANOMALOUS,"{'is_sunlight': True, 'orbit_fraction': 0.4355400696864111, 'solar_power_w': 813.8452456157639, 'load_power_w': 95.0, 'operating_mode': 'STANDBY', 'fault_active': True, 'active_faults': ['BATTERY_RESISTANCE_SPIKE'], 'dataset': 'ASTRA_SIMULATED_EPS'}"
13990.0,ASTRA-FLAGSHIP-01,EPS,32.555253476058056,-22.238851573197927,14.870182059850011,39.99724806271287,1.0,"{'soh': 0.9999312015678218, 'internal_resistance_ohm': 0.2025167180190193, 'solar_health_factor': 1.0}",ANOMALOUS,"{'is_sunlight': True, 'orbit_fraction': 0.4372822299651568, 'solar_power_w': 813.1289398273803, 'load_power_w': 95.0, 'operating_mode': 'STANDBY', 'fault_active': True, 'active_faults': ['BATTERY_RESISTANCE_SPIKE'], 'dataset': 'ASTRA_SIMULATED_EPS'}"
14000.0,ASTRA-FLAGSHIP-01,EPS,32.8497859164844,-21.99881979876427,14.819447109683871,39.99724806271287,1.0,"{'soh': 0.9999312015678218, 'internal_resistance_ohm': 0.2025167180190193, 'solar_health_factor': 1.0}",ANOMALOUS,"{'is_sunlight': True, 'orbit_fraction': 0.43902439024390244, 'solar_power_w': 812.4589282294721, 'load_power_w': 95.0, 'operating_mode': 'STANDBY', 'fault_active': True, 'active_faults': ['BATTERY_RESISTANCE_SPIKE'], 'dataset': 'ASTRA_SIMULATED_EPS'}"
14010.0,ASTRA-FLAGSHIP-01,EPS,32.64885433175216,-21.84236219593396,14.864433102218317,39.99724806271287,1.0,"{'soh': 0.9999312015678218, 'internal_resistance_ohm': 0.2025167180190193, 'solar_health_factor': 1.0}",ANOMALOUS,"{'is_sunlight': True, 'orbit_fraction': 0.44076655052264807, 'solar_power_w': 811.8312020870334, 'load_power_w': 95.0, 'operating_mode': 'STANDBY', 'fault_active': True, 'active_faults': ['BATTERY_RESISTANCE_SPIKE'], 'dataset': 'ASTRA_SIMULATED_EPS'}"
14020.0,ASTRA-FLAGSHIP-01,EPS,32.88743100721731,-22.162988604428627,14.879856332201374,39.99724806271287,1.0,"{'soh': 0.9999312015678218, 'internal_resistance_ohm': 0.2025167180190193, 'solar_health_factor': 1.0}",ANOMALOUS,"{'is_sunlight': True, 'orbit_fraction': 0.4425087108013937, 'solar_power_w': 811.2420909077512, 'load_power_w': 95.0, 'operating_mode': 'STANDBY', 'fault_active': True, 'active_faults': ['BATTERY_RESISTANCE_SPIKE'], 'dataset': 'ASTRA_SIMULATED_EPS'}"
14030.0,ASTRA-FLAGSHIP-01,EPS,32.620424536640826,-21.84939508392806,14.92267295324927,39.99724806271287,1.0,"{'soh': 0.9999312015678218, 'internal_resistance_ohm': 0.2025167180190193, 'solar_health_factor': 1.0}",ANOMALOUS,"{'is_sunlight': True, 'orbit_fraction': 0.4442508710801394, 'solar_power_w': 810.6882342956696, 'load_power_w': 95.0, 'operating_mode': 'STANDBY', 'fault_active': True, 'active_faults': ['BATTERY_RESISTANCE_SPIKE'], 'dataset': 'ASTRA_SIMULATED_EPS'}"
14040.0,ASTRA-FLAGSHIP-01,EPS,32.934955312031434,-22.016245146177763,14.978653469180008,39.99724806271287,1.0,"{'soh': 0.9999312015678218, 'internal_resistance_ohm': 0.2025167180190193, 'solar_health_factor': 1.0}",ANOMALOUS,"{'is_sunlight': True, 'orbit_fraction': 0.445993031358885, 'solar_power_w': 810.1665561477754, 'load_power_w': 95.0, 'operating_mode': 'STANDBY', 'fault_active': True, 'active_faults': ['BATTERY_RESISTANCE_SPIKE'], 'dataset': 'ASTRA_SIMULATED_EPS'}"
14050.0,ASTRA-FLAGSHIP-01,EPS,32.89482256700393,-21.577673611377648,14.97902187644623,39.99724806271287,1.0,"{'soh': 0.9999312015678218, 'internal_resistance_ohm': 0.2025167180190193, 'solar_health_factor': 1.0}",ANOMALOUS,"{'is_sunlight': True, 'orbit_fraction': 0.44773519163763065, 'solar_power_w': 809.6742409984951, 'load_power_w': 95.0, 'operating_mode': 'STANDBY', 'fault_active': True, 'active_faults': ['BATTERY_RESISTANCE_SPIKE'], 'dataset': 'ASTRA_SIMULATED_EPS'}"
14060.0,ASTRA-FLAGSHIP-01,EPS,32.855768813115844,-21.980453476350252,14.910171825821596,39.99724806271287,1.0,"{'soh': 0.9999312015678218, 'internal_resistance_ohm': 0.2025167180190193, 'solar_health_factor': 1.0}",ANOMALOUS,"{'is_sunlight': True, 'orbit_fraction': 0.44947735191637633, 'solar_power_w': 809.2087123333245, 'load_power_w': 95.0, 'operating_mode': 'STANDBY', 'fault_active': True, 'active_faults': ['BATTERY_RESISTANCE_SPIKE'], 'dataset': 'ASTRA_SIMULATED_EPS'}"
14070.0,ASTRA-FLAGSHIP-01,EPS,32.94053757149283,-21.76222266593748,15.115283280919686,39.99724806271287,1.0,"{'soh': 0.9999312015678218, 'internal_resistance_ohm': 0.2025167180190193, 'solar_health_factor': 1.0}",ANOMALOUS,"{'is_sunlight': True, 'orbit_fraction': 0.45121951219512196, 'solar_power_w': 808.7676127076743, 'load_power_w': 95.0, 'operating_mode': 'STANDBY', 'fault_active': True, 'active_faults': ['BATTERY_RESISTANCE_SPIKE'], 'dataset': 'ASTRA_SIMULATED_EPS'}"
14080.0,ASTRA-FLAGSHIP-01,EPS,32.57627321533916,-21.689684712235266,15.176315407012632,39.99724806271287,1.0,"{'soh': 0.9999312015678218, 'internal_resistance_ohm': 0.2025167180190193, 'solar_health_factor': 1.0}",ANOMALOUS,"{'is_sunlight': True, 'orbit_fraction': 0.4529616724738676, 'solar_power_w': 808.3487855206527, 'load_power_w': 95.0, 'operating_mode': 'STANDBY', 'fault_active': True, 'active_faults': ['BATTERY_RESISTANCE_SPIKE'], 'dataset': 'ASTRA_SIMULATED_EPS'}"
14090.0,ASTRA-FLAGSHIP-01,EPS,32.86997559828956,-21.70522736897302,15.109748314737105,39.99724806271287,1.0,"{'soh': 0.9999312015678218, 'internal_resistance_ohm': 0.2025167180190193, 'solar_health_factor': 1.0}",ANOMALOUS,"{'is_sunlight': True, 'orbit_fraction': 0.4547038327526132, 'solar_power_w': 807.9502583060121, 'load_power_w': 95.0, 'operating_mode': 'STANDBY', 'fault_active': True, 'active_faults': ['BATTERY_RESISTANCE_SPIKE'], 'dataset': 'ASTRA_SIMULATED_EPS'}"
14100.0,ASTRA-FLAGSHIP-01,EPS,32.5431990765759,-21.57105602878635,15.105152993708113,39.99724806271287,1.0,"{'soh': 0.9999312015678218, 'internal_resistance_ohm': 0.2025167180190193, 'solar_health_factor': 1.0}",ANOMALOUS,"{'is_sunlight': True, 'orbit_fraction': 0.4564459930313589, 'solar_power_w': 807.5702274139405, 'load_power_w': 95.0, 'operating_mode': 'STANDBY', 'fault_active': True, 'active_faults': ['BATTERY_RESISTANCE_SPIKE'], 'dataset': 'ASTRA_SIMULATED_EPS'}"
14110.0,ASTRA-FLAGSHIP-01,EPS,32.883311967908384,-21.891524599438238,15.103027850738867,39.99724806271287,1.0,"{'soh': 0.9999312015678218, 'internal_resistance_ohm': 0.2025167180190193, 'solar_health_factor': 1.0}",ANOMALOUS,"{'is_sunlight': True, 'orbit_fraction': 0.45818815331010454, 'solar_power_w': 807.2070439678935, 'load_power_w': 95.0, 'operating_mode': 'STANDBY', 'fault_active': True, 'active_faults': ['BATTERY_RESISTANCE_SPIKE'], 'dataset': 'ASTRA_SIMULATED_EPS'}"
14120.0,ASTRA-FLAGSHIP-01,EPS,33.03572353777572,-21.742830278058545,15.26089937092567,39.99724806271287,1.0,"{'soh': 0.9999312015678218, 'internal_resistance_ohm': 0.2025167180190193, 'solar_health_factor': 1.0}",ANOMALOUS,"{'is_sunlight': True, 'orbit_fraction': 0.45993031358885017, 'solar_power_w': 806.8592009902983, 'load_power_w': 95.0, 'operating_mode': 'STANDBY', 'fault_active': True, 'active_faults': ['BATTERY_RESISTANCE_SPIKE'], 'dataset': 'ASTRA_SIMULATED_EPS'}"
14130.0,ASTRA-FLAGSHIP-01,EPS,32.78736580936843,-21.90221913931941,15.259003748356134,39.99724806271287,1.0,"{'soh': 0.9999312015678218, 'internal_resistance_ohm': 0.2025167180190193, 'solar_health_factor': 1.0}",ANOMALOUS,"{'is_sunlight': True, 'orbit_fraction': 0.4616724738675958, 'solar_power_w': 806.5253215997941, 'load_power_w': 95.0, 'operating_mode': 'STANDBY', 'fault_active': True, 'active_faults': ['BATTERY_RESISTANCE_SPIKE'], 'dataset': 'ASTRA_SIMULATED_EPS'}"
14140.0,ASTRA-FLAGSHIP-01,EPS,32.70331332093139,-21.60419077359543,15.241755888453762,39.99724806271287,1.0,"{'soh': 0.9999312015678218, 'internal_resistance_ohm': 0.2025167180190193, 'solar_health_factor': 1.0}",ANOMALOUS,"{'is_sunlight': True, 'orbit_fraction': 0.4634146341463415, 'solar_power_w': 806.2041481907664, 'load_power_w': 95.0, 'operating_mode': 'STANDBY', 'fault_active': True, 'active_faults': ['BATTERY_RESISTANCE_SPIKE'], 'dataset': 'ASTRA_SIMULATED_EPS'}"
14150.0,ASTRA-FLAGSHIP-01,EPS,32.546870358400774,-21.655368320730254,15.376331877663706,39.99724806271287,1.0,"{'soh': 0.9999312015678218, 'internal_resistance_ohm': 0.2025167180190193, 'solar_health_factor': 1.0}",ANOMALOUS,"{'is_sunlight': True, 'orbit_fraction': 0.4651567944250871, 'solar_power_w': 805.8945325133756, 'load_power_w': 95.0, 'operating_mode': 'STANDBY', 'fault_active': True, 'active_faults': ['BATTERY_RESISTANCE_SPIKE'], 'dataset': 'ASTRA_SIMULATED_EPS'}"
14160.0,ASTRA-FLAGSHIP-01,EPS,32.88069692825614,-21.67139333364473,15.346243855329618,39.99724806271287,1.0,"{'soh': 0.9999312015678218, 'internal_resistance_ohm': 0.2025167180190193, 'solar_health_factor': 1.0}",ANOMALOUS,"{'is_sunlight': True, 'orbit_fraction': 0.46689895470383275, 'solar_power_w': 805.5954265790689, 'load_power_w': 95.0, 'operating_mode': 'STANDBY', 'fault_active': True, 'active_faults': ['BATTERY_RESISTANCE_SPIKE'], 'dataset': 'ASTRA_SIMULATED_EPS'}"
14170.0,ASTRA-FLAGSHIP-01,EPS,32.83432013938605,-21.632311115409546,15.263782168823028,39.99724806271287,1.0,"{'soh': 0.9999312015678218, 'internal_resistance_ohm': 0.2025167180190193, 'solar_health_factor': 1.0}",ANOMALOUS,"{'is_sunlight': True, 'orbit_fraction': 0.4686411149825784, 'solar_power_w': 805.3058743228205, 'load_power_w': 95.0, 'operating_mode': 'STANDBY', 'fault_active': True, 'active_faults': ['BATTERY_RESISTANCE_SPIKE'], 'dataset': 'ASTRA_SIMULATED_EPS'}"
14180.0,ASTRA-FLAGSHIP-01,EPS,32.838058631390325,-21.53023299056531,15.302378026308192,39.99724806271287,1.0,"{'soh': 0.9999312015678218, 'internal_resistance_ohm': 0.2025167180190193, 'solar_health_factor': 1.0}",ANOMALOUS,"{'is_sunlight': True, 'orbit_fraction': 0.47038327526132406, 'solar_power_w': 805.0250039590653, 'load_power_w': 95.0, 'operating_mode': 'STANDBY', 'fault_active': True, 'active_faults': ['BATTERY_RESISTANCE_SPIKE'], 'dataset': 'ASTRA_SIMULATED_EPS'}"
14190.0,ASTRA-FLAGSHIP-01,EPS,33.033271302314326,-21.649541870373078,15.32554151464879,39.99724806271287,1.0,"{'soh': 0.9999312015678218, 'internal_resistance_ohm': 0.2025167180190193, 'solar_health_factor': 1.0}",ANOMALOUS,"{'is_sunlight': True, 'orbit_fraction': 0.4721254355400697, 'solar_power_w': 804.752020973534, 'load_power_w': 95.0, 'operating_mode': 'STANDBY', 'fault_active': True, 'active_faults': ['BATTERY_RESISTANCE_SPIKE'], 'dataset': 'ASTRA_SIMULATED_EPS'}"
14200.0,ASTRA-FLAGSHIP-01,EPS,32.96322403780475,-21.663509027674298,15.433585925316658,39.99724806271287,1.0,"{'soh': 0.9999312015678218, 'internal_resistance_ohm': 0.2025167180190193, 'solar_health_factor': 1.0}",ANOMALOUS,"{'is_sunlight': True, 'orbit_fraction': 0.4738675958188153, 'solar_power_w': 804.4862016980113, 'load_power_w': 95.0, 'operating_mode': 'STANDBY', 'fault_active': True, 'active_faults': ['BATTERY_RESISTANCE_SPIKE'], 'dataset': 'ASTRA_SIMULATED_EPS'}"
14210.0,ASTRA-FLAGSHIP-01,EPS,32.75173200237246,-21.62991796189319,15.445899900040523,39.99724806271287,1.0,"{'soh': 0.9999312015678218, 'internal_resistance_ohm': 0.2025167180190193, 'solar_health_factor': 1.0}",ANOMALOUS,"{'is_sunlight': True, 'orbit_fraction': 0.47560975609756095, 'solar_power_w': 804.2268874194552, 'load_power_w': 95.0, 'operating_mode': 'STANDBY', 'fault_active': True, 'active_faults': ['BATTERY_RESISTANCE_SPIKE'], 'dataset': 'ASTRA_SIMULATED_EPS'}"
14220.0,ASTRA-FLAGSHIP-01,EPS,32.84725802732133,-21.841073673213753,15.390703112920948,39.99724806271287,1.0,"{'soh': 0.9999312015678218, 'internal_resistance_ohm': 0.2025167180190193, 'solar_health_factor': 1.0}",ANOMALOUS,"{'is_sunlight': True, 'orbit_fraction': 0.47735191637630664, 'solar_power_w': 803.973478978943, 'load_power_w': 95.0, 'operating_mode': 'STANDBY', 'fault_active': True, 'active_faults': ['BATTERY_RESISTANCE_SPIKE'], 'dataset': 'ASTRA_SIMULATED_EPS'}"
14230.0,ASTRA-FLAGSHIP-01,EPS,32.95194948487787,-21.622798762552698,15.446054028532604,39.99724806271287,1.0,"{'soh': 0.9999312015678218, 'internal_resistance_ohm': 0.2025167180190193, 'solar_health_factor': 1.0}",ANOMALOUS,"{'is_sunlight': True, 'orbit_fraction': 0.47909407665505227, 'solar_power_w': 803.7254318196391, 'load_power_w': 95.0, 'operating_mode': 'STANDBY', 'fault_active': True, 'active_faults': ['BATTERY_RESISTANCE_SPIKE'], 'dataset': 'ASTRA_SIMULATED_EPS'}"
14240.0,ASTRA-FLAGSHIP-01,EPS,32.57670670027051,-21.722460590396945,15.396558020902367,39.99724806271287,1.0,"{'soh': 0.9999312015678218, 'internal_resistance_ohm': 0.2025167180190193, 'solar_health_factor': 1.0}",ANOMALOUS,"{'is_sunlight': True, 'orbit_fraction': 0.4808362369337979, 'solar_power_w': 803.4822514463551, 'load_power_w': 95.0, 'operating_mode': 'STANDBY', 'fault_active': True, 'active_faults': ['BATTERY_RESISTANCE_SPIKE'], 'dataset': 'ASTRA_SIMULATED_EPS'}"
14250.0,ASTRA-FLAGSHIP-01,EPS,32.78288422522019,-21.66077151043558,15.474658164354707,39.99724806271287,1.0,"{'soh': 0.9999312015678218, 'internal_resistance_ohm': 0.2025167180190193, 'solar_health_factor': 1.0}",ANOMALOUS,"{'is_sunlight': True, 'orbit_fraction': 0.48257839721254353, 'solar_power_w': 803.2434892624086, 'load_power_w': 95.0, 'operating_mode': 'STANDBY', 'fault_active': True, 'active_faults': ['BATTERY_RESISTANCE_SPIKE'], 'dataset': 'ASTRA_SIMULATED_EPS'}"
14260.0,ASTRA-FLAGSHIP-01,EPS,32.78830925141434,-21.544908127513235,15.652919489055767,39.99724806271287,1.0,"{'soh': 0.9999312015678218, 'internal_resistance_ohm': 0.2025167180190193, 'solar_health_factor': 1.0}",ANOMALOUS,"{'is_sunlight': True, 'orbit_fraction': 0.4843205574912892, 'solar_power_w': 803.0087387523298, 'load_power_w': 95.0, 'operating_mode': 'STANDBY', 'fault_active': True, 'active_faults': ['BATTERY_RESISTANCE_SPIKE'], 'dataset': 'ASTRA_SIMULATED_EPS'}"
14270.0,ASTRA-FLAGSHIP-01,EPS,32.55152604514329,-21.448077167974475,15.622119311827529,39.99724806271287,1.0,"{'soh': 0.9999312015678218, 'internal_resistance_ohm': 0.2025167180190193, 'solar_health_factor': 1.0}",ANOMALOUS,"{'is_sunlight': True, 'orbit_fraction': 0.48606271777003485, 'solar_power_w': 802.7776319815935, 'load_power_w': 95.0, 'operating_mode': 'STANDBY', 'fault_active': True, 'active_faults': ['BATTERY_RESISTANCE_SPIKE'], 'dataset': 'ASTRA_SIMULATED_EPS'}"
14280.0,ASTRA-FLAGSHIP-01,EPS,32.67169330471347,-21.549082949699134,15.575720000183846,39.99724806271287,1.0,"{'soh': 0.9999312015678218, 'internal_resistance_ohm': 0.2025167180190193, 'solar_health_factor': 1.0}",ANOMALOUS,"{'is_sunlight': True, 'orbit_fraction': 0.4878048780487805, 'solar_power_w': 802.5498363869441, 'load_power_w': 95.0, 'operating_mode': 'STANDBY', 'fault_active': True, 'active_faults': ['BATTERY_RESISTANCE_SPIKE'], 'dataset': 'ASTRA_SIMULATED_EPS'}"
14290.0,ASTRA-FLAGSHIP-01,EPS,32.82990787682841,-21.39489790632556,15.653952369958507,39.99724806271287,1.0,"{'soh': 0.9999312015678218, 'internal_resistance_ohm': 0.2025167180190193, 'solar_health_factor': 1.0}",ANOMALOUS,"{'is_sunlight': True, 'orbit_fraction': 0.4895470383275261, 'solar_power_w': 802.3250518331024, 'load_power_w': 95.0, 'operating_mode': 'STANDBY', 'fault_active': True, 'active_faults': ['BATTERY_RESISTANCE_SPIKE'], 'dataset': 'ASTRA_SIMULATED_EPS'}"
14300.0,ASTRA-FLAGSHIP-01,EPS,32.88286012697197,-21.606932564120164,15.574472766332219,39.99724806271287,1.0,"{'soh': 0.9999312015678218, 'internal_resistance_ohm': 0.2025167180190193, 'solar_health_factor': 1.0}",ANOMALOUS,"{'is_sunlight': True, 'orbit_fraction': 0.4912891986062718, 'solar_power_w': 802.1030079136311, 'load_power_w': 95.0, 'operating_mode': 'STANDBY', 'fault_active': True, 'active_faults': ['BATTERY_RESISTANCE_SPIKE'], 'dataset': 'ASTRA_SIMULATED_EPS'}"
14310.0,ASTRA-FLAGSHIP-01,EPS,32.76525687641492,-21.415648168150362,15.597254071866148,39.99724806271287,1.0,"{'soh': 0.9999312015678218, 'internal_resistance_ohm': 0.2025167180190193, 'solar_health_factor': 1.0}",ANOMALOUS,"{'is_sunlight': True, 'orbit_fraction': 0.4930313588850174, 'solar_power_w': 801.8834614756172, 'load_power_w': 95.0, 'operating_mode': 'STANDBY', 'fault_active': True, 'active_faults': ['BATTERY_RESISTANCE_SPIKE'], 'dataset': 'ASTRA_SIMULATED_EPS'}"
14320.0,ASTRA-FLAGSHIP-01,EPS,32.626409553473295,-21.530845820217174,15.649250092247193,39.99724806271287,1.0,"{'soh': 0.9999312015678218, 'internal_resistance_ohm': 0.2025167180190193, 'solar_health_factor': 1.0}",ANOMALOUS,"{'is_sunlight': True, 'orbit_fraction': 0.49477351916376305, 'solar_power_w': 801.6661943495029, 'load_power_w': 95.0, 'operating_mode': 'STANDBY', 'fault_active': True, 'active_faults': ['BATTERY_RESISTANCE_SPIKE'], 'dataset': 'ASTRA_SIMULATED_EPS'}"
14330.0,ASTRA-FLAGSHIP-01,EPS,32.66946651399114,-21.586255248913556,15.65500600708494,39.99724806271287,1.0,"{'soh': 0.9999312015678218, 'internal_resistance_ohm': 0.2025167180190193, 'solar_health_factor': 1.0}",ANOMALOUS,"{'is_sunlight': True, 'orbit_fraction': 0.4965156794425087, 'solar_power_w': 801.4510112669639, 'load_power_w': 95.0, 'operating_mode': 'STANDBY', 'fault_active': True, 'active_faults': ['BATTERY_RESISTANCE_SPIKE'], 'dataset': 'ASTRA_SIMULATED_EPS'}"
14340.0,ASTRA-FLAGSHIP-01,EPS,32.63968233704487,-21.45276822938782,15.682656289858327,39.99724806271287,1.0,"{'soh': 0.9999312015678218, 'internal_resistance_ohm': 0.2025167180190193, 'solar_health_factor': 1.0}",ANOMALOUS,"{'is_sunlight': True, 'orbit_fraction': 0.49825783972125437, 'solar_power_w': 801.2377379511526, 'load_power_w': 95.0, 'operating_mode': 'STANDBY', 'fault_active': True, 'active_faults': ['BATTERY_RESISTANCE_SPIKE'], 'dataset': 'ASTRA_SIMULATED_EPS'}"
14350.0,ASTRA-FLAGSHIP-01,EPS,32.5373869691353,-21.59652597722213,15.80929448802809,39.99724806271287,1.0,"{'soh': 0.9999312015678218, 'internal_resistance_ohm': 0.2025167180190193, 'solar_health_factor': 1.0}",ANOMALOUS,"{'is_sunlight': True, 'orbit_fraction': 0.5, 'solar_power_w': 801.0262193649352, 'load_power_w': 95.0, 'operating_mode': 'STANDBY', 'fault_active': True, 'active_faults': ['BATTERY_RESISTANCE_SPIKE'], 'dataset': 'ASTRA_SIMULATED_EPS'}"
14360.0,ASTRA-FLAGSHIP-01,EPS,32.76713713853477,-21.571477981674114,15.79952079488399,39.99724806271287,1.0,"{'soh': 0.9999312015678218, 'internal_resistance_ohm': 0.2025167180190193, 'solar_health_factor': 1.0}",ANOMALOUS,"{'is_sunlight': True, 'orbit_fraction': 0.5017421602787456, 'solar_power_w': 800.8163181039463, 'load_power_w': 95.0, 'operating_mode': 'STANDBY', 'fault_active': True, 'active_faults': ['BATTERY_RESISTANCE_SPIKE'], 'dataset': 'ASTRA_SIMULATED_EPS'}"
14370.0,ASTRA-FLAGSHIP-01,EPS,32.51313930264066,-21.457128074417856,15.841015132302852,39.99724806271287,1.0,"{'soh': 0.9999312015678218, 'internal_resistance_ohm': 0.2025167180190193, 'solar_health_factor': 1.0}",ANOMALOUS,"{'is_sunlight': True, 'orbit_fraction': 0.5034843205574913, 'solar_power_w': 800.6079129223855, 'load_power_w': 95.0, 'operating_mode': 'STANDBY', 'fault_active': True, 'active_faults': ['BATTERY_RESISTANCE_SPIKE'], 'dataset': 'ASTRA_SIMULATED_EPS'}"
14380.0,ASTRA-FLAGSHIP-01,EPS,32.73230377658636,-21.39330338317814,15.789943660106069,39.99724806271287,1.0,"{'soh': 0.9999312015678218, 'internal_resistance_ohm': 0.2025167180190193, 'solar_health_factor': 1.0}",ANOMALOUS,"{'is_sunlight': True, 'orbit_fraction': 0.5052264808362369, 'solar_power_w': 800.4008973804844, 'load_power_w': 95.0, 'operating_mode': 'STANDBY', 'fault_active': True, 'active_faults': ['BATTERY_RESISTANCE_SPIKE'], 'dataset': 'ASTRA_SIMULATED_EPS'}"
14390.0,ASTRA-FLAGSHIP-01,EPS,32.98440210612329,-21.48284985679565,15.853900652988349,39.99724806271287,1.0,"{'soh': 0.9999312015678218, 'internal_resistance_ohm': 0.2025167180190193, 'solar_health_factor': 1.0}",ANOMALOUS,"{'is_sunlight': True, 'orbit_fraction': 0.5069686411149826, 'solar_power_w': 800.195178603498, 'load_power_w': 95.0, 'operating_mode': 'STANDBY', 'fault_active': True, 'active_faults': ['BATTERY_RESISTANCE_SPIKE'], 'dataset': 'ASTRA_SIMULATED_EPS'}"
14400.0,ASTRA-FLAGSHIP-01,EPS,32.79616826459453,-21.506059697545645,15.95608715188454,39.99724806271287,1.0,"{'soh': 0.9999312015678218, 'internal_resistance_ohm': 0.2025167180190193, 'solar_health_factor': 1.0}",ANOMALOUS,"{'is_sunlight': True, 'orbit_fraction': 0.5087108013937283, 'solar_power_w': 799.9906761429185, 'load_power_w': 95.0, 'operating_mode': 'STANDBY', 'fault_active': True, 'active_faults': ['BATTERY_RESISTANCE_SPIKE'], 'dataset': 'ASTRA_SIMULATED_EPS'}"
14410.0,ASTRA-FLAGSHIP-01,EPS,32.6228545606649,-21.573532553007208,15.971167956982681,39.99724806271287,1.0,"{'soh': 0.9999312015678218, 'internal_resistance_ohm': 0.2025167180190193, 'solar_health_factor': 1.0}",ANOMALOUS,"{'is_sunlight': True, 'orbit_fraction': 0.5104529616724739, 'solar_power_w': 799.7873209313884, 'load_power_w': 95.0, 'operating_mode': 'STANDBY', 'fault_active': True, 'active_faults': ['BATTERY_RESISTANCE_SPIKE'], 'dataset': 'ASTRA_SIMULATED_EPS'}"
14420.0,ASTRA-FLAGSHIP-01,EPS,32.70176031361846,-21.380401643356283,16.028539670697086,39.99724806271287,1.0,"{'soh': 0.9999312015678218, 'internal_resistance_ohm': 0.2025167180190193, 'solar_health_factor': 1.0}",ANOMALOUS,"{'is_sunlight': True, 'orbit_fraction': 0.5121951219512195, 'solar_power_w': 799.5850543234942, 'load_power_w': 95.0, 'operating_mode': 'STANDBY', 'fault_active': True, 'active_faults': ['BATTERY_RESISTANCE_SPIKE'], 'dataset': 'ASTRA_SIMULATED_EPS'}"
14430.0,ASTRA-FLAGSHIP-01,EPS,32.73353268019229,-21.39892404128681,15.91003374315594,39.99724806271287,1.0,"{'soh': 0.9999312015678218, 'internal_resistance_ohm': 0.2025167180190193, 'solar_health_factor': 1.0}",ANOMALOUS,"{'is_sunlight': True, 'orbit_fraction': 0.5139372822299652, 'solar_power_w': 799.3838272152822, 'load_power_w': 95.0, 'operating_mode': 'STANDBY', 'fault_active': True, 'active_faults': ['BATTERY_RESISTANCE_SPIKE'], 'dataset': 'ASTRA_SIMULATED_EPS'}"
14440.0,ASTRA-FLAGSHIP-01,EPS,32.923199657687555,-21.44698452052057,16.015456355711954,39.99724806271287,1.0,"{'soh': 0.9999312015678218, 'internal_resistance_ohm': 0.2025167180190193, 'solar_health_factor': 1.0}",ANOMALOUS,"{'is_sunlight': True, 'orbit_fraction': 0.5156794425087108, 'solar_power_w': 799.1835992359294, 'load_power_w': 95.0, 'operating_mode': 'STANDBY', 'fault_active': True, 'active_faults': ['BATTERY_RESISTANCE_SPIKE'], 'dataset': 'ASTRA_SIMULATED_EPS'}"
14450.0,ASTRA-FLAGSHIP-01,EPS,32.69355331593873,-21.649881244257518,16.040988899663994,39.99724806271287,1.0,"{'soh': 0.9999312015678218, 'internal_resistance_ohm': 0.2025167180190193, 'solar_health_factor': 1.0}",ANOMALOUS,"{'is_sunlight': True, 'orbit_fraction': 0.5174216027874564, 'solar_power_w': 798.984338005552, 'load_power_w': 95.0, 'operating_mode': 'STANDBY', 'fault_active': True, 'active_faults': ['BATTERY_RESISTANCE_SPIKE'], 'dataset': 'ASTRA_SIMULATED_EPS'}"
14460.0,ASTRA-FLAGSHIP-01,EPS,32.46103286298634,-21.492901742785648,16.0868431862905,39.99724806271287,1.0,"{'soh': 0.9999312015678218, 'internal_resistance_ohm': 0.2025167180190193, 'solar_health_factor': 1.0}",ANOMALOUS,"{'is_sunlight': True, 'orbit_fraction': 0.519163763066202, 'solar_power_w': 798.7860184536358, 'load_power_w': 95.0, 'operating_mode': 'STANDBY', 'fault_active': True, 'active_faults': ['BATTERY_RESISTANCE_SPIKE'], 'dataset': 'ASTRA_SIMULATED_EPS'}"
14470.0,ASTRA-FLAGSHIP-01,EPS,32.83089553474751,-21.23253570122758,16.11493345968409,39.99724806271287,1.0,"{'soh': 0.9999312015678218, 'internal_resistance_ohm': 0.2025167180190193, 'solar_health_factor': 1.0}",ANOMALOUS,"{'is_sunlight': True, 'orbit_fraction': 0.5209059233449478, 'solar_power_w': 798.5886221930358, 'load_power_w': 95.0, 'operating_mode': 'STANDBY', 'fault_active': True, 'active_faults': ['BATTERY_RESISTANCE_SPIKE'], 'dataset': 'ASTRA_SIMULATED_EPS'}"
14480.0,ASTRA-FLAGSHIP-01,EPS,32.69218724734899,-21.442193545249857,16.08513965892235,39.99724806271287,1.0,"{'soh': 0.9999312015678218, 'internal_resistance_ohm': 0.2025167180190193, 'solar_health_factor': 1.0}",ANOMALOUS,"{'is_sunlight': True, 'orbit_fraction': 0.5226480836236934, 'solar_power_w': 798.392136944907, 'load_power_w': 95.0, 'operating_mode': 'STANDBY', 'fault_active': True, 'active_faults': ['BATTERY_RESISTANCE_SPIKE'], 'dataset': 'ASTRA_SIMULATED_EPS'}"
14490.0,ASTRA-FLAGSHIP-01,EPS,32.5399521374761,-21.544805334255862,16.083236793516484,39.99724806271287,1.0,"{'soh': 0.9999312015678218, 'internal_resistance_ohm': 0.2025167180190193, 'solar_health_factor': 1.0}",ANOMALOUS,"{'is_sunlight': True, 'orbit_fraction': 0.524390243902439, 'solar_power_w': 798.1965560103256, 'load_power_w': 95.0, 'operating_mode': 'STANDBY', 'fault_active': True, 'active_faults': ['BATTERY_RESISTANCE_SPIKE'], 'dataset': 'ASTRA_SIMULATED_EPS'}"
14500.0,ASTRA-FLAGSHIP-01,EPS,32.465490167162805,-21.428033280108732,16.122524513729207,39.99724806271287,1.0,"{'soh': 0.9999312015678218, 'internal_resistance_ohm': 0.2025167180190193, 'solar_health_factor': 1.0}",ANOMALOUS,"{'is_sunlight': True, 'orbit_fraction': 0.5261324041811847, 'solar_power_w': 798.001877784705, 'load_power_w': 95.0, 'operating_mode': 'STANDBY', 'fault_active': True, 'active_faults': ['BATTERY_RESISTANCE_SPIKE'], 'dataset': 'ASTRA_SIMULATED_EPS'}"
14510.0,ASTRA-FLAGSHIP-01,EPS,32.52507459949758,-21.382125344950502,16.194411801580525,39.99724806271287,1.0,"{'soh': 0.9999312015678218, 'internal_resistance_ohm': 0.2025167180190193, 'solar_health_factor': 1.0}",ANOMALOUS,"{'is_sunlight': True, 'orbit_fraction': 0.5278745644599303, 'solar_power_w': 797.8081053114404, 'load_power_w': 95.0, 'operating_mode': 'STANDBY', 'fault_active': True, 'active_faults': ['BATTERY_RESISTANCE_SPIKE'], 'dataset': 'ASTRA_SIMULATED_EPS'}"
14520.0,ASTRA-FLAGSHIP-01,EPS,32.836657315619526,-21.4579032960004,16.211767290161994,39.99724806271287,1.0,"{'soh': 0.9999312015678218, 'internal_resistance_ohm': 0.2025167180190193, 'solar_health_factor': 1.0}",ANOMALOUS,"{'is_sunlight': True, 'orbit_fraction': 0.5296167247386759, 'solar_power_w': 797.6152458715125, 'load_power_w': 95.0, 'operating_mode': 'STANDBY', 'fault_active': True, 'active_faults': ['BATTERY_RESISTANCE_SPIKE'], 'dataset': 'ASTRA_SIMULATED_EPS'}"
14530.0,ASTRA-FLAGSHIP-01,EPS,32.91097843822928,-21.381267554415576,16.164478716232473,39.99724806271287,1.0,"{'soh': 0.9999312015678218, 'internal_resistance_ohm': 0.2025167180190193, 'solar_health_factor': 1.0}",ANOMALOUS,"{'is_sunlight': True, 'orbit_fraction': 0.5313588850174216, 'solar_power_w': 797.4233106060565, 'load_power_w': 95.0, 'operating_mode': 'STANDBY', 'fault_active': True, 'active_faults': ['BATTERY_RESISTANCE_SPIKE'], 'dataset': 'ASTRA_SIMULATED_EPS'}"
14540.0,ASTRA-FLAGSHIP-01,EPS,32.84478593956797,-21.27594475743884,16.199329317613618,39.99724806271287,1.0,"{'soh': 0.9999312015678218, 'internal_resistance_ohm': 0.2025167180190193, 'solar_health_factor': 1.0}",ANOMALOUS,"{'is_sunlight': True, 'orbit_fraction': 0.5331010452961672, 'solar_power_w': 797.2323141691475, 'load_power_w': 95.0, 'operating_mode': 'STANDBY', 'fault_active': True, 'active_faults': ['BATTERY_RESISTANCE_SPIKE'], 'dataset': 'ASTRA_SIMULATED_EPS'}"
14550.0,ASTRA-FLAGSHIP-01,EPS,33.143480183278456,-21.46298520620943,16.254170025823097,39.99724806271287,1.0,"{'soh': 0.9999312015678218, 'internal_resistance_ohm': 0.2025167180190193, 'solar_health_factor': 1.0}",ANOMALOUS,"{'is_sunlight': True, 'orbit_fraction': 0.5348432055749129, 'solar_power_w': 797.0422744082889, 'load_power_w': 95.0, 'operating_mode': 'STANDBY', 'fault_active': True, 'active_faults': ['BATTERY_RESISTANCE_SPIKE'], 'dataset': 'ASTRA_SIMULATED_EPS'}"
14560.0,ASTRA-FLAGSHIP-01,EPS,32.68913843900748,-21.373335079417757,16.18876512472391,39.99724806271287,1.0,"{'soh': 0.9999312015678218, 'internal_resistance_ohm': 0.2025167180190193, 'solar_health_factor': 1.0}",ANOMALOUS,"{'is_sunlight': True, 'orbit_fraction': 0.5365853658536586, 'solar_power_w': 796.8532120702944, 'load_power_w': 95.0, 'operating_mode': 'STANDBY', 'fault_active': True, 'active_faults': ['BATTERY_RESISTANCE_SPIKE'], 'dataset': 'ASTRA_SIMULATED_EPS'}"
14570.0,ASTRA-FLAGSHIP-01,EPS,32.709874831993304,-21.51488307321667,16.305907456858677,39.99724806271287,1.0,"{'soh': 0.9999312015678218, 'internal_resistance_ohm': 0.2025167180190193, 'solar_health_factor': 1.0}",ANOMALOUS,"{'is_sunlight': True, 'orbit_fraction': 0.5383275261324042, 'solar_power_w': 796.6651505304561, 'load_power_w': 95.0, 'operating_mode': 'STANDBY', 'fault_active': True, 'active_faults': ['BATTERY_RESISTANCE_SPIKE'], 'dataset': 'ASTRA_SIMULATED_EPS'}"
14580.0,ASTRA-FLAGSHIP-01,EPS,32.962510599666814,-21.314593098018314,16.20375986331588,39.99724806271287,1.0,"{'soh': 0.9999312015678218, 'internal_resistance_ohm': 0.2025167180190193, 'solar_health_factor': 1.0}",ANOMALOUS,"{'is_sunlight': True, 'orbit_fraction': 0.5400696864111498, 'solar_power_w': 796.4781155430534, 'load_power_w': 95.0, 'operating_mode': 'STANDBY', 'fault_active': True, 'active_faults': ['BATTERY_RESISTANCE_SPIKE'], 'dataset': 'ASTRA_SIMULATED_EPS'}"
14590.0,ASTRA-FLAGSHIP-01,EPS,33.13431761906194,-21.34818960497772,16.30665829345055,39.99724806271287,1.0,"{'soh': 0.9999312015678218, 'internal_resistance_ohm': 0.2025167180190193, 'solar_health_factor': 1.0}",ANOMALOUS,"{'is_sunlight': True, 'orbit_fraction': 0.5418118466898955, 'solar_power_w': 796.2921350114381, 'load_power_w': 95.0, 'operating_mode': 'STANDBY', 'fault_active': True, 'active_faults': ['BATTERY_RESISTANCE_SPIKE'], 'dataset': 'ASTRA_SIMULATED_EPS'}"
14600.0,ASTRA-FLAGSHIP-01,EPS,32.82519258846344,-21.355884310261935,16.335219525959687,39.99724806271287,1.0,"{'soh': 0.9999312015678218, 'internal_resistance_ohm': 0.2025167180190193, 'solar_health_factor': 1.0}",ANOMALOUS,"{'is_sunlight': True, 'orbit_fraction': 0.5435540069686411, 'solar_power_w': 796.107238776063, 'load_power_w': 95.0, 'operating_mode': 'STANDBY', 'fault_active': True, 'active_faults': ['BATTERY_RESISTANCE_SPIKE'], 'dataset': 'ASTRA_SIMULATED_EPS'}"
14610.0,ASTRA-FLAGSHIP-01,EPS,32.83188181415054,-21.437938667545126,16.371361030274613,39.99724806271287,1.0,"{'soh': 0.9999312015678218, 'internal_resistance_ohm': 0.2025167180190193, 'solar_health_factor': 1.0}",ANOMALOUS,"{'is_sunlight': True, 'orbit_fraction': 0.5452961672473867, 'solar_power_w': 795.9234584189637, 'load_power_w': 95.0, 'operating_mode': 'STANDBY', 'fault_active': True, 'active_faults': ['BATTERY_RESISTANCE_SPIKE'], 'dataset': 'ASTRA_SIMULATED_EPS'}"
14620.0,ASTRA-FLAGSHIP-01,EPS,32.68687623926062,-21.52462913391336,16.421826742406793,39.99724806271287,1.0,"{'soh': 0.9999312015678218, 'internal_resistance_ohm': 0.2025167180190193, 'solar_health_factor': 1.0}",ANOMALOUS,"{'is_sunlight': True, 'orbit_fraction': 0.5470383275261324, 'solar_power_w': 795.7408270833347, 'load_power_w': 95.0, 'operating_mode': 'STANDBY', 'fault_active': True, 'active_faults': ['BATTERY_RESISTANCE_SPIKE'], 'dataset': 'ASTRA_SIMULATED_EPS'}"
14630.0,ASTRA-FLAGSHIP-01,EPS,32.895411455448944,-21.30133161033425,16.478425755077396,39.99724806271287,1.0,"{'soh': 0.9999312015678218, 'internal_resistance_ohm': 0.2025167180190193, 'solar_health_factor': 1.0}",ANOMALOUS,"{'is_sunlight': True, 'orbit_fraction': 0.5487804878048781, 'solar_power_w': 795.5593793069397, 'load_power_w': 95.0, 'operating_mode': 'STANDBY', 'fault_active': True, 'active_faults': ['BATTERY_RESISTANCE_SPIKE'], 'dataset': 'ASTRA_SIMULATED_EPS'}"
14640.0,ASTRA-FLAGSHIP-01,EPS,32.85261488746044,-21.412939004983876,16.502246207020672,39.99724806271287,1.0,"{'soh': 0.9999312015678218, 'internal_resistance_ohm': 0.2025167180190193, 'solar_health_factor': 1.0}",ANOMALOUS,"{'is_sunlight': True, 'orbit_fraction': 0.5505226480836237, 'solar_power_w': 795.3791508682189, 'load_power_w': 95.0, 'operating_mode': 'STANDBY', 'fault_active': True, 'active_faults': ['BATTERY_RESISTANCE_SPIKE'], 'dataset': 'ASTRA_SIMULATED_EPS'}"
14650.0,ASTRA-FLAGSHIP-01,EPS,32.57679505484217,-21.448582069796547,16.434825642191154,39.99724806271287,1.0,"{'soh': 0.9999312015678218, 'internal_resistance_ohm': 0.2025167180190193, 'solar_health_factor': 1.0}",ANOMALOUS,"{'is_sunlight': True, 'orbit_fraction': 0.5522648083623694, 'solar_power_w': 795.2001786440354, 'load_power_w': 95.0, 'operating_mode': 'STANDBY', 'fault_active': True, 'active_faults': ['BATTERY_RESISTANCE_SPIKE'], 'dataset': 'ASTRA_SIMULATED_EPS'}"
14660.0,ASTRA-FLAGSHIP-01,EPS,32.9765501008496,-21.23720282544555,16.5301128125592,39.99724806271287,1.0,"{'soh': 0.9999312015678218, 'internal_resistance_ohm': 0.2025167180190193, 'solar_health_factor': 1.0}",ANOMALOUS,"{'is_sunlight': True, 'orbit_fraction': 0.554006968641115, 'solar_power_w': 795.0225004781056, 'load_power_w': 95.0, 'operating_mode': 'STANDBY', 'fault_active': True, 'active_faults': ['BATTERY_RESISTANCE_SPIKE'], 'dataset': 'ASTRA_SIMULATED_EPS'}"
14670.0,ASTRA-FLAGSHIP-01,EPS,32.97521742494406,-21.43535106927903,16.545828646564782,39.99724806271287,1.0,"{'soh': 0.9999312015678218, 'internal_resistance_ohm': 0.2025167180190193, 'solar_health_factor': 1.0}",ANOMALOUS,"{'is_sunlight': True, 'orbit_fraction': 0.5557491289198606, 'solar_power_w': 794.8461550592256, 'load_power_w': 95.0, 'operating_mode': 'STANDBY', 'fault_active': True, 'active_faults': ['BATTERY_RESISTANCE_SPIKE'], 'dataset': 'ASTRA_SIMULATED_EPS'}"
14680.0,ASTRA-FLAGSHIP-01,EPS,32.778895765518406,-21.237251014051512,16.54522861523593,39.99724806271287,1.0,"{'soh': 0.9999312015678218, 'internal_resistance_ohm': 0.2025167180190193, 'solar_health_factor': 1.0}",ANOMALOUS,"{'is_sunlight': True, 'orbit_fraction': 0.5574912891986062, 'solar_power_w': 794.6711818084899, 'load_power_w': 95.0, 'operating_mode': 'STANDBY', 'fault_active': True, 'active_faults': ['BATTERY_RESISTANCE_SPIKE'], 'dataset': 'ASTRA_SIMULATED_EPS'}"
14690.0,ASTRA-FLAGSHIP-01,EPS,32.73629448386063,-21.266138462091625,16.617328979018133,39.99724806271287,1.0,"{'soh': 0.9999312015678218, 'internal_resistance_ohm': 0.2025167180190193, 'solar_health_factor': 1.0}",ANOMALOUS,"{'is_sunlight': True, 'orbit_fraction': 0.5592334494773519, 'solar_power_w': 794.4976207747653, 'load_power_w': 95.0, 'operating_mode': 'STANDBY', 'fault_active': True, 'active_faults': ['BATTERY_RESISTANCE_SPIKE'], 'dataset': 'ASTRA_SIMULATED_EPS'}"
14700.0,ASTRA-FLAGSHIP-01,EPS,32.68981731988452,-21.328090629949973,16.5430691009214,39.99724806271287,1.0,"{'soh': 0.9999312015678218, 'internal_resistance_ohm': 0.2025167180190193, 'solar_health_factor': 1.0}",ANOMALOUS,"{'is_sunlight': True, 'orbit_fraction': 0.5609756097560976, 'solar_power_w': 794.3255125377327, 'load_power_w': 95.0, 'operating_mode': 'STANDBY', 'fault_active': True, 'active_faults': ['BATTERY_RESISTANCE_SPIKE'], 'dataset': 'ASTRA_SIMULATED_EPS'}"
14710.0,ASTRA-FLAGSHIP-01,EPS,32.38974919294127,-21.293705087140495,16.648847090729273,39.99724806271287,1.0,"{'soh': 0.9999312015678218, 'internal_resistance_ohm': 0.2025167180190193, 'solar_health_factor': 1.0}",ANOMALOUS,"{'is_sunlight': True, 'orbit_fraction': 0.5627177700348432, 'solar_power_w': 794.1548981178892, 'load_power_w': 95.0, 'operating_mode': 'STANDBY', 'fault_active': True, 'active_faults': ['BATTERY_RESISTANCE_SPIKE'], 'dataset': 'ASTRA_SIMULATED_EPS'}"
14720.0,ASTRA-FLAGSHIP-01,EPS,32.842402206123666,-21.52840005371452,16.62321027988494,39.99724806271287,1.0,"{'soh': 0.9999312015678218, 'internal_resistance_ohm': 0.2025167180190193, 'solar_health_factor': 1.0}",ANOMALOUS,"{'is_sunlight': True, 'orbit_fraction': 0.5644599303135889, 'solar_power_w': 793.9858188929304, 'load_power_w': 95.0, 'operating_mode': 'STANDBY', 'fault_active': True, 'active_faults': ['BATTERY_RESISTANCE_SPIKE'], 'dataset': 'ASTRA_SIMULATED_EPS'}"
14730.0,ASTRA-FLAGSHIP-01,EPS,32.43562135928902,-21.153049163492653,16.608741348279157,39.99724806271287,1.0,"{'soh': 0.9999312015678218, 'internal_resistance_ohm': 0.2025167180190193, 'solar_health_factor': 1.0}",ANOMALOUS,"{'is_sunlight': True, 'orbit_fraction': 0.5662020905923345, 'solar_power_w': 793.8183165200005, 'load_power_w': 95.0, 'operating_mode': 'STANDBY', 'fault_active': True, 'active_faults': ['BATTERY_RESISTANCE_SPIKE'], 'dataset': 'ASTRA_SIMULATED_EPS'}"
14740.0,ASTRA-FLAGSHIP-01,EPS,33.00530657867435,-21.195285086755305,16.640246442218565,39.99724806271287,1.0,"{'soh': 0.9999312015678218, 'internal_resistance_ohm': 0.2025167180190193, 'solar_health_factor': 1.0}",ANOMALOUS,"{'is_sunlight': True, 'orbit_fraction': 0.5679442508710801, 'solar_power_w': 793.6524328633276, 'load_power_w': 95.0, 'operating_mode': 'STANDBY', 'fault_active': True, 'active_faults': ['BATTERY_RESISTANCE_SPIKE'], 'dataset': 'ASTRA_SIMULATED_EPS'}"
14750.0,ASTRA-FLAGSHIP-01,EPS,32.61365053197124,-21.256687401838565,16.665232355426625,39.99724806271287,1.0,"{'soh': 0.9999312015678218, 'internal_resistance_ohm': 0.2025167180190193, 'solar_health_factor': 1.0}",ANOMALOUS,"{'is_sunlight': True, 'orbit_fraction': 0.5696864111498258, 'solar_power_w': 793.4882099268118, 'load_power_w': 95.0, 'operating_mode': 'STANDBY', 'fault_active': True, 'active_faults': ['BATTERY_RESISTANCE_SPIKE'], 'dataset': 'ASTRA_SIMULATED_EPS'}"
14760.0,ASTRA-FLAGSHIP-01,EPS,32.81623118714991,-21.34460430499933,16.640504107076403,39.99724806271287,1.0,"{'soh': 0.9999312015678218, 'internal_resistance_ohm': 0.2025167180190193, 'solar_health_factor': 1.0}",ANOMALOUS,"{'is_sunlight': True, 'orbit_fraction': 0.5714285714285714, 'solar_power_w': 793.3256897911648, 'load_power_w': 95.0, 'operating_mode': 'STANDBY', 'fault_active': True, 'active_faults': ['BATTERY_RESISTANCE_SPIKE'], 'dataset': 'ASTRA_SIMULATED_EPS'}"
14770.0,ASTRA-FLAGSHIP-01,EPS,32.433633669125214,-21.26063018913611,16.723538641742355,39.99724806271287,1.0,"{'soh': 0.9999312015678218, 'internal_resistance_ohm': 0.2025167180190193, 'solar_health_factor': 1.0}",ANOMALOUS,"{'is_sunlight': True, 'orbit_fraction': 0.573170731707317, 'solar_power_w': 793.1649145552311, 'load_power_w': 95.0, 'operating_mode': 'STANDBY', 'fault_active': True, 'active_faults': ['BATTERY_RESISTANCE_SPIKE'], 'dataset': 'ASTRA_SIMULATED_EPS'}"
14780.0,ASTRA-FLAGSHIP-01,EPS,32.708718863057705,-21.203519343264826,16.83228433214635,39.99724806271287,1.0,"{'soh': 0.9999312015678218, 'internal_resistance_ohm': 0.2025167180190193, 'solar_health_factor': 1.0}",ANOMALOUS,"{'is_sunlight': True, 'orbit_fraction': 0.5749128919860628, 'solar_power_w': 793.0059262811645, 'load_power_w': 95.0, 'operating_mode': 'STANDBY', 'fault_active': True, 'active_faults': ['BATTERY_RESISTANCE_SPIKE'], 'dataset': 'ASTRA_SIMULATED_EPS'}"
14790.0,ASTRA-FLAGSHIP-01,EPS,32.75472745044284,-21.314186984584968,16.820556404054916,39.99724806271287,1.0,"{'soh': 0.9999312015678218, 'internal_resistance_ohm': 0.2025167180190193, 'solar_health_factor': 1.0}",ANOMALOUS,"{'is_sunlight': True, 'orbit_fraction': 0.5766550522648084, 'solar_power_w': 792.8487669431428, 'load_power_w': 95.0, 'operating_mode': 'STANDBY', 'fault_active': True, 'active_faults': ['BATTERY_RESISTANCE_SPIKE'], 'dataset': 'ASTRA_SIMULATED_EPS'}"
14800.0,ASTRA-FLAGSHIP-01,EPS,32.57689047410496,-21.246666398787692,16.845022086317265,39.99724806271287,1.0,"{'soh': 0.9999312015678218, 'internal_resistance_ohm': 0.2025167180190193, 'solar_health_factor': 1.0}",ANOMALOUS,"{'is_sunlight': True, 'orbit_fraction': 0.578397212543554, 'solar_power_w': 792.6934783793474, 'load_power_w': 95.0, 'operating_mode': 'STANDBY', 'fault_active': True, 'active_faults': ['BATTERY_RESISTANCE_SPIKE'], 'dataset': 'ASTRA_SIMULATED_EPS'}"
14810.0,ASTRA-FLAGSHIP-01,EPS,32.91097979446156,-21.482466812147536,16.801180216801775,39.99724806271287,1.0,"{'soh': 0.9999312015678218, 'internal_resistance_ohm': 0.2025167180190193, 'solar_health_factor': 1.0}",ANOMALOUS,"{'is_sunlight': True, 'orbit_fraction': 0.5801393728222997, 'solar_power_w': 792.5401022469467, 'load_power_w': 95.0, 'operating_mode': 'STANDBY', 'fault_active': True, 'active_faults': ['BATTERY_RESISTANCE_SPIKE'], 'dataset': 'ASTRA_SIMULATED_EPS'}"
14820.0,ASTRA-FLAGSHIP-01,EPS,32.65539135511152,-21.25110485735433,16.885047214666507,39.99724806271287,1.0,"{'soh': 0.9999312015678218, 'internal_resistance_ohm': 0.2025167180190193, 'solar_health_factor': 1.0}",ANOMALOUS,"{'is_sunlight': True, 'orbit_fraction': 0.5818815331010453, 'solar_power_w': 792.3886799798496, 'load_power_w': 95.0, 'operating_mode': 'STANDBY', 'fault_active': True, 'active_faults': ['BATTERY_RESISTANCE_SPIKE'], 'dataset': 'ASTRA_SIMULATED_EPS'}"
14830.0,ASTRA-FLAGSHIP-01,EPS,33.044880195318605,-21.31275148322627,16.857835334134176,39.99724806271287,1.0,"{'soh': 0.9999312015678218, 'internal_resistance_ohm': 0.2025167180190193, 'solar_health_factor': 1.0}",ANOMALOUS,"{'is_sunlight': True, 'orbit_fraction': 0.5836236933797909, 'solar_power_w': 792.2392527490144, 'load_power_w': 95.0, 'operating_mode': 'STANDBY', 'fault_active': True, 'active_faults': ['BATTERY_RESISTANCE_SPIKE'], 'dataset': 'ASTRA_SIMULATED_EPS'}"
14840.0,ASTRA-FLAGSHIP-01,EPS,32.987966898948834,-21.220174989806054,16.967742630718234,39.99724806271287,1.0,"{'soh': 0.9999312015678218, 'internal_resistance_ohm': 0.2025167180190193, 'solar_health_factor': 1.0}",ANOMALOUS,"{'is_sunlight': True, 'orbit_fraction': 0.5853658536585366, 'solar_power_w': 792.0918614251127, 'load_power_w': 95.0, 'operating_mode': 'STANDBY', 'fault_active': True, 'active_faults': ['BATTERY_RESISTANCE_SPIKE'], 'dataset': 'ASTRA_SIMULATED_EPS'}"
14850.0,ASTRA-FLAGSHIP-01,EPS,32.846774559774396,-21.377465425233552,16.85929201060619,39.99724806271287,1.0,"{'soh': 0.9999312015678218, 'internal_resistance_ohm': 0.2025167180190193, 'solar_health_factor': 1.0}",ANOMALOUS,"{'is_sunlight': True, 'orbit_fraction': 0.5871080139372822, 'solar_power_w': 791.9465465433717, 'load_power_w': 95.0, 'operating_mode': 'STANDBY', 'fault_active': True, 'active_faults': ['BATTERY_RESISTANCE_SPIKE'], 'dataset': 'ASTRA_SIMULATED_EPS'}"
14860.0,ASTRA-FLAGSHIP-01,EPS,32.54498045826054,-21.170742938486033,17.00690907369051,39.99724806271287,1.0,"{'soh': 0.9999312015678218, 'internal_resistance_ohm': 0.2025167180190193, 'solar_health_factor': 1.0}",ANOMALOUS,"{'is_sunlight': True, 'orbit_fraction': 0.5888501742160279, 'solar_power_w': 791.8033482704302, 'load_power_w': 95.0, 'operating_mode': 'STANDBY', 'fault_active': True, 'active_faults': ['BATTERY_RESISTANCE_SPIKE'], 'dataset': 'ASTRA_SIMULATED_EPS'}"
14870.0,ASTRA-FLAGSHIP-01,EPS,33.1027140636895,-21.146323820629007,17.027094550126147,39.99724806271287,1.0,"{'soh': 0.9999312015678218, 'internal_resistance_ohm': 0.2025167180190193, 'solar_health_factor': 1.0}",ANOMALOUS,"{'is_sunlight': True, 'orbit_fraction': 0.5905923344947736, 'solar_power_w': 791.6623063730533, 'load_power_w': 95.0, 'operating_mode': 'STANDBY', 'fault_active': True, 'active_faults': ['BATTERY_RESISTANCE_SPIKE'], 'dataset': 'ASTRA_SIMULATED_EPS'}"
14880.0,ASTRA-FLAGSHIP-01,EPS,32.70430299052088,-21.364413680463574,17.03287271421361,39.99724806271287,1.0,"{'soh': 0.9999312015678218, 'internal_resistance_ohm': 0.2025167180190193, 'solar_health_factor': 1.0}",ANOMALOUS,"{'is_sunlight': True, 'orbit_fraction': 0.5923344947735192, 'solar_power_w': 791.5234601885717, 'load_power_w': 95.0, 'operating_mode': 'STANDBY', 'fault_active': True, 'active_faults': ['BATTERY_RESISTANCE_SPIKE'], 'dataset': 'ASTRA_SIMULATED_EPS'}"
14890.0,ASTRA-FLAGSHIP-01,EPS,32.867922439025996,-21.219735865389588,17.031096338297466,39.99724806271287,1.0,"{'soh': 0.9999312015678218, 'internal_resistance_ohm': 0.2025167180190193, 'solar_health_factor': 1.0}",ANOMALOUS,"{'is_sunlight': True, 'orbit_fraction': 0.5940766550522648, 'solar_power_w': 791.3868485969197, 'load_power_w': 95.0, 'operating_mode': 'STANDBY', 'fault_active': True, 'active_faults': ['BATTERY_RESISTANCE_SPIKE'], 'dataset': 'ASTRA_SIMULATED_EPS'}"
14900.0,ASTRA-FLAGSHIP-01,EPS,32.85242548689384,-21.084902716745233,17.097779102801955,39.99724806271287,1.0,"{'soh': 0.9999312015678218, 'internal_resistance_ohm': 0.2025167180190193, 'solar_health_factor': 1.0}",ANOMALOUS,"{'is_sunlight': True, 'orbit_fraction': 0.5958188153310104, 'solar_power_w': 791.2525099941531, 'load_power_w': 95.0, 'operating_mode': 'STANDBY', 'fault_active': True, 'active_faults': ['BATTERY_RESISTANCE_SPIKE'], 'dataset': 'ASTRA_SIMULATED_EPS'}"
14910.0,ASTRA-FLAGSHIP-01,EPS,32.88867456894372,-21.12957439583225,17.079978204986183,39.99724806271287,1.0,"{'soh': 0.9999312015678218, 'internal_resistance_ohm': 0.2025167180190193, 'solar_health_factor': 1.0}",ANOMALOUS,"{'is_sunlight': True, 'orbit_fraction': 0.5975609756097561, 'solar_power_w': 791.1204822673451, 'load_power_w': 95.0, 'operating_mode': 'STANDBY', 'fault_active': True, 'active_faults': ['BATTERY_RESISTANCE_SPIKE'], 'dataset': 'ASTRA_SIMULATED_EPS'}"
14920.0,ASTRA-FLAGSHIP-01,EPS,32.72379349061368,-21.13555159077901,17.005738923715676,39.99724806271287,1.0,"{'soh': 0.9999312015678218, 'internal_resistance_ohm': 0.2025167180190193, 'solar_health_factor': 1.0}",ANOMALOUS,"{'is_sunlight': True, 'orbit_fraction': 0.5993031358885017, 'solar_power_w': 790.9908027707629, 'load_power_w': 95.0, 'operating_mode': 'STANDBY', 'fault_active': True, 'active_faults': ['BATTERY_RESISTANCE_SPIKE'], 'dataset': 'ASTRA_SIMULATED_EPS'}"
14930.0,ASTRA-FLAGSHIP-01,EPS,32.972259177836655,-21.348409389066898,17.110885938359285,39.99724806271287,1.0,"{'soh': 0.9999312015678218, 'internal_resistance_ohm': 0.2025167180190193, 'solar_health_factor': 1.0}",ANOMALOUS,"{'is_sunlight': True, 'orbit_fraction': 0.6010452961672473, 'solar_power_w': 790.8635083032362, 'load_power_w': 95.0, 'operating_mode': 'STANDBY', 'fault_active': True, 'active_faults': ['BATTERY_RESISTANCE_SPIKE'], 'dataset': 'ASTRA_SIMULATED_EPS'}"
14940.0,ASTRA-FLAGSHIP-01,EPS,32.66082118332811,-21.150457106883092,17.11597525732577,39.99724806271287,1.0,"{'soh': 0.9999312015678218, 'internal_resistance_ohm': 0.2025167180190193, 'solar_health_factor': 1.0}",ANOMALOUS,"{'is_sunlight': True, 'orbit_fraction': 0.6027874564459931, 'solar_power_w': 790.7386350866386, 'load_power_w': 95.0, 'operating_mode': 'STANDBY', 'fault_active': True, 'active_faults': ['BATTERY_RESISTANCE_SPIKE'], 'dataset': 'ASTRA_SIMULATED_EPS'}"
14950.0,ASTRA-FLAGSHIP-01,EPS,32.537888614217955,-21.161469110519892,17.109795022397535,39.99724806271287,1.0,"{'soh': 0.9999312015678218, 'internal_resistance_ohm': 0.2025167180190193, 'solar_health_factor': 1.0}",ANOMALOUS,"{'is_sunlight': True, 'orbit_fraction': 0.6045296167247387, 'solar_power_w': 790.6162187454055, 'load_power_w': 95.0, 'operating_mode': 'STANDBY', 'fault_active': True, 'active_faults': ['BATTERY_RESISTANCE_SPIKE'], 'dataset': 'ASTRA_SIMULATED_EPS'}"
14960.0,ASTRA-FLAGSHIP-01,EPS,32.9439295229406,-21.204380505402902,17.179425601011935,39.99724806271287,1.0,"{'soh': 0.9999312015678218, 'internal_resistance_ohm': 0.2025167180190193, 'solar_health_factor': 1.0}",ANOMALOUS,"{'is_sunlight': True, 'orbit_fraction': 0.6062717770034843, 'solar_power_w': 790.4962942870288, 'load_power_w': 95.0, 'operating_mode': 'STANDBY', 'fault_active': True, 'active_faults': ['BATTERY_RESISTANCE_SPIKE'], 'dataset': 'ASTRA_SIMULATED_EPS'}"
14970.0,ASTRA-FLAGSHIP-01,EPS,32.64238544761163,-21.2663670828174,17.1576302077995,39.99724806271287,1.0,"{'soh': 0.9999312015678218, 'internal_resistance_ohm': 0.2025167180190193, 'solar_health_factor': 1.0}",ANOMALOUS,"{'is_sunlight': True, 'orbit_fraction': 0.60801393728223, 'solar_power_w': 790.3788960834564, 'load_power_w': 95.0, 'operating_mode': 'STANDBY', 'fault_active': True, 'active_faults': ['BATTERY_RESISTANCE_SPIKE'], 'dataset': 'ASTRA_SIMULATED_EPS'}"
14980.0,ASTRA-FLAGSHIP-01,EPS,32.93992073787081,-21.01127973688106,17.161155386311798,39.99724806271287,1.0,"{'soh': 0.9999312015678218, 'internal_resistance_ohm': 0.2025167180190193, 'solar_health_factor': 1.0}",ANOMALOUS,"{'is_sunlight': True, 'orbit_fraction': 0.6097560975609756, 'solar_power_w': 790.2640578533509, 'load_power_w': 95.0, 'operating_mode': 'STANDBY', 'fault_active': True, 'active_faults': ['BATTERY_RESISTANCE_SPIKE'], 'dataset': 'ASTRA_SIMULATED_EPS'}"
14990.0,ASTRA-FLAGSHIP-01,EPS,32.97602399280781,-21.434794387744052,17.162500733247263,39.99724806271287,1.0,"{'soh': 0.9999312015678218, 'internal_resistance_ohm': 0.2025167180190193, 'solar_health_factor': 1.0}",ANOMALOUS,"{'is_sunlight': True, 'orbit_fraction': 0.6114982578397212, 'solar_power_w': 790.1518126451509, 'load_power_w': 95.0, 'operating_mode': 'STANDBY', 'fault_active': True, 'active_faults': ['BATTERY_RESISTANCE_SPIKE'], 'dataset': 'ASTRA_SIMULATED_EPS'}"
15000.0,ASTRA-FLAGSHIP-01,EPS,32.642187092885344,-21.34074834398595,17.163771556603695,39.99724806271287,1.0,"{'soh': 0.9999312015678218, 'internal_resistance_ohm': 0.2025167180190193, 'solar_health_factor': 1.0}",ANOMALOUS,"{'is_sunlight': True, 'orbit_fraction': 0.6132404181184669, 'solar_power_w': 790.0421928208896, 'load_power_w': 95.0, 'operating_mode': 'STANDBY', 'fault_active': True, 'active_faults': ['BATTERY_RESISTANCE_SPIKE'], 'dataset': 'ASTRA_SIMULATED_EPS'}"
15010.0,ASTRA-FLAGSHIP-01,EPS,32.86715463055697,-21.21116982068449,17.282606710037083,39.99724806271287,1.0,"{'soh': 0.9999312015678218, 'internal_resistance_ohm': 0.2025167180190193, 'solar_health_factor': 1.0}",ANOMALOUS,"{'is_sunlight': True, 'orbit_fraction': 0.6149825783972126, 'solar_power_w': 789.9352300407285, 'load_power_w': 95.0, 'operating_mode': 'STANDBY', 'fault_active': True, 'active_faults': ['BATTERY_RESISTANCE_SPIKE'], 'dataset': 'ASTRA_SIMULATED_EPS'}"
15020.0,ASTRA-FLAGSHIP-01,EPS,32.91265953036042,-21.154780044761427,17.317154901790595,39.99724806271287,1.0,"{'soh': 0.9999312015678218, 'internal_resistance_ohm': 0.2025167180190193, 'solar_health_factor': 1.0}",ANOMALOUS,"{'is_sunlight': True, 'orbit_fraction': 0.6167247386759582, 'solar_power_w': 789.8309552481708, 'load_power_w': 95.0, 'operating_mode': 'STANDBY', 'fault_active': True, 'active_faults': ['BATTERY_RESISTANCE_SPIKE'], 'dataset': 'ASTRA_SIMULATED_EPS'}"
15030.0,ASTRA-FLAGSHIP-01,EPS,32.788020903710546,-21.31279068198606,17.357732740709494,39.99724806271287,1.0,"{'soh': 0.9999312015678218, 'internal_resistance_ohm': 0.2025167180190193, 'solar_health_factor': 1.0}",ANOMALOUS,"{'is_sunlight': True, 'orbit_fraction': 0.6184668989547039, 'solar_power_w': 789.7293986559121, 'load_power_w': 95.0, 'operating_mode': 'STANDBY', 'fault_active': True, 'active_faults': ['BATTERY_RESISTANCE_SPIKE'], 'dataset': 'ASTRA_SIMULATED_EPS'}"
15040.0,ASTRA-FLAGSHIP-01,EPS,32.70281130527017,-21.281882691259007,17.316466559127118,39.99724806271287,1.0,"{'soh': 0.9999312015678218, 'internal_resistance_ohm': 0.2025167180190193, 'solar_health_factor': 1.0}",ANOMALOUS,"{'is_sunlight': True, 'orbit_fraction': 0.6202090592334495, 'solar_power_w': 789.6305897323042, 'load_power_w': 95.0, 'operating_mode': 'STANDBY', 'fault_active': True, 'active_faults': ['BATTERY_RESISTANCE_SPIKE'], 'dataset': 'ASTRA_SIMULATED_EPS'}"
15050.0,ASTRA-FLAGSHIP-01,EPS,32.649725636535,-21.221488942323816,17.363030849121067,39.99724806271287,1.0,"{'soh': 0.9999312015678218, 'internal_resistance_ohm': 0.2025167180190193, 'solar_health_factor': 1.0}",ANOMALOUS,"{'is_sunlight': True, 'orbit_fraction': 0.6219512195121951, 'solar_power_w': 789.5345571883989, 'load_power_w': 95.0, 'operating_mode': 'STANDBY', 'fault_active': True, 'active_faults': ['BATTERY_RESISTANCE_SPIKE'], 'dataset': 'ASTRA_SIMULATED_EPS'}"
15060.0,ASTRA-FLAGSHIP-01,EPS,32.8565510404048,-21.271898618326937,17.341854009320677,39.99724806271287,1.0,"{'soh': 0.9999312015678218, 'internal_resistance_ohm': 0.2025167180190193, 'solar_health_factor': 1.0}",ANOMALOUS,"{'is_sunlight': True, 'orbit_fraction': 0.6236933797909407, 'solar_power_w': 789.4413289655449, 'load_power_w': 95.0, 'operating_mode': 'STANDBY', 'fault_active': True, 'active_faults': ['BATTERY_RESISTANCE_SPIKE'], 'dataset': 'ASTRA_SIMULATED_EPS'}"
15070.0,ASTRA-FLAGSHIP-01,EPS,32.97561151708891,-21.114582519660654,17.49034922519429,39.99724806271287,1.0,"{'soh': 0.9999312015678218, 'internal_resistance_ohm': 0.2025167180190193, 'solar_health_factor': 1.0}",ANOMALOUS,"{'is_sunlight': True, 'orbit_fraction': 0.6254355400696864, 'solar_power_w': 789.3509322235165, 'load_power_w': 95.0, 'operating_mode': 'STANDBY', 'fault_active': True, 'active_faults': ['BATTERY_RESISTANCE_SPIKE'], 'dataset': 'ASTRA_SIMULATED_EPS'}"
15080.0,ASTRA-FLAGSHIP-01,EPS,32.992961620108304,-21.040111212064804,17.337504956442135,39.99724806271287,1.0,"{'soh': 0.9999312015678218, 'internal_resistance_ohm': 0.2025167180190193, 'solar_health_factor': 1.0}",ANOMALOUS,"{'is_sunlight': True, 'orbit_fraction': 0.627177700348432, 'solar_power_w': 789.2633933291494, 'load_power_w': 95.0, 'operating_mode': 'STANDBY', 'fault_active': True, 'active_faults': ['BATTERY_RESISTANCE_SPIKE'], 'dataset': 'ASTRA_SIMULATED_EPS'}"
15090.0,ASTRA-FLAGSHIP-01,EPS,32.92469489613646,-21.170242968442572,17.399597564764107,39.99724806271287,1.0,"{'soh': 0.9999312015678218, 'internal_resistance_ohm': 0.2025167180190193, 'solar_health_factor': 1.0}",ANOMALOUS,"{'is_sunlight': True, 'orbit_fraction': 0.6289198606271778, 'solar_power_w': 789.1787378454659, 'load_power_w': 95.0, 'operating_mode': 'STANDBY', 'fault_active': True, 'active_faults': ['BATTERY_RESISTANCE_SPIKE'], 'dataset': 'ASTRA_SIMULATED_EPS'}"
15100.0,ASTRA-FLAGSHIP-01,EPS,32.82697803035369,-21.057126984237094,17.472382510078056,39.99724806271287,1.0,"{'soh': 0.9999312015678218, 'internal_resistance_ohm': 0.2025167180190193, 'solar_health_factor': 1.0}",ANOMALOUS,"{'is_sunlight': True, 'orbit_fraction': 0.6306620209059234, 'solar_power_w': 789.096990521269, 'load_power_w': 95.0, 'operating_mode': 'STANDBY', 'fault_active': True, 'active_faults': ['BATTERY_RESISTANCE_SPIKE'], 'dataset': 'ASTRA_SIMULATED_EPS'}"
15110.0,ASTRA-FLAGSHIP-01,EPS,32.655356824982874,-21.077199840138743,17.435601977609306,39.99724806271287,1.0,"{'soh': 0.9999312015678218, 'internal_resistance_ohm': 0.2025167180190193, 'solar_health_factor': 1.0}",ANOMALOUS,"{'is_sunlight': True, 'orbit_fraction': 0.632404181184669, 'solar_power_w': 789.0181752811928, 'load_power_w': 95.0, 'operating_mode': 'STANDBY', 'fault_active': True, 'active_faults': ['BATTERY_RESISTANCE_SPIKE'], 'dataset': 'ASTRA_SIMULATED_EPS'}"
15120.0,ASTRA-FLAGSHIP-01,EPS,32.83495940585195,-21.19075630805209,17.476624758513754,39.99724806271287,1.0,"{'soh': 0.9999312015678218, 'internal_resistance_ohm': 0.2025167180190193, 'solar_health_factor': 1.0}",ANOMALOUS,"{'is_sunlight': True, 'orbit_fraction': 0.6341463414634146, 'solar_power_w': 788.9423152161905, 'load_power_w': 95.0, 'operating_mode': 'STANDBY', 'fault_active': True, 'active_faults': ['BATTERY_RESISTANCE_SPIKE'], 'dataset': 'ASTRA_SIMULATED_EPS'}"
15130.0,ASTRA-FLAGSHIP-01,EPS,32.92508563951129,-21.27015445495871,17.60486097662478,39.99724806271287,1.0,"{'soh': 0.9999312015678218, 'internal_resistance_ohm': 0.2025167180190193, 'solar_health_factor': 1.0}",ANOMALOUS,"{'is_sunlight': True, 'orbit_fraction': 0.6358885017421603, 'solar_power_w': 788.8694325744489, 'load_power_w': 95.0, 'operating_mode': 'STANDBY', 'fault_active': True, 'active_faults': ['BATTERY_RESISTANCE_SPIKE'], 'dataset': 'ASTRA_SIMULATED_EPS'}"
15140.0,ASTRA-FLAGSHIP-01,EPS,32.50077112776853,-21.218996785138536,17.54609154748026,39.99724806271287,1.0,"{'soh': 0.9999312015678218, 'internal_resistance_ohm': 0.2025167180190193, 'solar_health_factor': 1.0}",ANOMALOUS,"{'is_sunlight': True, 'orbit_fraction': 0.6376306620209059, 'solar_power_w': 788.7995487527141, 'load_power_w': 95.0, 'operating_mode': 'STANDBY', 'fault_active': True, 'active_faults': ['BATTERY_RESISTANCE_SPIKE'], 'dataset': 'ASTRA_SIMULATED_EPS'}"
15150.0,ASTRA-FLAGSHIP-01,EPS,32.89524983885594,-21.161886212014288,17.54463786862514,39.99724806271287,1.0,"{'soh': 0.9999312015678218, 'internal_resistance_ohm': 0.2025167180190193, 'solar_health_factor': 1.0}",ANOMALOUS,"{'is_sunlight': True, 'orbit_fraction': 0.6393728222996515, 'solar_power_w': 788.7326842880257, 'load_power_w': 95.0, 'operating_mode': 'STANDBY', 'fault_active': True, 'active_faults': ['BATTERY_RESISTANCE_SPIKE'], 'dataset': 'ASTRA_SIMULATED_EPS'}"
15160.0,ASTRA-FLAGSHIP-01,EPS,32.86675302999604,-21.174401785729035,17.637039780261897,39.99724806271287,1.0,"{'soh': 0.9999312015678218, 'internal_resistance_ohm': 0.2025167180190193, 'solar_health_factor': 1.0}",ANOMALOUS,"{'is_sunlight': True, 'orbit_fraction': 0.6411149825783972, 'solar_power_w': 788.668858849835, 'load_power_w': 95.0, 'operating_mode': 'STANDBY', 'fault_active': True, 'active_faults': ['BATTERY_RESISTANCE_SPIKE'], 'dataset': 'ASTRA_SIMULATED_EPS'}"
15170.0,ASTRA-FLAGSHIP-01,EPS,32.937074835791485,-21.050307481807963,17.538893199283656,39.99724806271287,1.0,"{'soh': 0.9999312015678218, 'internal_resistance_ohm': 0.2025167180190193, 'solar_health_factor': 1.0}",ANOMALOUS,"{'is_sunlight': True, 'orbit_fraction': 0.6428571428571429, 'solar_power_w': 788.6080912325145, 'load_power_w': 95.0, 'operating_mode': 'STANDBY', 'fault_active': True, 'active_faults': ['BATTERY_RESISTANCE_SPIKE'], 'dataset': 'ASTRA_SIMULATED_EPS'}"
15180.0,ASTRA-FLAGSHIP-01,EPS,32.786404525426335,-21.178469973321253,17.556688430573164,39.99724806271287,1.0,"{'soh': 0.9999312015678218, 'internal_resistance_ohm': 0.2025167180190193, 'solar_health_factor': 1.0}",ANOMALOUS,"{'is_sunlight': True, 'orbit_fraction': 0.6445993031358885, 'solar_power_w': 788.5503993482388, 'load_power_w': 95.0, 'operating_mode': 'STANDBY', 'fault_active': True, 'active_faults': ['BATTERY_RESISTANCE_SPIKE'], 'dataset': 'ASTRA_SIMULATED_EPS'}"
15190.0,ASTRA-FLAGSHIP-01,EPS,32.85848988728082,-21.203062833828273,17.659453441518533,39.99724806271287,1.0,"{'soh': 0.9999312015678218, 'internal_resistance_ohm': 0.2025167180190193, 'solar_health_factor': 1.0}",ANOMALOUS,"{'is_sunlight': True, 'orbit_fraction': 0.6463414634146342, 'solar_power_w': 788.4958002202322, 'load_power_w': 95.0, 'operating_mode': 'STANDBY', 'fault_active': True, 'active_faults': ['BATTERY_RESISTANCE_SPIKE'], 'dataset': 'ASTRA_SIMULATED_EPS'}"
15200.0,ASTRA-FLAGSHIP-01,EPS,32.62391566423503,-20.951651396149906,17.601528795096346,39.99724806271287,1.0,"{'soh': 0.9999312015678218, 'internal_resistance_ohm': 0.2025167180190193, 'solar_health_factor': 1.0}",ANOMALOUS,"{'is_sunlight': True, 'orbit_fraction': 0.6480836236933798, 'solar_power_w': 788.444309976382, 'load_power_w': 95.0, 'operating_mode': 'STANDBY', 'fault_active': True, 'active_faults': ['BATTERY_RESISTANCE_SPIKE'], 'dataset': 'ASTRA_SIMULATED_EPS'}"
15210.0,ASTRA-FLAGSHIP-01,EPS,32.83538895009768,-21.052830716209765,17.637423152041208,39.99724806271287,1.0,"{'soh': 0.9999312015678218, 'internal_resistance_ohm': 0.2025167180190193, 'solar_health_factor': 1.0}",ANOMALOUS,"{'is_sunlight': True, 'orbit_fraction': 0.6498257839721254, 'solar_power_w': 788.3959438432016, 'load_power_w': 95.0, 'operating_mode': 'STANDBY', 'fault_active': True, 'active_faults': ['BATTERY_RESISTANCE_SPIKE'], 'dataset': 'ASTRA_SIMULATED_EPS'}"
15220.0,ASTRA-FLAGSHIP-01,EPS,32.9392264007957,-21.275177740420606,17.75811851138087,39.99724806271287,1.0,"{'soh': 0.9999312015678218, 'internal_resistance_ohm': 0.2025167180190193, 'solar_health_factor': 1.0}",ANOMALOUS,"{'is_sunlight': True, 'orbit_fraction': 0.6515679442508711, 'solar_power_w': 788.350716140149, 'load_power_w': 95.0, 'operating_mode': 'STANDBY', 'fault_active': True, 'active_faults': ['BATTERY_RESISTANCE_SPIKE'], 'dataset': 'ASTRA_SIMULATED_EPS'}"
15230.0,ASTRA-FLAGSHIP-01,EPS,32.80174443709359,-21.203846017942148,17.690058837463248,39.99724806271287,1.0,"{'soh': 0.9999312015678218, 'internal_resistance_ohm': 0.2025167180190193, 'solar_health_factor': 1.0}",ANOMALOUS,"{'is_sunlight': True, 'orbit_fraction': 0.6533101045296167, 'solar_power_w': 788.3086402742844, 'load_power_w': 95.0, 'operating_mode': 'STANDBY', 'fault_active': True, 'active_faults': ['BATTERY_RESISTANCE_SPIKE'], 'dataset': 'ASTRA_SIMULATED_EPS'}"
15240.0,ASTRA-FLAGSHIP-01,EPS,32.93208442887556,-21.201332790546903,17.687003327143923,39.99724806271287,1.0,"{'soh': 0.9999312015678218, 'internal_resistance_ohm': 0.2025167180190193, 'solar_health_factor': 1.0}",ANOMALOUS,"{'is_sunlight': True, 'orbit_fraction': 0.6550522648083623, 'solar_power_w': 788.2697287352728, 'load_power_w': 95.0, 'operating_mode': 'STANDBY', 'fault_active': True, 'active_faults': ['BATTERY_RESISTANCE_SPIKE'], 'dataset': 'ASTRA_SIMULATED_EPS'}"
15250.0,ASTRA-FLAGSHIP-01,EPS,32.76309263441258,-21.265817419463676,17.83489981711451,39.99724806271287,1.0,"{'soh': 0.9999312015678218, 'internal_resistance_ohm': 0.2025167180190193, 'solar_health_factor': 1.0}",ANOMALOUS,"{'is_sunlight': True, 'orbit_fraction': 0.6567944250871081, 'solar_power_w': 788.2339930907215, 'load_power_w': 95.0, 'operating_mode': 'STANDBY', 'fault_active': True, 'active_faults': ['BATTERY_RESISTANCE_SPIKE'], 'dataset': 'ASTRA_SIMULATED_EPS'}"
15260.0,ASTRA-FLAGSHIP-01,EPS,32.706536916650876,-21.04252414532576,17.773695798908566,39.99724806271287,1.0,"{'soh': 0.9999312015678218, 'internal_resistance_ohm': 0.2025167180190193, 'solar_health_factor': 1.0}",ANOMALOUS,"{'is_sunlight': True, 'orbit_fraction': 0.6585365853658537, 'solar_power_w': 788.2014439818471, 'load_power_w': 95.0, 'operating_mode': 'STANDBY', 'fault_active': True, 'active_faults': ['BATTERY_RESISTANCE_SPIKE'], 'dataset': 'ASTRA_SIMULATED_EPS'}"
15270.0,ASTRA-FLAGSHIP-01,EPS,32.63796324957604,-21.13432558754302,17.821720507572444,39.99724806271287,1.0,"{'soh': 0.9999312015678218, 'internal_resistance_ohm': 0.2025167180190193, 'solar_health_factor': 1.0}",ANOMALOUS,"{'is_sunlight': True, 'orbit_fraction': 0.6602787456445993, 'solar_power_w': 788.1720911194788, 'load_power_w': 95.0, 'operating_mode': 'STANDBY', 'fault_active': True, 'active_faults': ['BATTERY_RESISTANCE_SPIKE'], 'dataset': 'ASTRA_SIMULATED_EPS'}"
15280.0,ASTRA-FLAGSHIP-01,EPS,32.768549681629075,-21.000834320621262,17.852842750596384,39.99724806271287,1.0,"{'soh': 0.9999312015678218, 'internal_resistance_ohm': 0.2025167180190193, 'solar_health_factor': 1.0}",ANOMALOUS,"{'is_sunlight': True, 'orbit_fraction': 0.662020905923345, 'solar_power_w': 788.1459432803806, 'load_power_w': 95.0, 'operating_mode': 'STANDBY', 'fault_active': True, 'active_faults': ['BATTERY_RESISTANCE_SPIKE'], 'dataset': 'ASTRA_SIMULATED_EPS'}"
15290.0,ASTRA-FLAGSHIP-01,EPS,32.950123388070836,-21.183036145658917,17.766970146618995,39.99724806271287,1.0,"{'soh': 0.9999312015678218, 'internal_resistance_ohm': 0.2025167180190193, 'solar_health_factor': 1.0}",ANOMALOUS,"{'is_sunlight': True, 'orbit_fraction': 0.6637630662020906, 'solar_power_w': 788.1230083039032, 'load_power_w': 95.0, 'operating_mode': 'STANDBY', 'fault_active': True, 'active_faults': ['BATTERY_RESISTANCE_SPIKE'], 'dataset': 'ASTRA_SIMULATED_EPS'}"
15300.0,ASTRA-FLAGSHIP-01,EPS,32.69879739824678,-21.109853452389675,17.867395705300666,39.99724806271287,1.0,"{'soh': 0.9999312015678218, 'internal_resistance_ohm': 0.2025167180190193, 'solar_health_factor': 1.0}",ANOMALOUS,"{'is_sunlight': True, 'orbit_fraction': 0.6655052264808362, 'solar_power_w': 788.1032930889534, 'load_power_w': 95.0, 'operating_mode': 'STANDBY', 'fault_active': True, 'active_faults': ['BATTERY_RESISTANCE_SPIKE'], 'dataset': 'ASTRA_SIMULATED_EPS'}"
15310.0,ASTRA-FLAGSHIP-01,EPS,32.443292542151454,-21.131964083634113,17.86710388057121,39.99724806271287,1.0,"{'soh': 0.9999312015678218, 'internal_resistance_ohm': 0.2025167180190193, 'solar_health_factor': 1.0}",ANOMALOUS,"{'is_sunlight': True, 'orbit_fraction': 0.6672473867595818, 'solar_power_w': 788.0868035912847, 'load_power_w': 95.0, 'operating_mode': 'STANDBY', 'fault_active': True, 'active_faults': ['BATTERY_RESISTANCE_SPIKE'], 'dataset': 'ASTRA_SIMULATED_EPS'}"
15320.0,ASTRA-FLAGSHIP-01,EPS,32.75390753968297,-20.987778351823753,17.89933055789945,39.99724806271287,1.0,"{'soh': 0.9999312015678218, 'internal_resistance_ohm': 0.2025167180190193, 'solar_health_factor': 1.0}",ANOMALOUS,"{'is_sunlight': True, 'orbit_fraction': 0.6689895470383276, 'solar_power_w': 788.0735448211038, 'load_power_w': 95.0, 'operating_mode': 'STANDBY', 'fault_active': True, 'active_faults': ['BATTERY_RESISTANCE_SPIKE'], 'dataset': 'ASTRA_SIMULATED_EPS'}"
15330.0,ASTRA-FLAGSHIP-01,EPS,33.01429169795104,-21.154252878691523,17.944106784667756,39.99724806271287,1.0,"{'soh': 0.9999312015678218, 'internal_resistance_ohm': 0.2025167180190193, 'solar_health_factor': 1.0}",ANOMALOUS,"{'is_sunlight': True, 'orbit_fraction': 0.6707317073170732, 'solar_power_w': 788.0635208409917, 'load_power_w': 95.0, 'operating_mode': 'STANDBY', 'fault_active': True, 'active_faults': ['BATTERY_RESISTANCE_SPIKE'], 'dataset': 'ASTRA_SIMULATED_EPS'}"
15340.0,ASTRA-FLAGSHIP-01,EPS,33.06757017808714,-20.985009704900065,17.861566542610856,39.99724806271287,1.0,"{'soh': 0.9999312015678218, 'internal_resistance_ohm': 0.2025167180190193, 'solar_health_factor': 1.0}",ANOMALOUS,"{'is_sunlight': True, 'orbit_fraction': 0.6724738675958188, 'solar_power_w': 788.0567347641402, 'load_power_w': 95.0, 'operating_mode': 'STANDBY', 'fault_active': True, 'active_faults': ['BATTERY_RESISTANCE_SPIKE'], 'dataset': 'ASTRA_SIMULATED_EPS'}"
15350.0,ASTRA-FLAGSHIP-01,EPS,32.75782185226121,-21.168234000188576,17.959526552710024,39.99724806271287,1.0,"{'soh': 0.9999312015678218, 'internal_resistance_ohm': 0.2025167180190193, 'solar_health_factor': 1.0}",ANOMALOUS,"{'is_sunlight': True, 'orbit_fraction': 0.6742160278745645, 'solar_power_w': 788.0531887528975, 'load_power_w': 95.0, 'operating_mode': 'STANDBY', 'fault_active': True, 'active_faults': ['BATTERY_RESISTANCE_SPIKE'], 'dataset': 'ASTRA_SIMULATED_EPS'}"
15360.0,ASTRA-FLAGSHIP-01,EPS,32.91198400470762,-21.2228557724036,17.957295581449504,39.99724806271287,1.0,"{'soh': 0.9999312015678218, 'internal_resistance_ohm': 0.2025167180190193, 'solar_health_factor': 1.0}",ANOMALOUS,"{'is_sunlight': True, 'orbit_fraction': 0.6759581881533101, 'solar_power_w': 788.0528840176264, 'load_power_w': 95.0, 'operating_mode': 'STANDBY', 'fault_active': True, 'active_faults': ['BATTERY_RESISTANCE_SPIKE'], 'dataset': 'ASTRA_SIMULATED_EPS'}"
15370.0,ASTRA-FLAGSHIP-01,EPS,32.46816173332238,-20.9705696088955,17.947074533971143,39.99724806271287,1.0,"{'soh': 0.9999312015678218, 'internal_resistance_ohm': 0.2025167180190193, 'solar_health_factor': 1.0}",ANOMALOUS,"{'is_sunlight': True, 'orbit_fraction': 0.6777003484320557, 'solar_power_w': 788.0558208158689, 'load_power_w': 95.0, 'operating_mode': 'STANDBY', 'fault_active': True, 'active_faults': ['BATTERY_RESISTANCE_SPIKE'], 'dataset': 'ASTRA_SIMULATED_EPS'}"
15380.0,ASTRA-FLAGSHIP-01,EPS,32.8085855236349,-21.164573267969562,18.04873410943297,39.99724806271287,1.0,"{'soh': 0.9999312015678218, 'internal_resistance_ohm': 0.2025167180190193, 'solar_health_factor': 1.0}",ANOMALOUS,"{'is_sunlight': True, 'orbit_fraction': 0.6794425087108014, 'solar_power_w': 788.0619984518195, 'load_power_w': 95.0, 'operating_mode': 'STANDBY', 'fault_active': True, 'active_faults': ['BATTERY_RESISTANCE_SPIKE'], 'dataset': 'ASTRA_SIMULATED_EPS'}"
15390.0,ASTRA-FLAGSHIP-01,EPS,32.33408111404123,-21.13243513440278,18.00483130552559,39.99724806271287,1.0,"{'soh': 0.9999312015678218, 'internal_resistance_ohm': 0.2025167180190193, 'solar_health_factor': 1.0}",ANOMALOUS,"{'is_sunlight': True, 'orbit_fraction': 0.681184668989547, 'solar_power_w': 788.0714152761054, 'load_power_w': 95.0, 'operating_mode': 'STANDBY', 'fault_active': True, 'active_faults': ['BATTERY_RESISTANCE_SPIKE'], 'dataset': 'ASTRA_SIMULATED_EPS'}"
15400.0,ASTRA-FLAGSHIP-01,EPS,32.72502893730041,-20.93996748080247,17.98439544447529,39.99724806271287,1.0,"{'soh': 0.9999312015678218, 'internal_resistance_ohm': 0.2025167180190193, 'solar_health_factor': 1.0}",ANOMALOUS,"{'is_sunlight': True, 'orbit_fraction': 0.6829268292682927, 'solar_power_w': 788.0840686858689, 'load_power_w': 95.0, 'operating_mode': 'STANDBY', 'fault_active': True, 'active_faults': ['BATTERY_RESISTANCE_SPIKE'], 'dataset': 'ASTRA_SIMULATED_EPS'}"
15410.0,ASTRA-FLAGSHIP-01,EPS,32.925996348676435,-21.092045298370824,18.110427848265072,39.99724806271287,1.0,"{'soh': 0.9999312015678218, 'internal_resistance_ohm': 0.2025167180190193, 'solar_health_factor': 1.0}",ANOMALOUS,"{'is_sunlight': True, 'orbit_fraction': 0.6846689895470384, 'solar_power_w': 788.0999551251555, 'load_power_w': 95.0, 'operating_mode': 'STANDBY', 'fault_active': True, 'active_faults': ['BATTERY_RESISTANCE_SPIKE'], 'dataset': 'ASTRA_SIMULATED_EPS'}"
15420.0,ASTRA-FLAGSHIP-01,EPS,32.690006909995425,-21.21316058834113,18.120695775983798,39.99724806271287,1.0,"{'soh': 0.9999312015678218, 'internal_resistance_ohm': 0.2025167180190193, 'solar_health_factor': 1.0}",ANOMALOUS,"{'is_sunlight': True, 'orbit_fraction': 0.686411149825784, 'solar_power_w': 788.1190700856039, 'load_power_w': 95.0, 'operating_mode': 'STANDBY', 'fault_active': True, 'active_faults': ['BATTERY_RESISTANCE_SPIKE'], 'dataset': 'ASTRA_SIMULATED_EPS'}"
15430.0,ASTRA-FLAGSHIP-01,EPS,32.86917546802634,-21.303699530112077,18.057417983805138,39.99724806271287,1.0,"{'soh': 0.9999312015678218, 'internal_resistance_ohm': 0.2025167180190193, 'solar_health_factor': 1.0}",ANOMALOUS,"{'is_sunlight': True, 'orbit_fraction': 0.6881533101045296, 'solar_power_w': 788.1414081074367, 'load_power_w': 95.0, 'operating_mode': 'STANDBY', 'fault_active': True, 'active_faults': ['BATTERY_RESISTANCE_SPIKE'], 'dataset': 'ASTRA_SIMULATED_EPS'}"
15440.0,ASTRA-FLAGSHIP-01,EPS,32.86278964083491,-21.04079692040337,18.068863346576574,39.99724806271287,1.0,"{'soh': 0.9999312015678218, 'internal_resistance_ohm': 0.2025167180190193, 'solar_health_factor': 1.0}",ANOMALOUS,"{'is_sunlight': True, 'orbit_fraction': 0.6898954703832753, 'solar_power_w': 788.1669627807524, 'load_power_w': 95.0, 'operating_mode': 'STANDBY', 'fault_active': True, 'active_faults': ['BATTERY_RESISTANCE_SPIKE'], 'dataset': 'ASTRA_SIMULATED_EPS'}"
15450.0,ASTRA-FLAGSHIP-01,EPS,32.32149440913974,-21.076481077931543,18.060201311727727,39.99724806271287,1.0,"{'soh': 0.9999312015678218, 'internal_resistance_ohm': 0.2025167180190193, 'solar_health_factor': 1.0}",ANOMALOUS,"{'is_sunlight': True, 'orbit_fraction': 0.6916376306620209, 'solar_power_w': 788.1957267471128, 'load_power_w': 95.0, 'operating_mode': 'STANDBY', 'fault_active': True, 'active_faults': ['BATTERY_RESISTANCE_SPIKE'], 'dataset': 'ASTRA_SIMULATED_EPS'}"
15460.0,ASTRA-FLAGSHIP-01,EPS,32.468586245448904,-21.4488345541122,18.18025980964488,39.99724806271287,1.0,"{'soh': 0.9999312015678218, 'internal_resistance_ohm': 0.2025167180190193, 'solar_health_factor': 1.0}",ANOMALOUS,"{'is_sunlight': True, 'orbit_fraction': 0.6933797909407665, 'solar_power_w': 788.2276917014324, 'load_power_w': 95.0, 'operating_mode': 'STANDBY', 'fault_active': True, 'active_faults': ['BATTERY_RESISTANCE_SPIKE'], 'dataset': 'ASTRA_SIMULATED_EPS'}"
15470.0,ASTRA-FLAGSHIP-01,EPS,32.82051688983611,-21.16140976594748,18.22730648940544,39.99724806271287,1.0,"{'soh': 0.9999312015678218, 'internal_resistance_ohm': 0.2025167180190193, 'solar_health_factor': 1.0}",ANOMALOUS,"{'is_sunlight': True, 'orbit_fraction': 0.6951219512195121, 'solar_power_w': 788.2628483941618, 'load_power_w': 95.0, 'operating_mode': 'STANDBY', 'fault_active': True, 'active_faults': ['BATTERY_RESISTANCE_SPIKE'], 'dataset': 'ASTRA_SIMULATED_EPS'}"
15480.0,ASTRA-FLAGSHIP-01,EPS,32.90394341090455,-20.958697458455497,18.1064642169256,39.99724806271287,1.0,"{'soh': 0.9999312015678218, 'internal_resistance_ohm': 0.2025167180190193, 'solar_health_factor': 1.0}",ANOMALOUS,"{'is_sunlight': True, 'orbit_fraction': 0.6968641114982579, 'solar_power_w': 788.3011866337653, 'load_power_w': 95.0, 'operating_mode': 'STANDBY', 'fault_active': True, 'active_faults': ['BATTERY_RESISTANCE_SPIKE'], 'dataset': 'ASTRA_SIMULATED_EPS'}"
15490.0,ASTRA-FLAGSHIP-01,EPS,32.79375779556661,-21.31782904802434,18.182828937966416,39.99724806271287,1.0,"{'soh': 0.9999312015678218, 'internal_resistance_ohm': 0.2025167180190193, 'solar_health_factor': 1.0}",ANOMALOUS,"{'is_sunlight': True, 'orbit_fraction': 0.6986062717770035, 'solar_power_w': 788.3426952894944, 'load_power_w': 95.0, 'operating_mode': 'STANDBY', 'fault_active': True, 'active_faults': ['BATTERY_RESISTANCE_SPIKE'], 'dataset': 'ASTRA_SIMULATED_EPS'}"
15500.0,ASTRA-FLAGSHIP-01,EPS,32.758651714386914,-21.070863000854573,18.21472478713746,39.99724806271287,1.0,"{'soh': 0.9999312015678218, 'internal_resistance_ohm': 0.2025167180190193, 'solar_health_factor': 1.0}",ANOMALOUS,"{'is_sunlight': True, 'orbit_fraction': 0.7003484320557491, 'solar_power_w': 788.3873622944528, 'load_power_w': 95.0, 'operating_mode': 'STANDBY', 'fault_active': True, 'active_faults': ['BATTERY_RESISTANCE_SPIKE'], 'dataset': 'ASTRA_SIMULATED_EPS'}"
15510.0,ASTRA-FLAGSHIP-01,EPS,32.901660973649314,-21.063810811710383,18.338293169367972,39.99724806271287,1.0,"{'soh': 0.9999312015678218, 'internal_resistance_ohm': 0.2025167180190193, 'solar_health_factor': 1.0}",ANOMALOUS,"{'is_sunlight': True, 'orbit_fraction': 0.7020905923344948, 'solar_power_w': 788.4351746489517, 'load_power_w': 95.0, 'operating_mode': 'STANDBY', 'fault_active': True, 'active_faults': ['BATTERY_RESISTANCE_SPIKE'], 'dataset': 'ASTRA_SIMULATED_EPS'}"
15520.0,ASTRA-FLAGSHIP-01,EPS,32.74771625497897,-21.24742722223762,18.26090279163664,39.99724806271287,1.0,"{'soh': 0.9999312015678218, 'internal_resistance_ohm': 0.2025167180190193, 'solar_health_factor': 1.0}",ANOMALOUS,"{'is_sunlight': True, 'orbit_fraction': 0.7038327526132404, 'solar_power_w': 788.486118424157, 'load_power_w': 95.0, 'operating_mode': 'STANDBY', 'fault_active': True, 'active_faults': ['BATTERY_RESISTANCE_SPIKE'], 'dataset': 'ASTRA_SIMULATED_EPS'}"
15530.0,ASTRA-FLAGSHIP-01,EPS,32.66785238451104,-20.98079968783991,18.252441445961235,39.99724806271287,1.0,"{'soh': 0.9999312015678218, 'internal_resistance_ohm': 0.2025167180190193, 'solar_health_factor': 1.0}",ANOMALOUS,"{'is_sunlight': True, 'orbit_fraction': 0.705574912891986, 'solar_power_w': 788.5401787660217, 'load_power_w': 95.0, 'operating_mode': 'STANDBY', 'fault_active': True, 'active_faults': ['BATTERY_RESISTANCE_SPIKE'], 'dataset': 'ASTRA_SIMULATED_EPS'}"
15540.0,ASTRA-FLAGSHIP-01,EPS,32.70667110292215,-21.19882199781167,18.32047894615432,39.99724806271287,1.0,"{'soh': 0.9999312015678218, 'internal_resistance_ohm': 0.2025167180190193, 'solar_health_factor': 1.0}",ANOMALOUS,"{'is_sunlight': True, 'orbit_fraction': 0.7073170731707317, 'solar_power_w': 788.5973398995087, 'load_power_w': 95.0, 'operating_mode': 'STANDBY', 'fault_active': True, 'active_faults': ['BATTERY_RESISTANCE_SPIKE'], 'dataset': 'ASTRA_SIMULATED_EPS'}"
15550.0,ASTRA-FLAGSHIP-01,EPS,32.77355394745161,-21.219528183249018,18.385733515995298,39.99724806271287,1.0,"{'soh': 0.9999312015678218, 'internal_resistance_ohm': 0.2025167180190193, 'solar_health_factor': 1.0}",ANOMALOUS,"{'is_sunlight': True, 'orbit_fraction': 0.7090592334494773, 'solar_power_w': 788.6575851330953, 'load_power_w': 95.0, 'operating_mode': 'STANDBY', 'fault_active': True, 'active_faults': ['BATTERY_RESISTANCE_SPIKE'], 'dataset': 'ASTRA_SIMULATED_EPS'}"
15560.0,ASTRA-FLAGSHIP-01,EPS,32.6590146102965,-21.146459752465137,18.35294131857433,39.99724806271287,1.0,"{'soh': 0.9999312015678218, 'internal_resistance_ohm': 0.2025167180190193, 'solar_health_factor': 1.0}",ANOMALOUS,"{'is_sunlight': True, 'orbit_fraction': 0.710801393728223, 'solar_power_w': 788.7208968635631, 'load_power_w': 95.0, 'operating_mode': 'STANDBY', 'fault_active': True, 'active_faults': ['BATTERY_RESISTANCE_SPIKE'], 'dataset': 'ASTRA_SIMULATED_EPS'}"
15570.0,ASTRA-FLAGSHIP-01,EPS,32.531889738538844,-21.09922729732729,18.28538309119048,39.99724806271287,1.0,"{'soh': 0.9999312015678218, 'internal_resistance_ohm': 0.2025167180190193, 'solar_health_factor': 1.0}",ANOMALOUS,"{'is_sunlight': True, 'orbit_fraction': 0.7125435540069687, 'solar_power_w': 788.7872565810706, 'load_power_w': 95.0, 'operating_mode': 'STANDBY', 'fault_active': True, 'active_faults': ['BATTERY_RESISTANCE_SPIKE'], 'dataset': 'ASTRA_SIMULATED_EPS'}"
15580.0,ASTRA-FLAGSHIP-01,EPS,32.93435800482473,-21.26117293733091,18.390541890623705,39.99724806271287,1.0,"{'soh': 0.9999312015678218, 'internal_resistance_ohm': 0.2025167180190193, 'solar_health_factor': 1.0}",ANOMALOUS,"{'is_sunlight': True, 'orbit_fraction': 0.7142857142857143, 'solar_power_w': 788.8566448745023, 'load_power_w': 95.0, 'operating_mode': 'STANDBY', 'fault_active': True, 'active_faults': ['BATTERY_RESISTANCE_SPIKE'], 'dataset': 'ASTRA_SIMULATED_EPS'}"
15590.0,ASTRA-FLAGSHIP-01,EPS,32.98077743645318,-21.061311602585313,18.386186862272417,39.99724806271287,1.0,"{'soh': 0.9999312015678218, 'internal_resistance_ohm': 0.2025167180190193, 'solar_health_factor': 1.0}",ANOMALOUS,"{'is_sunlight': True, 'orbit_fraction': 0.7160278745644599, 'solar_power_w': 788.9290414371012, 'load_power_w': 95.0, 'operating_mode': 'STANDBY', 'fault_active': True, 'active_faults': ['BATTERY_RESISTANCE_SPIKE'], 'dataset': 'ASTRA_SIMULATED_EPS'}"
15600.0,ASTRA-FLAGSHIP-01,EPS,32.761491309897096,-21.222907601681143,18.46484310832174,39.99724806271287,1.0,"{'soh': 0.9999312015678218, 'internal_resistance_ohm': 0.2025167180190193, 'solar_health_factor': 1.0}",ANOMALOUS,"{'is_sunlight': True, 'orbit_fraction': 0.7177700348432056, 'solar_power_w': 789.0044250723731, 'load_power_w': 95.0, 'operating_mode': 'STANDBY', 'fault_active': True, 'active_faults': ['BATTERY_RESISTANCE_SPIKE'], 'dataset': 'ASTRA_SIMULATED_EPS'}"
15610.0,ASTRA-FLAGSHIP-01,EPS,32.68470879683336,-21.276346135472412,18.442183043535778,39.99724806271287,1.0,"{'soh': 0.9999312015678218, 'internal_resistance_ohm': 0.2025167180190193, 'solar_health_factor': 1.0}",ANOMALOUS,"{'is_sunlight': True, 'orbit_fraction': 0.7195121951219512, 'solar_power_w': 789.0827737002683, 'load_power_w': 95.0, 'operating_mode': 'STANDBY', 'fault_active': True, 'active_faults': ['BATTERY_RESISTANCE_SPIKE'], 'dataset': 'ASTRA_SIMULATED_EPS'}"
15620.0,ASTRA-FLAGSHIP-01,EPS,32.668859855546806,-21.269195817869097,18.354310611417556,39.99724806271287,1.0,"{'soh': 0.9999312015678218, 'internal_resistance_ohm': 0.2025167180190193, 'solar_health_factor': 1.0}",ANOMALOUS,"{'is_sunlight': True, 'orbit_fraction': 0.7212543554006968, 'solar_power_w': 789.1640643636333, 'load_power_w': 95.0, 'operating_mode': 'STANDBY', 'fault_active': True, 'active_faults': ['BATTERY_RESISTANCE_SPIKE'], 'dataset': 'ASTRA_SIMULATED_EPS'}"
15630.0,ASTRA-FLAGSHIP-01,EPS,32.72022817550169,-21.17564509996587,18.456174768710344,39.99724806271287,1.0,"{'soh': 0.9999312015678218, 'internal_resistance_ohm': 0.2025167180190193, 'solar_health_factor': 1.0}",ANOMALOUS,"{'is_sunlight': True, 'orbit_fraction': 0.7229965156794426, 'solar_power_w': 789.2482732349359, 'load_power_w': 95.0, 'operating_mode': 'STANDBY', 'fault_active': True, 'active_faults': ['BATTERY_RESISTANCE_SPIKE'], 'dataset': 'ASTRA_SIMULATED_EPS'}"
15640.0,ASTRA-FLAGSHIP-01,EPS,32.95543548268446,-21.110728852327895,18.45195918419678,39.99724806271287,1.0,"{'soh': 0.9999312015678218, 'internal_resistance_ohm': 0.2025167180190193, 'solar_health_factor': 1.0}",ANOMALOUS,"{'is_sunlight': True, 'orbit_fraction': 0.7247386759581882, 'solar_power_w': 789.3353756232553, 'load_power_w': 95.0, 'operating_mode': 'STANDBY', 'fault_active': True, 'active_faults': ['BATTERY_RESISTANCE_SPIKE'], 'dataset': 'ASTRA_SIMULATED_EPS'}"
15650.0,ASTRA-FLAGSHIP-01,EPS,32.766920478267856,-21.115320509153737,18.54256729586707,39.99724806271287,1.0,"{'soh': 0.9999312015678218, 'internal_resistance_ohm': 0.2025167180190193, 'solar_health_factor': 1.0}",ANOMALOUS,"{'is_sunlight': True, 'orbit_fraction': 0.7264808362369338, 'solar_power_w': 789.4253459815393, 'load_power_w': 95.0, 'operating_mode': 'STANDBY', 'fault_active': True, 'active_faults': ['BATTERY_RESISTANCE_SPIKE'], 'dataset': 'ASTRA_SIMULATED_EPS'}"
15660.0,ASTRA-FLAGSHIP-01,EPS,32.82013916331832,-21.226720125961574,18.44668498423244,39.99724806271287,1.0,"{'soh': 0.9999312015678218, 'internal_resistance_ohm': 0.2025167180190193, 'solar_health_factor': 1.0}",ANOMALOUS,"{'is_sunlight': True, 'orbit_fraction': 0.7282229965156795, 'solar_power_w': 789.5181579141263, 'load_power_w': 95.0, 'operating_mode': 'STANDBY', 'fault_active': True, 'active_faults': ['BATTERY_RESISTANCE_SPIKE'], 'dataset': 'ASTRA_SIMULATED_EPS'}"
15670.0,ASTRA-FLAGSHIP-01,EPS,32.56241449722818,-21.10374003580803,18.54257033504393,39.99724806271287,1.0,"{'soh': 0.9999312015678218, 'internal_resistance_ohm': 0.2025167180190193, 'solar_health_factor': 1.0}",ANOMALOUS,"{'is_sunlight': True, 'orbit_fraction': 0.7299651567944251, 'solar_power_w': 789.6137841845252, 'load_power_w': 95.0, 'operating_mode': 'STANDBY', 'fault_active': True, 'active_faults': ['BATTERY_RESISTANCE_SPIKE'], 'dataset': 'ASTRA_SIMULATED_EPS'}"
15680.0,ASTRA-FLAGSHIP-01,EPS,32.89410995369488,-21.194890586166615,18.601315022399575,39.99724806271287,1.0,"{'soh': 0.9999312015678218, 'internal_resistance_ohm': 0.2025167180190193, 'solar_health_factor': 1.0}",ANOMALOUS,"{'is_sunlight': True, 'orbit_fraction': 0.7317073170731707, 'solar_power_w': 789.7121967234584, 'load_power_w': 95.0, 'operating_mode': 'STANDBY', 'fault_active': True, 'active_faults': ['BATTERY_RESISTANCE_SPIKE'], 'dataset': 'ASTRA_SIMULATED_EPS'}"
15690.0,ASTRA-FLAGSHIP-01,EPS,32.720029959542245,-21.077749295037915,18.546281891595232,39.99724806271287,1.0,"{'soh': 0.9999312015678218, 'internal_resistance_ohm': 0.2025167180190193, 'solar_health_factor': 1.0}",ANOMALOUS,"{'is_sunlight': True, 'orbit_fraction': 0.7334494773519163, 'solar_power_w': 789.8133666371564, 'load_power_w': 95.0, 'operating_mode': 'STANDBY', 'fault_active': True, 'active_faults': ['BATTERY_RESISTANCE_SPIKE'], 'dataset': 'ASTRA_SIMULATED_EPS'}"
