timestamp,system_id,subsystem,voltage_v,current_a,temperature_c,capacity_ah,state_of_charge,operating_state,hi_soh,hi_internal_resistance_ohm,hi_solar_health_factor,meta_is_sunlight,meta_orbit_fraction,meta_solar_power_w,meta_load_power_w,meta_operating_mode,meta_fault_active,meta_dataset
0.0,ASTRA-SC-01,EPS,32.44846306525166,2.9193462934141996,19.926584071692073,40.0,0.9497970793266495,NOMINAL,1.0,0.045,1.0,False,0.0,0.0,95.0,STANDBY,False,ASTRA_SIMULATED_EPS
10.0,ASTRA-SC-01,EPS,32.604633521305665,2.9175713952877027,19.777003415928522,39.99999837663461,0.9495941513090949,NOMINAL,0.9999999594158653,0.04500000219154328,1.0,False,0.0017421602787456446,0.0,95.0,STANDBY,False,ASTRA_SIMULATED_EPS
20.0,ASTRA-SC-01,EPS,32.60537601169986,2.937319414331878,19.660064541318164,39.99999675321054,0.9493912159462933,NOMINAL,0.9999999188302635,0.045000004383165766,1.0,False,0.003484320557491289,0.0,95.0,STANDBY,False,ASTRA_SIMULATED_EPS
30.0,ASTRA-SC-01,EPS,32.43068361911366,2.913286166046239,19.55539812088122,39.99999512972777,0.9491882732372009,NOMINAL,0.9999998782431943,0.04500000657486751,1.0,False,0.005226480836236934,0.0,95.0,STANDBY,False,ASTRA_SIMULATED_EPS
40.0,ASTRA-SC-01,EPS,32.37612378424525,2.8849563174059374,19.3879013069254,39.99999350618629,0.948985323180773,NOMINAL,0.9999998376546573,0.0450000087666485,1.0,False,0.006968641114982578,0.0,95.0,STANDBY,False,ASTRA_SIMULATED_EPS
50.0,ASTRA-SC-01,EPS,32.241023950294036,2.902721450106047,19.385634678830886,39.9999918825861,0.948782365775964,NOMINAL,0.9999997970646526,0.04500001095850876,1.0,False,0.008710801393728223,0.0,95.0,STANDBY,False,ASTRA_SIMULATED_EPS
60.0,ASTRA-SC-01,EPS,32.18077940161359,2.8949915888708655,19.339287964937075,39.9999902589272,0.9485794010217273,NOMINAL,0.99999975647318,0.04500001315044828,1.0,False,0.010452961672473868,0.0,95.0,STANDBY,False,ASTRA_SIMULATED_EPS
70.0,ASTRA-SC-01,EPS,32.2872660990937,2.9241219747791467,19.09115484320473,39.99998863520956,0.9483764289170156,NOMINAL,0.999999715880239,0.045000015342467094,1.0,False,0.012195121951219513,0.0,95.0,STANDBY,False,ASTRA_SIMULATED_EPS
80.0,ASTRA-SC-01,EPS,32.23246113504576,2.925078913598872,19.001528362319522,39.999987011433184,0.9481734494607805,NOMINAL,0.9999996752858296,0.04500001753456521,1.0,False,0.013937282229965157,0.0,95.0,STANDBY,False,ASTRA_SIMULATED_EPS
90.0,ASTRA-SC-01,EPS,32.37820898739842,2.9112274241566425,18.941474055308053,39.99998538759806,0.9479704626519729,NOMINAL,0.9999996346899515,0.04500001972674262,1.0,False,0.0156794425087108,0.0,95.0,STANDBY,False,ASTRA_SIMULATED_EPS
100.0,ASTRA-SC-01,EPS,32.21766407464118,2.9594482518389507,18.852655715535633,39.99998376370418,0.9477674684895426,NOMINAL,0.9999995940926045,0.04500002191899936,1.0,False,0.017421602787456445,0.0,95.0,STANDBY,False,ASTRA_SIMULATED_EPS
110.0,ASTRA-SC-01,EPS,32.14164124187974,2.9393556665364917,18.689847965567854,39.999982139751545,0.9475644669724387,NOMINAL,0.9999995534937886,0.04500002411133542,1.0,False,0.01916376306620209,0.0,95.0,STANDBY,False,ASTRA_SIMULATED_EPS
120.0,ASTRA-SC-01,EPS,32.34412611115273,2.8848842176539296,18.582325130760026,39.99998051574013,0.947361458099609,NOMINAL,0.9999995128935032,0.04500002630375083,1.0,False,0.020905923344947737,0.0,95.0,STANDBY,False,ASTRA_SIMULATED_EPS
130.0,ASTRA-SC-01,EPS,32.340215239456185,2.937918781294041,18.555429164608537,39.99997889166994,0.947158441870001,NOMINAL,0.9999994722917485,0.045000028496245584,1.0,False,0.02264808362369338,0.0,95.0,STANDBY,False,ASTRA_SIMULATED_EPS
140.0,ASTRA-SC-01,EPS,32.28790544734334,2.917631038702761,18.37134062414374,39.99997726754096,0.9469554182825608,NOMINAL,0.999999431688524,0.045000030688819706,1.0,False,0.024390243902439025,0.0,95.0,STANDBY,False,ASTRA_SIMULATED_EPS
150.0,ASTRA-SC-01,EPS,32.18860331575239,2.9146069344560823,18.396806354393437,39.99997564335318,0.9467523873362339,NOMINAL,0.9999993910838295,0.0450000328814732,1.0,False,0.02613240418118467,0.0,95.0,STANDBY,False,ASTRA_SIMULATED_EPS
160.0,ASTRA-SC-01,EPS,32.3587604122203,2.889161069732185,18.259113627973935,39.9999740191066,0.9465493490299647,NOMINAL,0.999999350477665,0.045000035074206086,1.0,False,0.027874564459930314,0.0,95.0,STANDBY,False,ASTRA_SIMULATED_EPS
170.0,ASTRA-SC-01,EPS,32.23952927760966,2.910574869939278,18.17272641437249,39.999972394801205,0.9463463033626968,NOMINAL,0.9999993098700302,0.04500003726701837,1.0,False,0.029616724738675958,0.0,95.0,STANDBY,False,ASTRA_SIMULATED_EPS
180.0,ASTRA-SC-01,EPS,32.46675801341558,2.942233022209733,17.999687361319662,39.99997077043699,0.9461432503333728,NOMINAL,0.9999992692609248,0.04500003945991007,1.0,False,0.0313588850174216,0.0,95.0,STANDBY,False,ASTRA_SIMULATED_EPS
190.0,ASTRA-SC-01,EPS,32.24889360116831,2.930566895784144,17.990202221363244,39.99996914601394,0.9459401899409344,NOMINAL,0.9999992286503485,0.045000041652881184,1.0,False,0.033101045296167246,0.0,95.0,STANDBY,False,ASTRA_SIMULATED_EPS
200.0,ASTRA-SC-01,EPS,32.220071210991016,2.9205305308756273,17.78615477367609,39.99996752153206,0.9457371221843227,NOMINAL,0.9999991880383013,0.045000043845931724,1.0,False,0.03484320557491289,0.0,95.0,STANDBY,False,ASTRA_SIMULATED_EPS
210.0,ASTRA-SC-01,EPS,32.10294488148041,2.940222152572626,17.809598748551274,39.99996589699132,0.9455340470624775,NOMINAL,0.999999147424783,0.04500004603906172,1.0,False,0.036585365853658534,0.0,95.0,STANDBY,False,ASTRA_SIMULATED_EPS
220.0,ASTRA-SC-01,EPS,32.28316715696053,2.9440764655249714,17.66045135935703,39.99996427239173,0.9453309645743377,NOMINAL,0.9999991068097932,0.04500004823227117,1.0,False,0.03832752613240418,0.0,95.0,STANDBY,False,ASTRA_SIMULATED_EPS
230.0,ASTRA-SC-01,EPS,32.18933845392361,2.9315826575782222,17.620120770110923,39.99996264773328,0.9451278747188416,NOMINAL,0.9999990661933319,0.04500005042556007,1.0,False,0.04006968641114982,0.0,95.0,STANDBY,False,ASTRA_SIMULATED_EPS
240.0,ASTRA-SC-01,EPS,32.2864484652617,2.9553001549310443,17.31334668558253,39.99996102301595,0.9449247774949264,NOMINAL,0.9999990255753988,0.04500005261892846,1.0,False,0.041811846689895474,0.0,95.0,STANDBY,False,ASTRA_SIMULATED_EPS
250.0,ASTRA-SC-01,EPS,32.42367750692064,2.926411345752141,17.330763276812412,39.99995939823974,0.9447216729015284,NOMINAL,0.9999989849559935,0.045000054812376344,1.0,False,0.04355400696864112,0.0,95.0,STANDBY,False,ASTRA_SIMULATED_EPS
260.0,ASTRA-SC-01,EPS,32.304549189135294,2.8858050494520087,17.23637358598555,39.999957773404645,0.944518560937583,NOMINAL,0.999998944335116,0.045000057005903725,1.0,False,0.04529616724738676,0.0,95.0,STANDBY,False,ASTRA_SIMULATED_EPS
270.0,ASTRA-SC-01,EPS,32.34615539151602,2.9539182696788067,17.123350198110735,39.99995614851065,0.9443154416020246,NOMINAL,0.9999989037127662,0.045000059199510625,1.0,False,0.047038327526132406,0.0,95.0,STANDBY,False,ASTRA_SIMULATED_EPS
280.0,ASTRA-SC-01,EPS,32.15675824337269,2.9151742377796612,17.097202523039638,39.99995452355775,0.944112314893787,NOMINAL,0.9999988630889436,0.045000061393197045,1.0,False,0.04878048780487805,0.0,95.0,STANDBY,False,ASTRA_SIMULATED_EPS
290.0,ASTRA-SC-01,EPS,32.33913223366212,2.914730454839506,16.97952588561185,39.99995289854593,0.9439091808118026,NOMINAL,0.9999988224636481,0.045000063586963006,1.0,False,0.050522648083623695,0.0,95.0,STANDBY,False,ASTRA_SIMULATED_EPS
300.0,ASTRA-SC-01,EPS,32.30052154393138,2.9442442029110145,16.821450572565563,39.99995127347518,0.9437060393550034,NOMINAL,0.9999987818368796,0.0450000657808085,1.0,False,0.05226480836236934,0.0,95.0,STANDBY,False,ASTRA_SIMULATED_EPS
310.0,ASTRA-SC-01,EPS,32.230753936538804,2.9176437201171153,16.686328053110888,39.999949648345506,0.9435028905223202,NOMINAL,0.9999987412086377,0.04500006797473356,1.0,False,0.05400696864111498,0.0,95.0,STANDBY,False,ASTRA_SIMULATED_EPS
320.0,ASTRA-SC-01,EPS,32.33023952120411,2.9305694087575107,16.662969163157324,39.9999480231569,0.9432997343126828,NOMINAL,0.9999987005789224,0.045000070168738186,1.0,False,0.05574912891986063,0.0,95.0,STANDBY,False,ASTRA_SIMULATED_EPS
330.0,ASTRA-SC-01,EPS,32.243378889871344,2.8977711865314646,16.54514929824198,39.999946397909326,0.9430965707250204,NOMINAL,0.9999986599477332,0.0450000723628224,1.0,False,0.05749128919860627,0.0,95.0,STANDBY,False,ASTRA_SIMULATED_EPS
340.0,ASTRA-SC-01,EPS,32.22473165232878,2.9099105514904147,16.461843014225586,39.99994477260281,0.942893399758261,NOMINAL,0.9999986193150702,0.045000074556986215,1.0,False,0.059233449477351915,0.0,95.0,STANDBY,False,ASTRA_SIMULATED_EPS
350.0,ASTRA-SC-01,EPS,32.34406253543736,2.962787641222392,16.38261887243307,39.99994314723732,0.942690221411332,NOMINAL,0.9999985786809329,0.04500007675122962,1.0,False,0.06097560975609756,0.0,95.0,STANDBY,False,ASTRA_SIMULATED_EPS
360.0,ASTRA-SC-01,EPS,32.31922352346553,2.924408883174773,16.182190341669415,39.99994152181285,0.9424870356831594,NOMINAL,0.9999985380453212,0.045000078945552656,1.0,False,0.0627177700348432,0.0,95.0,STANDBY,False,ASTRA_SIMULATED_EPS
370.0,ASTRA-SC-01,EPS,32.27218723973496,2.9271587064228073,16.30578546546842,39.9999398963294,0.9422838425726687,NOMINAL,0.999998497408235,0.0450000811399553,1.0,False,0.06445993031358885,0.0,95.0,STANDBY,False,ASTRA_SIMULATED_EPS
380.0,ASTRA-SC-01,EPS,32.24423288572781,2.9320020951703167,16.085637068882757,39.99993827078696,0.9420806420787845,NOMINAL,0.999998456769674,0.0450000833344376,1.0,False,0.06620209059233449,0.0,95.0,STANDBY,False,ASTRA_SIMULATED_EPS
390.0,ASTRA-SC-01,EPS,32.08549549033338,2.948623504342437,16.029972754604618,39.999936645185514,0.9418774342004301,NOMINAL,0.9999984161296379,0.04500008552899955,1.0,False,0.06794425087108014,0.0,95.0,STANDBY,False,ASTRA_SIMULATED_EPS
400.0,ASTRA-SC-01,EPS,32.40054088881342,2.908442429081527,15.96777272426756,39.99993501952507,0.9416742189365284,NOMINAL,0.9999983754881266,0.04500008772364116,1.0,False,0.06968641114982578,0.0,95.0,STANDBY,False,ASTRA_SIMULATED_EPS
410.0,ASTRA-SC-01,EPS,32.04550720806225,2.9379224769406633,15.912665471665186,39.9999333938056,0.9414709962860008,NOMINAL,0.9999983348451399,0.04500008991836244,1.0,False,0.07142857142857142,0.0,95.0,STANDBY,False,ASTRA_SIMULATED_EPS
420.0,ASTRA-SC-01,EPS,32.110694096777095,2.9153896969251942,15.71388703528218,39.999931768027096,0.9412677662477684,NOMINAL,0.9999982942006774,0.045000092113163415,1.0,False,0.07317073170731707,0.0,95.0,STANDBY,False,ASTRA_SIMULATED_EPS
430.0,ASTRA-SC-01,EPS,32.18809779464444,2.8961695554398172,15.618345809573187,39.99993014218957,0.941064528820751,NOMINAL,0.9999982535547391,0.04500009430804408,1.0,False,0.07491289198606271,0.0,95.0,STANDBY,False,ASTRA_SIMULATED_EPS
440.0,ASTRA-SC-01,EPS,32.096751529831174,2.936018457453722,15.475210385055153,39.99992851629299,0.9408612840038675,NOMINAL,0.9999982129073247,0.04500009650300447,1.0,False,0.07665505226480836,0.0,95.0,STANDBY,False,ASTRA_SIMULATED_EPS
450.0,ASTRA-SC-01,EPS,32.51701538176132,2.9114479445814103,15.411592526628718,39.99992689033736,0.9406580317960359,NOMINAL,0.999998172258434,0.04500009869804457,1.0,False,0.078397212543554,0.0,95.0,STANDBY,False,ASTRA_SIMULATED_EPS
460.0,ASTRA-SC-01,EPS,32.39701366218998,2.9027651622571873,15.345832004663535,39.99992526432267,0.9404547721961735,NOMINAL,0.9999981316080667,0.04500010089316439,1.0,False,0.08013937282229965,0.0,95.0,STANDBY,False,ASTRA_SIMULATED_EPS
470.0,ASTRA-SC-01,EPS,32.475454867487244,2.895475863352046,15.250702838604953,39.99992363824891,0.9402515052031963,NOMINAL,0.9999980909562227,0.045000103088363975,1.0,False,0.08188153310104529,0.0,95.0,STANDBY,False,ASTRA_SIMULATED_EPS
480.0,ASTRA-SC-01,EPS,32.305319290809315,2.942497129023268,15.086883814795815,39.999922012116066,0.9400482308160198,NOMINAL,0.9999980503029017,0.0450001052836433,1.0,False,0.08362369337979095,0.0,95.0,STANDBY,False,ASTRA_SIMULATED_EPS
490.0,ASTRA-SC-01,EPS,32.04920458419521,2.937500821046174,15.071088192393239,39.99992038592414,0.9398449490335583,NOMINAL,0.9999980096481035,0.045000107479002405,1.0,False,0.08536585365853659,0.0,95.0,STANDBY,False,ASTRA_SIMULATED_EPS
500.0,ASTRA-SC-01,EPS,32.301427649050055,2.934161360829982,14.929992073663978,39.999918759673115,0.9396416598547251,NOMINAL,0.9999979689918279,0.045000109674441284,1.0,False,0.08710801393728224,0.0,95.0,STANDBY,False,ASTRA_SIMULATED_EPS
510.0,ASTRA-SC-01,EPS,32.29729725369249,2.9332197927359775,14.836276173375188,39.99991713336299,0.939438363278433,NOMINAL,0.9999979283340747,0.04500011186995996,1.0,False,0.08885017421602788,0.0,95.0,STANDBY,False,ASTRA_SIMULATED_EPS
520.0,ASTRA-SC-01,EPS,32.5595847736579,2.9368761160173227,14.720674430338075,39.99991550699375,0.9392350593035934,NOMINAL,0.9999978876748438,0.045000114065558434,1.0,False,0.09059233449477352,0.0,95.0,STANDBY,False,ASTRA_SIMULATED_EPS
530.0,ASTRA-SC-01,EPS,32.36335472337132,2.908536312920892,14.728084467481493,39.99991388056539,0.939031747929117,NOMINAL,0.9999978470141346,0.045000116261236726,1.0,False,0.09233449477351917,0.0,95.0,STANDBY,False,ASTRA_SIMULATED_EPS
540.0,ASTRA-SC-01,EPS,32.44313380514993,2.9116666262350464,14.64563379369852,39.99991225407789,0.9388284291539137,NOMINAL,0.9999978063519473,0.04500011845699484,1.0,False,0.09407665505226481,0.0,95.0,STANDBY,False,ASTRA_SIMULATED_EPS
550.0,ASTRA-SC-01,EPS,32.321658258344456,2.9440352183574157,14.601282852682981,39.99991062753126,0.9386251029768923,NOMINAL,0.9999977656882815,0.045000120652832806,1.0,False,0.09581881533101046,0.0,95.0,STANDBY,False,ASTRA_SIMULATED_EPS
560.0,ASTRA-SC-01,EPS,32.2143260711544,2.9131935233284194,14.371188515110894,39.99990900092548,0.9384217693969606,NOMINAL,0.9999977250231369,0.0450001228487506,1.0,False,0.0975609756097561,0.0,95.0,STANDBY,False,ASTRA_SIMULATED_EPS
570.0,ASTRA-SC-01,EPS,32.12115200784662,2.926589070772739,14.342185037266642,39.99990737426054,0.9382184284130258,NOMINAL,0.9999976843565135,0.045000125044748276,1.0,False,0.09930313588850175,0.0,95.0,STANDBY,False,ASTRA_SIMULATED_EPS
580.0,ASTRA-SC-01,EPS,32.29614370499011,2.9444566494187687,14.235482257898393,39.99990574753643,0.9380150800239938,NOMINAL,0.9999976436884108,0.04500012724082581,1.0,False,0.10104529616724739,0.0,95.0,STANDBY,False,ASTRA_SIMULATED_EPS
590.0,ASTRA-SC-01,EPS,32.48472267959777,2.9231181531547565,14.28078622498449,39.99990412075316,0.9378117242287698,NOMINAL,0.9999976030188289,0.04500012943698324,1.0,False,0.10278745644599303,0.0,95.0,STANDBY,False,ASTRA_SIMULATED_EPS
600.0,ASTRA-SC-01,EPS,32.350036631500984,2.911586590474302,14.00141898116062,39.99990249391069,0.937608361026258,NOMINAL,0.9999975623477673,0.045000131633220565,1.0,False,0.10452961672473868,0.0,95.0,STANDBY,False,ASTRA_SIMULATED_EPS
610.0,ASTRA-SC-01,EPS,32.32575668913807,2.924140138274907,14.001089065468785,39.99990086700904,0.9374049904153617,NOMINAL,0.9999975216752259,0.0450001338295378,1.0,False,0.10627177700348432,0.0,95.0,STANDBY,False,ASTRA_SIMULATED_EPS
620.0,ASTRA-SC-01,EPS,32.32307727956945,2.9272055247151623,13.833713745823315,39.99989924004818,0.9372016123949835,NOMINAL,0.9999974810012046,0.04500013602593495,1.0,False,0.10801393728222997,0.0,95.0,STANDBY,False,ASTRA_SIMULATED_EPS
630.0,ASTRA-SC-01,EPS,32.00135198178341,2.91997149734972,13.829776081364594,39.99989761302812,0.9369982269640246,NOMINAL,0.9999974403257029,0.045000138222412035,1.0,False,0.10975609756097561,0.0,95.0,STANDBY,False,ASTRA_SIMULATED_EPS
640.0,ASTRA-SC-01,EPS,32.27891654842456,2.904377718190132,13.706755581237006,39.99989598594884,0.9367948341213855,NOMINAL,0.9999973996487209,0.04500014041896907,1.0,False,0.11149825783972125,0.0,95.0,STANDBY,False,ASTRA_SIMULATED_EPS
650.0,ASTRA-SC-01,EPS,32.30533144174704,2.9115927579301193,13.617160233037469,39.99989435881032,0.936591433865966,NOMINAL,0.9999973589702581,0.045000142615606066,1.0,False,0.1132404181184669,0.0,95.0,STANDBY,False,ASTRA_SIMULATED_EPS
660.0,ASTRA-SC-01,EPS,32.251408004863336,2.9066085738706753,13.538977205881292,39.999892731612576,0.9363880261966645,NOMINAL,0.9999973182903145,0.04500014481232301,1.0,False,0.11498257839721254,0.0,95.0,STANDBY,False,ASTRA_SIMULATED_EPS
670.0,ASTRA-SC-01,EPS,32.33123697186485,2.9504466974927843,13.48562758744151,39.99989110435559,0.9361846111123789,NOMINAL,0.9999972776088898,0.04500014700911996,1.0,False,0.11672473867595819,0.0,95.0,STANDBY,False,ASTRA_SIMULATED_EPS
680.0,ASTRA-SC-01,EPS,32.017570187192916,2.9108510448481093,13.370774053242203,39.999889477039346,0.9359811886120061,NOMINAL,0.9999972369259836,0.04500014920599689,1.0,False,0.11846689895470383,0.0,95.0,STANDBY,False,ASTRA_SIMULATED_EPS
690.0,ASTRA-SC-01,EPS,32.32127821863527,2.9395016967048075,13.449978200420187,39.99988784966384,0.9357777586944418,NOMINAL,0.999997196241596,0.04500015140295381,1.0,False,0.12020905923344948,0.0,95.0,STANDBY,False,ASTRA_SIMULATED_EPS
700.0,ASTRA-SC-01,EPS,32.32929136763412,2.9518002687859273,13.217594955606923,39.999886222229065,0.935574321358581,NOMINAL,0.9999971555557265,0.045000153599990766,1.0,False,0.12195121951219512,0.0,95.0,STANDBY,False,ASTRA_SIMULATED_EPS
710.0,ASTRA-SC-01,EPS,32.34107475430656,2.923401619646177,13.12062985178874,39.999884594735,0.9353708766033177,NOMINAL,0.9999971148683751,0.04500015579710774,1.0,False,0.12369337979094076,0.0,95.0,STANDBY,False,ASTRA_SIMULATED_EPS
720.0,ASTRA-SC-01,EPS,32.11033508977518,2.925049625654871,12.971432396406417,39.999882967181655,0.9351674244275451,NOMINAL,0.9999970741795414,0.045000157994304756,1.0,False,0.1254355400696864,0.0,95.0,STANDBY,False,ASTRA_SIMULATED_EPS
730.0,ASTRA-SC-01,EPS,32.24690177741006,2.9752903473277272,12.81558853648104,39.999881339569015,0.9349639648301552,NOMINAL,0.9999970334892253,0.04500016019158183,1.0,False,0.12717770034843207,0.0,95.0,STANDBY,False,ASTRA_SIMULATED_EPS
740.0,ASTRA-SC-01,EPS,32.343117075685534,2.8982270870136633,12.798837845646839,39.999879711897066,0.9347604978100393,NOMINAL,0.9999969927974266,0.04500016238893896,1.0,False,0.1289198606271777,0.0,95.0,STANDBY,False,ASTRA_SIMULATED_EPS
750.0,ASTRA-SC-01,EPS,32.40682050517615,2.931286172257318,12.682260646264554,39.9998780841658,0.9345570233660878,NOMINAL,0.999996952104145,0.04500016458637618,1.0,False,0.13066202090592335,0.0,95.0,STANDBY,False,ASTRA_SIMULATED_EPS
760.0,ASTRA-SC-01,EPS,32.114868369806395,2.9434843991664086,12.613573187732332,39.999876456375205,0.93435354149719,NOMINAL,0.9999969114093802,0.04500016678389347,1.0,False,0.13240418118466898,0.0,95.0,STANDBY,False,ASTRA_SIMULATED_EPS
770.0,ASTRA-SC-01,EPS,32.26383232100704,2.9311322183665967,12.531684710203605,39.99987482852528,0.9341500522022342,NOMINAL,0.999996870713132,0.04500016898149087,1.0,False,0.13414634146341464,0.0,95.0,STANDBY,False,ASTRA_SIMULATED_EPS
780.0,ASTRA-SC-01,EPS,32.573234754628764,2.9428011070181213,12.37740976843935,39.999873200616015,0.9339465554801081,NOMINAL,0.9999968300154004,0.04500017117916838,1.0,False,0.13588850174216027,0.0,95.0,STANDBY,False,ASTRA_SIMULATED_EPS
790.0,ASTRA-SC-01,EPS,32.25661697908836,2.917444762890612,12.43591908607053,39.9998715726474,0.933743051329698,NOMINAL,0.9999967893161851,0.045000173376926,1.0,False,0.13763066202090593,0.0,95.0,STANDBY,False,ASTRA_SIMULATED_EPS
800.0,ASTRA-SC-01,EPS,32.09768745128667,2.9283023300967437,12.333405047284828,39.99986994461943,0.9335395397498898,NOMINAL,0.9999967486154856,0.045000175574763775,1.0,False,0.13937282229965156,0.0,95.0,STANDBY,False,ASTRA_SIMULATED_EPS
810.0,ASTRA-SC-01,EPS,32.36368591876181,2.907074290614775,12.20651602069631,39.99986831653208,0.933336020739568,NOMINAL,0.999996707913302,0.04500017777268169,1.0,False,0.14111498257839722,0.0,95.0,STANDBY,False,ASTRA_SIMULATED_EPS
820.0,ASTRA-SC-01,EPS,32.146484403961665,2.917930558431442,12.226825723123289,39.99986668838536,0.9331324942976165,NOMINAL,0.999996667209634,0.04500017997067977,1.0,False,0.14285714285714285,0.0,95.0,STANDBY,False,ASTRA_SIMULATED_EPS
830.0,ASTRA-SC-01,EPS,32.2870619987353,2.90609600391579,12.099983962487608,39.999865060179246,0.932928960422918,NOMINAL,0.9999966265044812,0.045000182168758014,1.0,False,0.1445993031358885,0.0,95.0,STANDBY,False,ASTRA_SIMULATED_EPS
840.0,ASTRA-SC-01,EPS,32.56251222174384,2.9512778627219998,11.893885543815186,39.999863431913745,0.9327254191143545,NOMINAL,0.9999965857978436,0.04500018436691644,1.0,False,0.14634146341463414,0.0,95.0,STANDBY,False,ASTRA_SIMULATED_EPS
850.0,ASTRA-SC-01,EPS,32.14142782143687,2.955993500417046,11.850458467916805,39.999861803588836,0.9325218703708068,NOMINAL,0.9999965450897209,0.04500018656515507,1.0,False,0.1480836236933798,0.0,95.0,STANDBY,False,ASTRA_SIMULATED_EPS
860.0,ASTRA-SC-01,EPS,32.289742245465014,2.946424942668763,11.75570743956749,39.99986017520451,0.9323183141911551,NOMINAL,0.9999965043801128,0.04500018876347391,1.0,False,0.14982578397212543,0.0,95.0,STANDBY,False,ASTRA_SIMULATED_EPS
870.0,ASTRA-SC-01,EPS,32.2074683336501,2.8675936528009274,11.667270128247255,39.99985854676077,0.9321147505742783,NOMINAL,0.9999964636690192,0.045000190961872966,1.0,False,0.15156794425087108,0.0,95.0,STANDBY,False,ASTRA_SIMULATED_EPS
880.0,ASTRA-SC-01,EPS,32.17518355594232,2.906884956091248,11.716768551846075,39.99985691825759,0.9319111795190547,NOMINAL,0.9999964229564398,0.04500019316035225,1.0,False,0.15331010452961671,0.0,95.0,STANDBY,False,ASTRA_SIMULATED_EPS
890.0,ASTRA-SC-01,EPS,31.984319332720133,2.9228695001365326,11.558565826555899,39.99985528969498,0.9317076010243613,NOMINAL,0.9999963822423744,0.04500019535891179,1.0,False,0.15505226480836237,0.0,95.0,STANDBY,False,ASTRA_SIMULATED_EPS
900.0,ASTRA-SC-01,EPS,32.445629123572,2.903400372649558,11.527289538171997,39.999853661072905,0.9315040150890745,NOMINAL,0.9999963415268227,0.045000197557551566,1.0,False,0.156794425087108,0.0,95.0,STANDBY,False,ASTRA_SIMULATED_EPS
910.0,ASTRA-SC-01,EPS,32.213944877052135,2.9124386301772565,11.409560227685695,39.99985203239139,0.9313004217120696,NOMINAL,0.9999963008097846,0.04500019975627163,1.0,False,0.15853658536585366,0.0,95.0,STANDBY,False,ASTRA_SIMULATED_EPS
920.0,ASTRA-SC-01,EPS,32.24316608931073,2.9200410548067564,11.307489422447887,39.99985040365039,0.931096820892221,NOMINAL,0.9999962600912599,0.04500020195507196,1.0,False,0.1602787456445993,0.0,95.0,STANDBY,False,ASTRA_SIMULATED_EPS
930.0,ASTRA-SC-01,EPS,32.147861436294136,2.9341796357885777,11.254870088822459,39.99984877484992,0.9308932126284021,NOMINAL,0.9999962193712482,0.04500020415395259,1.0,False,0.16202090592334495,0.0,95.0,STANDBY,False,ASTRA_SIMULATED_EPS
940.0,ASTRA-SC-01,EPS,32.464143442137996,2.9077192108184082,11.24639884682245,39.999847145989975,0.9306895969194854,NOMINAL,0.9999961786497494,0.04500020635291353,1.0,False,0.16376306620209058,0.0,95.0,STANDBY,False,ASTRA_SIMULATED_EPS
950.0,ASTRA-SC-01,EPS,31.893175277302976,2.9291778917928504,11.087365462489602,39.999845517070526,0.9304859737643424,NOMINAL,0.9999961379267632,0.04500020855195479,1.0,False,0.16550522648083624,0.0,95.0,STANDBY,False,ASTRA_SIMULATED_EPS
960.0,ASTRA-SC-01,EPS,32.25159288448224,2.9200261210694958,10.96596413135313,39.999843888091576,0.9302823431618438,NOMINAL,0.9999960972022894,0.04500021075107637,1.0,False,0.1672473867595819,0.0,95.0,STANDBY,False,ASTRA_SIMULATED_EPS
970.0,ASTRA-SC-01,EPS,32.12576765484799,2.920788350018789,10.937488626160835,39.99984225905312,0.9300787051108592,NOMINAL,0.9999960564763279,0.04500021295027829,1.0,False,0.16898954703832753,0.0,95.0,STANDBY,False,ASTRA_SIMULATED_EPS
980.0,ASTRA-SC-01,EPS,32.261449209551685,2.918859247031421,10.85884384790845,39.99984062995513,0.9298750596102574,NOMINAL,0.9999960157488783,0.04500021514956057,1.0,False,0.17073170731707318,0.0,95.0,STANDBY,False,ASTRA_SIMULATED_EPS
990.0,ASTRA-SC-01,EPS,32.252251163550795,2.9485739658199352,10.764417105650852,39.99983900079762,0.9296714066589061,NOMINAL,0.9999959750199405,0.045000217348923205,1.0,False,0.17247386759581881,0.0,95.0,STANDBY,False,ASTRA_SIMULATED_EPS
1000.0,ASTRA-SC-01,EPS,32.06810587817168,2.9216827690653435,10.689588052565744,39.99983737158057,0.9294677462556722,NOMINAL,0.9999959342895142,0.045000219548366235,1.0,False,0.17421602787456447,0.0,95.0,STANDBY,False,ASTRA_SIMULATED_EPS
1010.0,ASTRA-SC-01,EPS,32.29866027766691,2.9323940770898567,10.577592773852476,39.999835742303965,0.9292640783994215,NOMINAL,0.9999958935575991,0.045000221747889646,1.0,False,0.1759581881533101,0.0,95.0,STANDBY,False,ASTRA_SIMULATED_EPS
1020.0,ASTRA-SC-01,EPS,32.40489715730801,2.9212793144656204,10.518799055566319,39.999834112967804,0.929060403089019,NOMINAL,0.9999958528241951,0.04500022394749346,1.0,False,0.17770034843205576,0.0,95.0,STANDBY,False,ASTRA_SIMULATED_EPS
1030.0,ASTRA-SC-01,EPS,32.16545588859849,2.928738820532362,10.466314987723223,39.99983248357208,0.9288567203233288,NOMINAL,0.999995812089302,0.04500022614717769,1.0,False,0.1794425087108014,0.0,95.0,STANDBY,False,ASTRA_SIMULATED_EPS
1040.0,ASTRA-SC-01,EPS,32.32969434439776,2.9491249779827973,10.396795649771919,39.99983085411678,0.9286530301012138,NOMINAL,0.9999957713529195,0.045000228346942346,1.0,False,0.18118466898954705,0.0,95.0,STANDBY,False,ASTRA_SIMULATED_EPS
1050.0,ASTRA-SC-01,EPS,32.199005083078966,2.9466454674827927,10.236366971951192,39.999829224601896,0.9284493324215363,NOMINAL,0.9999957306150473,0.04500023054678745,1.0,False,0.18292682926829268,0.0,95.0,STANDBY,False,ASTRA_SIMULATED_EPS
1060.0,ASTRA-SC-01,EPS,32.24661405618116,2.930781864252282,10.17730117639446,39.99982759502741,0.9282456272831572,NOMINAL,0.9999956898756853,0.04500023274671299,1.0,False,0.18466898954703834,0.0,95.0,STANDBY,False,ASTRA_SIMULATED_EPS
1070.0,ASTRA-SC-01,EPS,32.289040742240665,2.917356506062302,10.19785371172623,39.99982596539333,0.9280419146849369,NOMINAL,0.9999956491348332,0.04500023494671901,1.0,False,0.18641114982578397,0.0,95.0,STANDBY,False,ASTRA_SIMULATED_EPS
1080.0,ASTRA-SC-01,EPS,32.030119955044164,2.9096755751000662,10.072134197793988,39.99982433569963,0.9278381946257347,NOMINAL,0.9999956083924908,0.04500023714680549,1.0,False,0.18815331010452963,0.0,95.0,STANDBY,False,ASTRA_SIMULATED_EPS
1090.0,ASTRA-SC-01,EPS,32.318278346733926,2.945938690116932,9.96685100859267,39.999822705946315,0.9276344671044088,NOMINAL,0.9999955676486579,0.04500023934697247,1.0,False,0.18989547038327526,0.0,95.0,STANDBY,False,ASTRA_SIMULATED_EPS
1100.0,ASTRA-SC-01,EPS,32.13470274633971,3.9921365186624747,9.861443073571857,39.99982107613337,0.9273556718623353,NOMINAL,0.9999955269033343,0.045000241547219946,1.0,False,0.1916376306620209,0.0,130.0,STANDBY,False,ASTRA_SIMULATED_EPS
1110.0,ASTRA-SC-01,EPS,32.023036793018534,4.039284906854925,9.772772465208623,39.99981884578141,0.9270768626422853,NOMINAL,0.9999954711445352,0.045000244558195096,1.0,False,0.19337979094076654,0.0,130.0,STANDBY,False,ASTRA_SIMULATED_EPS
1120.0,ASTRA-SC-01,EPS,31.99496243684793,4.006976879015118,9.723490510821586,39.999816615317755,0.9267980394413252,NOMINAL,0.9999954153829438,0.045000247569321035,1.0,False,0.1951219512195122,0.0,130.0,STANDBY,False,ASTRA_SIMULATED_EPS
1130.0,ASTRA-SC-01,EPS,32.03323893577729,3.994618678860716,9.637986408580987,39.99981438474237,0.926519202256518,NOMINAL,0.9999953596185592,0.0450002505805978,1.0,False,0.19686411149825783,0.0,130.0,STANDBY,False,ASTRA_SIMULATED_EPS
1140.0,ASTRA-SC-01,EPS,32.15973056883538,4.0027253034187416,9.525441859947378,39.99981215405524,0.9262403510849232,NOMINAL,0.999995303851381,0.04500025359202542,1.0,False,0.1986062717770035,0.0,130.0,STANDBY,False,ASTRA_SIMULATED_EPS
1150.0,ASTRA-SC-01,EPS,32.15457608981269,3.979323897773492,9.40204075738608,39.99980992325635,0.9259614859235973,NOMINAL,0.9999952480814087,0.04500025660360393,1.0,False,0.20034843205574912,0.0,130.0,STANDBY,False,ASTRA_SIMULATED_EPS
1160.0,ASTRA-SC-01,EPS,31.99913414529888,4.010487426291351,9.41160343478586,39.999807692345655,0.9256826067695932,NOMINAL,0.9999951923086414,0.04500025961533336,1.0,False,0.20209059233449478,0.0,130.0,STANDBY,False,ASTRA_SIMULATED_EPS
1170.0,ASTRA-SC-01,EPS,32.34877712078096,4.03755210542555,9.311925280427149,39.99980546132315,0.9254037136199607,NOMINAL,0.9999951365330788,0.045000262627213745,1.0,False,0.2038327526132404,0.0,130.0,STANDBY,False,ASTRA_SIMULATED_EPS
1180.0,ASTRA-SC-01,EPS,32.106414781707905,3.9910985218834467,9.243077374014494,39.9998032301888,0.9251248064717459,NOMINAL,0.9999950807547201,0.045000265639245106,1.0,False,0.20557491289198607,0.0,130.0,STANDBY,False,ASTRA_SIMULATED_EPS
1190.0,ASTRA-SC-01,EPS,32.060843940751475,4.0245390732967845,9.126936076311711,39.9998009989426,0.9248458853219919,NOMINAL,0.9999950249735648,0.04500026865142749,1.0,False,0.2073170731707317,0.0,130.0,STANDBY,False,ASTRA_SIMULATED_EPS
1200.0,ASTRA-SC-01,EPS,32.188385577176895,4.055092056961478,9.08736546818274,39.9997987675845,0.924566950167738,NOMINAL,0.9999949691896125,0.04500027166376092,1.0,False,0.20905923344947736,0.0,130.0,STANDBY,False,ASTRA_SIMULATED_EPS
1210.0,ASTRA-SC-01,EPS,32.16742739503559,4.034159232324293,8.997457389511734,39.99979653611449,0.9242880010060208,NOMINAL,0.9999949134028623,0.045000274676245434,1.0,False,0.21080139372822299,0.0,130.0,STANDBY,False,ASTRA_SIMULATED_EPS
1220.0,ASTRA-SC-01,EPS,32.136922453015146,4.017364905062353,8.947324349244154,39.99979430453255,0.924009037833873,NOMINAL,0.9999948576133137,0.045000277688881055,1.0,False,0.21254355400696864,0.0,130.0,STANDBY,False,ASTRA_SIMULATED_EPS
1230.0,ASTRA-SC-01,EPS,31.974962250235937,4.017865457837539,8.892468128684712,39.99979207283865,0.9237300606483242,NOMINAL,0.9999948018209662,0.045000280701667825,1.0,False,0.21428571428571427,0.0,130.0,STANDBY,False,ASTRA_SIMULATED_EPS
1240.0,ASTRA-SC-01,EPS,32.33003900192829,4.041517677583184,8.9005590876423,39.999789841032765,0.9234510694464005,NOMINAL,0.9999947460258191,0.045000283714605765,1.0,False,0.21602787456445993,0.0,130.0,STANDBY,False,ASTRA_SIMULATED_EPS
1250.0,ASTRA-SC-01,EPS,31.972177354416715,4.0395388684515865,8.72760160291621,39.999787609114875,0.9231720642251249,NOMINAL,0.9999946902278719,0.04500028672769492,1.0,False,0.21777003484320556,0.0,130.0,STANDBY,False,ASTRA_SIMULATED_EPS
1260.0,ASTRA-SC-01,EPS,32.44491382941927,3.9975759295618736,8.602184578159953,39.999785377084955,0.9228930449815166,NOMINAL,0.9999946344271239,0.045000289740935305,1.0,False,0.21951219512195122,0.0,130.0,STANDBY,False,ASTRA_SIMULATED_EPS
1270.0,ASTRA-SC-01,EPS,31.995575059821558,3.9647681368959353,8.543819671942652,39.99978314494299,0.9226140117125917,NOMINAL,0.9999945786235747,0.045000292754326966,1.0,False,0.22125435540069685,0.0,130.0,STANDBY,False,ASTRA_SIMULATED_EPS
1280.0,ASTRA-SC-01,EPS,31.968204975835224,4.022032646148516,8.513331608317433,39.999780912688934,0.9223349644153631,NOMINAL,0.9999945228172233,0.04500029576786994,1.0,False,0.2229965156794425,0.0,130.0,STANDBY,False,ASTRA_SIMULATED_EPS
1290.0,ASTRA-SC-01,EPS,32.389297527103565,4.042309220833147,8.393733772711698,39.999778680322784,0.92205590308684,NOMINAL,0.9999944670080696,0.04500029878156424,1.0,False,0.22473867595818817,0.0,130.0,STANDBY,False,ASTRA_SIMULATED_EPS
1300.0,ASTRA-SC-01,EPS,31.94243668389703,4.031006646990468,8.283100389978463,39.99977644784451,0.9217768277240285,NOMINAL,0.9999944111961128,0.04500030179540991,1.0,False,0.2264808362369338,0.0,130.0,STANDBY,False,ASTRA_SIMULATED_EPS
1310.0,ASTRA-SC-01,EPS,32.37868524647632,4.048461928116739,8.252383553432738,39.999774215254085,0.9214977383239309,NOMINAL,0.9999943553813521,0.045000304809406984,1.0,False,0.22822299651567945,0.0,130.0,STANDBY,False,ASTRA_SIMULATED_EPS
1320.0,ASTRA-SC-01,EPS,31.808373700599336,4.053042509248737,8.197042105821025,39.999771982551486,0.9212186348835466,NOMINAL,0.9999942995637872,0.04500030782355549,1.0,False,0.22996515679442509,0.0,130.0,STANDBY,False,ASTRA_SIMULATED_EPS
1330.0,ASTRA-SC-01,EPS,32.28006455473971,3.9792543252039314,8.09992290670747,39.99976974973669,0.9209395173998715,NOMINAL,0.9999942437434173,0.04500031083785546,1.0,False,0.23170731707317074,0.0,130.0,STANDBY,False,ASTRA_SIMULATED_EPS
1340.0,ASTRA-SC-01,EPS,32.080679201248095,4.02064975856253,8.034706092893268,39.999767516809676,0.9206603858698978,NOMINAL,0.9999941879202419,0.04500031385230694,1.0,False,0.23344947735191637,0.0,130.0,STANDBY,False,ASTRA_SIMULATED_EPS
1350.0,ASTRA-SC-01,EPS,32.17807184830243,3.99287722856876,7.977602625412766,39.999765283770415,0.9203812402906149,NOMINAL,0.9999941320942604,0.04500031686690994,1.0,False,0.23519163763066203,0.0,130.0,STANDBY,False,ASTRA_SIMULATED_EPS
1360.0,ASTRA-SC-01,EPS,32.0958046215235,4.032786975232422,7.948008497534867,39.99976305061888,0.9201020806590081,NOMINAL,0.9999940762654721,0.0450003198816645,1.0,False,0.23693379790940766,0.0,130.0,STANDBY,False,ASTRA_SIMULATED_EPS
1370.0,ASTRA-SC-01,EPS,31.894490264115632,3.981570196863346,7.9042110826502,39.99976081735506,0.9198229069720599,NOMINAL,0.9999940204338765,0.04500032289657067,1.0,False,0.23867595818815332,0.0,130.0,STANDBY,False,ASTRA_SIMULATED_EPS
1380.0,ASTRA-SC-01,EPS,32.12649142126479,4.0014912111226515,7.8459770895832,39.99975858397892,0.9195437192267492,NOMINAL,0.999993964599473,0.045000325911628454,1.0,False,0.24041811846689895,0.0,130.0,STANDBY,False,ASTRA_SIMULATED_EPS
1390.0,ASTRA-SC-01,EPS,32.09009694675525,4.050084725226049,7.700079864689737,39.999756350490436,0.9192645174200513,NOMINAL,0.9999939087622609,0.045000328926837904,1.0,False,0.2421602787456446,0.0,130.0,STANDBY,False,ASTRA_SIMULATED_EPS
1400.0,ASTRA-SC-01,EPS,32.40033752978282,4.064748885322229,7.612731832766439,39.99975411688959,0.9189853015489384,NOMINAL,0.9999938529222397,0.04500033194219906,1.0,False,0.24390243902439024,0.0,130.0,STANDBY,False,ASTRA_SIMULATED_EPS
1410.0,ASTRA-SC-01,EPS,32.22403215191063,4.037087969770804,7.622278825003288,39.99975188317635,0.9187060716103792,NOMINAL,0.9999937970794087,0.04500033495771193,1.0,False,0.2456445993031359,0.0,130.0,STANDBY,False,ASTRA_SIMULATED_EPS
1420.0,ASTRA-SC-01,EPS,31.91189302202449,4.038312188665044,7.535626250506769,39.9997496493507,0.918426827601339,NOMINAL,0.9999937412337675,0.045000337973376554,1.0,False,0.24738675958188153,0.0,130.0,STANDBY,False,ASTRA_SIMULATED_EPS
1430.0,ASTRA-SC-01,EPS,31.782986424108394,3.9915835692143156,7.30979123923422,39.99974741541261,0.9181475695187796,NOMINAL,0.9999936853853152,0.04500034098919298,1.0,False,0.24912891986062718,0.0,130.0,STANDBY,False,ASTRA_SIMULATED_EPS
1440.0,ASTRA-SC-01,EPS,32.02012018406377,4.039509141145993,7.416108041648245,39.99974518136205,0.9178682973596596,NOMINAL,0.9999936295340514,0.04500034400516122,1.0,False,0.2508710801393728,0.0,130.0,STANDBY,False,ASTRA_SIMULATED_EPS
1450.0,ASTRA-SC-01,EPS,32.07354378302282,4.062588053572358,7.20141145658001,39.99974294719901,0.9175890111209339,NOMINAL,0.9999935736799753,0.04500034702128133,1.0,False,0.25261324041811845,0.0,130.0,STANDBY,False,ASTRA_SIMULATED_EPS
1460.0,ASTRA-SC-01,EPS,31.786969054164334,4.02050378249453,7.219234626416336,39.99974071292346,0.9173097107995544,NOMINAL,0.9999935178230865,0.04500035003755332,1.0,False,0.25435540069686413,0.0,130.0,STANDBY,False,ASTRA_SIMULATED_EPS
1470.0,ASTRA-SC-01,EPS,32.05313674615825,3.9701866483140034,7.125378148477665,39.99973847853538,0.9170303963924691,NOMINAL,0.9999934619633843,0.04500035305397724,1.0,False,0.25609756097560976,0.0,130.0,STANDBY,False,ASTRA_SIMULATED_EPS
1480.0,ASTRA-SC-01,EPS,31.84764854089017,4.039120312337178,7.078154322301688,39.99973624403473,0.9167510678966229,NOMINAL,0.9999934061008682,0.04500035607055311,1.0,False,0.2578397212543554,0.0,130.0,STANDBY,False,ASTRA_SIMULATED_EPS
1490.0,ASTRA-SC-01,EPS,31.9044504531057,4.009602013791331,6.937040950321273,39.999734009421495,0.9164717253089572,NOMINAL,0.9999933502355374,0.04500035908728098,1.0,False,0.259581881533101,0.0,130.0,STANDBY,False,ASTRA_SIMULATED_EPS
1500.0,ASTRA-SC-01,EPS,32.04340121318359,4.046696264548945,6.871078993708585,39.999731774695654,0.9161923686264098,NOMINAL,0.9999932943673914,0.04500036210416086,1.0,False,0.2613240418118467,0.0,130.0,STANDBY,False,ASTRA_SIMULATED_EPS
1510.0,ASTRA-SC-01,EPS,32.13258117141399,4.00959485112727,6.811271275812816,39.99972953985718,0.9159129978459155,NOMINAL,0.9999932384964295,0.0450003651211928,1.0,False,0.26306620209059234,0.0,130.0,STANDBY,False,ASTRA_SIMULATED_EPS
1520.0,ASTRA-SC-01,EPS,32.033008027799745,3.997114160966943,6.753967526058286,39.99972730490605,0.9156336129644053,NOMINAL,0.9999931826226512,0.04500036813837683,1.0,False,0.26480836236933797,0.0,130.0,STANDBY,False,ASTRA_SIMULATED_EPS
1530.0,ASTRA-SC-01,EPS,31.856565204205587,4.072664932205719,6.714333197994053,39.999725069842235,0.9153542139788069,NOMINAL,0.9999931267460559,0.04500037115571298,1.0,False,0.2665505226480836,0.0,130.0,STANDBY,False,ASTRA_SIMULATED_EPS
1540.0,ASTRA-SC-01,EPS,31.934752636026015,4.028895318580747,6.638058106664961,39.99972283466571,0.9150748008860445,NOMINAL,0.9999930708666428,0.04500037417320128,1.0,False,0.2682926829268293,0.0,130.0,STANDBY,False,ASTRA_SIMULATED_EPS
1550.0,ASTRA-SC-01,EPS,32.00982397041463,4.039150636089437,6.6128383493487926,39.99972059937646,0.9147953736830391,NOMINAL,0.9999930149844115,0.04500037719084178,1.0,False,0.2700348432055749,0.0,130.0,STANDBY,False,ASTRA_SIMULATED_EPS
1560.0,ASTRA-SC-01,EPS,31.958589546472126,4.0094622799558195,6.492682307550559,39.99971836397445,0.9145159323667079,NOMINAL,0.9999929590993613,0.04500038020863449,1.0,False,0.27177700348432055,0.0,130.0,STANDBY,False,ASTRA_SIMULATED_EPS
1570.0,ASTRA-SC-01,EPS,31.67315136357056,3.9860670910196223,6.5064335177247745,39.99971612845966,0.914236476933965,NOMINAL,0.9999929032114915,0.04500038322657946,1.0,False,0.2735191637630662,0.0,130.0,STANDBY,False,ASTRA_SIMULATED_EPS
1580.0,ASTRA-SC-01,EPS,32.30382375684174,4.018076567680185,6.398755058890668,39.99971389283206,0.9139570073817208,NOMINAL,0.9999928473208016,0.04500038624467671,1.0,False,0.27526132404181186,0.0,130.0,STANDBY,False,ASTRA_SIMULATED_EPS
1590.0,ASTRA-SC-01,EPS,32.08851351620003,4.101885642170681,6.357925369688219,39.99971165709164,0.9136775237068824,NOMINAL,0.9999927914272909,0.045000389262926294,1.0,False,0.2770034843205575,0.0,130.0,STANDBY,False,ASTRA_SIMULATED_EPS
1600.0,ASTRA-SC-01,EPS,32.016518550002935,4.0007323827937205,6.153825242483528,39.99970942123836,0.9133980259063533,NOMINAL,0.9999927355309589,0.04500039228132822,1.0,False,0.2787456445993031,0.0,130.0,STANDBY,False,ASTRA_SIMULATED_EPS
1610.0,ASTRA-SC-01,EPS,32.0679547276545,4.005939223588506,6.09541684382933,39.99970718527219,0.9131185139770339,NOMINAL,0.9999926796318048,0.045000395299882534,1.0,False,0.2804878048780488,0.0,130.0,STANDBY,False,ASTRA_SIMULATED_EPS
1620.0,ASTRA-SC-01,EPS,31.930159258749388,3.997970909781618,6.1834491351367875,39.99970494919313,0.9128389879158207,NOMINAL,0.9999926237298282,0.04500039831858927,1.0,False,0.28222996515679444,0.0,130.0,STANDBY,False,ASTRA_SIMULATED_EPS
1630.0,ASTRA-SC-01,EPS,32.17327887458855,4.025148581634651,6.105831855865,39.999702713001135,0.9125594477196072,NOMINAL,0.9999925678250283,0.04500040133744846,1.0,False,0.28397212543554007,0.0,130.0,STANDBY,False,ASTRA_SIMULATED_EPS
1640.0,ASTRA-SC-01,EPS,32.04282082884608,4.00391012650893,6.040913039341832,39.99970047669619,0.9122798933852829,NOMINAL,0.9999925119174047,0.04500040435646015,1.0,False,0.2857142857142857,0.0,130.0,STANDBY,False,ASTRA_SIMULATED_EPS
1650.0,ASTRA-SC-01,EPS,32.1150881222014,3.999690948653164,5.888341200048199,39.999698240278256,0.9120003249097344,NOMINAL,0.9999924560069564,0.04500040737562435,1.0,False,0.2874564459930314,0.0,130.0,STANDBY,False,ASTRA_SIMULATED_EPS
1660.0,ASTRA-SC-01,EPS,31.88692185105734,3.9912096546130136,5.877446943939446,39.999696003747324,0.9117207422898443,NOMINAL,0.9999924000936832,0.04500041039494111,1.0,False,0.289198606271777,0.0,130.0,STANDBY,False,ASTRA_SIMULATED_EPS
1670.0,ASTRA-SC-01,EPS,32.33124409720682,3.9910154857002573,5.792744618677172,39.999693767103366,0.9114411455224922,NOMINAL,0.9999923441775841,0.04500041341441045,1.0,False,0.29094076655052264,0.0,130.0,STANDBY,False,ASTRA_SIMULATED_EPS
1680.0,ASTRA-SC-01,EPS,31.919667905361074,4.01412381503359,5.6686122334147155,39.99969153034635,0.9111615346045541,NOMINAL,0.9999922882586587,0.04500041643403242,1.0,False,0.2926829268292683,0.0,130.0,STANDBY,False,ASTRA_SIMULATED_EPS
1690.0,ASTRA-SC-01,EPS,31.883867930145087,4.027789241242579,5.590497405222233,39.99968929347625,0.9108819095329023,NOMINAL,0.9999922323369064,0.045000419453807054,1.0,False,0.29442508710801396,0.0,130.0,STANDBY,False,ASTRA_SIMULATED_EPS
1700.0,ASTRA-SC-01,EPS,32.063857128929826,4.025510708328787,5.554087226160387,39.99968705649306,0.9106022703044059,NOMINAL,0.9999921764123265,0.04500042247373436,1.0,False,0.2961672473867596,0.0,130.0,STANDBY,False,ASTRA_SIMULATED_EPS
1710.0,ASTRA-SC-01,EPS,31.873613920351907,4.012479981922372,5.537970171990969,39.999684819396734,0.9103226169159304,NOMINAL,0.9999921204849184,0.04500042549381441,1.0,False,0.2979094076655052,0.0,130.0,STANDBY,False,ASTRA_SIMULATED_EPS
1720.0,ASTRA-SC-01,EPS,32.09745338439963,4.002609050488985,5.4395090028634465,39.999682582187255,0.9100429493643379,NOMINAL,0.9999920645546814,0.0450004285140472,1.0,False,0.29965156794425085,0.0,130.0,STANDBY,False,ASTRA_SIMULATED_EPS
1730.0,ASTRA-SC-01,EPS,32.135897290594436,3.985420840831122,5.396227500025981,39.99968034486459,0.9097632676464871,NOMINAL,0.9999920086216149,0.0450004315344328,1.0,False,0.30139372822299654,0.0,130.0,STANDBY,False,ASTRA_SIMULATED_EPS
1740.0,ASTRA-SC-01,EPS,31.907903680093018,4.04193204106673,5.26558849380352,39.999678107428736,0.9094835717592329,NOMINAL,0.9999919526857184,0.04500043455497121,1.0,False,0.30313588850174217,0.0,130.0,STANDBY,False,ASTRA_SIMULATED_EPS
1750.0,ASTRA-SC-01,EPS,31.723430310262255,3.9868774966648513,5.241022052336539,39.999675869879646,0.9092038616994269,NOMINAL,0.9999918967469911,0.04500043757566248,1.0,False,0.3048780487804878,0.0,130.0,STANDBY,False,ASTRA_SIMULATED_EPS
1760.0,ASTRA-SC-01,EPS,32.0522448007637,4.0052616234271765,5.205587708454603,39.999673632217295,0.9089241374639173,NOMINAL,0.9999918408054325,0.045000440596506645,1.0,False,0.30662020905923343,0.0,130.0,STANDBY,False,ASTRA_SIMULATED_EPS
1770.0,ASTRA-SC-01,EPS,31.743109613887437,4.026538762168877,5.04832101941489,39.99967139444167,0.9086443990495489,NOMINAL,0.9999917848610418,0.04500044361750374,1.0,False,0.3083623693379791,0.0,130.0,STANDBY,False,ASTRA_SIMULATED_EPS
1780.0,ASTRA-SC-01,EPS,31.903062278228393,4.029595766768758,5.00123790587771,39.99966915655274,0.9083646464531625,NOMINAL,0.9999917289138185,0.0450004466386538,1.0,False,0.31010452961672474,0.0,130.0,STANDBY,False,ASTRA_SIMULATED_EPS
1790.0,ASTRA-SC-01,EPS,31.9441922835894,4.053909368809377,4.950973264969818,39.99966691855048,0.908084879671596,NOMINAL,0.999991672963762,0.04500044965995685,1.0,False,0.3118466898954704,0.0,130.0,STANDBY,False,ASTRA_SIMULATED_EPS
1800.0,ASTRA-SC-01,EPS,32.137811877437365,4.000406774942558,4.942039431157551,39.99966468043486,0.9078050987016835,NOMINAL,0.9999916170108716,0.045000452681412936,1.0,False,0.313588850174216,0.0,130.0,STANDBY,False,ASTRA_SIMULATED_EPS
1810.0,ASTRA-SC-01,EPS,32.233104289865196,3.9668666209415098,4.8116074439916074,39.99966244220587,0.9075253035402555,NOMINAL,0.9999915610551467,0.04500045570302207,1.0,False,0.3153310104529617,0.0,130.0,STANDBY,False,ASTRA_SIMULATED_EPS
1820.0,ASTRA-SC-01,EPS,32.093121042755214,4.024114699852821,4.806083648025872,39.99966020386346,0.9072454941841394,NOMINAL,0.9999915050965866,0.045000458724784316,1.0,False,0.3170731707317073,0.0,130.0,STANDBY,False,ASTRA_SIMULATED_EPS
1830.0,ASTRA-SC-01,EPS,31.90250347653367,4.031602206050176,4.7159873468919065,39.999657965407636,0.9069656706301586,NOMINAL,0.9999914491351909,0.045000461746699694,1.0,False,0.31881533101045295,0.0,130.0,STANDBY,False,ASTRA_SIMULATED_EPS
1840.0,ASTRA-SC-01,EPS,32.18432004673896,4.036027201980725,4.677066447623054,39.99965572683835,0.9066858328751335,NOMINAL,0.9999913931709586,0.04500046476876823,1.0,False,0.3205574912891986,0.0,130.0,STANDBY,False,ASTRA_SIMULATED_EPS
1850.0,ASTRA-SC-01,EPS,31.929948692922988,4.0175704131916685,4.575143308596101,39.99965348815557,0.9064059809158805,NOMINAL,0.9999913372038893,0.04500046779098997,1.0,False,0.32229965156794427,0.0,130.0,STANDBY,False,ASTRA_SIMULATED_EPS
1860.0,ASTRA-SC-01,EPS,32.05729198956148,4.019449823781906,4.548014209177564,39.99965124935929,0.9061261147492129,NOMINAL,0.9999912812339823,0.04500047081336495,1.0,False,0.3240418118466899,0.0,130.0,STANDBY,False,ASTRA_SIMULATED_EPS
1870.0,ASTRA-SC-01,EPS,32.3245282923953,4.052151908743761,4.454147431423813,39.99964901044948,0.9058462343719402,NOMINAL,0.999991225261237,0.0450004738358932,1.0,False,0.32578397212543553,0.0,130.0,STANDBY,False,ASTRA_SIMULATED_EPS
1880.0,ASTRA-SC-01,EPS,32.18303133643515,4.0201825126964685,4.305633966007206,39.99964677142611,0.9055663397808685,NOMINAL,0.9999911692856527,0.04500047685857476,1.0,False,0.32752613240418116,0.0,130.0,STANDBY,False,ASTRA_SIMULATED_EPS
1890.0,ASTRA-SC-01,EPS,31.828002276293283,3.983594510307124,4.327224097214385,39.99964453228915,0.9052864309728005,NOMINAL,0.9999911133072288,0.045000479881409636,1.0,False,0.32926829268292684,0.0,130.0,STANDBY,False,ASTRA_SIMULATED_EPS
1900.0,ASTRA-SC-01,EPS,31.990537499731396,4.073025129940775,4.298573264751595,39.99964229303859,0.9050065079445351,NOMINAL,0.9999910573259647,0.045000482904397905,1.0,False,0.3310104529616725,0.0,130.0,STANDBY,False,ASTRA_SIMULATED_EPS
1910.0,ASTRA-SC-01,EPS,31.950900653818564,4.051924096387147,4.109264354531475,39.99964005367439,0.9047265706928678,NOMINAL,0.9999910013418597,0.04500048592753957,1.0,False,0.3327526132404181,0.0,130.0,STANDBY,False,ASTRA_SIMULATED_EPS
1920.0,ASTRA-SC-01,EPS,32.02197058879552,4.050656919709431,4.083652685349463,39.999637814196525,0.9044466192145906,NOMINAL,0.9999909453549132,0.04500048895083469,1.0,False,0.3344947735191638,0.0,130.0,STANDBY,False,ASTRA_SIMULATED_EPS
1930.0,ASTRA-SC-01,EPS,32.165541357406646,4.039985138733261,4.074744688993029,39.99963557460498,0.9041666535064921,NOMINAL,0.9999908893651245,0.04500049197428328,1.0,False,0.3362369337979094,0.0,130.0,STANDBY,False,ASTRA_SIMULATED_EPS
1940.0,ASTRA-SC-01,EPS,32.082173953176294,4.088801128438389,4.042695250723723,39.99963333489972,0.903886673565357,NOMINAL,0.9999908333724931,0.04500049499788538,1.0,False,0.33797909407665505,0.0,130.0,STANDBY,False,ASTRA_SIMULATED_EPS
1950.0,ASTRA-SC-01,EPS,32.019027461465235,4.020321727325113,3.929367897035458,39.99963109508072,0.9036066793879669,NOMINAL,0.999990777377018,0.04500049802164102,1.0,False,0.3397212543554007,0.0,130.0,STANDBY,False,ASTRA_SIMULATED_EPS
1960.0,ASTRA-SC-01,EPS,32.110447503546254,4.010544362645064,3.913861488363585,39.99962885514796,0.9033266709710996,NOMINAL,0.999990721378699,0.04500050104555025,1.0,False,0.34146341463414637,0.0,130.0,STANDBY,False,ASTRA_SIMULATED_EPS
1970.0,ASTRA-SC-01,EPS,31.89966684821958,4.044340481287703,3.865553786593374,39.99962661510141,0.9030466483115295,NOMINAL,0.9999906653775353,0.04500050406961309,1.0,False,0.343205574912892,0.0,130.0,STANDBY,False,ASTRA_SIMULATED_EPS
1980.0,ASTRA-SC-01,EPS,32.14025648546634,4.0196602999931095,3.7741284447722117,39.99962437494104,0.9027666114060272,NOMINAL,0.9999906093735261,0.045000507093829585,1.0,False,0.34494773519163763,0.0,130.0,STANDBY,False,ASTRA_SIMULATED_EPS
1990.0,ASTRA-SC-01,EPS,31.816262218091534,4.0215185612340445,3.7454022944967047,39.999622134666836,0.9024865602513601,NOMINAL,0.999990553366671,0.04500051011819976,1.0,False,0.34668989547038326,0.0,130.0,STANDBY,False,ASTRA_SIMULATED_EPS
2000.0,ASTRA-SC-01,EPS,32.09208744233414,4.009697692561524,3.709095776141543,39.999619894278766,0.9022064948442918,NOMINAL,0.9999904973569692,0.04500051314272366,1.0,False,0.34843205574912894,0.0,130.0,STANDBY,False,ASTRA_SIMULATED_EPS
2010.0,ASTRA-SC-01,EPS,32.18612110883027,4.043512905366232,3.698696178087752,39.9996176537768,0.9019264151815826,NOMINAL,0.9999904413444201,0.04500051616740132,1.0,False,0.3501742160278746,0.0,130.0,STANDBY,False,ASTRA_SIMULATED_EPS
2020.0,ASTRA-SC-01,EPS,31.8440920432117,4.001990003794961,3.4553235455775653,39.99961541316092,0.9016463212599889,NOMINAL,0.999990385329023,0.04500051919223277,1.0,False,0.3519163763066202,0.0,130.0,STANDBY,False,ASTRA_SIMULATED_EPS
2030.0,ASTRA-SC-01,EPS,32.205234435856326,4.049987647649382,3.481045325643955,39.99961317243109,0.9013662130762637,NOMINAL,0.9999903293107772,0.04500052221721803,1.0,False,0.35365853658536583,0.0,130.0,STANDBY,False,ASTRA_SIMULATED_EPS
2040.0,ASTRA-SC-01,EPS,32.0092129375851,4.00539702556959,3.545838558458999,39.99961093158729,0.9010860906271567,NOMINAL,0.9999902732896823,0.045000525242357155,1.0,False,0.3554006968641115,0.0,130.0,STANDBY,False,ASTRA_SIMULATED_EPS
2050.0,ASTRA-SC-01,EPS,32.34678758099835,-3.368721141753056,3.518834712201308,39.99960869062949,0.90132019791919,NOMINAL,0.9999902172657373,0.045000528267650185,1.0,True,0.35714285714285715,203.63962499999482,95.0,STANDBY,False,ASTRA_SIMULATED_EPS
2060.0,ASTRA-SC-01,EPS,33.28972705405136,-20.89841303404238,3.5442923735491605,39.999606817789484,0.9027731951202497,NOMINAL,0.999990170444737,0.045000530795984206,1.0,True,0.3588850174216028,769.3052499999949,95.0,STANDBY,False,ASTRA_SIMULATED_EPS
2070.0,ASTRA-SC-01,EPS,33.878279487902084,-31.023325353480693,3.8085050615109237,39.999595193926126,0.9049487401498284,NOMINAL,0.9999898798481532,0.04500054648819972,1.0,True,0.3606271777003484,1104.8905025577556,95.0,STANDBY,False,ASTRA_SIMULATED_EPS
2080.0,ASTRA-SC-01,EPS,34.131359886518496,-30.63375534717449,3.847422562893771,39.99957778974203,0.907070505819383,NOMINAL,0.9999894447435507,0.04500056998384826,1.0,True,0.3623693379790941,1080.3144472218776,95.0,STANDBY,False,ASTRA_SIMULATED_EPS
2090.0,ASTRA-SC-01,EPS,33.88783869122391,-29.8343040633826,4.106452021055407,39.99956081579584,0.9091429520220944,NOMINAL,0.9999890203948959,0.04500059289867561,1.0,True,0.3641114982578397,1057.7810373520033,95.0,STANDBY,False,ASTRA_SIMULATED_EPS
2100.0,ASTRA-SC-01,EPS,33.657259518863576,-28.960621996943082,4.198165957580411,39.999544236408255,0.9111701639561909,NOMINAL,0.9999886059102063,0.04500061528084886,1.0,True,0.36585365853658536,1037.119988649643,95.0,STANDBY,False,ASTRA_SIMULATED_EPS
2110.0,ASTRA-SC-01,EPS,33.89778276973342,-28.74378791915406,4.277122426374498,39.999528018897564,0.9131558836853312,NOMINAL,0.9999882004724392,0.04500063717448828,1.0,True,0.367595818815331,1018.1751834594144,95.0,STANDBY,False,ASTRA_SIMULATED_EPS
2120.0,ASTRA-SC-01,EPS,34.12852207227175,-28.0352468190076,4.448479392945111,39.99951213332718,0.9151035390200121,NOMINAL,0.9999878033331795,0.04500065862000831,1.0,True,0.3693379790940767,1000.8034930304763,95.0,STANDBY,False,ASTRA_SIMULATED_EPS
2130.0,ASTRA-SC-01,EPS,33.781065779314325,-27.590900217620117,4.7486383000120265,39.99949655227454,0.9170162699509543,NOMINAL,0.9999874138068635,0.045000679654429374,1.0,True,0.3710801393728223,984.8736976457665,95.0,STANDBY,False,ASTRA_SIMULATED_EPS
2140.0,ASTRA-SC-01,EPS,33.96533495464542,-27.292534868422905,4.8039920049918035,39.99948125061968,0.9188969528449265,NOMINAL,0.999987031265492,0.04500070031166343,1.0,True,0.37282229965156793,970.2654964897919,95.0,STANDBY,False,ASTRA_SIMULATED_EPS
2150.0,ASTRA-SC-01,EPS,33.96806039126774,-27.030880139898667,4.963350405589695,39.99946620535165,0.9207482225948864,NOMINAL,0.9999866551337914,0.04500072062277527,1.0,True,0.37456445993031356,956.868599800738,95.0,STANDBY,False,ASTRA_SIMULATED_EPS
2160.0,ASTRA-SC-01,EPS,33.97772291722984,-26.17420738010282,5.206843496850327,39.9994513953913,0.9225724928994601,NOMINAL,0.9999862848847824,0.04500074061622175,1.0,True,0.37630662020905925,944.5818964716526,95.0,STANDBY,False,ASTRA_SIMULATED_EPS
2170.0,ASTRA-SC-01,EPS,34.20945708853428,-25.948356870649672,5.205835756439113,39.99943680142901,0.924371974831463,NOMINAL,0.9999859200357254,0.04500076031807082,1.0,True,0.3780487804878049,933.3126908330577,95.0,STANDBY,False,ASTRA_SIMULATED_EPS
2180.0,ASTRA-SC-01,EPS,34.45519873081123,-25.576512872791376,5.406990106780085,39.99942240577625,0.9261486938412532,NOMINAL,0.9999855601444063,0.045000779752202055,1.0,True,0.3797909407665505,922.9760028698124,95.0,STANDBY,False,ASTRA_SIMULATED_EPS
2190.0,ASTRA-SC-01,EPS,34.01230789468178,-25.257279715565332,5.542535144363884,39.99940819222942,0.9279045053280442,NOMINAL,0.9999852048057355,0.045000798940490284,1.0,True,0.38153310104529614,913.4939266023247,95.0,STANDBY,False,ASTRA_SIMULATED_EPS
2200.0,ASTRA-SC-01,EPS,33.917331141738096,-25.077822698100523,5.689893328516909,39.999394145945345,0.9296411089007862,NOMINAL,0.9999848536486337,0.04500081790297378,1.0,True,0.3832752613240418,904.795041799837,95.0,STANDBY,False,ASTRA_SIMULATED_EPS
2210.0,ASTRA-SC-01,EPS,33.920793571831965,-24.84432097023783,5.836961126706112,39.99938025332719,0.9313600614397306,NOMINAL,0.9999845063331797,0.04500083665800829,1.0,True,0.38501742160278746,896.8138745948304,95.0,STANDBY,False,ASTRA_SIMULATED_EPS
2220.0,ASTRA-SC-01,EPS,33.96818870548158,-24.326988258617483,5.8375600948089055,39.99936650191994,0.9330627890602351,NOMINAL,0.9999841625479985,0.04500085522240808,1.0,True,0.3867595818815331,889.4904029355727,95.0,STANDBY,False,ASTRA_SIMULATED_EPS
2230.0,ASTRA-SC-01,EPS,34.1956650753937,-24.146401516176667,6.0033106044252555,39.99935288031472,0.9347505980716494,NOMINAL,0.9999838220078678,0.04500087361157514,1.0,True,0.3885017421602787,882.7696031512764,95.0,STANDBY,False,ASTRA_SIMULATED_EPS
2240.0,ASTRA-SC-01,EPS,33.950558462848456,-24.15308167812174,6.171929814797981,39.999339378061066,0.9364246850161757,NOMINAL,0.9999834844515266,0.045000891839617564,1.0,True,0.3902439024390244,876.6010342137502,95.0,STANDBY,False,ASTRA_SIMULATED_EPS
2250.0,ASTRA-SC-01,EPS,33.87569388064185,-24.06303655985038,6.463755115254542,39.999325985586694,0.9380861458653451,NOMINAL,0.9999831496396674,0.04500090991945796,1.0,True,0.39198606271777003,870.9384565631555,95.0,STANDBY,False,ASTRA_SIMULATED_EPS
2260.0,ASTRA-SC-01,EPS,34.16657450812289,-23.599866182123183,6.544633016184437,39.99931269412387,0.9397359844451316,NOMINAL,0.9999828173530968,0.04500092786293278,1.0,True,0.39372822299651566,865.7394826256603,95.0,STANDBY,False,ASTRA_SIMULATED_EPS
2270.0,ASTRA-SC-01,EPS,33.8154433052818,-23.66766508769887,6.664059977922263,39.99929949564202,0.9413751201546833,NOMINAL,0.9999824873910506,0.04500094568088327,1.0,True,0.39547038327526135,860.9652563893391,95.0,STANDBY,False,ASTRA_SIMULATED_EPS
2280.0,ASTRA-SC-01,EPS,33.80001077090238,-23.373935986053368,6.757313452757943,39.99928638278599,0.9430043950381268,NOMINAL,0.9999821595696498,0.04500096338323891,1.0,True,0.397212543554007,856.5801596234373,95.0,STANDBY,False,ASTRA_SIMULATED_EPS
2290.0,ASTRA-SC-01,EPS,33.9449332381449,-23.243754273718206,6.920039759014086,39.99927334881946,0.9446245802638615,NOMINAL,0.9999818337204864,0.045000980979093726,1.0,True,0.3989547038327526,852.5515425267114,95.0,STANDBY,False,ASTRA_SIMULATED_EPS
2300.0,ASTRA-SC-01,EPS,33.94858548078515,-23.06918265049285,6.971088807719628,39.999260387573116,0.9462363820611467,NOMINAL,0.9999815096893279,0.0450009984767763,1.0,True,0.40069686411149824,848.8494767744953,95.0,STANDBY,False,ASTRA_SIMULATED_EPS
2310.0,ASTRA-SC-01,EPS,34.11645263074535,-23.026639796669834,7.135856444254346,39.99924749339716,0.9478404471595744,NOMINAL,0.9999811873349289,0.045001015883913836,1.0,True,0.4024390243902439,845.4465291028072,95.0,STANDBY,False,ASTRA_SIMULATED_EPS
2320.0,ASTRA-SC-01,EPS,34.069340191029696,-23.145320556809256,7.322658635333268,39.99923466111778,0.9494373677731665,NOMINAL,0.9999808665279446,0.04500103320749099,1.0,True,0.40418118466898956,842.3175537224735,95.0,STANDBY,False,ASTRA_SIMULATED_EPS
2330.0,ASTRA-SC-01,EPS,33.98500468920604,-22.96260515931949,7.453015483565208,39.999221885997315,0.9510276861673115,NOMINAL,0.9999805471499328,0.04500105045390363,1.0,True,0.4059233449477352,839.4395019980598,95.0,STANDBY,False,ASTRA_SIMULATED_EPS
2340.0,ASTRA-SC-01,EPS,33.8996166872119,-22.97990440204094,7.445875069920889,39.99920916369765,0.9526118988435348,NOMINAL,0.9999802290924412,0.04500106762900817,1.0,True,0.4076655052264808,836.7912479564359,95.0,STANDBY,False,ASTRA_SIMULATED_EPS
2350.0,ASTRA-SC-01,EPS,34.12585609288726,-22.88275767329805,7.733668074919059,39.99919649024681,0.9541904603741461,NOMINAL,0.9999799122561702,0.04500108473816681,1.0,True,0.4094076655052265,834.3534283090505,95.0,STANDBY,False,ASTRA_SIMULATED_EPS
2360.0,ASTRA-SC-01,EPS,33.67225454622402,-22.454787837046077,7.777825004208256,39.999183862008245,0.9557637869161123,NOMINAL,0.9999795965502061,0.04500110178628887,1.0,True,0.41114982578397213,832.1082957813136,95.0,STANDBY,False,ASTRA_SIMULATED_EPS
2370.0,ASTRA-SC-01,EPS,34.01402396061241,-22.64979732000945,7.907741326389215,39.999171275652714,0.9573322594310327,NOMINAL,0.9999792818913179,0.045001118777868825,1.0,True,0.41289198606271776,830.0395846427575,95.0,STANDBY,False,ASTRA_SIMULATED_EPS
2380.0,ASTRA-SC-01,EPS,34.02840581132215,-22.390902179780415,8.013208812332843,39.999158728132564,0.9588962266358366,NOMINAL,0.9999789682033141,0.04500113571702104,1.0,True,0.4146341463414634,828.132387423562,95.0,STANDBY,False,ASTRA_SIMULATED_EPS
2390.0,ASTRA-SC-01,EPS,34.065009279828026,-22.503020385296995,8.123600788788716,39.999146216658076,0.9604560077067523,NOMINAL,0.9999786554164518,0.0450011526075116,1.0,True,0.4163763066202091,826.3730418873357,95.0,STANDBY,False,ASTRA_SIMULATED_EPS
2400.0,ASTRA-SC-01,EPS,34.09670873046059,-22.604414687458615,8.177259831094153,39.999133738675845,0.9620118947572049,NOMINAL,0.9999783434668962,0.04500116945278761,1.0,True,0.4181184668989547,824.74902740733,95.0,STANDBY,False,ASTRA_SIMULATED_EPS
2410.0,ASTRA-SC-01,EPS,34.17598738981947,-22.33210772730107,8.352991611765841,39.999121291849,0.9635641551085665,NOMINAL,0.9999780322962251,0.04500118625600384,1.0,True,0.41986062717770034,823.248869964141,95.0,STANDBY,False,ASTRA_SIMULATED_EPS
2420.0,ASTRA-SC-01,EPS,34.057952370371396,-22.262851001121625,8.452053101973146,39.99910887403899,0.9651130333710927,NOMINAL,0.9999777218509748,0.045001203020047356,1.0,True,0.42160278745644597,821.8620550479369,95.0,STANDBY,False,ASTRA_SIMULATED_EPS
2430.0,ASTRA-SC-01,EPS,33.92784453366176,-22.235090227013487,8.546327251331595,39.99909648328894,0.9666587533509298,NOMINAL,0.9999774120822235,0.04500121974755993,1.0,True,0.42334494773519166,820.578947807837,95.0,STANDBY,False,ASTRA_SIMULATED_EPS
2440.0,ASTRA-SC-01,EPS,34.135703786257636,-22.412958342289954,8.762286859424465,39.999084117808415,0.9682015197977415,NOMINAL,0.9999771029452104,0.04500123644095864,1.0,True,0.4250871080139373,819.3907198457082,95.0,STANDBY,False,ASTRA_SIMULATED_EPS
2450.0,ASTRA-SC-01,EPS,34.15263336094723,-22.14582032490487,8.874947241343373,39.99907177595944,0.9697415200062877,NOMINAL,0.999976794398986,0.04500125310245475,1.0,True,0.4268292682926829,818.289282101741,95.0,STANDBY,False,ASTRA_SIMULATED_EPS
2460.0,ASTRA-SC-01,EPS,34.36202597810841,-22.020762384267968,8.848173356195943,39.999059456243664,0.9712789252841691,NOMINAL,0.9999764864060916,0.04500126973407105,1.0,True,0.42857142857142855,817.2672233251044,95.0,STANDBY,False,ASTRA_SIMULATED_EPS
2470.0,ASTRA-SC-01,EPS,33.866450619077796,-22.175174367380272,9.055365505978681,39.99904715729064,0.9728138922969312,NOMINAL,0.999976178932266,0.04500128633765763,1.0,True,0.43031358885017423,816.3177536651024,95.0,STANDBY,False,ASTRA_SIMULATED_EPS
2480.0,ASTRA-SC-01,EPS,34.17917328257696,-22.153658684621952,9.176699970724442,39.99903487784706,0.9743465643007791,NOMINAL,0.9999758719461764,0.04500130291490647,1.0,True,0.43205574912891986,815.4346529568712,95.0,STANDBY,False,ASTRA_SIMULATED_EPS
2490.0,ASTRA-SC-01,EPS,33.96869809290185,-22.109219377782793,9.209801979407526,39.999022616766865,0.9758770722723045,NOMINAL,0.9999755654191717,0.04500131946736473,1.0,True,0.4337979094076655,814.6122233110709,95.0,STANDBY,False,ASTRA_SIMULATED_EPS
2500.0,ASTRA-SC-01,EPS,33.94671467526071,-22.164839132230615,9.34360217661476,39.99901037300227,0.9774055359438291,NOMINAL,0.9999752593250568,0.04500133599644693,1.0,True,0.4355400696864111,813.8452456494952,95.0,STANDBY,False,ASTRA_SIMULATED_EPS
2510.0,ASTRA-SC-01,EPS,34.29062039803941,-22.090557155152258,9.635776680610919,39.99899814559542,0.9789320647522592,NOMINAL,0.9999749536398856,0.045001352503446175,1.0,True,0.4372822299651568,813.1289398582946,95.0,STANDBY,False,ASTRA_SIMULATED_EPS
2520.0,ASTRA-SC-01,EPS,34.20194229630675,-21.933821762029076,9.57251483008691,39.99898593367083,0.9804567587086773,NOMINAL,0.9999746483417707,0.045001368989544384,1.0,True,0.43902439024390244,812.4589282578042,95.0,STANDBY,False,ASTRA_SIMULATED_EPS
2530.0,ASTRA-SC-01,EPS,34.24423826571108,-21.995921004854416,9.732333251378792,39.998973736428404,0.9819797091952969,NOMINAL,0.9999743434107101,0.045001385455821656,1.0,True,0.44076655052264807,811.8312021129994,95.0,STANDBY,False,ASTRA_SIMULATED_EPS
2540.0,ASTRA-SC-01,EPS,34.568693560728484,-21.917016234693673,9.89403196901821,39.9989615531371,0.9835009996958514,NOMINAL,0.9999740388284275,0.04500140190326491,1.0,True,0.4425087108013937,811.2420909315481,95.0,STANDBY,False,ASTRA_SIMULATED_EPS
2550.0,ASTRA-SC-01,EPS,34.01888229148674,-21.88720593240258,10.034989155179531,39.99894938312905,0.9850207064649797,NOMINAL,0.9999737345782264,0.045001418332775774,1.0,True,0.4442508710801394,810.688234317479,95.0,STANDBY,False,ASTRA_SIMULATED_EPS
2560.0,ASTRA-SC-01,EPS,34.03905510408435,-21.654218186191013,10.091271842530428,39.99893722579423,0.9865388991417061,NOMINAL,0.9999734306448557,0.045001434745177794,1.0,True,0.445993031358885,810.1665561677628,95.0,STANDBY,False,ASTRA_SIMULATED_EPS
2570.0,ASTRA-SC-01,EPS,34.05729584322579,-21.768277766671545,10.21350972247313,39.99892508057551,0.9880556413116854,NOMINAL,0.9999731270143878,0.04500145114122305,1.0,True,0.44773519163763065,809.6742410168129,95.0,STANDBY,False,ASTRA_SIMULATED_EPS
2580.0,ASTRA-SC-01,EPS,34.26685903617812,-21.999608937269592,10.237093222132751,39.998912946964225,0.9895709910224962,NOMINAL,0.9999728236741057,0.04500146752159829,1.0,True,0.44947735191637633,809.2087123501118,95.0,STANDBY,False,ASTRA_SIMULATED_EPS
2590.0,ASTRA-SC-01,EPS,34.12572240537616,-21.809634100652634,10.41262920579344,39.99890082449599,0.9910850012559029,NOMINAL,0.9999725206123998,0.04500148388693041,1.0,True,0.45121951219512196,808.7676127230592,95.0,STANDBY,False,ASTRA_SIMULATED_EPS
2600.0,ASTRA-SC-01,EPS,34.20577657406503,-21.93466267286144,10.508335031139827,39.99888871274696,0.9925977203606826,NOMINAL,0.999972217818674,0.045001500237791606,1.0,True,0.4529616724738676,808.3487855347521,95.0,STANDBY,False,ASTRA_SIMULATED_EPS
2610.0,ASTRA-SC-01,EPS,34.28721443828687,-21.700869815611576,10.650683819929691,39.99887661133033,0.994109192449312,NOMINAL,0.9999719152832584,0.04500151657470405,1.0,True,0.4547038327526132,807.9502583189337,95.0,STANDBY,False,ASTRA_SIMULATED_EPS
2620.0,ASTRA-SC-01,EPS,34.332900059468145,-21.69497782782017,10.700051892536269,39.99886451989322,0.9956194577615314,NOMINAL,0.9999716129973305,0.04500153289814416,1.0,True,0.4564459930313589,807.5702274257826,95.0,STANDBY,False,ASTRA_SIMULATED_EPS
2630.0,ASTRA-SC-01,EPS,33.91385043928922,-21.681521099829144,10.82046093849825,39.998852438113694,0.9971285529975551,NOMINAL,0.9999713109528424,0.04500154920854651,1.0,True,0.45818815331010454,807.207043978746,95.0,STANDBY,False,ASTRA_SIMULATED_EPS
2640.0,ASTRA-SC-01,EPS,34.25185247631823,-21.85897486221843,10.862145941864796,39.998840365698165,0.998636511623461,NOMINAL,0.9999710091424541,0.045001565506307475,1.0,True,0.45993031358885017,806.8592010002443,95.0,STANDBY,False,ASTRA_SIMULATED_EPS
2650.0,ASTRA-SC-01,EPS,34.391729467805355,-21.702529913067902,11.056006371258006,39.9988283023789,1.0,NOMINAL,0.9999707075594724,0.04500158179178849,1.0,True,0.4616724738675958,806.5253216089089,95.0,STANDBY,False,ASTRA_SIMULATED_EPS
2660.0,ASTRA-SC-01,EPS,33.160847161801726,-21.68005922493176,11.120259847346258,39.99881624791178,1.0,NOMINAL,0.9999704061977946,0.04500159806531908,1.0,True,0.4634146341463415,806.2041481991195,95.0,STANDBY,False,ASTRA_SIMULATED_EPS
2670.0,ASTRA-SC-01,EPS,33.00610516814876,-21.663097204127588,11.096847608303616,39.99881624791178,1.0,NOMINAL,0.9999704061977946,0.04500159806531908,1.0,True,0.4651567944250871,805.8945325210307,95.0,STANDBY,False,ASTRA_SIMULATED_EPS
2680.0,ASTRA-SC-01,EPS,32.96677065870433,-21.69991190832184,11.174434771467393,39.99881624791178,1.0,NOMINAL,0.9999704061977946,0.04500159806531908,1.0,True,0.46689895470383275,805.5954265860842,95.0,STANDBY,False,ASTRA_SIMULATED_EPS
2690.0,ASTRA-SC-01,EPS,32.916218727440864,-21.513794852382265,11.159754236344808,39.99881624791178,1.0,NOMINAL,0.9999704061977946,0.04500159806531908,1.0,True,0.4686411149825784,805.3058743292497,95.0,STANDBY,False,ASTRA_SIMULATED_EPS
2700.0,ASTRA-SC-01,EPS,32.9289162771026,-21.697277941802056,11.31647624667492,39.99881624791178,1.0,NOMINAL,0.9999704061977946,0.04500159806531908,1.0,True,0.47038327526132406,805.0250039649572,95.0,STANDBY,False,ASTRA_SIMULATED_EPS
2710.0,ASTRA-SC-01,EPS,32.96302047722079,-21.522360659282747,11.208445230163004,39.99881624791178,1.0,NOMINAL,0.9999704061977946,0.04500159806531908,1.0,True,0.4721254355400697,804.7520209789335,95.0,STANDBY,False,ASTRA_SIMULATED_EPS
2720.0,ASTRA-SC-01,EPS,32.95080750426043,-21.530390319622157,11.324699556808048,39.99881624791178,1.0,NOMINAL,0.9999704061977946,0.04500159806531908,1.0,True,0.4738675958188153,804.4862017029596,95.0,STANDBY,False,ASTRA_SIMULATED_EPS
2730.0,ASTRA-SC-01,EPS,33.06259652343736,-21.681664155497547,11.428390990510852,39.99881624791178,1.0,NOMINAL,0.9999704061977946,0.04500159806531908,1.0,True,0.47560975609756095,804.2268874239898,95.0,STANDBY,False,ASTRA_SIMULATED_EPS
2740.0,ASTRA-SC-01,EPS,33.24928677519687,-21.65645342062843,11.372603718778699,39.99881624791178,1.0,NOMINAL,0.9999704061977946,0.04500159806531908,1.0,True,0.47735191637630664,803.9734789830987,95.0,STANDBY,False,ASTRA_SIMULATED_EPS
2750.0,ASTRA-SC-01,EPS,33.09717020222763,-21.429308387240415,11.405402509549585,39.99881624791178,1.0,NOMINAL,0.9999704061977946,0.04500159806531908,1.0,True,0.47909407665505227,803.7254318234475,95.0,STANDBY,False,ASTRA_SIMULATED_EPS
2760.0,ASTRA-SC-01,EPS,32.77869109720969,-21.632290259717767,11.400764504102654,39.99881624791178,1.0,NOMINAL,0.9999704061977946,0.04500159806531908,1.0,True,0.4808362369337979,803.4822514498451,95.0,STANDBY,False,ASTRA_SIMULATED_EPS
2770.0,ASTRA-SC-01,EPS,32.688112815586756,-21.706602112774355,11.46585611441023,39.99881624791178,1.0,NOMINAL,0.9999704061977946,0.04500159806531908,1.0,True,0.48257839721254353,803.2434892656069,95.0,STANDBY,False,ASTRA_SIMULATED_EPS
2780.0,ASTRA-SC-01,EPS,32.82609184578733,-21.559561468563977,11.61787605892785,39.99881624791178,1.0,NOMINAL,0.9999704061977946,0.04500159806531908,1.0,True,0.4843205574912892,803.0087387552609,95.0,STANDBY,False,ASTRA_SIMULATED_EPS
2790.0,ASTRA-SC-01,EPS,32.662060055246556,-21.46784038338162,11.565621990619803,39.99881624791178,1.0,NOMINAL,0.9999704061977946,0.04500159806531908,1.0,True,0.48606271777003485,802.7776319842793,95.0,STANDBY,False,ASTRA_SIMULATED_EPS
2800.0,ASTRA-SC-01,EPS,32.812999411186716,-21.495859984139706,11.55603409376845,39.99881624791178,1.0,NOMINAL,0.9999704061977946,0.04500159806531908,1.0,True,0.4878048780487805,802.5498363894055,95.0,STANDBY,False,ASTRA_SIMULATED_EPS
2810.0,ASTRA-SC-01,EPS,32.879932521583775,-21.546386762867982,11.672528685771624,39.99881624791178,1.0,NOMINAL,0.9999704061977946,0.04500159806531908,1.0,True,0.4895470383275261,802.3250518353582,95.0,STANDBY,False,ASTRA_SIMULATED_EPS
2820.0,ASTRA-SC-01,EPS,32.86140888800214,-21.28145894351643,11.651648200572488,39.99881624791178,1.0,NOMINAL,0.9999704061977946,0.04500159806531908,1.0,True,0.4912891986062718,802.1030079156982,95.0,STANDBY,False,ASTRA_SIMULATED_EPS
2830.0,ASTRA-SC-01,EPS,32.72421561617473,-21.621967917045094,11.691287664818894,39.99881624791178,1.0,NOMINAL,0.9999704061977946,0.04500159806531908,1.0,True,0.4930313588850174,801.8834614775114,95.0,STANDBY,False,ASTRA_SIMULATED_EPS
2840.0,ASTRA-SC-01,EPS,32.704610432755935,-21.41104704045155,11.825513125449296,39.99881624791178,1.0,NOMINAL,0.9999704061977946,0.04500159806531908,1.0,True,0.49477351916376305,801.6661943512389,95.0,STANDBY,False,ASTRA_SIMULATED_EPS
2850.0,ASTRA-SC-01,EPS,32.71378076872386,-21.632319134688938,11.813387132552798,39.99881624791178,1.0,NOMINAL,0.9999704061977946,0.04500159806531908,1.0,True,0.4965156794425087,801.4510112685548,95.0,STANDBY,False,ASTRA_SIMULATED_EPS
2860.0,ASTRA-SC-01,EPS,32.71537667998513,-21.460710325756676,11.835194405427483,39.99881624791178,1.0,NOMINAL,0.9999704061977946,0.04500159806531908,1.0,True,0.49825783972125437,801.2377379526105,95.0,STANDBY,False,ASTRA_SIMULATED_EPS
2870.0,ASTRA-SC-01,EPS,32.55615513760324,-21.351275460531077,11.94997852219965,39.99881624791178,1.0,NOMINAL,0.9999704061977946,0.04500159806531908,1.0,True,0.5,801.0262193662711,95.0,STANDBY,False,ASTRA_SIMULATED_EPS
2880.0,ASTRA-SC-01,EPS,32.70329467621291,-21.56282166775071,11.909519546997595,39.99881624791178,1.0,NOMINAL,0.9999704061977946,0.04500159806531908,1.0,True,0.5017421602787456,800.8163181051706,95.0,STANDBY,False,ASTRA_SIMULATED_EPS
2890.0,ASTRA-SC-01,EPS,32.85786572164786,-21.43868573255731,12.03068399630345,39.99881624791178,1.0,NOMINAL,0.9999704061977946,0.04500159806531908,1.0,True,0.5034843205574913,800.6079129235075,95.0,STANDBY,False,ASTRA_SIMULATED_EPS
2900.0,ASTRA-SC-01,EPS,32.77333835079036,-21.596336991426416,11.896061635561264,39.99881624791178,1.0,NOMINAL,0.9999704061977946,0.04500159806531908,1.0,True,0.5052264808362369,800.4008973815126,95.0,STANDBY,False,ASTRA_SIMULATED_EPS
2910.0,ASTRA-SC-01,EPS,32.68194841041079,-21.503957394952742,12.089516058476965,39.99881624791178,1.0,NOMINAL,0.9999704061977946,0.04500159806531908,1.0,True,0.5069686411149826,800.1951786044401,95.0,STANDBY,False,ASTRA_SIMULATED_EPS
2920.0,ASTRA-SC-01,EPS,32.716500058863474,-21.46882620567109,12.033634682355844,39.99881624791178,1.0,NOMINAL,0.9999704061977946,0.04500159806531908,1.0,True,0.5087108013937283,799.9906761437821,95.0,STANDBY,False,ASTRA_SIMULATED_EPS
2930.0,ASTRA-SC-01,EPS,32.99593783954987,-21.203669968504354,12.04248746141256,39.99881624791178,1.0,NOMINAL,0.9999704061977946,0.04500159806531908,1.0,True,0.5104529616724739,799.7873209321797,95.0,STANDBY,False,ASTRA_SIMULATED_EPS
2940.0,ASTRA-SC-01,EPS,32.72047324468182,-21.36425670891431,12.137608252152297,39.99881624791178,1.0,NOMINAL,0.9999704061977946,0.04500159806531908,1.0,True,0.5121951219512195,799.5850543242193,95.0,STANDBY,False,ASTRA_SIMULATED_EPS
2950.0,ASTRA-SC-01,EPS,33.10336866876481,-21.409873443502136,12.119939832928138,39.99881624791178,1.0,NOMINAL,0.9999704061977946,0.04500159806531908,1.0,True,0.5139372822299652,799.3838272159464,95.0,STANDBY,False,ASTRA_SIMULATED_EPS
2960.0,ASTRA-SC-01,EPS,32.897176542538666,-21.34482973504285,12.213227554903357,39.99881624791178,1.0,NOMINAL,0.9999704061977946,0.04500159806531908,1.0,True,0.5156794425087108,799.1835992365383,95.0,STANDBY,False,ASTRA_SIMULATED_EPS
2970.0,ASTRA-SC-01,EPS,32.88334127054736,-21.34350880940293,12.264875741078187,39.99881624791178,1.0,NOMINAL,0.9999704061977946,0.04500159806531908,1.0,True,0.5174216027874564,798.9843380061097,95.0,STANDBY,False,ASTRA_SIMULATED_EPS
2980.0,ASTRA-SC-01,EPS,33.026690913359474,-21.384426360375418,12.232171334011774,39.99881624791178,1.0,NOMINAL,0.9999704061977946,0.04500159806531908,1.0,True,0.519163763066202,798.7860184541473,95.0,STANDBY,False,ASTRA_SIMULATED_EPS
2990.0,ASTRA-SC-01,EPS,32.82397025849369,-21.315811165618147,12.23370574134337,39.99881624791178,1.0,NOMINAL,0.9999704061977946,0.04500159806531908,1.0,True,0.5209059233449478,798.5886221935043,95.0,STANDBY,False,ASTRA_SIMULATED_EPS
3000.0,ASTRA-SC-01,EPS,32.860283407021576,-21.489401781906025,12.309924310179703,39.99881624791178,1.0,NOMINAL,0.9999704061977946,0.04500159806531908,1.0,True,0.5226480836236934,798.3921369453363,95.0,STANDBY,False,ASTRA_SIMULATED_EPS
3010.0,ASTRA-SC-01,EPS,33.00941379557576,-21.41785524392114,12.344652942680725,39.99881624791178,1.0,NOMINAL,0.9999704061977946,0.04500159806531908,1.0,True,0.524390243902439,798.1965560107192,95.0,STANDBY,False,ASTRA_SIMULATED_EPS
3020.0,ASTRA-SC-01,EPS,32.57667602527456,-21.349655594340422,12.40835911590378,39.99881624791178,1.0,NOMINAL,0.9999704061977946,0.04500159806531908,1.0,True,0.5261324041811847,798.0018777850657,95.0,STANDBY,False,ASTRA_SIMULATED_EPS
3030.0,ASTRA-SC-01,EPS,33.1544119526162,-21.4619660784681,12.420706202094594,39.99881624791178,1.0,NOMINAL,0.9999704061977946,0.04500159806531908,1.0,True,0.5278745644599303,797.808105311771,95.0,STANDBY,False,ASTRA_SIMULATED_EPS
3040.0,ASTRA-SC-01,EPS,32.84050095219691,-21.244727788243356,12.438557916138073,39.99881624791178,1.0,NOMINAL,0.9999704061977946,0.04500159806531908,1.0,True,0.5296167247386759,797.6152458718152,95.0,STANDBY,False,ASTRA_SIMULATED_EPS
3050.0,ASTRA-SC-01,EPS,32.84532909309904,-21.34758872502069,12.486137624108325,39.99881624791178,1.0,NOMINAL,0.9999704061977946,0.04500159806531908,1.0,True,0.5313588850174216,797.4233106063341,95.0,STANDBY,False,ASTRA_SIMULATED_EPS
3060.0,ASTRA-SC-01,EPS,32.72632957330084,-21.38815006872235,12.56388393792015,39.99881624791178,1.0,NOMINAL,0.9999704061977946,0.04500159806531908,1.0,True,0.5331010452961672,797.232314169402,95.0,STANDBY,False,ASTRA_SIMULATED_EPS
3070.0,ASTRA-SC-01,EPS,32.6311759195466,-21.389208424423753,12.508502437812334,39.99881624791178,1.0,NOMINAL,0.9999704061977946,0.04500159806531908,1.0,True,0.5348432055749129,797.042274408522,95.0,STANDBY,False,ASTRA_SIMULATED_EPS
3080.0,ASTRA-SC-01,EPS,32.995488899689626,-21.56892384693649,12.548779697634522,39.99881624791178,1.0,NOMINAL,0.9999704061977946,0.04500159806531908,1.0,True,0.5365853658536586,796.8532120705081,95.0,STANDBY,False,ASTRA_SIMULATED_EPS
3090.0,ASTRA-SC-01,EPS,32.86135145918232,-21.217325062312078,12.60656700865038,39.99881624791178,1.0,NOMINAL,0.9999704061977946,0.04500159806531908,1.0,True,0.5383275261324042,796.6651505306519,95.0,STANDBY,False,ASTRA_SIMULATED_EPS
3100.0,ASTRA-SC-01,EPS,32.708426496509844,-21.176337080039794,12.570494214946596,39.99881624791178,1.0,NOMINAL,0.9999704061977946,0.04500159806531908,1.0,True,0.5400696864111498,796.4781155432327,95.0,STANDBY,False,ASTRA_SIMULATED_EPS
3110.0,ASTRA-SC-01,EPS,32.438869693880164,-21.331992920907265,12.650744479205208,39.99881624791178,1.0,NOMINAL,0.9999704061977946,0.04500159806531908,1.0,True,0.5418118466898955,796.2921350116026,95.0,STANDBY,False,ASTRA_SIMULATED_EPS
3120.0,ASTRA-SC-01,EPS,32.63198061712999,-21.296346583069887,12.720901633747955,39.99881624791178,1.0,NOMINAL,0.9999704061977946,0.04500159806531908,1.0,True,0.5435540069686411,796.1072387762135,95.0,STANDBY,False,ASTRA_SIMULATED_EPS
3130.0,ASTRA-SC-01,EPS,32.70694615430286,-21.513194915330914,12.785111233642004,39.99881624791178,1.0,NOMINAL,0.9999704061977946,0.04500159806531908,1.0,True,0.5452961672473867,795.9234584191017,95.0,STANDBY,False,ASTRA_SIMULATED_EPS
3140.0,ASTRA-SC-01,EPS,32.90607935830842,-21.375514843126126,12.8665095814493,39.99881624791178,1.0,NOMINAL,0.9999704061977946,0.04500159806531908,1.0,True,0.5470383275261324,795.7408270834611,95.0,STANDBY,False,ASTRA_SIMULATED_EPS
3150.0,ASTRA-SC-01,EPS,32.62395285389369,-21.52943801423307,12.77218452091194,39.99881624791178,1.0,NOMINAL,0.9999704061977946,0.04500159806531908,1.0,True,0.5487804878048781,795.5593793070558,95.0,STANDBY,False,ASTRA_SIMULATED_EPS
3160.0,ASTRA-SC-01,EPS,32.791964214753165,-21.326200562222237,12.827233375077247,39.99881624791178,1.0,NOMINAL,0.9999704061977946,0.04500159806531908,1.0,True,0.5505226480836237,795.379150868325,95.0,STANDBY,False,ASTRA_SIMULATED_EPS
3170.0,ASTRA-SC-01,EPS,32.85717335254854,-21.487787961821066,12.943911954385342,39.99881624791178,1.0,NOMINAL,0.9999704061977946,0.04500159806531908,1.0,True,0.5522648083623694,795.2001786441327,95.0,STANDBY,False,ASTRA_SIMULATED_EPS
3180.0,ASTRA-SC-01,EPS,32.785962293404104,-21.217708155631218,12.921202061582509,39.99881624791178,1.0,NOMINAL,0.9999704061977946,0.04500159806531908,1.0,True,0.554006968641115,795.0225004781947,95.0,STANDBY,False,ASTRA_SIMULATED_EPS
3190.0,ASTRA-SC-01,EPS,32.874339119427255,-21.273512842750222,12.958707046821898,39.99881624791178,1.0,NOMINAL,0.9999704061977946,0.04500159806531908,1.0,True,0.5557491289198606,794.8461550593073,95.0,STANDBY,False,ASTRA_SIMULATED_EPS
3200.0,ASTRA-SC-01,EPS,32.904835980430974,-21.183401148993095,12.978317486328466,39.99881624791178,1.0,NOMINAL,0.9999704061977946,0.04500159806531908,1.0,True,0.5574912891986062,794.6711818085648,95.0,STANDBY,False,ASTRA_SIMULATED_EPS
3210.0,ASTRA-SC-01,EPS,32.91570455179113,-21.336538919948516,13.072581311478896,39.99881624791178,1.0,NOMINAL,0.9999704061977946,0.04500159806531908,1.0,True,0.5592334494773519,794.497620774834,95.0,STANDBY,False,ASTRA_SIMULATED_EPS
3220.0,ASTRA-SC-01,EPS,32.68850247034516,-21.120277769849533,13.03056601864163,39.99881624791178,1.0,NOMINAL,0.9999704061977946,0.04500159806531908,1.0,True,0.5609756097560976,794.3255125377956,95.0,STANDBY,False,ASTRA_SIMULATED_EPS
3230.0,ASTRA-SC-01,EPS,32.564784967463424,-21.301778508408667,13.03043446952541,39.99881624791178,1.0,NOMINAL,0.9999704061977946,0.04500159806531908,1.0,True,0.5627177700348432,794.1548981179467,95.0,STANDBY,False,ASTRA_SIMULATED_EPS
3240.0,ASTRA-SC-01,EPS,32.93729040291158,-21.383720699286833,13.07400591526654,39.99881624791178,1.0,NOMINAL,0.9999704061977946,0.04500159806531908,1.0,True,0.5644599303135889,793.9858188929833,95.0,STANDBY,False,ASTRA_SIMULATED_EPS
3250.0,ASTRA-SC-01,EPS,32.48954741220394,-21.356255926659266,13.00686428036482,39.99881624791178,1.0,NOMINAL,0.9999704061977946,0.04500159806531908,1.0,True,0.5662020905923345,793.8183165200488,95.0,STANDBY,False,ASTRA_SIMULATED_EPS
3260.0,ASTRA-SC-01,EPS,32.539670671447894,-21.21596401621085,13.199006765971486,39.99881624791178,1.0,NOMINAL,0.9999704061977946,0.04500159806531908,1.0,True,0.5679442508710801,793.6524328633717,95.0,STANDBY,False,ASTRA_SIMULATED_EPS
3270.0,ASTRA-SC-01,EPS,32.86919961152494,-21.403543502477035,13.188905278877433,39.99881624791178,1.0,NOMINAL,0.9999704061977946,0.04500159806531908,1.0,True,0.5696864111498258,793.4882099268524,95.0,STANDBY,False,ASTRA_SIMULATED_EPS
3280.0,ASTRA-SC-01,EPS,32.79883466154507,-21.41989558724227,13.297950652848638,39.99881624791178,1.0,NOMINAL,0.9999704061977946,0.04500159806531908,1.0,True,0.5714285714285714,793.3256897912019,95.0,STANDBY,False,ASTRA_SIMULATED_EPS
3290.0,ASTRA-SC-01,EPS,32.94331009540382,-21.310511405487915,13.255530947742805,39.99881624791178,1.0,NOMINAL,0.9999704061977946,0.04500159806531908,1.0,True,0.573170731707317,793.1649145552653,95.0,STANDBY,False,ASTRA_SIMULATED_EPS
3300.0,ASTRA-SC-01,EPS,32.833599164620665,-21.50850210492509,13.273149955585042,39.99881624791178,1.0,NOMINAL,0.9999704061977946,0.04500159806531908,1.0,True,0.5749128919860628,793.0059262811958,95.0,STANDBY,False,ASTRA_SIMULATED_EPS
3310.0,ASTRA-SC-01,EPS,32.68758134941194,-21.38781236581564,13.302692453200951,39.99881624791178,1.0,NOMINAL,0.9999704061977946,0.04500159806531908,1.0,True,0.5766550522648084,792.8487669431714,95.0,STANDBY,False,ASTRA_SIMULATED_EPS
3320.0,ASTRA-SC-01,EPS,33.09424007753668,-21.200153472361354,13.319343858441902,39.99881624791178,1.0,NOMINAL,0.9999704061977946,0.04500159806531908,1.0,True,0.578397212543554,792.6934783793737,95.0,STANDBY,False,ASTRA_SIMULATED_EPS
3330.0,ASTRA-SC-01,EPS,32.89332646753088,-21.111043881379,13.425206751255564,39.99881624791178,1.0,NOMINAL,0.9999704061977946,0.04500159806531908,1.0,True,0.5801393728222997,792.5401022469708,95.0,STANDBY,False,ASTRA_SIMULATED_EPS
3340.0,ASTRA-SC-01,EPS,32.80920364997186,-21.334234641125853,13.444875632611666,39.99881624791178,1.0,NOMINAL,0.9999704061977946,0.04500159806531908,1.0,True,0.5818815331010453,792.3886799798718,95.0,STANDBY,False,ASTRA_SIMULATED_EPS
3350.0,ASTRA-SC-01,EPS,32.86395483137459,-21.158043031920595,13.472629818436618,39.99881624791178,1.0,NOMINAL,0.9999704061977946,0.04500159806531908,1.0,True,0.5836236933797909,792.2392527490348,95.0,STANDBY,False,ASTRA_SIMULATED_EPS
3360.0,ASTRA-SC-01,EPS,32.97154791916774,-21.31272729186694,13.537565275025305,39.99881624791178,1.0,NOMINAL,0.9999704061977946,0.04500159806531908,1.0,True,0.5853658536585366,792.091861425131,95.0,STANDBY,False,ASTRA_SIMULATED_EPS
3370.0,ASTRA-SC-01,EPS,32.83183000757015,-21.017883737200453,13.467978325981132,39.99881624791178,1.0,NOMINAL,0.9999704061977946,0.04500159806531908,1.0,True,0.5871080139372822,791.9465465433888,95.0,STANDBY,False,ASTRA_SIMULATED_EPS
3380.0,ASTRA-SC-01,EPS,33.08411726308127,-21.22236558249481,13.500526982793197,39.99881624791178,1.0,NOMINAL,0.9999704061977946,0.04500159806531908,1.0,True,0.5888501742160279,791.8033482704459,95.0,STANDBY,False,ASTRA_SIMULATED_EPS
3390.0,ASTRA-SC-01,EPS,32.72006827759931,-21.27570020486089,13.58488458593942,39.99881624791178,1.0,NOMINAL,0.9999704061977946,0.04500159806531908,1.0,True,0.5905923344947736,791.6623063730675,95.0,STANDBY,False,ASTRA_SIMULATED_EPS
3400.0,ASTRA-SC-01,EPS,32.885167646289275,-21.299627790126788,13.592955422236626,39.99881624791178,1.0,NOMINAL,0.9999704061977946,0.04500159806531908,1.0,True,0.5923344947735192,791.5234601885847,95.0,STANDBY,False,ASTRA_SIMULATED_EPS
3410.0,ASTRA-SC-01,EPS,33.15075027773839,-21.03964828181314,13.646404873595113,39.99881624791178,1.0,NOMINAL,0.9999704061977946,0.04500159806531908,1.0,True,0.5940766550522648,791.3868485969318,95.0,STANDBY,False,ASTRA_SIMULATED_EPS
3420.0,ASTRA-SC-01,EPS,32.805656548718474,-21.21424341701617,13.685599018907634,39.99881624791178,1.0,NOMINAL,0.9999704061977946,0.04500159806531908,1.0,True,0.5958188153310104,791.252509994164,95.0,STANDBY,False,ASTRA_SIMULATED_EPS
3430.0,ASTRA-SC-01,EPS,32.63168903612126,-21.252157254629253,13.601747454923178,39.99881624791178,1.0,NOMINAL,0.9999704061977946,0.04500159806531908,1.0,True,0.5975609756097561,791.1204822673552,95.0,STANDBY,False,ASTRA_SIMULATED_EPS
3440.0,ASTRA-SC-01,EPS,32.864895500738555,-21.1477022409461,13.691190197745778,39.99881624791178,1.0,NOMINAL,0.9999704061977946,0.04500159806531908,1.0,True,0.5993031358885017,790.9908027707722,95.0,STANDBY,False,ASTRA_SIMULATED_EPS
3450.0,ASTRA-SC-01,EPS,33.057553343892494,-21.351879787560677,13.67222317812796,39.99881624791178,1.0,NOMINAL,0.9999704061977946,0.04500159806531908,1.0,True,0.6010452961672473,790.8635083032448,95.0,STANDBY,False,ASTRA_SIMULATED_EPS
3460.0,ASTRA-SC-01,EPS,32.83623349039934,-21.09562595658235,13.859650461585641,39.99881624791178,1.0,NOMINAL,0.9999704061977946,0.04500159806531908,1.0,True,0.6027874564459931,790.7386350866462,95.0,STANDBY,False,ASTRA_SIMULATED_EPS
3470.0,ASTRA-SC-01,EPS,32.724168333660984,-21.088406272512284,13.803460775999014,39.99881624791178,1.0,NOMINAL,0.9999704061977946,0.04500159806531908,1.0,True,0.6045296167247387,790.6162187454127,95.0,STANDBY,False,ASTRA_SIMULATED_EPS
3480.0,ASTRA-SC-01,EPS,32.77111364525315,-21.10642142912566,13.867854646862789,39.99881624791178,1.0,NOMINAL,0.9999704061977946,0.04500159806531908,1.0,True,0.6062717770034843,790.4962942870353,95.0,STANDBY,False,ASTRA_SIMULATED_EPS
3490.0,ASTRA-SC-01,EPS,32.5409002465238,-21.037045429833487,13.934015767974977,39.99881624791178,1.0,NOMINAL,0.9999704061977946,0.04500159806531908,1.0,True,0.60801393728223,790.3788960834622,95.0,STANDBY,False,ASTRA_SIMULATED_EPS
3500.0,ASTRA-SC-01,EPS,32.69683353494871,-21.153518043305173,13.919406013047693,39.99881624791178,1.0,NOMINAL,0.9999704061977946,0.04500159806531908,1.0,True,0.6097560975609756,790.2640578533565,95.0,STANDBY,False,ASTRA_SIMULATED_EPS
3510.0,ASTRA-SC-01,EPS,32.842173760029155,-21.25509244509183,13.89073745666003,39.99881624791178,1.0,NOMINAL,0.9999704061977946,0.04500159806531908,1.0,True,0.6114982578397212,790.151812645156,95.0,STANDBY,False,ASTRA_SIMULATED_EPS
3520.0,ASTRA-SC-01,EPS,32.79523321643207,-21.06056459794781,13.981033783119837,39.99881624791178,1.0,NOMINAL,0.9999704061977946,0.04500159806531908,1.0,True,0.6132404181184669,790.0421928208941,95.0,STANDBY,False,ASTRA_SIMULATED_EPS
3530.0,ASTRA-SC-01,EPS,32.7386443251803,-21.10181174534185,13.840883034290904,39.99881624791178,1.0,NOMINAL,0.9999704061977946,0.04500159806531908,1.0,True,0.6149825783972126,789.9352300407327,95.0,STANDBY,False,ASTRA_SIMULATED_EPS
3540.0,ASTRA-SC-01,EPS,32.98781827294713,-21.377213766491067,13.994565957811393,39.99881624791178,1.0,NOMINAL,0.9999704061977946,0.04500159806531908,1.0,True,0.6167247386759582,789.8309552481747,95.0,STANDBY,False,ASTRA_SIMULATED_EPS
3550.0,ASTRA-SC-01,EPS,32.61580136692731,-21.324733908101187,14.100028842904123,39.99881624791178,1.0,NOMINAL,0.9999704061977946,0.04500159806531908,1.0,True,0.6184668989547039,789.7293986559156,95.0,STANDBY,False,ASTRA_SIMULATED_EPS
3560.0,ASTRA-SC-01,EPS,32.72272235377733,-21.139709744571682,14.068862841248478,39.99881624791178,1.0,NOMINAL,0.9999704061977946,0.04500159806531908,1.0,True,0.6202090592334495,789.6305897323075,95.0,STANDBY,False,ASTRA_SIMULATED_EPS
3570.0,ASTRA-SC-01,EPS,32.8776573246309,-21.166688212670014,14.03620270199583,39.99881624791178,1.0,NOMINAL,0.9999704061977946,0.04500159806531908,1.0,True,0.6219512195121951,789.5345571884019,95.0,STANDBY,False,ASTRA_SIMULATED_EPS
3580.0,ASTRA-SC-01,EPS,32.96280889118182,-21.227102297477558,14.051588945437057,39.99881624791178,1.0,NOMINAL,0.9999704061977946,0.04500159806531908,1.0,True,0.6236933797909407,789.4413289655478,95.0,STANDBY,False,ASTRA_SIMULATED_EPS
3590.0,ASTRA-SC-01,EPS,32.72921434794099,-21.00325122098301,14.200917346034732,39.99881624791178,1.0,NOMINAL,0.9999704061977946,0.04500159806531908,1.0,True,0.6254355400696864,789.3509322235192,95.0,STANDBY,False,ASTRA_SIMULATED_EPS
3600.0,ASTRA-SC-01,EPS,32.74224605490399,-21.20564845332924,14.171235423011044,39.99881624791178,1.0,NOMINAL,0.9999704061977946,0.04500159806531908,1.0,True,0.627177700348432,789.2633933291518,95.0,STANDBY,False,ASTRA_SIMULATED_EPS
3610.0,ASTRA-SC-01,EPS,33.14000468866148,-21.12203080805518,14.237653078796608,39.99881624791178,1.0,NOMINAL,0.9999704061977946,0.04500159806531908,1.0,True,0.6289198606271778,789.178737845468,95.0,STANDBY,False,ASTRA_SIMULATED_EPS
3620.0,ASTRA-SC-01,EPS,32.96838751927037,-21.135405171679466,14.231955819822188,39.99881624791178,1.0,NOMINAL,0.9999704061977946,0.04500159806531908,1.0,True,0.6306620209059234,789.096990521271,95.0,STANDBY,False,ASTRA_SIMULATED_EPS
3630.0,ASTRA-SC-01,EPS,32.76722318996664,-21.16739551867311,14.271727060815428,39.99881624791178,1.0,NOMINAL,0.9999704061977946,0.04500159806531908,1.0,True,0.632404181184669,789.0181752811947,95.0,STANDBY,False,ASTRA_SIMULATED_EPS
3640.0,ASTRA-SC-01,EPS,32.9187531490674,-21.151394580383,14.338823941374658,39.99881624791178,1.0,NOMINAL,0.9999704061977946,0.04500159806531908,1.0,True,0.6341463414634146,788.9423152161921,95.0,STANDBY,False,ASTRA_SIMULATED_EPS
3650.0,ASTRA-SC-01,EPS,32.78618671261328,-21.146216588722716,14.230809391453903,39.99881624791178,1.0,NOMINAL,0.9999704061977946,0.04500159806531908,1.0,True,0.6358885017421603,788.8694325744501,95.0,STANDBY,False,ASTRA_SIMULATED_EPS
3660.0,ASTRA-SC-01,EPS,32.94969909874775,-21.114418287755395,14.409071346038342,39.99881624791178,1.0,NOMINAL,0.9999704061977946,0.04500159806531908,1.0,True,0.6376306620209059,788.7995487527155,95.0,STANDBY,False,ASTRA_SIMULATED_EPS
3670.0,ASTRA-SC-01,EPS,32.324446458197315,-20.919462730075576,14.380566903562814,39.99881624791178,1.0,NOMINAL,0.9999704061977946,0.04500159806531908,1.0,True,0.6393728222996515,788.7326842880267,95.0,STANDBY,False,ASTRA_SIMULATED_EPS
3680.0,ASTRA-SC-01,EPS,32.9811627892541,-21.263975618904325,14.446484956530446,39.99881624791178,1.0,NOMINAL,0.9999704061977946,0.04500159806531908,1.0,True,0.6411149825783972,788.6688588498359,95.0,STANDBY,False,ASTRA_SIMULATED_EPS
3690.0,ASTRA-SC-01,EPS,32.626666880275216,-21.21603243919104,14.539772238940586,39.99881624791178,1.0,NOMINAL,0.9999704061977946,0.04500159806531908,1.0,True,0.6428571428571429,788.6080912325158,95.0,STANDBY,False,ASTRA_SIMULATED_EPS
3700.0,ASTRA-SC-01,EPS,32.768152634160714,-21.12112510686611,14.515723202658357,39.99881624791178,1.0,NOMINAL,0.9999704061977946,0.04500159806531908,1.0,True,0.6445993031358885,788.5503993482397,95.0,STANDBY,False,ASTRA_SIMULATED_EPS
3710.0,ASTRA-SC-01,EPS,32.880714400719825,-21.126881910855474,14.518541946737567,39.99881624791178,1.0,NOMINAL,0.9999704061977946,0.04500159806531908,1.0,True,0.6463414634146342,788.495800220233,95.0,STANDBY,False,ASTRA_SIMULATED_EPS
3720.0,ASTRA-SC-01,EPS,33.19357723273594,-21.148345058193005,14.5383480652257,39.99881624791178,1.0,NOMINAL,0.9999704061977946,0.04500159806531908,1.0,True,0.6480836236933798,788.4443099763828,95.0,STANDBY,False,ASTRA_SIMULATED_EPS
3730.0,ASTRA-SC-01,EPS,32.97172829362338,-21.018107050274676,14.615569179866931,39.99881624791178,1.0,NOMINAL,0.9999704061977946,0.04500159806531908,1.0,True,0.6498257839721254,788.3959438432022,95.0,STANDBY,False,ASTRA_SIMULATED_EPS
3740.0,ASTRA-SC-01,EPS,32.90417391540251,-21.265638142371035,14.66573932743173,39.99881624791178,1.0,NOMINAL,0.9999704061977946,0.04500159806531908,1.0,True,0.6515679442508711,788.3507161401494,95.0,STANDBY,False,ASTRA_SIMULATED_EPS
3750.0,ASTRA-SC-01,EPS,32.61142665553873,-21.104331284874373,14.574129777646863,39.99881624791178,1.0,NOMINAL,0.9999704061977946,0.04500159806531908,1.0,True,0.6533101045296167,788.3086402742849,95.0,STANDBY,False,ASTRA_SIMULATED_EPS
3760.0,ASTRA-SC-01,EPS,32.78890549436617,-21.100254917457317,14.655613181399952,39.99881624791178,1.0,NOMINAL,0.9999704061977946,0.04500159806531908,1.0,True,0.6550522648083623,788.2697287352735,95.0,STANDBY,False,ASTRA_SIMULATED_EPS
3770.0,ASTRA-SC-01,EPS,32.86861778703005,-20.956951914464554,14.68984991484813,39.99881624791178,1.0,NOMINAL,0.9999704061977946,0.04500159806531908,1.0,True,0.6567944250871081,788.2339930907219,95.0,STANDBY,False,ASTRA_SIMULATED_EPS
3780.0,ASTRA-SC-01,EPS,32.759383013441024,-21.02786327622077,14.754200929019271,39.99881624791178,1.0,NOMINAL,0.9999704061977946,0.04500159806531908,1.0,True,0.6585365853658537,788.2014439818478,95.0,STANDBY,False,ASTRA_SIMULATED_EPS
3790.0,ASTRA-SC-01,EPS,32.598099852281194,-21.06755331996736,14.757266768609723,39.99881624791178,1.0,NOMINAL,0.9999704061977946,0.04500159806531908,1.0,True,0.6602787456445993,788.1720911194791,95.0,STANDBY,False,ASTRA_SIMULATED_EPS
3800.0,ASTRA-SC-01,EPS,32.75062444086788,-20.9806276895257,14.742112797125234,39.99881624791178,1.0,NOMINAL,0.9999704061977946,0.04500159806531908,1.0,True,0.662020905923345,788.1459432803808,95.0,STANDBY,False,ASTRA_SIMULATED_EPS
3810.0,ASTRA-SC-01,EPS,32.820018175133754,-21.151322411522052,14.777728887318661,39.99881624791178,1.0,NOMINAL,0.9999704061977946,0.04500159806531908,1.0,True,0.6637630662020906,788.1230083039036,95.0,STANDBY,False,ASTRA_SIMULATED_EPS
3820.0,ASTRA-SC-01,EPS,32.619638041449065,-21.2909219797686,14.883936654940996,39.99881624791178,1.0,NOMINAL,0.9999704061977946,0.04500159806531908,1.0,True,0.6655052264808362,788.1032930889537,95.0,STANDBY,False,ASTRA_SIMULATED_EPS
3830.0,ASTRA-SC-01,EPS,32.66052477654472,-21.24076916376778,14.723730665694816,39.99881624791178,1.0,NOMINAL,0.9999704061977946,0.04500159806531908,1.0,True,0.6672473867595818,788.0868035912852,95.0,STANDBY,False,ASTRA_SIMULATED_EPS
3840.0,ASTRA-SC-01,EPS,32.69463611200291,-21.277066342297932,14.940617195591487,39.99881624791178,1.0,NOMINAL,0.9999704061977946,0.04500159806531908,1.0,True,0.6689895470383276,788.0735448211041,95.0,STANDBY,False,ASTRA_SIMULATED_EPS
3850.0,ASTRA-SC-01,EPS,32.965031092776364,-21.206501524397822,14.998182184018326,39.99881624791178,1.0,NOMINAL,0.9999704061977946,0.04500159806531908,1.0,True,0.6707317073170732,788.0635208409918,95.0,STANDBY,False,ASTRA_SIMULATED_EPS
3860.0,ASTRA-SC-01,EPS,32.96043071077663,-21.166092401489568,14.787561946957428,39.99881624791178,1.0,NOMINAL,0.9999704061977946,0.04500159806531908,1.0,True,0.6724738675958188,788.0567347641403,95.0,STANDBY,False,ASTRA_SIMULATED_EPS
3870.0,ASTRA-SC-01,EPS,33.17513198237196,-21.283797935452295,14.857162209399393,39.99881624791178,1.0,NOMINAL,0.9999704061977946,0.04500159806531908,1.0,True,0.6742160278745645,788.0531887528979,95.0,STANDBY,False,ASTRA_SIMULATED_EPS
3880.0,ASTRA-SC-01,EPS,32.96712260423656,-20.860073167004018,15.03547396861477,39.99881624791178,1.0,NOMINAL,0.9999704061977946,0.04500159806531908,1.0,True,0.6759581881533101,788.0528840176266,95.0,STANDBY,False,ASTRA_SIMULATED_EPS
3890.0,ASTRA-SC-01,EPS,32.89190347002218,-21.064311771402906,15.035687744754423,39.99881624791178,1.0,NOMINAL,0.9999704061977946,0.04500159806531908,1.0,True,0.6777003484320557,788.0558208158691,95.0,STANDBY,False,ASTRA_SIMULATED_EPS
3900.0,ASTRA-SC-01,EPS,32.923886101399646,-21.09919578011171,15.024912310101493,39.99881624791178,1.0,NOMINAL,0.9999704061977946,0.04500159806531908,1.0,True,0.6794425087108014,788.0619984518197,95.0,STANDBY,False,ASTRA_SIMULATED_EPS
3910.0,ASTRA-SC-01,EPS,32.78915890568713,-21.214025583339552,15.032282628380816,39.99881624791178,1.0,NOMINAL,0.9999704061977946,0.04500159806531908,1.0,True,0.681184668989547,788.0714152761058,95.0,STANDBY,False,ASTRA_SIMULATED_EPS
3920.0,ASTRA-SC-01,EPS,32.52178395659423,-21.1418646949033,15.023429983180678,39.99881624791178,1.0,NOMINAL,0.9999704061977946,0.04500159806531908,1.0,True,0.6829268292682927,788.084068685869,95.0,STANDBY,False,ASTRA_SIMULATED_EPS
3930.0,ASTRA-SC-01,EPS,32.618438528715025,-21.11156067545623,15.168932027419354,39.99881624791178,1.0,NOMINAL,0.9999704061977946,0.04500159806531908,1.0,True,0.6846689895470384,788.0999551251556,95.0,STANDBY,False,ASTRA_SIMULATED_EPS
3940.0,ASTRA-SC-01,EPS,32.95002527701688,-21.305842056422357,15.076252287838667,39.99881624791178,1.0,NOMINAL,0.9999704061977946,0.04500159806531908,1.0,True,0.686411149825784,788.1190700856041,95.0,STANDBY,False,ASTRA_SIMULATED_EPS
3950.0,ASTRA-SC-01,EPS,32.95370776379269,-21.241456762217858,15.140833413981555,39.99881624791178,1.0,NOMINAL,0.9999704061977946,0.04500159806531908,1.0,True,0.6881533101045296,788.141408107437,95.0,STANDBY,False,ASTRA_SIMULATED_EPS
3960.0,ASTRA-SC-01,EPS,32.88963095847637,-21.240674544780003,15.183595006598088,39.99881624791178,1.0,NOMINAL,0.9999704061977946,0.04500159806531908,1.0,True,0.6898954703832753,788.1669627807524,95.0,STANDBY,False,ASTRA_SIMULATED_EPS
3970.0,ASTRA-SC-01,EPS,32.580647659228056,-21.200941722265828,15.220506458047808,39.99881624791178,1.0,NOMINAL,0.9999704061977946,0.04500159806531908,1.0,True,0.6916376306620209,788.195726747113,95.0,STANDBY,False,ASTRA_SIMULATED_EPS
3980.0,ASTRA-SC-01,EPS,32.53817761392579,-21.086611420911023,15.229656758430771,39.99881624791178,1.0,NOMINAL,0.9999704061977946,0.04500159806531908,1.0,True,0.6933797909407665,788.2276917014325,95.0,STANDBY,False,ASTRA_SIMULATED_EPS
3990.0,ASTRA-SC-01,EPS,32.890030759738885,-21.111650326639086,15.324897300146793,39.99881624791178,1.0,NOMINAL,0.9999704061977946,0.04500159806531908,1.0,True,0.6951219512195121,788.2628483941618,95.0,STANDBY,False,ASTRA_SIMULATED_EPS
4000.0,ASTRA-SC-01,EPS,32.81996045617649,-21.18513254366888,15.288787313056654,39.99881624791178,1.0,NOMINAL,0.9999704061977946,0.04500159806531908,1.0,True,0.6968641114982579,788.3011866337653,95.0,STANDBY,False,ASTRA_SIMULATED_EPS
4010.0,ASTRA-SC-01,EPS,32.888523310448925,-21.133459494546802,15.310614895964154,39.99881624791178,1.0,NOMINAL,0.9999704061977946,0.04500159806531908,1.0,True,0.6986062717770035,788.3426952894944,95.0,STANDBY,False,ASTRA_SIMULATED_EPS
4020.0,ASTRA-SC-01,EPS,32.68429938333094,-21.213613744051198,15.264298820316897,39.99881624791178,1.0,NOMINAL,0.9999704061977946,0.04500159806531908,1.0,True,0.7003484320557491,788.3873622944528,95.0,STANDBY,False,ASTRA_SIMULATED_EPS
4030.0,ASTRA-SC-01,EPS,33.086349545476985,-21.279393725660118,15.325558679793334,39.99881624791178,1.0,NOMINAL,0.9999704061977946,0.04500159806531908,1.0,True,0.7020905923344948,788.4351746489517,95.0,STANDBY,False,ASTRA_SIMULATED_EPS
4040.0,ASTRA-SC-01,EPS,32.68160727585472,-21.04415813141652,15.37116257859604,39.99881624791178,1.0,NOMINAL,0.9999704061977946,0.04500159806531908,1.0,True,0.7038327526132404,788.486118424157,95.0,STANDBY,False,ASTRA_SIMULATED_EPS
4050.0,ASTRA-SC-01,EPS,33.00405010480056,-21.21946084670879,15.42549734378847,39.99881624791178,1.0,NOMINAL,0.9999704061977946,0.04500159806531908,1.0,True,0.705574912891986,788.5401787660217,95.0,STANDBY,False,ASTRA_SIMULATED_EPS
4060.0,ASTRA-SC-01,EPS,32.66242948746088,-20.909092580733386,15.377736921030666,39.99881624791178,1.0,NOMINAL,0.9999704061977946,0.04500159806531908,1.0,True,0.7073170731707317,788.5973398995087,95.0,STANDBY,False,ASTRA_SIMULATED_EPS
4070.0,ASTRA-SC-01,EPS,32.850233702580276,-21.078282560088844,15.483307818609429,39.99881624791178,1.0,NOMINAL,0.9999704061977946,0.04500159806531908,1.0,True,0.7090592334494773,788.6575851330953,95.0,STANDBY,False,ASTRA_SIMULATED_EPS
4080.0,ASTRA-SC-01,EPS,32.76903735596316,-21.164776667412944,15.490241456365846,39.99881624791178,1.0,NOMINAL,0.9999704061977946,0.04500159806531908,1.0,True,0.710801393728223,788.7208968635631,95.0,STANDBY,False,ASTRA_SIMULATED_EPS
4090.0,ASTRA-SC-01,EPS,32.775316093489,-21.045660679139242,15.623942230492414,39.99881624791178,1.0,NOMINAL,0.9999704061977946,0.04500159806531908,1.0,True,0.7125435540069687,788.7872565810706,95.0,STANDBY,False,ASTRA_SIMULATED_EPS
4100.0,ASTRA-SC-01,EPS,32.70799695122865,-21.30627425500471,15.534299535114181,39.99881624791178,1.0,NOMINAL,0.9999704061977946,0.04500159806531908,1.0,True,0.7142857142857143,788.8566448745024,95.0,STANDBY,False,ASTRA_SIMULATED_EPS
4110.0,ASTRA-SC-01,EPS,33.22248890018072,-21.245778809980916,15.64589957477053,39.99881624791178,1.0,NOMINAL,0.9999704061977946,0.04500159806531908,1.0,True,0.7160278745644599,788.9290414371014,95.0,STANDBY,False,ASTRA_SIMULATED_EPS
4120.0,ASTRA-SC-01,EPS,33.07456210010574,-21.22037799904437,15.617555705165595,39.99881624791178,1.0,NOMINAL,0.9999704061977946,0.04500159806531908,1.0,True,0.7177700348432056,789.0044250723732,95.0,STANDBY,False,ASTRA_SIMULATED_EPS
4130.0,ASTRA-SC-01,EPS,33.066476354786744,-21.203441858073933,15.604023249064664,39.99881624791178,1.0,NOMINAL,0.9999704061977946,0.04500159806531908,1.0,True,0.7195121951219512,789.0827737002683,95.0,STANDBY,False,ASTRA_SIMULATED_EPS
4140.0,ASTRA-SC-01,EPS,32.70403000374718,-21.276365092930487,15.60676718377096,39.99881624791178,1.0,NOMINAL,0.9999704061977946,0.04500159806531908,1.0,True,0.7212543554006968,789.1640643636333,95.0,STANDBY,False,ASTRA_SIMULATED_EPS
4150.0,ASTRA-SC-01,EPS,32.59870131959785,-21.162700044167586,15.625694449975265,39.99881624791178,1.0,NOMINAL,0.9999704061977946,0.04500159806531908,1.0,True,0.7229965156794426,789.2482732349359,95.0,STANDBY,False,ASTRA_SIMULATED_EPS
4160.0,ASTRA-SC-01,EPS,32.837764214617394,-21.34159749275808,15.705632608174845,39.99881624791178,1.0,NOMINAL,0.9999704061977946,0.04500159806531908,1.0,True,0.7247386759581882,789.3353756232553,95.0,STANDBY,False,ASTRA_SIMULATED_EPS
4170.0,ASTRA-SC-01,EPS,32.93612034752276,-21.392900550215533,15.73262052213233,39.99881624791178,1.0,NOMINAL,0.9999704061977946,0.04500159806531908,1.0,True,0.7264808362369338,789.4253459815393,95.0,STANDBY,False,ASTRA_SIMULATED_EPS
4180.0,ASTRA-SC-01,EPS,33.000758177458046,-21.30882310164771,15.82230919913213,39.99881624791178,1.0,NOMINAL,0.9999704061977946,0.04500159806531908,1.0,True,0.7282229965156795,789.5181579141263,95.0,STANDBY,False,ASTRA_SIMULATED_EPS
4190.0,ASTRA-SC-01,EPS,32.86814190914692,-21.255798848717273,15.760588977694585,39.99881624791178,1.0,NOMINAL,0.9999704061977946,0.04500159806531908,1.0,True,0.7299651567944251,789.6137841845252,95.0,STANDBY,False,ASTRA_SIMULATED_EPS
4200.0,ASTRA-SC-01,EPS,32.89098800405656,-5.528080846318068,15.814946224715584,39.99881624791178,1.0,ANOMALOUS,0.9999704061977946,0.04500159806531908,0.35,True,0.7317073170731707,276.3992688532104,95.0,STANDBY,True,ASTRA_SIMULATED_EPS
4210.0,ASTRA-SC-01,EPS,32.648436180671354,-5.526111190592203,15.741888011114433,39.99881624791178,1.0,ANOMALOUS,0.9999704061977946,0.04500159806531908,0.35,True,0.7334494773519163,276.43467832300473,95.0,STANDBY,True,ASTRA_SIMULATED_EPS
4220.0,ASTRA-SC-01,EPS,32.78118324465976,-5.562275912054402,15.80029704220097,39.99881624791178,1.0,ANOMALOUS,0.9999704061977946,0.04500159806531908,0.35,True,0.735191637630662,276.47104247556797,95.0,STANDBY,True,ASTRA_SIMULATED_EPS
4230.0,ASTRA-SC-01,EPS,33.00213971916521,-5.498235866031983,15.891964915937603,39.99881624791178,1.0,ANOMALOUS,0.9999704061977946,0.04500159806531908,0.35,True,0.7369337979094077,276.5083506300025,95.0,STANDBY,True,ASTRA_SIMULATED_EPS
4240.0,ASTRA-SC-01,EPS,32.62028785085225,-5.545393001042902,15.946532206864823,39.99881624791178,1.0,ANOMALOUS,0.9999704061977946,0.04500159806531908,0.35,True,0.7386759581881533,276.5465918260785,95.0,STANDBY,True,ASTRA_SIMULATED_EPS
4250.0,ASTRA-SC-01,EPS,32.822665164080085,-5.460449715377874,15.929847540977274,39.99881624791178,1.0,ANOMALOUS,0.9999704061977946,0.04500159806531908,0.35,True,0.740418118466899,276.58575482748694,95.0,STANDBY,True,ASTRA_SIMULATED_EPS
4260.0,ASTRA-SC-01,EPS,32.83091950039036,-5.54757425047999,15.941098209849315,39.99881624791178,1.0,ANOMALOUS,0.9999704061977946,0.04500159806531908,0.35,True,0.7421602787456446,276.62582812517735,95.0,STANDBY,True,ASTRA_SIMULATED_EPS
4270.0,ASTRA-SC-01,EPS,32.774419384336944,-5.515568595946216,16.006431157344302,39.99881624791178,1.0,ANOMALOUS,0.9999704061977946,0.04500159806531908,0.35,True,0.7439024390243902,276.6667999407788,95.0,STANDBY,True,ASTRA_SIMULATED_EPS
4280.0,ASTRA-SC-01,EPS,32.67052399052166,-5.583526691762463,15.890896183405397,39.99881624791178,1.0,ANOMALOUS,0.9999704061977946,0.04500159806531908,0.35,True,0.7456445993031359,276.70865823010394,95.0,STANDBY,True,ASTRA_SIMULATED_EPS
4290.0,ASTRA-SC-01,EPS,32.88273311298353,-5.577385496677462,15.899108038540776,39.99881624791178,1.0,ANOMALOUS,0.9999704061977946,0.04500159806531908,0.35,True,0.7473867595818815,276.7513906867346,95.0,STANDBY,True,ASTRA_SIMULATED_EPS
4300.0,ASTRA-SC-01,EPS,32.86314977042255,-5.461073522732325,16.030431015762904,39.99881624791178,1.0,ANOMALOUS,0.9999704061977946,0.04500159806531908,0.35,True,0.7491289198606271,276.7949847456871,95.0,STANDBY,True,ASTRA_SIMULATED_EPS
4310.0,ASTRA-SC-01,EPS,32.936934070538875,-5.541304896036027,16.049708119850102,39.99881624791178,1.0,ANOMALOUS,0.9999704061977946,0.04500159806531908,0.35,True,0.7508710801393729,276.8394275871576,95.0,STANDBY,True,ASTRA_SIMULATED_EPS
4320.0,ASTRA-SC-01,EPS,32.95014989465131,-5.554862574397552,16.091876477939895,39.99881624791178,1.0,ANOMALOUS,0.9999704061977946,0.04500159806531908,0.35,True,0.7526132404181185,276.8847061403451,95.0,STANDBY,True,ASTRA_SIMULATED_EPS
4330.0,ASTRA-SC-01,EPS,32.852181512112864,-5.568637521921325,16.151899628080496,39.99881624791178,1.0,ANOMALOUS,0.9999704061977946,0.04500159806531908,0.35,True,0.7543554006968641,276.93080708735096,95.0,STANDBY,True,ASTRA_SIMULATED_EPS
4340.0,ASTRA-SC-01,EPS,32.77073110217645,-5.572942402861305,16.15285020942058,39.99881624791178,1.0,ANOMALOUS,0.9999704061977946,0.04500159806531908,0.35,True,0.7560975609756098,276.9777168671544,95.0,STANDBY,True,ASTRA_SIMULATED_EPS
4350.0,ASTRA-SC-01,EPS,32.652077836970285,-5.5487301125985375,16.149232701497205,39.99881624791178,1.0,ANOMALOUS,0.9999704061977946,0.04500159806531908,0.35,True,0.7578397212543554,277.0254216796624,95.0,STANDBY,True,ASTRA_SIMULATED_EPS
4360.0,ASTRA-SC-01,EPS,32.97750774379739,-5.5355821963519105,16.17203813365528,39.99881624791178,1.0,ANOMALOUS,0.9999704061977946,0.04500159806531908,0.35,True,0.759581881533101,277.0739074898321,95.0,STANDBY,True,ASTRA_SIMULATED_EPS
4370.0,ASTRA-SC-01,EPS,32.933535316284306,-5.507085278292428,16.224717891625886,39.99881624791178,1.0,ANOMALOUS,0.9999704061977946,0.04500159806531908,0.35,True,0.7613240418118467,277.1231600318652,95.0,STANDBY,True,ASTRA_SIMULATED_EPS
4380.0,ASTRA-SC-01,EPS,32.801121798227676,-5.5971473455545455,16.167046820151036,39.99881624791178,1.0,ANOMALOUS,0.9999704061977946,0.04500159806531908,0.35,True,0.7630662020905923,277.1731648134734,95.0,STANDBY,True,ASTRA_SIMULATED_EPS
4390.0,ASTRA-SC-01,EPS,32.74936802592443,-5.575683397657294,16.234366464813387,39.99881624791178,1.0,ANOMALOUS,0.9999704061977946,0.04500159806531908,0.35,True,0.764808362369338,277.2239071202111,95.0,STANDBY,True,ASTRA_SIMULATED_EPS
4400.0,ASTRA-SC-01,EPS,32.80871442291988,-5.539906866148766,16.263540184313136,39.99881624791178,1.0,ANOMALOUS,0.9999704061977946,0.04500159806531908,0.35,True,0.7665505226480837,277.2753720198779,95.0,STANDBY,True,ASTRA_SIMULATED_EPS
4410.0,ASTRA-SC-01,EPS,32.87920886684783,-5.5567498212456865,16.19157962123649,39.99881624791178,1.0,ANOMALOUS,0.9999704061977946,0.04500159806531908,0.35,True,0.7682926829268293,277.32754436698565,95.0,STANDBY,True,ASTRA_SIMULATED_EPS
4420.0,ASTRA-SC-01,EPS,32.64537569909621,-5.565202379682184,16.253093937879985,39.99881624791178,1.0,ANOMALOUS,0.9999704061977946,0.04500159806531908,0.35,True,0.7700348432055749,277.38040880729153,95.0,STANDBY,True,ASTRA_SIMULATED_EPS
4430.0,ASTRA-SC-01,EPS,32.89781058230879,-5.511883576399328,16.397680557806847,39.99881624791178,1.0,ANOMALOUS,0.9999704061977946,0.04500159806531908,0.35,True,0.7717770034843205,277.43394978239365,95.0,STANDBY,True,ASTRA_SIMULATED_EPS
4440.0,ASTRA-SC-01,EPS,32.76441998227362,-5.51483701251413,16.367277858174827,39.99881624791178,1.0,ANOMALOUS,0.9999704061977946,0.04500159806531908,0.35,True,0.7735191637630662,277.48815153438863,95.0,STANDBY,True,ASTRA_SIMULATED_EPS
4450.0,ASTRA-SC-01,EPS,32.74414286993594,-5.585569313536236,16.367761415696144,39.99881624791178,1.0,ANOMALOUS,0.9999704061977946,0.04500159806531908,0.35,True,0.7752613240418118,277.5429981105905,95.0,STANDBY,True,ASTRA_SIMULATED_EPS
4460.0,ASTRA-SC-01,EPS,32.73576411810059,-5.561528668838286,16.413892572672985,39.99881624791178,1.0,ANOMALOUS,0.9999704061977946,0.04500159806531908,0.35,True,0.7770034843205574,277.5984733683071,95.0,STANDBY,True,ASTRA_SIMULATED_EPS
4470.0,ASTRA-SC-01,EPS,32.79992353692158,-5.554483537251119,16.488313883696822,39.99881624791178,1.0,ANOMALOUS,0.9999704061977946,0.04500159806531908,0.35,True,0.7787456445993032,277.6545609796753,95.0,STANDBY,True,ASTRA_SIMULATED_EPS
4480.0,ASTRA-SC-01,EPS,32.95514814187781,-5.619345669432962,16.32394209569252,39.99881624791178,1.0,ANOMALOUS,0.9999704061977946,0.04500159806531908,0.35,True,0.7804878048780488,277.7112444365511,95.0,STANDBY,True,ASTRA_SIMULATED_EPS
4490.0,ASTRA-SC-01,EPS,32.95264977298336,-5.6172261784108874,16.463195513936483,39.99881624791178,1.0,ANOMALOUS,0.9999704061977946,0.04500159806531908,0.35,True,0.7822299651567944,277.768507055454,95.0,STANDBY,True,ASTRA_SIMULATED_EPS
4500.0,ASTRA-SC-01,EPS,32.60752883205019,-5.633303162952526,16.524241763683943,39.99881624791178,1.0,ANOMALOUS,0.9999704061977946,0.04500159806531908,0.35,True,0.7839721254355401,277.82633198256525,95.0,STANDBY,True,ASTRA_SIMULATED_EPS
4510.0,ASTRA-SC-01,EPS,32.92392325830565,-5.594806266046329,16.390290729660393,39.99881624791178,1.0,ANOMALOUS,0.9999704061977946,0.04500159806531908,0.35,True,0.7857142857142857,277.88470219877547,95.0,STANDBY,True,ASTRA_SIMULATED_EPS
4520.0,ASTRA-SC-01,EPS,32.70984148206399,-5.564761003974303,16.468511018244218,39.99881624791178,1.0,ANOMALOUS,0.9999704061977946,0.04500159806531908,0.35,True,0.7874564459930313,277.94360052478316,95.0,STANDBY,True,ASTRA_SIMULATED_EPS
4530.0,ASTRA-SC-01,EPS,32.82949449715473,-5.5799616831313665,16.593974620738493,39.99881624791178,1.0,ANOMALOUS,0.9999704061977946,0.04500159806531908,0.35,True,0.789198606271777,278.00300962624016,95.0,STANDBY,True,ASTRA_SIMULATED_EPS
4540.0,ASTRA-SC-01,EPS,32.819034834416485,-5.613304572098901,16.647331927386304,39.99881624791178,1.0,ANOMALOUS,0.9999704061977946,0.04500159806531908,0.35,True,0.7909407665505227,278.0629120189443,95.0,STANDBY,True,ASTRA_SIMULATED_EPS
4550.0,ASTRA-SC-01,EPS,32.77342560497901,-5.58402392781223,16.56327327874328,39.99881624791178,1.0,ANOMALOUS,0.9999704061977946,0.04500159806531908,0.35,True,0.7926829268292683,278.1232900740754,95.0,STANDBY,True,ASTRA_SIMULATED_EPS
4560.0,ASTRA-SC-01,EPS,32.726726985850036,-5.614112009672554,16.623662875896244,39.99881624791178,1.0,ANOMALOUS,0.9999704061977946,0.04500159806531908,0.35,True,0.794425087108014,278.18412602347524,95.0,STANDBY,True,ASTRA_SIMULATED_EPS
4570.0,ASTRA-SC-01,EPS,33.08013925939812,-5.632030693354824,16.573945948521533,39.99881624791178,1.0,ANOMALOUS,0.9999704061977946,0.04500159806531908,0.35,True,0.7961672473867596,278.2454019649679,95.0,STANDBY,True,ASTRA_SIMULATED_EPS
4580.0,ASTRA-SC-01,EPS,33.04069169511555,-5.595625122498976,16.643424717433266,39.99881624791178,1.0,ANOMALOUS,0.9999704061977946,0.04500159806531908,0.35,True,0.7979094076655052,278.30709986772047,95.0,STANDBY,True,ASTRA_SIMULATED_EPS
4590.0,ASTRA-SC-01,EPS,32.96996537218807,-5.610579532766833,16.790373831098634,39.99881624791178,1.0,ANOMALOUS,0.9999704061977946,0.04500159806531908,0.35,True,0.7996515679442509,278.3692015776405,95.0,STANDBY,True,ASTRA_SIMULATED_EPS
4600.0,ASTRA-SC-01,EPS,32.91060188885666,-5.608610595282205,16.82907456049677,39.99881624791178,1.0,ANOMALOUS,0.9999704061977946,0.04500159806531908,0.35,True,0.8013937282229965,278.4316888228104,95.0,STANDBY,True,ASTRA_SIMULATED_EPS
4610.0,ASTRA-SC-01,EPS,32.7000884954803,-5.569975541875408,16.75825055445426,39.99881624791178,1.0,ANOMALOUS,0.9999704061977946,0.04500159806531908,0.35,True,0.8031358885017421,278.4945432189556,95.0,STANDBY,True,ASTRA_SIMULATED_EPS
4620.0,ASTRA-SC-01,EPS,33.01290582082499,-5.544869494187114,16.76690403708607,39.99881624791178,1.0,ANOMALOUS,0.9999704061977946,0.04500159806531908,0.35,True,0.8048780487804879,278.5577462749456,95.0,STANDBY,True,ASTRA_SIMULATED_EPS
4630.0,ASTRA-SC-01,EPS,32.67586563750175,-5.583132860312769,16.753377250932825,39.99881624791178,1.0,ANOMALOUS,0.9999704061977946,0.04500159806531908,0.35,True,0.8066202090592335,278.62127939832567,95.0,STANDBY,True,ASTRA_SIMULATED_EPS
4640.0,ASTRA-SC-01,EPS,33.12961370841187,-5.595748722989287,16.790897573803036,39.99881624791178,1.0,ANOMALOUS,0.9999704061977946,0.04500159806531908,0.35,True,0.8083623693379791,278.68512390087795,95.0,STANDBY,True,ASTRA_SIMULATED_EPS
4650.0,ASTRA-SC-01,EPS,32.82971103667006,-5.646680049806862,16.782425179706124,39.99881624791178,1.0,ANOMALOUS,0.9999704061977946,0.04500159806531908,0.35,True,0.8101045296167247,278.7492610042091,95.0,STANDBY,True,ASTRA_SIMULATED_EPS
4660.0,ASTRA-SC-01,EPS,32.99628842209015,-5.62586499602791,16.800444316813213,39.99881624791178,1.0,ANOMALOUS,0.9999704061977946,0.04500159806531908,0.35,True,0.8118466898954704,278.8136718453642,95.0,STANDBY,True,ASTRA_SIMULATED_EPS
4670.0,ASTRA-SC-01,EPS,32.88743350423921,-5.566980654336425,16.91046342517137,39.99881624791178,1.0,ANOMALOUS,0.9999704061977946,0.04500159806531908,0.35,True,0.813588850174216,278.878337482464,95.0,STANDBY,True,ASTRA_SIMULATED_EPS
4680.0,ASTRA-SC-01,EPS,32.96277295023578,-5.633129039804651,16.82509318427532,39.99881624791178,1.0,ANOMALOUS,0.9999704061977946,0.04500159806531908,0.35,True,0.8153310104529616,278.9432389003644,95.0,STANDBY,True,ASTRA_SIMULATED_EPS
4690.0,ASTRA-SC-01,EPS,33.04563839345668,-5.620774149100253,16.905252243542694,39.99881624791178,1.0,ANOMALOUS,0.9999704061977946,0.04500159806531908,0.35,True,0.8170731707317073,279.00835701633554,95.0,STANDBY,True,ASTRA_SIMULATED_EPS
4700.0,ASTRA-SC-01,EPS,33.017244012442404,-5.593711525901622,16.962140832584552,39.99881624791178,1.0,ANOMALOUS,0.9999704061977946,0.04500159806531908,0.35,True,0.818815331010453,279.0736726857596,95.0,STANDBY,True,ASTRA_SIMULATED_EPS
4710.0,ASTRA-SC-01,EPS,33.154478147728575,-5.635379036134476,17.00723352653392,39.99881624791178,1.0,ANOMALOUS,0.9999704061977946,0.04500159806531908,0.35,True,0.8205574912891986,279.13916670784516,95.0,STANDBY,True,ASTRA_SIMULATED_EPS
4720.0,ASTRA-SC-01,EPS,32.80877398667385,-5.607214063226326,17.058702697396804,39.99881624791178,1.0,ANOMALOUS,0.9999704061977946,0.04500159806531908,0.35,True,0.8222996515679443,279.20481983135596,95.0,STANDBY,True,ASTRA_SIMULATED_EPS
4730.0,ASTRA-SC-01,EPS,32.88270759984942,-5.600292646024609,17.057285231538796,39.99881624791178,1.0,ANOMALOUS,0.9999704061977946,0.04500159806531908,0.35,True,0.8240418118466899,279.2706127603529,95.0,STANDBY,True,ASTRA_SIMULATED_EPS
4740.0,ASTRA-SC-01,EPS,32.73957280181076,-5.647893057864198,16.97274297866646,39.99881624791178,1.0,ANOMALOUS,0.9999704061977946,0.04500159806531908,0.35,True,0.8257839721254355,279.33652615994697,95.0,STANDBY,True,ASTRA_SIMULATED_EPS
4750.0,ASTRA-SC-01,EPS,32.47694718085414,-5.554045081070622,16.991089730912446,39.99881624791178,1.0,ANOMALOUS,0.9999704061977946,0.04500159806531908,0.35,True,0.8275261324041812,279.40254066206137,95.0,STANDBY,True,ASTRA_SIMULATED_EPS
4760.0,ASTRA-SC-01,EPS,32.76313904133314,-5.633310826578089,17.082830483691126,39.99881624791178,1.0,ANOMALOUS,0.9999704061977946,0.04500159806531908,0.35,True,0.8292682926829268,279.468636871201,95.0,STANDBY,True,ASTRA_SIMULATED_EPS
4770.0,ASTRA-SC-01,EPS,32.93320255191569,-5.597651462106331,17.05945971647542,39.99881624791178,1.0,ANOMALOUS,0.9999704061977946,0.04500159806531908,0.35,True,0.8310104529616724,279.53479537022787,95.0,STANDBY,True,ASTRA_SIMULATED_EPS
4780.0,ASTRA-SC-01,EPS,32.7720165186399,-5.61881305399052,17.097276062525612,39.99881624791178,1.0,ANOMALOUS,0.9999704061977946,0.04500159806531908,0.35,True,0.8327526132404182,279.60099672614035,95.0,STANDBY,True,ASTRA_SIMULATED_EPS
4790.0,ASTRA-SC-01,EPS,33.06302404368806,-5.613920784893225,17.16749527982039,39.99881624791178,1.0,ANOMALOUS,0.9999704061977946,0.04500159806531908,0.35,True,0.8344947735191638,279.66722149585394,95.0,STANDBY,True,ASTRA_SIMULATED_EPS
4800.0,ASTRA-SC-01,EPS,32.90813461734705,-5.593302630428163,17.160787131411702,39.99881624791178,1.0,ANOMALOUS,0.9999704061977946,0.04500159806531908,0.35,True,0.8362369337979094,279.73345023198266,95.0,STANDBY,True,ASTRA_SIMULATED_EPS
4810.0,ASTRA-SC-01,EPS,32.58674729381069,-5.620976905867906,17.14009691264432,39.99881624791178,1.0,ANOMALOUS,0.9999704061977946,0.04500159806531908,0.35,True,0.837979094076655,279.7996634886187,95.0,STANDBY,True,ASTRA_SIMULATED_EPS
4820.0,ASTRA-SC-01,EPS,32.71273238500233,-5.616796393622445,17.255451804886036,39.99881624791178,1.0,ANOMALOUS,0.9999704061977946,0.04500159806531908,0.35,True,0.8397212543554007,279.8658418271089,95.0,STANDBY,True,ASTRA_SIMULATED_EPS
4830.0,ASTRA-SC-01,EPS,32.80291247571139,-5.628018120855239,17.299465631475947,39.99881624791178,1.0,ANOMALOUS,0.9999704061977946,0.04500159806531908,0.35,True,0.8414634146341463,279.9319658218251,95.0,STANDBY,True,ASTRA_SIMULATED_EPS
4840.0,ASTRA-SC-01,EPS,32.838906826454014,-5.553902911960921,17.263392086834443,39.99881624791178,1.0,ANOMALOUS,0.9999704061977946,0.04500159806531908,0.35,True,0.8432055749128919,279.99801606592877,95.0,STANDBY,True,ASTRA_SIMULATED_EPS
4850.0,ASTRA-SC-01,EPS,32.510663976898364,-5.617273808288147,17.274880879518197,39.99881624791178,1.0,ANOMALOUS,0.9999704061977946,0.04500159806531908,0.35,True,0.8449477351916377,280.06397317712583,95.0,STANDBY,True,ASTRA_SIMULATED_EPS
4860.0,ASTRA-SC-01,EPS,33.010939735560235,-5.621936784776508,17.26955129984747,39.99881624791178,1.0,ANOMALOUS,0.9999704061977946,0.04500159806531908,0.35,True,0.8466898954703833,280.1298178034113,95.0,STANDBY,True,ASTRA_SIMULATED_EPS
4870.0,ASTRA-SC-01,EPS,32.59864261362632,-5.653250517916087,17.254544145405404,39.99881624791178,1.0,ANOMALOUS,0.9999704061977946,0.04500159806531908,0.35,True,0.8484320557491289,280.1955306288014,95.0,STANDBY,True,ASTRA_SIMULATED_EPS
4880.0,ASTRA-SC-01,EPS,32.704219824533226,-5.628737987415174,17.401106539551797,39.99881624791178,1.0,ANOMALOUS,0.9999704061977946,0.04500159806531908,0.35,True,0.8501742160278746,280.26109237905183,95.0,STANDBY,True,ASTRA_SIMULATED_EPS
4890.0,ASTRA-SC-01,EPS,32.86414899262277,-5.690061789784036,17.360327817573676,39.99881624791178,1.0,ANOMALOUS,0.9999704061977946,0.04500159806531908,0.35,True,0.8519163763066202,280.3264838273594,95.0,STANDBY,True,ASTRA_SIMULATED_EPS
4900.0,ASTRA-SC-01,EPS,32.99566811589055,-5.672567050333986,17.351828565337925,39.99881624791178,1.0,ANOMALOUS,0.9999704061977946,0.04500159806531908,0.35,True,0.8536585365853658,280.39168580004736,95.0,STANDBY,True,ASTRA_SIMULATED_EPS
4910.0,ASTRA-SC-01,EPS,32.801832820022454,-5.680380955086664,17.411320700233972,39.99881624791178,1.0,ANOMALOUS,0.9999704061977946,0.04500159806531908,0.35,True,0.8554006968641115,280.45667918222944,95.0,STANDBY,True,ASTRA_SIMULATED_EPS
4920.0,ASTRA-SC-01,EPS,32.77958885034896,-5.642278397756947,17.35485498517556,39.99881624791178,1.0,ANOMALOUS,0.9999704061977946,0.04500159806531908,0.35,True,0.8571428571428571,280.5214449234544,95.0,STANDBY,True,ASTRA_SIMULATED_EPS
4930.0,ASTRA-SC-01,EPS,32.727682097019375,-5.634159197023924,17.400856657543567,39.99881624791178,1.0,ANOMALOUS,0.9999704061977946,0.04500159806531908,0.35,True,0.8588850174216028,280.5859640433271,95.0,STANDBY,True,ASTRA_SIMULATED_EPS
4940.0,ASTRA-SC-01,EPS,33.08264109632147,-5.673475227915752,17.450947222595357,39.99881624791178,1.0,ANOMALOUS,0.9999704061977946,0.04500159806531908,0.35,True,0.8606271777003485,280.6502176371049,95.0,STANDBY,True,ASTRA_SIMULATED_EPS
4950.0,ASTRA-SC-01,EPS,32.95236620894707,-5.709363919918885,17.371833311078568,39.99881624791178,1.0,ANOMALOUS,0.9999704061977946,0.04500159806531908,0.35,True,0.8623693379790941,280.71418688126784,95.0,STANDBY,True,ASTRA_SIMULATED_EPS
4960.0,ASTRA-SC-01,EPS,32.54922075670197,-5.621988729781617,17.452387847711844,39.99881624791178,1.0,ANOMALOUS,0.9999704061977946,0.04500159806531908,0.35,True,0.8641114982578397,280.77785303906103,95.0,STANDBY,True,ASTRA_SIMULATED_EPS
4970.0,ASTRA-SC-01,EPS,33.218961313604034,-5.684796010543248,17.509261704819632,39.99881624791178,1.0,ANOMALOUS,0.9999704061977946,0.04500159806531908,0.35,True,0.8658536585365854,280.841197466007,95.0,STANDBY,True,ASTRA_SIMULATED_EPS
4980.0,ASTRA-SC-01,EPS,33.052325589321036,-5.601028319418628,17.62310922745251,39.99881624791178,1.0,ANOMALOUS,0.9999704061977946,0.04500159806531908,0.35,True,0.867595818815331,280.90420161538776,95.0,STANDBY,True,ASTRA_SIMULATED_EPS
4990.0,ASTRA-SC-01,EPS,32.99759258010179,-5.63566894809931,17.569606971951096,39.99881624791178,1.0,ANOMALOUS,0.9999704061977946,0.04500159806531908,0.35,True,0.8693379790940766,280.96684704369267,95.0,STANDBY,True,ASTRA_SIMULATED_EPS
5000.0,ASTRA-SC-01,EPS,32.92707297319415,-5.690105754645282,17.518964065321278,39.99881624791178,1.0,ANOMALOUS,0.9999704061977946,0.04500159806531908,0.35,True,0.8710801393728222,281.0291154160324,95.0,STANDBY,True,ASTRA_SIMULATED_EPS
5010.0,ASTRA-SC-01,EPS,32.798870597092055,-5.679284106690499,17.557052943000716,39.99881624791178,1.0,ANOMALOUS,0.9999704061977946,0.04500159806531908,0.35,True,0.872822299651568,281.0909885115169,95.0,STANDBY,True,ASTRA_SIMULATED_EPS
5020.0,ASTRA-SC-01,EPS,32.91362953417043,-5.643593586212474,17.60392211819376,39.99881624791178,1.0,ANOMALOUS,0.9999704061977946,0.04500159806531908,0.35,True,0.8745644599303136,281.1524482285951,95.0,STANDBY,True,ASTRA_SIMULATED_EPS
5030.0,ASTRA-SC-01,EPS,33.04173467638352,-5.715457070887829,17.609553462851505,39.99881624791178,1.0,ANOMALOUS,0.9999704061977946,0.04500159806531908,0.35,True,0.8763066202090593,281.2134765903554,95.0,STANDBY,True,ASTRA_SIMULATED_EPS
5040.0,ASTRA-SC-01,EPS,32.681867202264186,-5.7415215315346275,17.634784437694513,39.99881624791178,1.0,ANOMALOUS,0.9999704061977946,0.04500159806531908,0.35,True,0.8780487804878049,281.27405574978604,95.0,STANDBY,True,ASTRA_SIMULATED_EPS
5050.0,ASTRA-SC-01,EPS,32.77945775764793,-5.630462584079877,17.690088606955754,39.99881624791178,1.0,ANOMALOUS,0.9999704061977946,0.04500159806531908,0.35,True,0.8797909407665505,281.33416799499133,95.0,STANDBY,True,ASTRA_SIMULATED_EPS
5060.0,ASTRA-SC-01,EPS,32.6314603088653,-5.620884475494099,17.73917691277701,39.99881624791178,1.0,ANOMALOUS,0.9999704061977946,0.04500159806531908,0.35,True,0.8815331010452961,281.39379575436544,95.0,STANDBY,True,ASTRA_SIMULATED_EPS
5070.0,ASTRA-SC-01,EPS,32.89488634531177,-5.692209944310611,17.649678265556563,39.99881624791178,1.0,ANOMALOUS,0.9999704061977946,0.04500159806531908,0.35,True,0.8832752613240418,281.45292160172016,95.0,STANDBY,True,ASTRA_SIMULATED_EPS
5080.0,ASTRA-SC-01,EPS,32.73838315907185,-5.650027750111505,17.81135247541642,39.99881624791178,1.0,ANOMALOUS,0.9999704061977946,0.04500159806531908,0.35,True,0.8850174216027874,281.51152826136513,95.0,STANDBY,True,ASTRA_SIMULATED_EPS
5090.0,ASTRA-SC-01,EPS,33.05251149247184,-5.704545016450232,17.68056329336159,39.99881624791178,1.0,ANOMALOUS,0.9999704061977946,0.04500159806531908,0.35,True,0.8867595818815331,281.5695986131407,95.0,STANDBY,True,ASTRA_SIMULATED_EPS
5100.0,ASTRA-SC-01,EPS,32.8225289371289,-5.74910487330198,17.77207176629521,39.99881624791178,1.0,ANOMALOUS,0.9999704061977946,0.04500159806531908,0.35,True,0.8885017421602788,281.6271156973997,95.0,STANDBY,True,ASTRA_SIMULATED_EPS
5110.0,ASTRA-SC-01,EPS,32.77521759933264,-5.707280082448197,17.695495791541067,39.99881624791178,1.0,ANOMALOUS,0.9999704061977946,0.04500159806531908,0.35,True,0.8902439024390244,281.6840627199386,95.0,STANDBY,True,ASTRA_SIMULATED_EPS
5120.0,ASTRA-SC-01,EPS,32.88365293669398,-5.711233476856319,17.73600115393248,39.99881624791178,1.0,ANOMALOUS,0.9999704061977946,0.04500159806531908,0.35,True,0.89198606271777,281.7404230568758,95.0,STANDBY,True,ASTRA_SIMULATED_EPS
5130.0,ASTRA-SC-01,EPS,32.328381267549105,-5.696026583566081,17.90232425022957,39.99881624791178,1.0,ANOMALOUS,0.9999704061977946,0.04500159806531908,0.35,True,0.8937282229965157,281.7961802594755,95.0,STANDBY,True,ASTRA_SIMULATED_EPS
5140.0,ASTRA-SC-01,EPS,33.07186572513492,-5.712091947952264,17.802764502923605,39.99881624791178,1.0,ANOMALOUS,0.9999704061977946,0.04500159806531908,0.35,True,0.8954703832752613,281.85131805891604,95.0,STANDBY,True,ASTRA_SIMULATED_EPS
5150.0,ASTRA-SC-01,EPS,32.87630162631166,-5.731886418636331,17.867077033983485,39.99881624791178,1.0,ANOMALOUS,0.9999704061977946,0.04500159806531908,0.35,True,0.8972125435540069,281.9058203710019,95.0,STANDBY,True,ASTRA_SIMULATED_EPS
5160.0,ASTRA-SC-01,EPS,32.925058957726705,-5.658987262507011,17.866041101997865,39.99881624791178,1.0,ANOMALOUS,0.9999704061977946,0.04500159806531908,0.35,True,0.8989547038327527,281.9596713008168,95.0,STANDBY,True,ASTRA_SIMULATED_EPS
5170.0,ASTRA-SC-01,EPS,32.766022089942005,-5.731131495595063,17.84871532463768,39.99881624791178,1.0,ANOMALOUS,0.9999704061977946,0.04500159806531908,0.35,True,0.9006968641114983,282.0128551473177,95.0,STANDBY,True,ASTRA_SIMULATED_EPS
5180.0,ASTRA-SC-01,EPS,32.76228211237817,-5.690999413118081,17.954698415405097,39.99881624791178,1.0,ANOMALOUS,0.9999704061977946,0.04500159806531908,0.35,True,0.9024390243902439,282.0653564078677,95.0,STANDBY,True,ASTRA_SIMULATED_EPS
5190.0,ASTRA-SC-01,EPS,32.66770496363926,-5.654850064993336,17.91437228621706,39.99881624791178,1.0,ANOMALOUS,0.9999704061977946,0.04500159806531908,0.35,True,0.9041811846689896,282.1171597827073,95.0,STANDBY,True,ASTRA_SIMULATED_EPS
5200.0,ASTRA-SC-01,EPS,32.795919823653826,-5.731504988151586,17.825575310678822,39.99881624791178,1.0,ANOMALOUS,0.9999704061977946,0.04500159806531908,0.35,True,0.9059233449477352,282.1682501793623,95.0,STANDBY,True,ASTRA_SIMULATED_EPS
5210.0,ASTRA-SC-01,EPS,32.94440489733434,-5.683271083910577,17.951529512973377,39.99881624791178,1.0,ANOMALOUS,0.9999704061977946,0.04500159806531908,0.35,True,0.9076655052264808,282.2186127169867,95.0,STANDBY,True,ASTRA_SIMULATED_EPS
5220.0,ASTRA-SC-01,EPS,32.81041028308006,-5.6921891392524735,17.906227008942746,39.99881624791178,1.0,ANOMALOUS,0.9999704061977946,0.04500159806531908,0.35,True,0.9094076655052264,282.2682327306405,95.0,STANDBY,True,ASTRA_SIMULATED_EPS
5230.0,ASTRA-SC-01,EPS,32.71266088298017,-5.6843358560006925,17.940348219157183,39.99881624791178,1.0,ANOMALOUS,0.9999704061977946,0.04500159806531908,0.35,True,0.9111498257839721,282.31709577550055,95.0,STANDBY,True,ASTRA_SIMULATED_EPS
5240.0,ASTRA-SC-01,EPS,32.84756665381511,-5.757983560048834,18.04504268892981,39.99881624791178,1.0,ANOMALOUS,0.9999704061977946,0.04500159806531908,0.35,True,0.9128919860627178,282.3651876310029,95.0,STANDBY,True,ASTRA_SIMULATED_EPS
5250.0,ASTRA-SC-01,EPS,32.79357889793996,-5.7681150343273035,18.098566901024842,39.99881624791178,1.0,ANOMALOUS,0.9999704061977946,0.04500159806531908,0.35,True,0.9146341463414634,282.412494304917,95.0,STANDBY,True,ASTRA_SIMULATED_EPS
5260.0,ASTRA-SC-01,EPS,32.678953095423765,-5.742519340551287,18.068917513341393,39.99881624791178,1.0,ANOMALOUS,0.9999704061977946,0.04500159806531908,0.35,True,0.9163763066202091,282.45900203734874,95.0,STANDBY,True,ASTRA_SIMULATED_EPS
5270.0,ASTRA-SC-01,EPS,32.98779721561048,-5.750821904070333,18.080482675162965,39.99881624791178,1.0,ANOMALOUS,0.9999704061977946,0.04500159806531908,0.35,True,0.9181184668989547,282.50469730467296,95.0,STANDBY,True,ASTRA_SIMULATED_EPS
5280.0,ASTRA-SC-01,EPS,32.86974866944823,-5.6947933362214185,18.10468103061397,39.99881624791178,1.0,ANOMALOUS,0.9999704061977946,0.04500159806531908,0.35,True,0.9198606271777003,282.54956682339326,95.0,STANDBY,True,ASTRA_SIMULATED_EPS
5290.0,ASTRA-SC-01,EPS,32.739232489822456,-5.747222058224777,18.11857718979483,39.99881624791178,1.0,ANOMALOUS,0.9999704061977946,0.04500159806531908,0.35,True,0.921602787456446,282.5935975539287,95.0,STANDBY,True,ASTRA_SIMULATED_EPS
5300.0,ASTRA-SC-01,EPS,32.62359628819234,-5.818901994169569,18.15445993252868,39.99881624791178,1.0,ANOMALOUS,0.9999704061977946,0.04500159806531908,0.35,True,0.9233449477351916,282.63677670432594,95.0,STANDBY,True,ASTRA_SIMULATED_EPS
5310.0,ASTRA-SC-01,EPS,32.9476667089875,-5.801442455942596,18.10045838857245,39.99881624791178,1.0,ANOMALOUS,0.9999704061977946,0.04500159806531908,0.35,True,0.9250871080139372,282.67909173389666,95.0,STANDBY,True,ASTRA_SIMULATED_EPS
5320.0,ASTRA-SC-01,EPS,32.90096351402458,-5.654121740996221,18.17024875606156,39.99881624791178,1.0,ANOMALOUS,0.9999704061977946,0.04500159806531908,0.35,True,0.926829268292683,282.7205303567783,95.0,STANDBY,True,ASTRA_SIMULATED_EPS
5330.0,ASTRA-SC-01,EPS,32.68003361268175,-5.730673173141589,18.256168334113394,39.99881624791178,1.0,ANOMALOUS,0.9999704061977946,0.04500159806531908,0.35,True,0.9285714285714286,282.7610805454175,95.0,STANDBY,True,ASTRA_SIMULATED_EPS
5340.0,ASTRA-SC-01,EPS,32.693487733394605,-5.75260833678313,18.181454205011804,39.99881624791178,1.0,ANOMALOUS,0.9999704061977946,0.04500159806531908,0.35,True,0.9303135888501742,282.8007305339768,95.0,STANDBY,True,ASTRA_SIMULATED_EPS
5350.0,ASTRA-SC-01,EPS,32.64308085222863,-5.722787681191142,18.304943727028057,39.99881624791178,1.0,ANOMALOUS,0.9999704061977946,0.04500159806531908,0.35,True,0.9320557491289199,282.8394688216605,95.0,STANDBY,True,ASTRA_SIMULATED_EPS
5360.0,ASTRA-SC-01,EPS,32.85240806870911,-5.736555827502704,18.227189347847858,39.99881624791178,1.0,ANOMALOUS,0.9999704061977946,0.04500159806531908,0.35,True,0.9337979094076655,282.87728417596287,95.0,STANDBY,True,ASTRA_SIMULATED_EPS
5370.0,ASTRA-SC-01,EPS,32.543065207764855,-5.69947795425433,18.255909971679543,39.99881624791178,1.0,ANOMALOUS,0.9999704061977946,0.04500159806531908,0.35,True,0.9355400696864111,282.9141656358346,95.0,STANDBY,True,ASTRA_SIMULATED_EPS
5380.0,ASTRA-SC-01,EPS,32.76982581234373,-5.622834035295556,18.292713338731055,39.99881624791178,1.0,ANOMALOUS,0.9999704061977946,0.04500159806531908,0.35,True,0.9372822299651568,282.9501025147681,95.0,STANDBY,True,ASTRA_SIMULATED_EPS
5390.0,ASTRA-SC-01,EPS,32.676132431337656,-5.745703039616381,18.353123910257104,39.99881624791178,1.0,ANOMALOUS,0.9999704061977946,0.04500159806531908,0.35,True,0.9390243902439024,282.9850844038012,95.0,STANDBY,True,ASTRA_SIMULATED_EPS
5400.0,ASTRA-SC-01,EPS,32.81800001949749,-5.780805580413672,18.359541200526568,39.99881624791178,1.0,ANOMALOUS,0.9999704061977946,0.04500159806531908,0.35,True,0.9407665505226481,283.01910117443816,95.0,STANDBY,True,ASTRA_SIMULATED_EPS
5410.0,ASTRA-SC-01,EPS,32.68985029262094,-5.670329431520928,18.385412611073413,39.99881624791178,1.0,ANOMALOUS,0.9999704061977946,0.04500159806531908,0.35,True,0.9425087108013938,283.0521429814867,95.0,STANDBY,True,ASTRA_SIMULATED_EPS
5420.0,ASTRA-SC-01,EPS,32.72606449579162,-5.691240876405972,18.352585889426617,39.99881624791178,1.0,ANOMALOUS,0.9999704061977946,0.04500159806531908,0.35,True,0.9442508710801394,283.0842002658114,95.0,STANDBY,True,ASTRA_SIMULATED_EPS
5430.0,ASTRA-SC-01,EPS,32.93927642511398,-5.7189980156763776,18.324610766180303,39.99881624791178,1.0,ANOMALOUS,0.9999704061977946,0.04500159806531908,0.35,True,0.945993031358885,283.1152637570018,95.0,STANDBY,True,ASTRA_SIMULATED_EPS
5440.0,ASTRA-SC-01,EPS,32.69388367931762,-5.701548366100771,18.36787802272737,39.99881624791178,1.0,ANOMALOUS,0.9999704061977946,0.04500159806531908,0.35,True,0.9477351916376306,283.14532447595565,95.0,STANDBY,True,ASTRA_SIMULATED_EPS
5450.0,ASTRA-SC-01,EPS,32.73322681292812,-5.769298237218458,18.423437764507486,39.99881624791178,1.0,ANOMALOUS,0.9999704061977946,0.04500159806531908,0.35,True,0.9494773519163763,283.17437373737636,95.0,STANDBY,True,ASTRA_SIMULATED_EPS
5460.0,ASTRA-SC-01,EPS,33.137672145056484,-5.773943980981261,18.421062763231507,39.99881624791178,1.0,ANOMALOUS,0.9999704061977946,0.04500159806531908,0.35,True,0.9512195121951219,283.20240315218257,95.0,STANDBY,True,ASTRA_SIMULATED_EPS
5470.0,ASTRA-SC-01,EPS,33.03102410227054,-5.741485577800658,18.460017442102632,39.99881624791178,1.0,ANOMALOUS,0.9999704061977946,0.04500159806531908,0.35,True,0.9529616724738676,283.22940462983235,95.0,STANDBY,True,ASTRA_SIMULATED_EPS
5480.0,ASTRA-SC-01,EPS,32.62519451947482,-5.725160713287541,18.445541908767144,39.99881624791178,1.0,ANOMALOUS,0.9999704061977946,0.04500159806531908,0.35,True,0.9547038327526133,283.2553703805586,95.0,STANDBY,True,ASTRA_SIMULATED_EPS
5490.0,ASTRA-SC-01,EPS,32.96108087877016,-5.7003366298734655,18.60183090645959,39.99881624791178,1.0,ANOMALOUS,0.9999704061977946,0.04500159806531908,0.35,True,0.9564459930313589,283.2802929175167,95.0,STANDBY,True,ASTRA_SIMULATED_EPS
5500.0,ASTRA-SC-01,EPS,32.894482169447805,-5.730100363762038,18.499478998839233,39.99881624791178,1.0,ANOMALOUS,0.9999704061977946,0.04500159806531908,0.35,True,0.9581881533101045,283.30416505884375,95.0,STANDBY,True,ASTRA_SIMULATED_EPS
5510.0,ASTRA-SC-01,EPS,32.7415057434898,-5.730367135819161,18.492350353830055,39.99881624791178,1.0,ANOMALOUS,0.9999704061977946,0.04500159806531908,0.35,True,0.9599303135888502,283.32697992962864,95.0,STANDBY,True,ASTRA_SIMULATED_EPS
5520.0,ASTRA-SC-01,EPS,32.82705111332824,-5.69802108881728,18.474107641608125,39.99881624791178,1.0,ANOMALOUS,0.9999704061977946,0.04500159806531908,0.35,True,0.9616724738675958,283.34873096379215,95.0,STANDBY,True,ASTRA_SIMULATED_EPS
5530.0,ASTRA-SC-01,EPS,32.98636079955472,-5.698663729097245,18.535799517469563,39.99881624791178,1.0,ANOMALOUS,0.9999704061977946,0.04500159806531908,0.35,True,0.9634146341463414,283.3694119058787,95.0,STANDBY,True,ASTRA_SIMULATED_EPS
5540.0,ASTRA-SC-01,EPS,32.45144590591078,-5.764163200247752,18.62377479663032,39.99881624791178,1.0,ANOMALOUS,0.9999704061977946,0.04500159806531908,0.35,True,0.9651567944250871,283.38901681275604,95.0,STANDBY,True,ASTRA_SIMULATED_EPS
5550.0,ASTRA-SC-01,EPS,32.795673702032175,-5.777930829804332,18.550862523056047,39.99881624791178,1.0,ANOMALOUS,0.9999704061977946,0.04500159806531908,0.35,True,0.9668989547038328,283.40754005522604,95.0,STANDBY,True,ASTRA_SIMULATED_EPS
5560.0,ASTRA-SC-01,EPS,32.93728326174329,-5.7263268495194914,18.58128506077466,39.99881624791178,1.0,ANOMALOUS,0.9999704061977946,0.04500159806531908,0.35,True,0.9686411149825784,283.424976319544,95.0,STANDBY,True,ASTRA_SIMULATED_EPS
5570.0,ASTRA-SC-01,EPS,32.73926585130864,-5.758475665338665,18.564195872066268,39.99881624791178,1.0,ANOMALOUS,0.9999704061977946,0.04500159806531908,0.35,True,0.9703832752613241,283.44132060884596,95.0,STANDBY,True,ASTRA_SIMULATED_EPS
5580.0,ASTRA-SC-01,EPS,33.06434095916698,-5.756599412536582,18.688213463649024,39.99881624791178,1.0,ANOMALOUS,0.9999704061977946,0.04500159806531908,0.35,True,0.9721254355400697,283.4565682444866,95.0,STANDBY,True,ASTRA_SIMULATED_EPS
5590.0,ASTRA-SC-01,EPS,33.048915449501784,-5.712485466853478,18.622768240538225,39.99881624791178,1.0,ANOMALOUS,0.9999704061977946,0.04500159806531908,0.35,True,0.9738675958188153,283.47071486728385,95.0,STANDBY,True,ASTRA_SIMULATED_EPS
5600.0,ASTRA-SC-01,EPS,32.86563457045828,-5.747373089588567,18.61611256512116,39.99881624791178,1.0,ANOMALOUS,0.9999704061977946,0.04500159806531908,0.35,True,0.975609756097561,283.4837564386724,95.0,STANDBY,True,ASTRA_SIMULATED_EPS
5610.0,ASTRA-SC-01,EPS,32.852617986433984,-5.786695155731524,18.737584833825654,39.99881624791178,1.0,ANOMALOUS,0.9999704061977946,0.04500159806531908,0.35,True,0.9773519163763066,283.49568924176504,95.0,STANDBY,True,ASTRA_SIMULATED_EPS
5620.0,ASTRA-SC-01,EPS,32.72322809973361,-5.740464246081259,18.709223389008145,39.99881624791178,1.0,ANOMALOUS,0.9999704061977946,0.04500159806531908,0.35,True,0.9790940766550522,283.5065098823219,95.0,STANDBY,True,ASTRA_SIMULATED_EPS
5630.0,ASTRA-SC-01,EPS,32.75696432834993,-5.727752802310061,18.688126988611895,39.99881624791178,1.0,ANOMALOUS,0.9999704061977946,0.04500159806531908,0.35,True,0.980836236933798,283.5162152896275,95.0,STANDBY,True,ASTRA_SIMULATED_EPS
5640.0,ASTRA-SC-01,EPS,32.94231424582874,-5.793220401862421,18.734959491296493,39.99881624791178,1.0,ANOMALOUS,0.9999704061977946,0.04500159806531908,0.35,True,0.9825783972125436,283.52480271727495,95.0,STANDBY,True,ASTRA_SIMULATED_EPS
5650.0,ASTRA-SC-01,EPS,33.11740277010341,-5.781787353493303,18.711476889093415,39.99881624791178,1.0,ANOMALOUS,0.9999704061977946,0.04500159806531908,0.35,True,0.9843205574912892,283.5322697438583,95.0,STANDBY,True,ASTRA_SIMULATED_EPS
5660.0,ASTRA-SC-01,EPS,32.883703405674304,-5.742170133420723,18.779574671549682,39.99881624791178,1.0,ANOMALOUS,0.9999704061977946,0.04500159806531908,0.35,True,0.9860627177700348,283.5386142735716,95.0,STANDBY,True,ASTRA_SIMULATED_EPS
5670.0,ASTRA-SC-01,EPS,32.87964927887033,-5.726971850340241,18.834162710239585,39.99881624791178,1.0,ANOMALOUS,0.9999704061977946,0.04500159806531908,0.35,True,0.9878048780487805,283.54383453671613,95.0,STANDBY,True,ASTRA_SIMULATED_EPS
5680.0,ASTRA-SC-01,EPS,32.866633077844234,-5.756654074647734,18.828896595953534,39.99881624791178,1.0,ANOMALOUS,0.9999704061977946,0.04500159806531908,0.35,True,0.9895470383275261,283.5479290901139,95.0,STANDBY,True,ASTRA_SIMULATED_EPS
5690.0,ASTRA-SC-01,EPS,33.11099916403653,-5.753079366218824,18.763087397897483,39.99881624791178,1.0,ANOMALOUS,0.9999704061977946,0.04500159806531908,0.35,True,0.9912891986062717,283.55089681743027,95.0,STANDBY,True,ASTRA_SIMULATED_EPS
5700.0,ASTRA-SC-01,EPS,32.980982039750806,-5.752722062818862,18.71968221552863,39.99881624791178,1.0,ANOMALOUS,0.9999704061977946,0.04500159806531908,0.35,True,0.9930313588850174,283.5527369294021,95.0,STANDBY,True,ASTRA_SIMULATED_EPS
5710.0,ASTRA-SC-01,EPS,32.938398712860405,-5.76674551153575,18.840246853533245,39.99881624791178,1.0,ANOMALOUS,0.9999704061977946,0.04500159806531908,0.35,True,0.9947735191637631,283.5534489639745,95.0,STANDBY,True,ASTRA_SIMULATED_EPS
5720.0,ASTRA-SC-01,EPS,32.85386781649628,-5.742240928832061,18.896660045791673,39.99881624791178,1.0,ANOMALOUS,0.9999704061977946,0.04500159806531908,0.35,True,0.9965156794425087,283.5530327863448,95.0,STANDBY,True,ASTRA_SIMULATED_EPS
5730.0,ASTRA-SC-01,EPS,32.728005487819786,-1.4585338889261112,18.86458028784237,39.99881624791178,1.0,ANOMALOUS,0.9999704061977946,0.04500159806531908,0.35,True,0.9982578397212544,143.0464839595669,95.0,STANDBY,True,ASTRA_SIMULATED_EPS
5740.0,ASTRA-SC-01,EPS,32.77863894000906,2.908380892746972,18.727963389524398,39.99881624791178,0.9997988556913312,ANOMALOUS,0.9999704061977946,0.04500159806531908,0.35,False,0.0,0.0,95.0,STANDBY,True,ASTRA_SIMULATED_EPS
5750.0,ASTRA-SC-01,EPS,32.82551735534823,2.8860020176448917,18.712618414090343,39.99881463880494,0.9995977078017036,ANOMALOUS,0.9999703659701235,0.04500160023761333,0.35,False,0.0017421602787456446,0.0,95.0,STANDBY,True,ASTRA_SIMULATED_EPS
5760.0,ASTRA-SC-01,EPS,32.6999791480486,2.9323589335203804,18.55883125001763,39.998813029669506,0.999396552798108,ANOMALOUS,0.9999703257417377,0.04500160240994616,0.35,False,0.003484320557491289,0.0,95.0,STANDBY,True,ASTRA_SIMULATED_EPS
5770.0,ASTRA-SC-01,EPS,32.57611435258936,2.8962700730740454,18.45294437438147,39.99881142047723,0.9991953906797093,ANOMALOUS,0.9999702855119308,0.045001604582355734,0.35,False,0.005226480836236934,0.0,95.0,STANDBY,True,ASTRA_SIMULATED_EPS
5780.0,ASTRA-SC-01,EPS,32.75772762867545,2.8652589774838075,18.3138257821108,39.99880981122811,0.9989942214456718,ANOMALOUS,0.9999702452807027,0.045001606754842056,0.35,False,0.006968641114982578,0.0,95.0,STANDBY,True,ASTRA_SIMULATED_EPS
5790.0,ASTRA-SC-01,EPS,32.44803018450903,2.915369178799339,18.35075119101219,39.99880820192212,0.998793045095159,ANOMALOUS,0.999970205048053,0.04500160892740514,0.35,False,0.008710801393728223,0.0,95.0,STANDBY,True,ASTRA_SIMULATED_EPS
5800.0,ASTRA-SC-01,EPS,32.60083845347019,2.893666049185805,18.167733491954184,39.99880659255927,0.9985918616273335,ANOMALOUS,0.9999701648139817,0.04500161110004499,0.35,False,0.010452961672473868,0.0,95.0,STANDBY,True,ASTRA_SIMULATED_EPS
5810.0,ASTRA-SC-01,EPS,32.80358673494826,2.878988140429711,18.075454935798945,39.99880498313954,0.9983906710413573,ANOMALOUS,0.9999701245784886,0.04500161327276162,0.35,False,0.012195121951219513,0.0,95.0,STANDBY,True,ASTRA_SIMULATED_EPS
5820.0,ASTRA-SC-01,EPS,32.769843351073334,2.906924499934115,17.972612048515973,39.99880337366294,0.9981894733363913,ANOMALOUS,0.9999700843415735,0.04500161544555503,0.35,False,0.013937282229965157,0.0,95.0,STANDBY,True,ASTRA_SIMULATED_EPS
5830.0,ASTRA-SC-01,EPS,32.771142448936395,2.844586652638629,17.89691002366677,39.99880176412945,0.9979882685115959,ANOMALOUS,0.9999700441032363,0.045001617618425235,0.35,False,0.0156794425087108,0.0,95.0,STANDBY,True,ASTRA_SIMULATED_EPS
5840.0,ASTRA-SC-01,EPS,32.49871384352678,2.8616918784974534,17.788742780144233,39.99880015453907,0.9977870565661306,ANOMALOUS,0.9999700038634768,0.04500161979137225,0.35,False,0.017421602787456445,0.0,95.0,STANDBY,True,ASTRA_SIMULATED_EPS
5850.0,ASTRA-SC-01,EPS,32.826943641751356,2.8947890268033505,17.711272544717627,39.99879854489179,0.9975858374991541,ANOMALOUS,0.9999699636222948,0.04500162196439608,0.35,False,0.01916376306620209,0.0,95.0,STANDBY,True,ASTRA_SIMULATED_EPS
5860.0,ASTRA-SC-01,EPS,32.86370689950488,2.923194830084587,17.646350023012044,39.998796935187606,0.9973846113098241,ANOMALOUS,0.9999699233796902,0.04500162413749673,0.35,False,0.020905923344947737,0.0,95.0,STANDBY,True,ASTRA_SIMULATED_EPS
5870.0,ASTRA-SC-01,EPS,32.71991549950661,2.8991425070131065,17.385250670243476,39.998795325426514,0.9971833779972981,ANOMALOUS,0.9999698831356628,0.04500162631067421,0.35,False,0.02264808362369338,0.0,95.0,STANDBY,True,ASTRA_SIMULATED_EPS
5880.0,ASTRA-SC-01,EPS,32.557043518437176,2.881340968350579,17.475165119065288,39.9987937156085,0.9969821375607321,ANOMALOUS,0.9999698428902124,0.04500162848392854,0.35,False,0.024390243902439025,0.0,95.0,STANDBY,True,ASTRA_SIMULATED_EPS
5890.0,ASTRA-SC-01,EPS,32.56679405747805,2.900278560151005,17.295731067627578,39.99879210573355,0.9967808899992816,ANOMALOUS,0.9999698026433388,0.0450016306572597,0.35,False,0.02613240418118467,0.0,95.0,STANDBY,True,ASTRA_SIMULATED_EPS
5900.0,ASTRA-SC-01,EPS,32.600971258562694,2.9310162389010435,17.138831100986074,39.99879049580168,0.9965796353121015,ANOMALOUS,0.999969762395042,0.045001632830667736,0.35,False,0.027874564459930314,0.0,95.0,STANDBY,True,ASTRA_SIMULATED_EPS
5910.0,ASTRA-SC-01,EPS,32.62406242742777,2.8836113102187464,17.006035522549478,39.998788885812864,0.9963783734983456,ANOMALOUS,0.9999697221453216,0.045001635004152635,0.35,False,0.029616724738675958,0.0,95.0,STANDBY,True,ASTRA_SIMULATED_EPS
5920.0,ASTRA-SC-01,EPS,32.49120525662879,2.897463001420397,16.952909442076585,39.99878727576711,0.9961771045571669,ANOMALOUS,0.9999696818941777,0.0450016371777144,0.35,False,0.0313588850174216,0.0,95.0,STANDBY,True,ASTRA_SIMULATED_EPS
5930.0,ASTRA-SC-01,EPS,32.47666637456796,2.870876261829801,16.872820660644496,39.99878566566439,0.9959758284877179,ANOMALOUS,0.9999696416416098,0.04500163935135307,0.35,False,0.033101045296167246,0.0,95.0,STANDBY,True,ASTRA_SIMULATED_EPS
5940.0,ASTRA-SC-01,EPS,32.34295583121186,2.913204922315964,16.783961563249285,39.99878405550472,0.9957745452891501,ANOMALOUS,0.999969601387618,0.04500164152506862,0.35,False,0.03484320557491289,0.0,95.0,STANDBY,True,ASTRA_SIMULATED_EPS
5950.0,ASTRA-SC-01,EPS,32.34932737391481,2.892465255061015,16.64535650750982,39.99878244528808,0.9955732549606141,ANOMALOUS,0.999969561132202,0.04500164369886109,0.35,False,0.036585365853658534,0.0,95.0,STANDBY,True,ASTRA_SIMULATED_EPS
5960.0,ASTRA-SC-01,EPS,32.63751913649549,2.924724432838285,16.492590517739977,39.99878083501447,0.99537195750126,ANOMALOUS,0.9999695208753617,0.045001645872730464,0.35,False,0.03832752613240418,0.0,95.0,STANDBY,True,ASTRA_SIMULATED_EPS
5970.0,ASTRA-SC-01,EPS,32.6029849470206,2.895576094809883,16.52356003151174,39.99877922468387,0.9951706529102367,ANOMALOUS,0.9999694806170969,0.045001648046676765,0.35,False,0.04006968641114982,0.0,95.0,STANDBY,True,ASTRA_SIMULATED_EPS
5980.0,ASTRA-SC-01,EPS,32.61772470161418,2.8841413390105104,16.377942357340423,39.998777614296294,0.9949693411866926,ANOMALOUS,0.9999694403574074,0.0450016502207,0.35,False,0.041811846689895474,0.0,95.0,STANDBY,True,ASTRA_SIMULATED_EPS
5990.0,ASTRA-SC-01,EPS,32.45207481495195,2.919879067140616,16.299119915673394,39.99877600385173,0.9947680223297752,ANOMALOUS,0.9999694000962932,0.04500165239480017,0.35,False,0.04355400696864112,0.0,95.0,STANDBY,True,ASTRA_SIMULATED_EPS
6000.0,ASTRA-SC-01,EPS,32.89023880175565,2.897822859525224,16.167049677418046,39.99877439335015,0.9945666963386314,ANOMALOUS,0.9999693598337539,0.045001654568977284,0.35,False,0.04529616724738676,0.0,95.0,STANDBY,True,ASTRA_SIMULATED_EPS
6010.0,ASTRA-SC-01,EPS,32.332736741257314,2.863954886715432,16.02793448685568,39.998772782791576,0.9943653632124069,ANOMALOUS,0.9999693195697894,0.04500165674323137,0.35,False,0.047038327526132406,0.0,95.0,STANDBY,True,ASTRA_SIMULATED_EPS
6020.0,ASTRA-SC-01,EPS,32.62162241399572,2.9091288368859956,15.933007811452718,39.99877117217598,0.9941640229502468,ANOMALOUS,0.9999692793043995,0.04500165891756243,0.35,False,0.04878048780487805,0.0,95.0,STANDBY,True,ASTRA_SIMULATED_EPS
6030.0,ASTRA-SC-01,EPS,32.72269927589893,2.8898953244324206,15.924587084494902,39.998769561503366,0.9939626755512954,ANOMALOUS,0.9999692390375842,0.04500166109197045,0.35,False,0.050522648083623695,0.0,95.0,STANDBY,True,ASTRA_SIMULATED_EPS
6040.0,ASTRA-SC-01,EPS,32.83831463621245,2.9169017666668076,15.809254262416541,39.998767950773725,0.9937613210146963,ANOMALOUS,0.9999691987693431,0.04500166326645547,0.35,False,0.05226480836236934,0.0,95.0,STANDBY,True,ASTRA_SIMULATED_EPS
6050.0,ASTRA-SC-01,EPS,32.429379282637406,2.8575634713252613,15.692409027452268,39.99876633998704,0.9935599593395922,ANOMALOUS,0.9999691584996762,0.04500166544101748,0.35,False,0.05400696864111498,0.0,95.0,STANDBY,True,ASTRA_SIMULATED_EPS
6060.0,ASTRA-SC-01,EPS,32.53895954757949,2.880373248168349,15.627741558351632,39.998764729143325,0.9933585905251249,ANOMALOUS,0.9999691182285831,0.0450016676156565,0.35,False,0.05574912891986063,0.0,95.0,STANDBY,True,ASTRA_SIMULATED_EPS
6070.0,ASTRA-SC-01,EPS,32.58468041941574,2.8953396979253356,15.507993093537705,39.998763118242564,0.9931572145704355,ANOMALOUS,0.999969077956064,0.04500166979037254,0.35,False,0.05749128919860627,0.0,95.0,STANDBY,True,ASTRA_SIMULATED_EPS
6080.0,ASTRA-SC-01,EPS,32.59845165313441,2.908444250891472,15.39241248429524,39.99876150728474,0.9929558314746644,ANOMALOUS,0.9999690376821184,0.04500167196516561,0.35,False,0.059233449477351915,0.0,95.0,STANDBY,True,ASTRA_SIMULATED_EPS
6090.0,ASTRA-SC-01,EPS,32.79957760792981,2.8980070811164453,15.354563839647424,39.99875989626985,0.9927544412369509,ANOMALOUS,0.9999689974067464,0.04500167414003569,0.35,False,0.06097560975609756,0.0,95.0,STANDBY,True,ASTRA_SIMULATED_EPS
6100.0,ASTRA-SC-01,EPS,32.683961387823985,2.9045800034942686,15.308216127086393,39.9987582851979,0.9925530438564338,ANOMALOUS,0.9999689571299476,0.04500167631498283,0.35,False,0.0627177700348432,0.0,95.0,STANDBY,True,ASTRA_SIMULATED_EPS
6110.0,ASTRA-SC-01,EPS,32.61421428114631,2.8881920579038254,15.185820742788374,39.99875667406887,0.992351639332251,ANOMALOUS,0.9999689168517218,0.045001678490007024,0.35,False,0.06445993031358885,0.0,95.0,STANDBY,True,ASTRA_SIMULATED_EPS
6120.0,ASTRA-SC-01,EPS,32.38005253160538,2.902354804615422,15.07351799519828,39.998755062882765,0.9921502276635394,ANOMALOUS,0.9999688765720691,0.04500168066510827,0.35,False,0.06620209059233449,0.0,95.0,STANDBY,True,ASTRA_SIMULATED_EPS
6130.0,ASTRA-SC-01,EPS,32.531228612036145,2.897833834582294,14.888767955058292,39.998753451639566,0.9919488088494354,ANOMALOUS,0.9999688362909891,0.04500168284028659,0.35,False,0.06794425087108014,0.0,95.0,STANDBY,True,ASTRA_SIMULATED_EPS
6140.0,ASTRA-SC-01,EPS,32.47460109078648,2.9022540023390175,14.898780455285284,39.99875184033927,0.9917473828890743,ANOMALOUS,0.9999687960084817,0.045001685015542,0.35,False,0.06968641114982578,0.0,95.0,STANDBY,True,ASTRA_SIMULATED_EPS
6150.0,ASTRA-SC-01,EPS,32.39545410869724,2.925230878503466,14.75565177232738,39.99875022898186,0.9915459497815908,ANOMALOUS,0.9999687557245466,0.04500168719087448,0.35,False,0.07142857142857142,0.0,95.0,STANDBY,True,ASTRA_SIMULATED_EPS
6160.0,ASTRA-SC-01,EPS,32.719439292260766,2.9089806065836377,14.67506701721264,39.99874861756736,0.9913445095261189,ANOMALOUS,0.9999687154391839,0.04500168936628407,0.35,False,0.07317073170731707,0.0,95.0,STANDBY,True,ASTRA_SIMULATED_EPS
6170.0,ASTRA-SC-01,EPS,32.849458732772604,2.877471349038885,14.661998289463991,39.998747006095726,0.9911430621217913,ANOMALOUS,0.9999686751523932,0.04500169154177077,0.35,False,0.07491289198606271,0.0,95.0,STANDBY,True,ASTRA_SIMULATED_EPS
6180.0,ASTRA-SC-01,EPS,32.722156058556266,2.887774630177711,14.59456971793068,39.998745394566974,0.9909416075677404,ANOMALOUS,0.9999686348641743,0.04500169371733458,0.35,False,0.07665505226480836,0.0,95.0,STANDBY,True,ASTRA_SIMULATED_EPS
6190.0,ASTRA-SC-01,EPS,32.51739063987224,2.906588345995046,14.447111437595922,39.99874378298109,0.9907401458630976,ANOMALOUS,0.9999685945745272,0.04500169589297553,0.35,False,0.078397212543554,0.0,95.0,STANDBY,True,ASTRA_SIMULATED_EPS
6200.0,ASTRA-SC-01,EPS,32.53506350463083,2.91687535893426,14.383161043933644,39.99874217133807,0.9905386770069934,ANOMALOUS,0.9999685542834518,0.045001698068693606,0.35,False,0.08013937282229965,0.0,95.0,STANDBY,True,ASTRA_SIMULATED_EPS
6210.0,ASTRA-SC-01,EPS,32.271134188817996,2.926605393148096,14.16999499148904,39.9987405596379,0.9903372009985577,NOMINAL,0.9999685139909475,0.04500170024448883,1.0,False,0.08188153310104529,0.0,95.0,STANDBY,False,ASTRA_SIMULATED_EPS
6220.0,ASTRA-SC-01,EPS,32.72265999935166,2.923243941056423,14.108445326497367,39.99873894788058,0.9901357178369194,NOMINAL,0.9999684736970146,0.04500170242036121,1.0,False,0.08362369337979095,0.0,95.0,STANDBY,False,ASTRA_SIMULATED_EPS
6230.0,ASTRA-SC-01,EPS,32.48655372964464,2.8798001476774377,14.062362083231806,39.99873733606611,0.9899342275212067,NOMINAL,0.9999684334016526,0.045001704596310754,1.0,False,0.08536585365853659,0.0,95.0,STANDBY,False,ASTRA_SIMULATED_EPS
6240.0,ASTRA-SC-01,EPS,32.50211614916192,2.9166809862523198,14.04897784591915,39.99873572419447,0.989732730050547,NOMINAL,0.9999683931048616,0.04500170677233747,1.0,False,0.08710801393728224,0.0,95.0,STANDBY,False,ASTRA_SIMULATED_EPS
6250.0,ASTRA-SC-01,EPS,32.77823874219586,2.8906080887068395,13.883594735389458,39.99873411226565,0.9895312254240666,NOMINAL,0.9999683528066412,0.04500170894844137,1.0,False,0.08885017421602788,0.0,95.0,STANDBY,False,ASTRA_SIMULATED_EPS
6260.0,ASTRA-SC-01,EPS,32.27593624130455,2.8859565014664725,13.85313033916933,39.99873250027966,0.9893297136408914,NOMINAL,0.9999683125069914,0.045001711124622465,1.0,False,0.09059233449477352,0.0,95.0,STANDBY,False,ASTRA_SIMULATED_EPS
6270.0,ASTRA-SC-01,EPS,32.81167252148442,2.877699883825866,13.686334344214728,39.99873088823647,0.9891281947001462,NOMINAL,0.9999682722059118,0.045001713300880763,1.0,False,0.09233449477351917,0.0,95.0,STANDBY,False,ASTRA_SIMULATED_EPS
6280.0,ASTRA-SC-01,EPS,32.54328076173079,2.907349419309539,13.586784417133552,39.998729276136096,0.9889266686009552,NOMINAL,0.9999682319034024,0.04500171547721627,1.0,False,0.09407665505226481,0.0,95.0,STANDBY,False,ASTRA_SIMULATED_EPS
6290.0,ASTRA-SC-01,EPS,32.615417715374335,2.8927420381628925,13.538085618725418,39.998727663978514,0.9887251353424418,NOMINAL,0.9999681915994629,0.045001717653628995,1.0,False,0.09581881533101046,0.0,95.0,STANDBY,False,ASTRA_SIMULATED_EPS
6300.0,ASTRA-SC-01,EPS,32.63413554106305,2.902214900094727,13.428768548727247,39.99872605176373,0.9885235949237282,NOMINAL,0.9999681512940933,0.045001719830118955,1.0,False,0.0975609756097561,0.0,95.0,STANDBY,False,ASTRA_SIMULATED_EPS
6310.0,ASTRA-SC-01,EPS,32.52623638290515,2.900468551570041,13.344102245008193,39.99872443949174,0.9883220473439362,NOMINAL,0.9999681109872934,0.04500172200668615,1.0,False,0.09930313588850175,0.0,95.0,STANDBY,False,ASTRA_SIMULATED_EPS
6320.0,ASTRA-SC-01,EPS,32.500793564129545,2.933487579083281,13.302898436572198,39.99872282716252,0.9881204926021867,NOMINAL,0.9999680706790629,0.04500172418333061,1.0,False,0.10104529616724739,0.0,95.0,STANDBY,False,ASTRA_SIMULATED_EPS
6330.0,ASTRA-SC-01,EPS,32.493657496930204,2.9159976040583273,13.170645245667943,39.99872121477607,0.9879189306975996,NOMINAL,0.9999680303694016,0.04500172636005231,1.0,False,0.10278745644599303,0.0,95.0,STANDBY,False,ASTRA_SIMULATED_EPS
6340.0,ASTRA-SC-01,EPS,32.73143662554845,2.909714318080549,13.094688332837984,39.99871960233238,0.9877173616292941,NOMINAL,0.9999679900583095,0.04500172853685129,1.0,False,0.10452961672473868,0.0,95.0,STANDBY,False,ASTRA_SIMULATED_EPS
6350.0,ASTRA-SC-01,EPS,32.61223929188885,2.871952178196568,12.956665127669533,39.99871798983145,0.9875157853963887,NOMINAL,0.9999679497457863,0.04500173071372754,1.0,False,0.10627177700348432,0.0,95.0,STANDBY,False,ASTRA_SIMULATED_EPS
6360.0,ASTRA-SC-01,EPS,32.34398719428243,2.905497109896459,13.012811532340903,39.99871637727327,0.9873142019980009,NOMINAL,0.9999679094318318,0.04500173289068108,1.0,False,0.10801393728222997,0.0,95.0,STANDBY,False,ASTRA_SIMULATED_EPS
6370.0,ASTRA-SC-01,EPS,32.900059005982406,2.915261823413221,12.86464188819915,39.998714764657834,0.9871126114332475,NOMINAL,0.9999678691164459,0.04500173506771192,1.0,False,0.10975609756097561,0.0,95.0,STANDBY,False,ASTRA_SIMULATED_EPS
6380.0,ASTRA-SC-01,EPS,32.24289520516129,2.8923239019041285,12.713855342104209,39.998713151985136,0.9869110137012443,NOMINAL,0.9999678287996284,0.04500173724482007,1.0,False,0.11149825783972125,0.0,95.0,STANDBY,False,ASTRA_SIMULATED_EPS
6390.0,ASTRA-SC-01,EPS,32.433725724066996,2.899735707429977,12.643515233215759,39.99871153925517,0.9867094088011067,NOMINAL,0.9999677884813791,0.04500173942200553,1.0,False,0.1132404181184669,0.0,95.0,STANDBY,False,ASTRA_SIMULATED_EPS
6400.0,ASTRA-SC-01,EPS,32.211583868610504,2.917716079891849,12.527587596013793,39.99870992646792,0.9865077967319488,NOMINAL,0.9999677481616979,0.045001741599268306,1.0,False,0.11498257839721254,0.0,95.0,STANDBY,False,ASTRA_SIMULATED_EPS
6410.0,ASTRA-SC-01,EPS,32.571299325635636,2.943701327045267,12.449589643015017,39.99870831362338,0.9863061774928841,NOMINAL,0.9999677078405845,0.04500174377660844,1.0,False,0.11672473867595819,0.0,95.0,STANDBY,False,ASTRA_SIMULATED_EPS
6420.0,ASTRA-SC-01,EPS,32.11964712811411,2.89774458799404,12.465169508667543,39.998706700721556,0.9861045510830253,NOMINAL,0.9999676675180389,0.0450017459540259,1.0,False,0.11846689895470383,0.0,95.0,STANDBY,False,ASTRA_SIMULATED_EPS
6430.0,ASTRA-SC-01,EPS,32.84857011498515,2.8794322777063353,12.34974706200503,39.99870508776243,0.9859029175014843,NOMINAL,0.9999676271940607,0.04500174813152072,1.0,False,0.12020905923344948,0.0,95.0,STANDBY,False,ASTRA_SIMULATED_EPS
6440.0,ASTRA-SC-01,EPS,32.45319499372212,2.9014648792265296,12.372147153925217,39.998703474745994,0.9857012767473721,NOMINAL,0.9999675868686498,0.045001750309092904,1.0,False,0.12195121951219512,0.0,95.0,STANDBY,False,ASTRA_SIMULATED_EPS
6450.0,ASTRA-SC-01,EPS,32.283264835005255,2.9085884572551928,12.17855923652795,39.998701861672245,0.9854996288197988,NOMINAL,0.9999675465418062,0.045001752486742465,1.0,False,0.12369337979094076,0.0,95.0,STANDBY,False,ASTRA_SIMULATED_EPS
6460.0,ASTRA-SC-01,EPS,32.70312059294562,2.9056516145153286,12.086047797363092,39.998700248541184,0.985297973717874,NOMINAL,0.9999675062135296,0.0450017546644694,1.0,False,0.1254355400696864,0.0,95.0,STANDBY,False,ASTRA_SIMULATED_EPS
6470.0,ASTRA-SC-01,EPS,32.4616741574309,2.909095459906314,11.969181847208048,39.99869863535279,0.9850963114407061,NOMINAL,0.9999674658838197,0.04500175684227374,1.0,False,0.12717770034843207,0.0,95.0,STANDBY,False,ASTRA_SIMULATED_EPS
6480.0,ASTRA-SC-01,EPS,32.62527776740173,2.8967308369674822,11.921117568094123,39.99869702210705,0.9848946419874028,NOMINAL,0.9999674255526764,0.04500175902015547,1.0,False,0.1289198606271777,0.0,95.0,STANDBY,False,ASTRA_SIMULATED_EPS
6490.0,ASTRA-SC-01,EPS,32.518268905408384,2.926029534193487,11.81583824673657,39.99869540880398,0.9846929653570713,NOMINAL,0.9999673852200996,0.045001761198114616,1.0,False,0.13066202090592335,0.0,95.0,STANDBY,False,ASTRA_SIMULATED_EPS
6500.0,ASTRA-SC-01,EPS,32.233546218467545,2.928785667100384,11.689490401371476,39.998693795443565,0.9844912815488175,NOMINAL,0.9999673448860891,0.04500176337615119,1.0,False,0.13240418118466898,0.0,95.0,STANDBY,False,ASTRA_SIMULATED_EPS
6510.0,ASTRA-SC-01,EPS,32.414383334191115,2.8926271860979473,11.720091107030493,39.998692182025785,0.9842895905617467,NOMINAL,0.9999673045506446,0.04500176555426519,1.0,False,0.13414634146341464,0.0,95.0,STANDBY,False,ASTRA_SIMULATED_EPS
6520.0,ASTRA-SC-01,EPS,32.17226266758192,2.9656129982464075,11.620986736310297,39.99869056855064,0.9840878923949633,NOMINAL,0.999967264213766,0.045001767732456635,1.0,False,0.13588850174216027,0.0,95.0,STANDBY,False,ASTRA_SIMULATED_EPS
6530.0,ASTRA-SC-01,EPS,32.5546450496326,2.9033901446837143,11.499498207268973,39.99868895501813,0.983886187047571,NOMINAL,0.9999672238754532,0.04500176991072552,1.0,False,0.13763066202090593,0.0,95.0,STANDBY,False,ASTRA_SIMULATED_EPS
6540.0,ASTRA-SC-01,EPS,32.60190543358888,2.917161526731316,11.430258656918786,39.99868734142824,0.9836844745186727,NOMINAL,0.999967183535706,0.04500177208907187,1.0,False,0.13937282229965156,0.0,95.0,STANDBY,False,ASTRA_SIMULATED_EPS
6550.0,ASTRA-SC-01,EPS,32.530572279600555,2.9008156960241855,11.31239343176991,39.998685727780966,0.9834827548073702,NOMINAL,0.9999671431945242,0.045001774267495694,1.0,False,0.14111498257839722,0.0,95.0,STANDBY,False,ASTRA_SIMULATED_EPS
6560.0,ASTRA-SC-01,EPS,32.483151098877514,2.9269072875276647,11.267333738034408,39.9986841140763,0.9832810279127648,NOMINAL,0.9999671028519075,0.04500177644599699,1.0,False,0.14285714285714285,0.0,95.0,STANDBY,False,ASTRA_SIMULATED_EPS
6570.0,ASTRA-SC-01,EPS,32.03565389790115,2.917681105280457,11.165311074220279,39.99868250031423,0.9830792938339568,NOMINAL,0.9999670625078558,0.045001778624575786,1.0,False,0.1445993031358885,0.0,95.0,STANDBY,False,ASTRA_SIMULATED_EPS
6580.0,ASTRA-SC-01,EPS,32.50945643355885,2.8973926164238195,11.12991723417199,39.99868088649476,0.9828775525700456,NOMINAL,0.999967022162369,0.045001780803232076,1.0,False,0.14634146341463414,0.0,95.0,STANDBY,False,ASTRA_SIMULATED_EPS
6590.0,ASTRA-SC-01,EPS,32.66535420553175,2.8899910026935367,11.012419933431355,39.99867927261787,0.98267580412013,NOMINAL,0.9999669818154467,0.04500178298196588,1.0,False,0.1480836236933798,0.0,95.0,STANDBY,False,ASTRA_SIMULATED_EPS
6600.0,ASTRA-SC-01,EPS,32.35221357454205,2.8782468042224636,10.87930498360921,39.99867765868356,0.9824740484833079,NOMINAL,0.9999669414670891,0.04500178516077719,1.0,False,0.14982578397212543,0.0,95.0,STANDBY,False,ASTRA_SIMULATED_EPS
6610.0,ASTRA-SC-01,EPS,32.64916441583232,2.9238996511492616,10.855085865668482,39.99867604469182,0.9822722856586762,NOMINAL,0.9999669011172956,0.04500178733966604,1.0,False,0.15156794425087108,0.0,95.0,STANDBY,False,ASTRA_SIMULATED_EPS
6620.0,ASTRA-SC-01,EPS,32.625672650615726,2.9154712990388174,10.716364909537855,39.99867443064265,0.9820705156453312,NOMINAL,0.9999668607660663,0.045001789518632415,1.0,False,0.15331010452961671,0.0,95.0,STANDBY,False,ASTRA_SIMULATED_EPS
6630.0,ASTRA-SC-01,EPS,32.576847470243045,2.9211252945935744,10.705377017529491,39.99867281653604,0.9818687384423683,NOMINAL,0.999966820413401,0.04500179169767634,1.0,False,0.15505226480836237,0.0,95.0,STANDBY,False,ASTRA_SIMULATED_EPS
6640.0,ASTRA-SC-01,EPS,32.698706066844814,2.919430492241632,10.60467381409474,39.99867120237197,0.981666954048882,NOMINAL,0.9999667800592994,0.045001793876797834,1.0,False,0.156794425087108,0.0,95.0,STANDBY,False,ASTRA_SIMULATED_EPS
6650.0,ASTRA-SC-01,EPS,32.678226870069274,2.9051842543612856,10.462661540145312,39.99866958815045,0.981465162463966,NOMINAL,0.9999667397037613,0.045001796055996884,1.0,False,0.15853658536585366,0.0,95.0,STANDBY,False,ASTRA_SIMULATED_EPS
6660.0,ASTRA-SC-01,EPS,32.476632750436615,2.8912583992955545,10.392864571160775,39.99866797387146,0.9812633636867132,NOMINAL,0.9999666993467866,0.04500179823527352,1.0,False,0.1602787456445993,0.0,95.0,STANDBY,False,ASTRA_SIMULATED_EPS
6670.0,ASTRA-SC-01,EPS,32.478477182354,2.8904334851388738,10.331307392275988,39.99866635953501,0.9810615577162156,NOMINAL,0.9999666589883752,0.04500180041462774,1.0,False,0.16202090592334495,0.0,95.0,STANDBY,False,ASTRA_SIMULATED_EPS
6680.0,ASTRA-SC-01,EPS,32.19307213495857,2.9101782005528856,10.267060927976285,39.99866474514107,0.9808597445515645,NOMINAL,0.9999666186285268,0.045001802594059545,1.0,False,0.16376306620209058,0.0,95.0,STANDBY,False,ASTRA_SIMULATED_EPS
6690.0,ASTRA-SC-01,EPS,32.36684572996415,2.9189914996326354,10.234386979617815,39.99866313068965,0.9806579241918504,NOMINAL,0.9999665782672412,0.04500180477356897,1.0,False,0.16550522648083624,0.0,95.0,STANDBY,False,ASTRA_SIMULATED_EPS
6700.0,ASTRA-SC-01,EPS,32.23723406631012,2.8913226982439824,10.069771239845924,39.99866151618073,0.9804560966361627,NOMINAL,0.9999665379045183,0.04500180695315601,1.0,False,0.1672473867595819,0.0,95.0,STANDBY,False,ASTRA_SIMULATED_EPS
6710.0,ASTRA-SC-01,EPS,32.34455755614682,2.922524048343741,10.019468435570396,39.99865990161432,0.9802542618835902,NOMINAL,0.9999664975403579,0.04500180913282067,1.0,False,0.16898954703832753,0.0,95.0,STANDBY,False,ASTRA_SIMULATED_EPS
6720.0,ASTRA-SC-01,EPS,32.45312937952831,2.86728688615118,9.982072965780667,39.99865828699039,0.9800524199332209,NOMINAL,0.9999664571747597,0.045001811312562964,1.0,False,0.17073170731707318,0.0,95.0,STANDBY,False,ASTRA_SIMULATED_EPS
6730.0,ASTRA-SC-01,EPS,32.24141356171619,3.9788485544614156,9.886312597793545,39.998656672308954,0.9797762053081652,NOMINAL,0.9999664168077238,0.045001813492382914,1.0,False,0.17247386759581881,0.0,130.0,STANDBY,False,ASTRA_SIMULATED_EPS
6740.0,ASTRA-SC-01,EPS,32.658336050269384,3.944977338496129,9.643862557796927,39.99865446266616,0.9794999772010391,NOMINAL,0.999966361566654,0.045001816475400684,1.0,False,0.17421602787456447,0.0,130.0,STANDBY,False,ASTRA_SIMULATED_EPS
6750.0,ASTRA-SC-01,EPS,32.463260147458065,4.022557315475622,9.779425488332105,39.99865225291564,0.9792237356094983,NOMINAL,0.999966306322891,0.045001819458563894,1.0,False,0.1759581881533101,0.0,130.0,STANDBY,False,ASTRA_SIMULATED_EPS
6760.0,ASTRA-SC-01,EPS,32.463705701597405,3.965702197479297,9.680713398133488,39.99865004305737,0.9789474805311954,NOMINAL,0.9999662510764341,0.04500182244187255,1.0,False,0.17770034843205576,0.0,130.0,STANDBY,False,ASTRA_SIMULATED_EPS
6770.0,ASTRA-SC-01,EPS,32.26851679466367,3.9899897501326387,9.588743175632837,39.998647833091326,0.9786712119637803,NOMINAL,0.9999661958272832,0.04500182542532671,1.0,False,0.1794425087108014,0.0,130.0,STANDBY,False,ASTRA_SIMULATED_EPS
6780.0,ASTRA-SC-01,EPS,32.59520303108249,4.047019389034126,9.506431078321482,39.998645623017495,0.9783949299048997,NOMINAL,0.9999661405754374,0.04500182840892637,1.0,False,0.18118466898954705,0.0,130.0,STANDBY,False,ASTRA_SIMULATED_EPS
6790.0,ASTRA-SC-01,EPS,32.33804539787208,3.97788441281247,9.321920878294844,39.99864341283586,0.9781186343521978,NOMINAL,0.9999660853208966,0.04500183139267158,1.0,False,0.18292682926829268,0.0,130.0,STANDBY,False,ASTRA_SIMULATED_EPS
6800.0,ASTRA-SC-01,EPS,32.30537995279359,3.968526639252121,9.30795459037802,39.99864120254641,0.9778423253033155,NOMINAL,0.9999660300636602,0.04500183437656235,1.0,False,0.18466898954703834,0.0,130.0,STANDBY,False,ASTRA_SIMULATED_EPS
6810.0,ASTRA-SC-01,EPS,32.440288807223894,3.9584355239085354,9.314211508555667,39.998638992149104,0.9775660027558909,NOMINAL,0.9999659748037276,0.04500183736059871,1.0,False,0.18641114982578397,0.0,130.0,STANDBY,False,ASTRA_SIMULATED_EPS
6820.0,ASTRA-SC-01,EPS,32.41338036395368,3.978871945375834,9.165979970848406,39.998636781643945,0.9772896667075591,NOMINAL,0.9999659195410986,0.04500184034478068,1.0,False,0.18815331010452963,0.0,130.0,STANDBY,False,ASTRA_SIMULATED_EPS
6830.0,ASTRA-SC-01,EPS,32.43636390894555,3.9998397517573667,9.063444220402664,39.9986345710309,0.9770133171559524,NOMINAL,0.9999658642757724,0.04500184332910829,1.0,False,0.18989547038327526,0.0,130.0,STANDBY,False,ASTRA_SIMULATED_EPS
6840.0,ASTRA-SC-01,EPS,32.30253182509781,3.9719299504157477,8.964142358145462,39.998632360309955,0.9767369540987001,NOMINAL,0.9999658090077488,0.04500184631358156,1.0,False,0.1916376306620209,0.0,130.0,STANDBY,False,ASTRA_SIMULATED_EPS
6850.0,ASTRA-SC-01,EPS,32.274467944193,3.9678290931929343,8.999997817887715,39.99863014948109,0.9764605775334284,NOMINAL,0.9999657537370271,0.04500184929820053,1.0,False,0.19337979094076654,0.0,130.0,STANDBY,False,ASTRA_SIMULATED_EPS
6860.0,ASTRA-SC-01,EPS,32.44786327323834,3.98470084210231,8.923871357900158,39.99862793854428,0.9761841874577608,NOMINAL,0.9999656984636071,0.045001852282965216,1.0,False,0.1951219512195122,0.0,130.0,STANDBY,False,ASTRA_SIMULATED_EPS
6870.0,ASTRA-SC-01,EPS,32.38122091974896,3.9897976472377508,8.80141767823897,39.99862572749952,0.9759077838693178,NOMINAL,0.999965643187488,0.045001855267875646,1.0,False,0.19686411149825783,0.0,130.0,STANDBY,False,ASTRA_SIMULATED_EPS
6880.0,ASTRA-SC-01,EPS,32.44466729403236,3.96575784243979,8.610093139100528,39.99862351634678,0.9756313667657167,NOMINAL,0.9999655879086696,0.04500185825293184,1.0,False,0.1986062717770035,0.0,130.0,STANDBY,False,ASTRA_SIMULATED_EPS
6890.0,ASTRA-SC-01,EPS,32.37815692784584,4.0158934711645715,8.704001776863059,39.998621305086054,0.9753549361445722,NOMINAL,0.9999655326271514,0.04500186123813382,1.0,False,0.20034843205574912,0.0,130.0,STANDBY,False,ASTRA_SIMULATED_EPS
6900.0,ASTRA-SC-01,EPS,32.55455792792022,4.011441926959473,8.587981638943436,39.99861909371731,0.975078492003496,NOMINAL,0.9999654773429327,0.04500186422348163,1.0,False,0.20209059233449478,0.0,130.0,STANDBY,False,ASTRA_SIMULATED_EPS
6910.0,ASTRA-SC-01,EPS,32.42841961872883,3.965470532940535,8.493802668036105,39.998616882240526,0.9748020343400965,NOMINAL,0.9999654220560131,0.04500186720897528,1.0,False,0.2038327526132404,0.0,130.0,STANDBY,False,ASTRA_SIMULATED_EPS
6920.0,ASTRA-SC-01,EPS,32.49450147114929,4.011030253760475,8.428890478880744,39.9986146706557,0.9745255631519796,NOMINAL,0.9999653667663924,0.04500187019461481,1.0,False,0.20557491289198607,0.0,130.0,STANDBY,False,ASTRA_SIMULATED_EPS
6930.0,ASTRA-SC-01,EPS,32.3201678859701,3.981254940589788,8.392377736446404,39.99861245896279,0.9742490784367479,NOMINAL,0.9999653114740698,0.04500187318040023,1.0,False,0.2073170731707317,0.0,130.0,STANDBY,False,ASTRA_SIMULATED_EPS
6940.0,ASTRA-SC-01,EPS,32.15757352723262,3.9242449924507947,8.2614425331479,39.99861024716179,0.9739725801920013,NOMINAL,0.9999652561790449,0.04500187616633157,1.0,False,0.20905923344947736,0.0,130.0,STANDBY,False,ASTRA_SIMULATED_EPS
6950.0,ASTRA-SC-01,EPS,32.192066606036114,3.968974187039469,8.208428995053561,39.99860803525269,0.9736960684153365,NOMINAL,0.9999652008813172,0.045001879152408865,1.0,False,0.21080139372822299,0.0,130.0,STANDBY,False,ASTRA_SIMULATED_EPS
6960.0,ASTRA-SC-01,EPS,32.314712199117295,4.018005389562334,8.159199867096701,39.99860582323546,0.9734195431043475,NOMINAL,0.9999651455808864,0.045001882138632134,1.0,False,0.21254355400696864,0.0,130.0,STANDBY,False,ASTRA_SIMULATED_EPS
6970.0,ASTRA-SC-01,EPS,32.43512694225307,3.9975196345187363,8.013160926304703,39.99860361111007,0.9731430042566251,NOMINAL,0.9999650902777518,0.0450018851250014,1.0,False,0.21428571428571427,0.0,130.0,STANDBY,False,ASTRA_SIMULATED_EPS
6980.0,ASTRA-SC-01,EPS,32.55309232248095,3.9803277578912044,8.031061278993972,39.998601398876524,0.9728664518697574,NOMINAL,0.999965034971913,0.045001888111516695,1.0,False,0.21602787456445993,0.0,130.0,STANDBY,False,ASTRA_SIMULATED_EPS
6990.0,ASTRA-SC-01,EPS,32.20965333463406,3.943702583864115,7.966060506829117,39.99859918653478,0.9725898859413291,NOMINAL,0.9999649796633696,0.045001891098178044,1.0,False,0.21777003484320556,0.0,130.0,STANDBY,False,ASTRA_SIMULATED_EPS
7000.0,ASTRA-SC-01,EPS,32.44252080145675,3.9601318737211737,7.809505169480159,39.99859697408484,0.9723133064689223,NOMINAL,0.999964924352121,0.045001894084985464,1.0,False,0.21951219512195122,0.0,130.0,STANDBY,False,ASTRA_SIMULATED_EPS
7010.0,ASTRA-SC-01,EPS,32.56216074193244,3.953166541114396,7.863137222550287,39.998594761526675,0.9720367134501161,NOMINAL,0.9999648690381668,0.04500189707193899,1.0,False,0.22125435540069685,0.0,130.0,STANDBY,False,ASTRA_SIMULATED_EPS
7020.0,ASTRA-SC-01,EPS,32.232528582543445,3.998899939207127,7.692780293750904,39.99859254886026,0.9717601068824865,NOMINAL,0.9999648137215065,0.04500190005903865,1.0,False,0.2229965156794425,0.0,130.0,STANDBY,False,ASTRA_SIMULATED_EPS
7030.0,ASTRA-SC-01,EPS,32.47435814445169,3.9696322175123187,7.629471055580327,39.99859033608558,0.9714834867636064,NOMINAL,0.9999647584021395,0.045001903046284465,1.0,False,0.22473867595818817,0.0,130.0,STANDBY,False,ASTRA_SIMULATED_EPS
7040.0,ASTRA-SC-01,EPS,32.38171788670081,3.9584128526522933,7.603242699861412,39.998588123202616,0.971206853091046,NOMINAL,0.9999647030800654,0.04500190603367647,1.0,False,0.2264808362369338,0.0,130.0,STANDBY,False,ASTRA_SIMULATED_EPS
7050.0,ASTRA-SC-01,EPS,32.290404891623595,3.977883030466696,7.445265558618345,39.99858591021135,0.9709302058623726,NOMINAL,0.9999646477552837,0.045001909021214676,1.0,False,0.22822299651567945,0.0,130.0,STANDBY,False,ASTRA_SIMULATED_EPS
7060.0,ASTRA-SC-01,EPS,31.957124265186007,3.979014078989326,7.544585576927502,39.99858369711176,0.97065354507515,NOMINAL,0.999964592427794,0.04500191200889912,1.0,False,0.22996515679442509,0.0,130.0,STANDBY,False,ASTRA_SIMULATED_EPS
7070.0,ASTRA-SC-01,EPS,32.497236207548156,3.9834893603959665,7.33997175246591,39.99858148390383,0.9703768707269396,NOMINAL,0.9999645370975957,0.04500191499672983,1.0,False,0.23170731707317074,0.0,130.0,STANDBY,False,ASTRA_SIMULATED_EPS
7080.0,ASTRA-SC-01,EPS,32.37226884873157,3.9977990702193615,7.223426331126023,39.99857927058754,0.9701001828152993,NOMINAL,0.9999644817646884,0.045001917984706825,1.0,False,0.23344947735191637,0.0,130.0,STANDBY,False,ASTRA_SIMULATED_EPS
7090.0,ASTRA-SC-01,EPS,32.54735562674673,4.002188121673146,7.24791561022777,39.99857705716286,0.9698234813377844,NOMINAL,0.9999644264290716,0.04500192097283014,1.0,False,0.23519163763066203,0.0,130.0,STANDBY,False,ASTRA_SIMULATED_EPS
7100.0,ASTRA-SC-01,EPS,32.43636325564362,3.985043591177299,7.175376899508361,39.99857484362979,0.969546766291947,NOMINAL,0.9999643710907448,0.04500192396109978,1.0,False,0.23693379790940766,0.0,130.0,STANDBY,False,ASTRA_SIMULATED_EPS
7110.0,ASTRA-SC-01,EPS,32.45955983622127,3.9759258593471682,7.042968915229994,39.998572629988296,0.9692700376753364,NOMINAL,0.9999643157497073,0.0450019269495158,1.0,False,0.23867595818815332,0.0,130.0,STANDBY,False,ASTRA_SIMULATED_EPS
7120.0,ASTRA-SC-01,EPS,32.37866181769449,4.02355401038622,6.939795962071033,39.998570416238366,0.9689932954854986,NOMINAL,0.9999642604059591,0.04500192993807821,1.0,False,0.24041811846689895,0.0,130.0,STANDBY,False,ASTRA_SIMULATED_EPS
7130.0,ASTRA-SC-01,EPS,32.12311803073739,3.9892471501484352,6.934584654635871,39.99856820237997,0.968716539719977,NOMINAL,0.9999642050594992,0.04500193292678704,1.0,False,0.2421602787456446,0.0,130.0,STANDBY,False,ASTRA_SIMULATED_EPS
7140.0,ASTRA-SC-01,EPS,32.387001087367416,3.9914166111154707,6.8513552503759305,39.9985659884131,0.9684397703763116,NOMINAL,0.9999641497103274,0.04500193591564232,1.0,False,0.24390243902439024,0.0,130.0,STANDBY,False,ASTRA_SIMULATED_EPS
7150.0,ASTRA-SC-01,EPS,32.59838300613675,3.945624219255748,6.751751245568268,39.998563774337725,0.9681629874520397,NOMINAL,0.9999640943584431,0.045001938904644066,1.0,False,0.2456445993031359,0.0,130.0,STANDBY,False,ASTRA_SIMULATED_EPS
7160.0,ASTRA-SC-01,EPS,32.33902608527493,3.9447639209806153,6.7152292526323025,39.99856156015384,0.9678861909446953,NOMINAL,0.9999640390038459,0.04500194189379233,1.0,False,0.24738675958188153,0.0,130.0,STANDBY,False,ASTRA_SIMULATED_EPS
7170.0,ASTRA-SC-01,EPS,32.62289510990737,3.9864424659977478,6.666587540580284,39.99855934586141,0.9676093808518097,NOMINAL,0.9999639836465352,0.0450019448830871,1.0,False,0.24912891986062718,0.0,130.0,STANDBY,False,ASTRA_SIMULATED_EPS
7180.0,ASTRA-SC-01,EPS,32.14865822966232,3.970750962542903,6.567507350897187,39.99855713146042,0.967332557170911,NOMINAL,0.9999639282865106,0.04500194787252843,1.0,False,0.2508710801393728,0.0,130.0,STANDBY,False,ASTRA_SIMULATED_EPS
7190.0,ASTRA-SC-01,EPS,32.29950135024204,4.018266072529382,6.54555005719011,39.99855491695086,0.9670557198995245,NOMINAL,0.9999638729237714,0.04500195086211634,1.0,False,0.25261324041811845,0.0,130.0,STANDBY,False,ASTRA_SIMULATED_EPS
7200.0,ASTRA-SC-01,EPS,32.16950631073808,3.9926541903484285,6.47415809447546,39.998552702332695,0.9667788690351722,NOMINAL,0.9999638175583174,0.04500195385185086,1.0,False,0.25435540069686413,0.0,130.0,STANDBY,False,ASTRA_SIMULATED_EPS
7210.0,ASTRA-SC-01,EPS,32.532073822516864,4.026112187273117,6.330256479584464,39.998550487605925,0.9665020045753732,NOMINAL,0.999963762190148,0.045001956841732,1.0,False,0.25609756097560976,0.0,130.0,STANDBY,False,ASTRA_SIMULATED_EPS
7220.0,ASTRA-SC-01,EPS,32.214915081893444,3.955542257892811,6.301256569638273,39.998548272770506,0.9662251265176437,NOMINAL,0.9999637068192626,0.045001959831759815,1.0,False,0.2578397212543554,0.0,130.0,STANDBY,False,ASTRA_SIMULATED_EPS
7230.0,ASTRA-SC-01,EPS,32.419862981897055,4.011714601804182,6.241288089639928,39.99854605782643,0.9659482348594967,NOMINAL,0.9999636514456608,0.04500196282193432,1.0,False,0.259581881533101,0.0,130.0,STANDBY,False,ASTRA_SIMULATED_EPS
7240.0,ASTRA-SC-01,EPS,32.291105680049284,3.9910749068899243,6.135637793720293,39.998543842773685,0.9656713295984423,NOMINAL,0.9999635960693422,0.045001965812255525,1.0,False,0.2613240418118467,0.0,130.0,STANDBY,False,ASTRA_SIMULATED_EPS
7250.0,ASTRA-SC-01,EPS,32.67910763388718,3.947395353986086,6.11912200181429,39.99854162761224,0.9653944107319875,NOMINAL,0.999963540690306,0.04500196880272347,1.0,False,0.26306620209059234,0.0,130.0,STANDBY,False,ASTRA_SIMULATED_EPS
7260.0,ASTRA-SC-01,EPS,32.66681647066718,3.987851593672021,6.033053308985505,39.998539412342076,0.9651174782576364,NOMINAL,0.999963485308552,0.045001971793338195,1.0,False,0.26480836236933797,0.0,130.0,STANDBY,False,ASTRA_SIMULATED_EPS
7270.0,ASTRA-SC-01,EPS,32.28019474906437,3.983378919717723,6.044047745199104,39.99853719696318,0.96484053217289,NOMINAL,0.9999634299240795,0.0450019747840997,1.0,False,0.2665505226480836,0.0,130.0,STANDBY,False,ASTRA_SIMULATED_EPS
7280.0,ASTRA-SC-01,EPS,31.978758680223354,4.026317976306509,5.837236817840147,39.99853498147553,0.9645635724752463,NOMINAL,0.9999633745368882,0.045001977775008035,1.0,False,0.2682926829268293,0.0,130.0,STANDBY,False,ASTRA_SIMULATED_EPS
7290.0,ASTRA-SC-01,EPS,32.29165245015045,3.977563475320861,5.871070507945333,39.9985327658791,0.9642865991622,NOMINAL,0.9999633191469774,0.04500198076606322,1.0,False,0.2700348432055749,0.0,130.0,STANDBY,False,ASTRA_SIMULATED_EPS
7300.0,ASTRA-SC-01,EPS,32.074787520959795,3.9999929406432755,5.876244832654296,39.99853055017387,0.9640096122312433,NOMINAL,0.9999632637543467,0.045001983757265274,1.0,False,0.27177700348432055,0.0,130.0,STANDBY,False,ASTRA_SIMULATED_EPS
7310.0,ASTRA-SC-01,EPS,32.111168150244325,3.9933930840349396,5.675494612017357,39.998528334359825,0.9637326116798648,NOMINAL,0.9999632083589957,0.045001986748614234,1.0,False,0.2735191637630662,0.0,130.0,STANDBY,False,ASTRA_SIMULATED_EPS
7320.0,ASTRA-SC-01,EPS,32.398766267370846,3.9893347547653284,5.610261132895097,39.99852611843694,0.9634555975055504,NOMINAL,0.9999631529609236,0.045001989740110125,1.0,False,0.27526132404181186,0.0,130.0,STANDBY,False,ASTRA_SIMULATED_EPS
7330.0,ASTRA-SC-01,EPS,32.407168129764536,4.034063048128016,5.566708961148497,39.9985239024052,0.963178569705783,NOMINAL,0.9999630975601301,0.04500199273175297,1.0,False,0.2770034843205575,0.0,130.0,STANDBY,False,ASTRA_SIMULATED_EPS
7340.0,ASTRA-SC-01,EPS,32.443030473760544,3.9569868151388703,5.462527447432003,39.998521686264596,0.9629015282780422,NOMINAL,0.9999630421566148,0.045001995723542805,1.0,False,0.2787456445993031,0.0,130.0,STANDBY,False,ASTRA_SIMULATED_EPS
7350.0,ASTRA-SC-01,EPS,32.40143201394259,4.026469748580343,5.46240102187585,39.99851947001508,0.9626244732198048,NOMINAL,0.9999629867503771,0.04500199871547964,1.0,False,0.2804878048780488,0.0,130.0,STANDBY,False,ASTRA_SIMULATED_EPS
7360.0,ASTRA-SC-01,EPS,32.272869082610256,3.9896235798536517,5.316546559268647,39.99851725365665,0.9623474045285445,NOMINAL,0.9999629313414163,0.045002001707563515,1.0,False,0.28222996515679444,0.0,130.0,STANDBY,False,ASTRA_SIMULATED_EPS
7370.0,ASTRA-SC-01,EPS,32.41954533352819,4.011850874088235,5.29108405622494,39.998515037189286,0.9620703222017317,NOMINAL,0.9999628759297322,0.04500200469979446,1.0,False,0.28397212543554007,0.0,130.0,STANDBY,False,ASTRA_SIMULATED_EPS
7380.0,ASTRA-SC-01,EPS,32.24427594122,3.996667248038072,5.226648781590584,39.998512820612966,0.9617932262368342,NOMINAL,0.9999628205153241,0.0450020076921725,1.0,False,0.2857142857142857,0.0,130.0,STANDBY,False,ASTRA_SIMULATED_EPS
7390.0,ASTRA-SC-01,EPS,32.307933830052136,4.0426202086829015,5.171103782016494,39.99851060392766,0.9615161166313163,NOMINAL,0.9999627650981916,0.04500201068469765,1.0,False,0.2874564459930314,0.0,130.0,STANDBY,False,ASTRA_SIMULATED_EPS
7400.0,ASTRA-SC-01,EPS,32.259102958408384,3.974268423906835,5.155808603180207,39.99850838713336,0.9612389933826395,NOMINAL,0.9999627096783341,0.04500201367736996,1.0,False,0.289198606271777,0.0,130.0,STANDBY,False,ASTRA_SIMULATED_EPS
7410.0,ASTRA-SC-01,EPS,32.286108526700886,3.974418363070729,5.119981319657811,39.998506170230044,0.9609618564882623,NOMINAL,0.9999626542557511,0.04500201667018943,1.0,False,0.29094076655052264,0.0,130.0,STANDBY,False,ASTRA_SIMULATED_EPS
7420.0,ASTRA-SC-01,EPS,32.54313850687663,3.9758355215588512,4.896078948038067,39.99850395321769,0.9606847059456399,NOMINAL,0.9999625988304423,0.04500201966315612,1.0,False,0.2926829268292683,0.0,130.0,STANDBY,False,ASTRA_SIMULATED_EPS
7430.0,ASTRA-SC-01,EPS,32.474934090231024,3.973929901469586,4.964599306718846,39.99850173609627,0.9604075417522246,NOMINAL,0.9999625434024069,0.04500202265627002,1.0,False,0.29442508710801396,0.0,130.0,STANDBY,False,ASTRA_SIMULATED_EPS
7440.0,ASTRA-SC-01,EPS,31.992268131728224,4.013486978750783,4.800343305744065,39.998499518865785,0.9601303639054657,NOMINAL,0.9999624879716446,0.045002025649531194,1.0,False,0.2961672473867596,0.0,130.0,STANDBY,False,ASTRA_SIMULATED_EPS
7450.0,ASTRA-SC-01,EPS,32.426979026188555,3.991763899065772,4.749210142905313,39.99849730152619,0.9598531724028092,NOMINAL,0.9999624325381548,0.04500202864293964,1.0,False,0.2979094076655052,0.0,130.0,STANDBY,False,ASTRA_SIMULATED_EPS
7460.0,ASTRA-SC-01,EPS,32.24156084883569,4.008733288881498,4.738377927567565,39.998495084077476,0.9595759672416984,NOMINAL,0.9999623771019368,0.0450020316364954,1.0,False,0.29965156794425085,0.0,130.0,STANDBY,False,ASTRA_SIMULATED_EPS
7470.0,ASTRA-SC-01,EPS,32.4000953854767,4.0411306152880355,4.591217639102086,39.99849286651962,0.9592987484195731,NOMINAL,0.9999623216629905,0.04500203463019851,1.0,False,0.30139372822299654,0.0,130.0,STANDBY,False,ASTRA_SIMULATED_EPS
7480.0,ASTRA-SC-01,EPS,32.5652926703823,3.994601878015367,4.561007001372159,39.9984906488526,0.9590215159338703,NOMINAL,0.9999622662213151,0.04500203762404899,1.0,False,0.30313588850174217,0.0,130.0,STANDBY,False,ASTRA_SIMULATED_EPS
7490.0,ASTRA-SC-01,EPS,32.0876014717772,3.9874730908537463,4.588714709608393,39.99848843107641,0.9587442697820239,NOMINAL,0.9999622107769102,0.04500204061804685,1.0,False,0.3048780487804878,0.0,130.0,STANDBY,False,ASTRA_SIMULATED_EPS
7500.0,ASTRA-SC-01,EPS,32.2802472982281,4.030111695866873,4.406928483864246,39.99848621319101,0.9584670099614646,NOMINAL,0.9999621553297752,0.045002043612192136,1.0,False,0.30662020905923343,0.0,130.0,STANDBY,False,ASTRA_SIMULATED_EPS
7510.0,ASTRA-SC-01,EPS,32.29727806918883,3.961323541419659,4.434692540197086,39.99848399519638,0.9581897364696201,NOMINAL,0.9999620998799096,0.04500204660648488,1.0,False,0.3083623693379791,0.0,130.0,STANDBY,False,ASTRA_SIMULATED_EPS
7520.0,ASTRA-SC-01,EPS,32.4408353385783,3.982279769027393,4.2234920946940315,39.99848177709252,0.9579124493039152,NOMINAL,0.999962044427313,0.0450020496009251,1.0,False,0.31010452961672474,0.0,130.0,STANDBY,False,ASTRA_SIMULATED_EPS
7530.0,ASTRA-SC-01,EPS,32.3281228233898,4.00388347883641,4.311277082109064,39.99847955887939,0.9576351484617712,NOMINAL,0.9999619889719847,0.04500205259551281,1.0,False,0.3118466898954704,0.0,130.0,STANDBY,False,ASTRA_SIMULATED_EPS
7540.0,ASTRA-SC-01,EPS,32.493923701177685,3.96643728926946,4.262599974656697,39.99847734055698,0.9573578339406068,NOMINAL,0.9999619335139245,0.04500205559024808,1.0,False,0.313588850174216,0.0,130.0,STANDBY,False,ASTRA_SIMULATED_EPS
7550.0,ASTRA-SC-01,EPS,32.48530919128203,3.948968114974817,4.182265407895303,39.998475122125264,0.9570805057378372,NOMINAL,0.9999618780531315,0.0450020585851309,1.0,False,0.3153310104529617,0.0,130.0,STANDBY,False,ASTRA_SIMULATED_EPS
7560.0,ASTRA-SC-01,EPS,32.209742291854475,3.991535256090495,4.1215266653774005,39.998472903584215,0.9568031638508748,NOMINAL,0.9999618225896054,0.04500206158016131,1.0,False,0.3170731707317073,0.0,130.0,STANDBY,False,ASTRA_SIMULATED_EPS
7570.0,ASTRA-SC-01,EPS,32.210865592571004,3.9768959174442884,4.043876420442309,39.99847068493382,0.9565258082771287,NOMINAL,0.9999617671233456,0.04500206457533934,1.0,False,0.31881533101045295,0.0,130.0,STANDBY,False,ASTRA_SIMULATED_EPS
7580.0,ASTRA-SC-01,EPS,32.11238533148107,3.9668516003114407,4.014328913412978,39.99846846617407,0.9562484390140051,NOMINAL,0.9999617116543517,0.04500206757066501,1.0,False,0.3205574912891986,0.0,130.0,STANDBY,False,ASTRA_SIMULATED_EPS
7590.0,ASTRA-SC-01,EPS,32.100840510805554,4.010799756994968,3.9418463136784467,39.998466247304926,0.955971056058907,NOMINAL,0.9999616561826231,0.04500207056613836,1.0,False,0.32229965156794427,0.0,130.0,STANDBY,False,ASTRA_SIMULATED_EPS
7600.0,ASTRA-SC-01,EPS,32.00608850499485,3.977438365406595,3.9169433289524305,39.99846402832637,0.9556936594092341,NOMINAL,0.9999616007081592,0.04500207356175939,1.0,False,0.3240418118466899,0.0,130.0,STANDBY,False,ASTRA_SIMULATED_EPS
7610.0,ASTRA-SC-01,EPS,32.12468081967603,3.982957915005537,3.8190261843147306,39.998461809238385,0.9554162490623835,NOMINAL,0.9999615452309597,0.04500207655752818,1.0,False,0.32578397212543553,0.0,130.0,STANDBY,False,ASTRA_SIMULATED_EPS
7620.0,ASTRA-SC-01,EPS,32.40788252262368,3.988470554397861,3.7048966441219706,39.99845959004095,0.9551388250157488,NOMINAL,0.9999614897510238,0.045002079553444714,1.0,False,0.32752613240418116,0.0,130.0,STANDBY,False,ASTRA_SIMULATED_EPS
7630.0,ASTRA-SC-01,EPS,32.50938845811715,4.038378092048968,3.7227273673843886,39.99845737073405,0.9548613872667205,NOMINAL,0.9999614342683513,0.04500208254950903,1.0,False,0.32926829268292684,0.0,130.0,STANDBY,False,ASTRA_SIMULATED_EPS
7640.0,ASTRA-SC-01,EPS,32.291970262855045,3.9749596057118426,3.5714374168868117,39.99845515131766,0.9545839358126863,NOMINAL,0.9999613787829413,0.04500208554572117,1.0,False,0.3310104529616725,0.0,130.0,STANDBY,False,ASTRA_SIMULATED_EPS
7650.0,ASTRA-SC-01,EPS,32.36090681248946,4.005794009917078,3.622377166369334,39.998452931791746,0.9543064706510304,NOMINAL,0.9999613232947937,0.04500208854208114,1.0,False,0.3327526132404181,0.0,130.0,STANDBY,False,ASTRA_SIMULATED_EPS
7660.0,ASTRA-SC-01,EPS,32.379929361901205,3.9579974969166143,3.544394211169065,39.998450712156306,0.9540289917791341,NOMINAL,0.9999612678039076,0.04500209153858899,1.0,False,0.3344947735191638,0.0,130.0,STANDBY,False,ASTRA_SIMULATED_EPS
7670.0,ASTRA-SC-01,EPS,32.11229030915935,3.986147129244165,3.44396799628042,39.998448492411306,0.9537514991943757,NOMINAL,0.9999612123102827,0.04500209453524474,1.0,False,0.3362369337979094,0.0,130.0,STANDBY,False,ASTRA_SIMULATED_EPS
7680.0,ASTRA-SC-01,EPS,32.59374306999469,4.07362026526165,3.4016164259559347,39.998446272556734,0.9534739928941302,NOMINAL,0.9999611568139184,0.045002097532048396,1.0,False,0.33797909407665505,0.0,130.0,STANDBY,False,ASTRA_SIMULATED_EPS
7690.0,ASTRA-SC-01,EPS,32.24054671513411,4.009485120083797,3.3556460330416606,39.99844405259257,0.9531964728757694,NOMINAL,0.9999611013148142,0.04500210052900003,1.0,False,0.3397212543554007,0.0,130.0,STANDBY,False,ASTRA_SIMULATED_EPS
7700.0,ASTRA-SC-01,EPS,32.21674881738776,4.041177506520436,3.262910061690862,39.998441832518786,0.9529189391366623,NOMINAL,0.9999610458129696,0.045002103526099645,1.0,False,0.34146341463414637,0.0,130.0,STANDBY,False,ASTRA_SIMULATED_EPS
7710.0,ASTRA-SC-01,EPS,32.34716953313915,4.013164094794291,3.2127889621394337,39.99843961233536,0.9526413916741745,NOMINAL,0.999960990308384,0.04500210652334726,1.0,False,0.343205574912892,0.0,130.0,STANDBY,False,ASTRA_SIMULATED_EPS
7720.0,ASTRA-SC-01,EPS,32.400589815008075,3.981303753461667,3.104257071482183,39.99843739204228,0.9523638304856686,NOMINAL,0.9999609348010569,0.045002109520742926,1.0,False,0.34494773519163763,0.0,130.0,STANDBY,False,ASTRA_SIMULATED_EPS
7730.0,ASTRA-SC-01,EPS,32.08615194271172,4.007903206417945,3.1117405065550767,39.998435171639514,0.9520862555685041,NOMINAL,0.9999608792909878,0.04500211251828666,1.0,False,0.34668989547038326,0.0,130.0,STANDBY,False,ASTRA_SIMULATED_EPS
7740.0,ASTRA-SC-01,EPS,32.33585003999241,4.038958137368816,3.013293973336645,39.99843295112705,0.9518086669200373,NOMINAL,0.9999608237781762,0.045002115515978484,1.0,False,0.34843205574912894,0.0,130.0,STANDBY,False,ASTRA_SIMULATED_EPS
7750.0,ASTRA-SC-01,EPS,32.36825576421038,3.970039599578218,2.935157029951615,39.99843073050486,0.9515310645376213,NOMINAL,0.9999607682626214,0.04500211851381844,1.0,False,0.3501742160278746,0.0,130.0,STANDBY,False,ASTRA_SIMULATED_EPS
7760.0,ASTRA-SC-01,EPS,32.37095199728383,4.01873205916502,2.880909634715478,39.99842850977292,0.9512534484186062,NOMINAL,0.9999607127443231,0.04500212151180655,1.0,False,0.3519163763066202,0.0,130.0,STANDBY,False,ASTRA_SIMULATED_EPS
7770.0,ASTRA-SC-01,EPS,32.24559756176316,3.959783187454431,2.819009794759843,39.99842628893123,0.9509758185603389,NOMINAL,0.9999606572232806,0.04500212450994285,1.0,False,0.35365853658536583,0.0,130.0,STANDBY,False,ASTRA_SIMULATED_EPS
7780.0,ASTRA-SC-01,EPS,32.39912367644657,4.01228444089774,2.8033046998224016,39.99842406797974,0.9506981749601632,NOMINAL,0.9999606016994935,0.045002127508227345,1.0,False,0.3554006968641115,0.0,130.0,STANDBY,False,ASTRA_SIMULATED_EPS
7790.0,ASTRA-SC-01,EPS,32.62186337636212,-3.3410232703820157,2.8059457865574804,39.99842184691845,0.9509302102664049,NOMINAL,0.9999605461729613,0.04500213050666009,1.0,True,0.35714285714285715,203.63962499999482,95.0,STANDBY,False,ASTRA_SIMULATED_EPS
7800.0,ASTRA-SC-01,EPS,33.6068097182155,-20.691429385470748,2.965774336606713,39.99841999070924,0.9523703493199803,NOMINAL,0.9999604997677309,0.04500213301254253,1.0,True,0.3588850174216028,769.3052499999949,95.0,STANDBY,False,ASTRA_SIMULATED_EPS
7810.0,ASTRA-SC-01,EPS,33.983591549211496,-31.394679164588794,3.153394257132117,39.99840847005189,0.9545266580434355,NOMINAL,0.9999602117512973,0.04500214856542994,1.0,True,0.3606271777003484,1104.8905011291931,95.0,STANDBY,False,ASTRA_SIMULATED_EPS
7820.0,ASTRA-SC-01,EPS,34.05383036271749,-30.417333539476964,3.2888501089102355,39.99839122026847,0.9566296860373265,NOMINAL,0.9999597805067119,0.045002171852637565,1.0,True,0.3623693379790941,1080.3144459123678,95.0,STANDBY,False,ASTRA_SIMULATED_EPS
7830.0,ASTRA-SC-01,EPS,34.11557633781686,-29.41672861583567,3.4398460561168327,39.99837439672119,0.9586838519116826,NOMINAL,0.9999593599180296,0.045002194564426404,1.0,True,0.3641114982578397,1057.7810361516301,95.0,STANDBY,False,ASTRA_SIMULATED_EPS
7840.0,ASTRA-SC-01,EPS,34.33445761767146,-29.137908858077587,3.6239003584001854,39.99835796406204,0.9606932031395318,NOMINAL,0.999958949101551,0.04500221674851625,1.0,True,0.36585365853658536,1037.1199875493169,95.0,STANDBY,False,ASTRA_SIMULATED_EPS
7850.0,ASTRA-SC-01,EPS,34.2876945304136,-28.39571688940233,3.724258621400583,39.998341889912105,0.9626614473041994,NOMINAL,0.9999585472478026,0.04500223844861866,1.0,True,0.367595818815331,1018.1751824508017,95.0,STANDBY,False,ASTRA_SIMULATED_EPS
7860.0,ASTRA-SC-01,EPS,33.95677399550546,-27.73967455305929,3.818726370345259,39.9983261446115,0.9645919806962114,NOMINAL,0.9999581536152875,0.04500225970477448,1.0,True,0.3693379790940767,1000.803492105937,95.0,STANDBY,False,ASTRA_SIMULATED_EPS
7870.0,ASTRA-SC-01,EPS,34.041658166939435,-27.51570965332357,4.078042913966466,39.99831070099065,0.966487914487973,NOMINAL,0.9999577675247663,0.04500228055366262,1.0,True,0.3710801393728223,984.873696798297,95.0,STANDBY,False,ASTRA_SIMULATED_EPS
7880.0,ASTRA-SC-01,EPS,34.17368585064581,-26.629589955260506,4.146728067519293,39.998295534160874,0.9683520986942024,NOMINAL,0.9999573883540219,0.045002301028882814,1.0,True,0.37282229965156793,970.2654957129714,95.0,STANDBY,False,ASTRA_SIMULATED_EPS
7890.0,ASTRA-SC-01,EPS,33.993692719137414,-26.576613246806165,4.385129642391661,39.998280621322714,0.9701871441077786,NOMINAL,0.9999570155330678,0.04500232116121433,1.0,True,0.37456445993031356,956.8685990886805,95.0,STANDBY,False,ASTRA_SIMULATED_EPS
7900.0,ASTRA-SC-01,EPS,34.26212003292642,-26.112490291814918,4.479725257135744,39.99826594159043,0.971995442384034,NOMINAL,0.9999566485397609,0.04500234097885292,1.0,True,0.37630662020905925,944.5818958189622,95.0,STANDBY,False,ASTRA_SIMULATED_EPS
7910.0,ASTRA-SC-01,EPS,34.37563602124967,-25.535675061388556,4.690992094856298,39.99825147583137,0.9737791844314119,NOMINAL,0.9999562868957841,0.04500236050762766,1.0,True,0.3780487804878049,933.3126902347877,95.0,STANDBY,False,ASTRA_SIMULATED_EPS
7920.0,ASTRA-SC-01,EPS,34.22751989318789,-25.534832439204855,4.743124784938691,39.998237206518766,0.975540377252673,NOMINAL,0.9999559301629691,0.04500237977119967,1.0,True,0.3797909407665505,922.9760023214279,95.0,STANDBY,False,ASTRA_SIMULATED_EPS
7930.0,ASTRA-SC-01,EPS,34.332674071758774,-25.18741572020778,4.859522852276899,39.99822311759712,0.9772808593683336,NOMINAL,0.999955577939928,0.04500239879124389,1.0,True,0.38153310104529614,913.4939260996687,95.0,STANDBY,False,ASTRA_SIMULATED_EPS
7940.0,ASTRA-SC-01,EPS,34.34542142230524,-24.794123662621995,5.050944557140955,39.99820919435872,0.9790023149426416,NOMINAL,0.999955229858968,0.04500241758761573,1.0,True,0.3832752613240418,904.7950413390986,95.0,STANDBY,False,ASTRA_SIMULATED_EPS
7950.0,ASTRA-SC-01,EPS,34.154728360646146,-24.565504304975608,5.143371556732737,39.998195423330685,0.9807062867220272,NOMINAL,0.9999548855832672,0.04500243617850358,1.0,True,0.38501742160278746,896.8138741725157,95.0,STANDBY,False,ASTRA_SIMULATED_EPS
7960.0,ASTRA-SC-01,EPS,34.435638232545244,-24.1736887209445,5.235935529195261,39.998181792171444,0.9823941878865249,NOMINAL,0.999954544804286,0.045002454580568556,1.0,True,0.3867595818815331,889.4904025484792,95.0,STANDBY,False,ASTRA_SIMULATED_EPS
7970.0,ASTRA-SC-01,EPS,34.12217908147871,-24.279650785660586,5.432830084835298,39.998168289575915,0.9840673129060424,NOMINAL,0.9999542072393979,0.04500247280907251,1.0,True,0.3885017421602787,882.7696027964689,95.0,STANDBY,False,ASTRA_SIMULATED_EPS
7980.0,ASTRA-SC-01,EPS,34.265934141561715,-24.07664887957296,5.554799573083257,39.99815490518869,0.985726847485501,NOMINAL,0.9999538726297174,0.045002490877995266,1.0,True,0.3902439024390244,876.601033888537,95.0,STANDBY,False,ASTRA_SIMULATED_EPS
7990.0,ASTRA-SC-01,EPS,34.10723768004058,-23.6905186193508,5.738452121751537,39.99814162952446,0.9873738776756967,NOMINAL,0.9999535407381115,0.04500250880014198,1.0,True,0.39198606271777003,870.9384562650696,95.0,STANDBY,False,ASTRA_SIMULATED_EPS
8000.0,ASTRA-SC-01,EPS,34.15508400894357,-23.528688787640412,5.8403339362786895,39.99812845389509,0.9890093982201897,NOMINAL,0.9999532113473774,0.045002526587241624,1.0,True,0.39372822299651566,865.7394823524402,95.0,STANDBY,False,ASTRA_SIMULATED_EPS
8010.0,ASTRA-SC-01,EPS,34.23212586818611,-23.193631560291028,6.066026006439625,39.99811537034293,0.990634320202548,NOMINAL,0.9999528842585732,0.04500254425003704,1.0,True,0.39547038327526135,860.9652561389119,95.0,STANDBY,False,ASTRA_SIMULATED_EPS
8020.0,ASTRA-SC-01,EPS,34.05628859984906,-23.156534854672508,6.169621282923213,39.99810237157955,0.9922494780528129,NOMINAL,0.9999525592894887,0.045002561798367605,1.0,True,0.397212543554007,856.5801593939026,95.0,STANDBY,False,ASTRA_SIMULATED_EPS
8030.0,ASTRA-SC-01,EPS,34.083014284888826,-23.028793682012445,6.33477071135458,39.99808945092974,0.9938556359670623,NOMINAL,0.9999522362732435,0.04500257924124485,1.0,True,0.3989547038327526,852.5515423163273,95.0,STANDBY,False,ASTRA_SIMULATED_EPS
8040.0,ASTRA-SC-01,EPS,34.088658325110096,-23.11818349850189,6.436413059868818,39.99807660228015,0.9954534937893885,NOMINAL,0.9999519150570038,0.045002596586921795,1.0,True,0.40069686411149824,848.8494765816648,95.0,STANDBY,False,ASTRA_SIMULATED_EPS
8050.0,ASTRA-SC-01,EPS,34.329288412393105,-22.83185639043193,6.529105411753475,39.998063820032236,0.9970436924014366,NOMINAL,0.9999515955008059,0.04500261384295648,1.0,True,0.4024390243902439,845.4465289260662,95.0,STANDBY,False,ASTRA_SIMULATED_EPS
8060.0,ASTRA-SC-01,EPS,34.351832627987676,-22.953730446814934,6.68993223666367,39.998051099059126,0.998626818660836,NOMINAL,0.999951277476478,0.04500263101627018,1.0,True,0.40418118466898956,842.3175535604809,95.0,STANDBY,False,ASTRA_SIMULATED_EPS
8070.0,ASTRA-SC-01,EPS,34.48612729166661,-22.728985761195208,6.759878913178251,39.99803843466612,1.0,NOMINAL,0.999950960866653,0.04500264811320074,1.0,True,0.4059233449477352,839.4395018495848,95.0,STANDBY,False,ASTRA_SIMULATED_EPS
8080.0,ASTRA-SC-01,EPS,32.92576578031696,-22.555260823237,6.855364239321681,39.99802582255451,1.0,NOMINAL,0.9999506455638628,0.04500266513955141,1.0,True,0.4076655052264808,836.7912478203517,95.0,STANDBY,False,ASTRA_SIMULATED_EPS
8090.0,ASTRA-SC-01,EPS,33.10053290855904,-22.409313192573105,6.869294253819092,39.99802582255451,1.0,NOMINAL,0.9999506455638628,0.04500266513955141,1.0,True,0.4094076655052265,834.3534281843233,95.0,STANDBY,False,ASTRA_SIMULATED_EPS
8100.0,ASTRA-SC-01,EPS,33.14769425539751,-22.592882513196777,6.940347062833167,39.99802582255451,1.0,NOMINAL,0.9999506455638628,0.04500266513955141,1.0,True,0.41114982578397213,832.1082956669965,95.0,STANDBY,False,ASTRA_SIMULATED_EPS
8110.0,ASTRA-SC-01,EPS,32.97938936859996,-22.383764529421786,6.976045678184708,39.99802582255451,1.0,NOMINAL,0.9999506455638628,0.04500266513955141,1.0,True,0.41289198606271776,830.0395845379817,95.0,STANDBY,False,ASTRA_SIMULATED_EPS
8120.0,ASTRA-SC-01,EPS,32.94865315387821,-22.255540473273907,7.023943721600989,39.99802582255451,1.0,NOMINAL,0.9999506455638628,0.04500266513955141,1.0,True,0.4146341463414634,828.1323873275319,95.0,STANDBY,False,ASTRA_SIMULATED_EPS
8130.0,ASTRA-SC-01,EPS,32.67474923047667,-22.094538081032546,7.164907942491681,39.99802582255451,1.0,NOMINAL,0.9999506455638628,0.04500266513955141,1.0,True,0.4163763066202091,826.3730417993215,95.0,STANDBY,False,ASTRA_SIMULATED_EPS
8140.0,ASTRA-SC-01,EPS,32.70131589075288,-22.16866214688996,7.119889147086068,39.99802582255451,1.0,NOMINAL,0.9999506455638628,0.04500266513955141,1.0,True,0.4181184668989547,824.7490273266627,95.0,STANDBY,False,ASTRA_SIMULATED_EPS
8150.0,ASTRA-SC-01,EPS,32.936552060266465,-22.168964798555287,7.181908193750503,39.99802582255451,1.0,NOMINAL,0.9999506455638628,0.04500266513955141,1.0,True,0.41986062717770034,823.248869890208,95.0,STANDBY,False,ASTRA_SIMULATED_EPS
8160.0,ASTRA-SC-01,EPS,32.74737925439957,-22.240785149199457,7.195957860054211,39.99802582255451,1.0,NOMINAL,0.9999506455638628,0.04500266513955141,1.0,True,0.42160278745644597,821.8620549801761,95.0,STANDBY,False,ASTRA_SIMULATED_EPS
8170.0,ASTRA-SC-01,EPS,32.725617625216756,-22.129464242802108,7.25377394687398,39.99802582255451,1.0,NOMINAL,0.9999506455638628,0.04500266513955141,1.0,True,0.42334494773519166,820.5789477457336,95.0,STANDBY,False,ASTRA_SIMULATED_EPS
8180.0,ASTRA-SC-01,EPS,32.96292899783217,-21.913801875699548,7.3080815261264584,39.99802582255451,1.0,NOMINAL,0.9999506455638628,0.04500266513955141,1.0,True,0.4250871080139373,819.3907197887901,95.0,STANDBY,False,ASTRA_SIMULATED_EPS
8190.0,ASTRA-SC-01,EPS,32.88088016348416,-21.99429632491736,7.407982757523505,39.99802582255451,1.0,NOMINAL,0.9999506455638628,0.04500266513955141,1.0,True,0.4268292682926829,818.2892820495751,95.0,STANDBY,False,ASTRA_SIMULATED_EPS
8200.0,ASTRA-SC-01,EPS,32.84639819305146,-21.935243426668862,7.45560235684498,39.99802582255451,1.0,NOMINAL,0.9999506455638628,0.04500266513955141,1.0,True,0.42857142857142855,817.2672232772943,95.0,STANDBY,False,ASTRA_SIMULATED_EPS
8210.0,ASTRA-SC-01,EPS,32.624526120035206,-21.89186389570778,7.522792485017498,39.99802582255451,1.0,NOMINAL,0.9999506455638628,0.04500266513955141,1.0,True,0.43031358885017423,816.3177536212845,95.0,STANDBY,False,ASTRA_SIMULATED_EPS
8220.0,ASTRA-SC-01,EPS,32.6972881602706,-21.960500666102355,7.559378024705713,39.99802582255451,1.0,NOMINAL,0.9999506455638628,0.04500266513955141,1.0,True,0.43205574912891986,815.4346529167126,95.0,STANDBY,False,ASTRA_SIMULATED_EPS
8230.0,ASTRA-SC-01,EPS,32.78401386730468,-21.81671292176892,7.690044479258217,39.99802582255451,1.0,NOMINAL,0.9999506455638628,0.04500266513955141,1.0,True,0.4337979094076655,814.6122232742658,95.0,STANDBY,False,ASTRA_SIMULATED_EPS
8240.0,ASTRA-SC-01,EPS,32.68596755988234,-22.074641302348056,7.6335435567009435,39.99802582255451,1.0,NOMINAL,0.9999506455638628,0.04500266513955141,1.0,True,0.4355400696864111,813.8452456157639,95.0,STANDBY,False,ASTRA_SIMULATED_EPS
8250.0,ASTRA-SC-01,EPS,32.93049751674927,-21.92098740528381,7.737384622659788,39.99802582255451,1.0,NOMINAL,0.9999506455638628,0.04500266513955141,1.0,True,0.4372822299651568,813.1289398273803,95.0,STANDBY,False,ASTRA_SIMULATED_EPS
8260.0,ASTRA-SC-01,EPS,32.59021954394714,-21.794882383997518,7.680667958230931,39.99802582255451,1.0,NOMINAL,0.9999506455638628,0.04500266513955141,1.0,True,0.43902439024390244,812.4589282294721,95.0,STANDBY,False,ASTRA_SIMULATED_EPS
8270.0,ASTRA-SC-01,EPS,33.08997891269395,-21.627298987429597,7.718740318178333,39.99802582255451,1.0,NOMINAL,0.9999506455638628,0.04500266513955141,1.0,True,0.44076655052264807,811.8312020870334,95.0,STANDBY,False,ASTRA_SIMULATED_EPS
8280.0,ASTRA-SC-01,EPS,32.716245436509936,-21.738880410749932,7.783703145604496,39.99802582255451,1.0,NOMINAL,0.9999506455638628,0.04500266513955141,1.0,True,0.4425087108013937,811.2420909077512,95.0,STANDBY,False,ASTRA_SIMULATED_EPS
8290.0,ASTRA-SC-01,EPS,32.79767897392805,-21.81724958748116,7.7529381423446635,39.99802582255451,1.0,NOMINAL,0.9999506455638628,0.04500266513955141,1.0,True,0.4442508710801394,810.6882342956696,95.0,STANDBY,False,ASTRA_SIMULATED_EPS
8300.0,ASTRA-SC-01,EPS,32.801824020754005,-21.882884916998503,7.870004290463076,39.99802582255451,1.0,NOMINAL,0.9999506455638628,0.04500266513955141,1.0,True,0.445993031358885,810.1665561477754,95.0,STANDBY,False,ASTRA_SIMULATED_EPS
8310.0,ASTRA-SC-01,EPS,33.04002630961807,-21.932405584336852,7.980936553885063,39.99802582255451,1.0,NOMINAL,0.9999506455638628,0.04500266513955141,1.0,True,0.44773519163763065,809.6742409984951,95.0,STANDBY,False,ASTRA_SIMULATED_EPS
8320.0,ASTRA-SC-01,EPS,32.75680070600627,-21.806895998505805,8.025288574575292,39.99802582255451,1.0,NOMINAL,0.9999506455638628,0.04500266513955141,1.0,True,0.44947735191637633,809.2087123333245,95.0,STANDBY,False,ASTRA_SIMULATED_EPS
8330.0,ASTRA-SC-01,EPS,32.85775857221798,-21.69664956526148,8.079551222615418,39.99802582255451,1.0,NOMINAL,0.9999506455638628,0.04500266513955141,1.0,True,0.45121951219512196,808.7676127076743,95.0,STANDBY,False,ASTRA_SIMULATED_EPS
8340.0,ASTRA-SC-01,EPS,32.747185131561714,-21.818458832450112,8.022135240462834,39.99802582255451,1.0,NOMINAL,0.9999506455638628,0.04500266513955141,1.0,True,0.4529616724738676,808.3487855206527,95.0,STANDBY,False,ASTRA_SIMULATED_EPS
8350.0,ASTRA-SC-01,EPS,32.665769843999925,-21.40140714625634,8.183756693019383,39.99802582255451,1.0,NOMINAL,0.9999506455638628,0.04500266513955141,1.0,True,0.4547038327526132,807.9502583060121,95.0,STANDBY,False,ASTRA_SIMULATED_EPS
8360.0,ASTRA-SC-01,EPS,32.57924867749926,-21.875348407957073,8.19062550963131,39.99802582255451,1.0,NOMINAL,0.9999506455638628,0.04500266513955141,1.0,True,0.4564459930313589,807.5702274139405,95.0,STANDBY,False,ASTRA_SIMULATED_EPS
8370.0,ASTRA-SC-01,EPS,32.89032853284566,-21.651673942975545,8.198673811653347,39.99802582255451,1.0,NOMINAL,0.9999506455638628,0.04500266513955141,1.0,True,0.45818815331010454,807.2070439678935,95.0,STANDBY,False,ASTRA_SIMULATED_EPS
8380.0,ASTRA-SC-01,EPS,32.77979206502414,-21.666185645427507,8.260485892804711,39.99802582255451,1.0,NOMINAL,0.9999506455638628,0.04500266513955141,1.0,True,0.45993031358885017,806.8592009902983,95.0,STANDBY,False,ASTRA_SIMULATED_EPS
8390.0,ASTRA-SC-01,EPS,32.43622845907177,-21.719300600907392,8.258271143666251,39.99802582255451,1.0,NOMINAL,0.9999506455638628,0.04500266513955141,1.0,True,0.4616724738675958,806.5253215997941,95.0,STANDBY,False,ASTRA_SIMULATED_EPS
8400.0,ASTRA-SC-01,EPS,32.82879069475119,-21.344854452807443,8.363746682455517,39.99802582255451,1.0,NOMINAL,0.9999506455638628,0.04500266513955141,1.0,True,0.4634146341463415,806.2041481907664,95.0,STANDBY,False,ASTRA_SIMULATED_EPS
8410.0,ASTRA-SC-01,EPS,32.748522638757876,-21.569489803159485,8.41391936302449,39.99802582255451,1.0,NOMINAL,0.9999506455638628,0.04500266513955141,1.0,True,0.4651567944250871,805.8945325133756,95.0,STANDBY,False,ASTRA_SIMULATED_EPS
8420.0,ASTRA-SC-01,EPS,32.86874280002092,-21.59610420547411,8.536906073595553,39.99802582255451,1.0,NOMINAL,0.9999506455638628,0.04500266513955141,1.0,True,0.46689895470383275,805.5954265790689,95.0,STANDBY,False,ASTRA_SIMULATED_EPS
8430.0,ASTRA-SC-01,EPS,32.614306425833,-21.602394049022166,8.43193564183345,39.99802582255451,1.0,NOMINAL,0.9999506455638628,0.04500266513955141,1.0,True,0.4686411149825784,805.3058743228205,95.0,STANDBY,False,ASTRA_SIMULATED_EPS
8440.0,ASTRA-SC-01,EPS,32.89081122574147,-21.751513621274007,8.501444354082922,39.99802582255451,1.0,NOMINAL,0.9999506455638628,0.04500266513955141,1.0,True,0.47038327526132406,805.0250039590653,95.0,STANDBY,False,ASTRA_SIMULATED_EPS
8450.0,ASTRA-SC-01,EPS,32.75126224975945,-21.52870277335758,8.612175922446687,39.99802582255451,1.0,NOMINAL,0.9999506455638628,0.04500266513955141,1.0,True,0.4721254355400697,804.752020973534,95.0,STANDBY,False,ASTRA_SIMULATED_EPS
8460.0,ASTRA-SC-01,EPS,32.59531909783373,-21.624840659643024,8.574597536337222,39.99802582255451,1.0,NOMINAL,0.9999506455638628,0.04500266513955141,1.0,True,0.4738675958188153,804.4862016980113,95.0,STANDBY,False,ASTRA_SIMULATED_EPS
8470.0,ASTRA-SC-01,EPS,32.59318767992043,-21.647698729756225,8.638358854939584,39.99802582255451,1.0,NOMINAL,0.9999506455638628,0.04500266513955141,1.0,True,0.47560975609756095,804.2268874194552,95.0,STANDBY,False,ASTRA_SIMULATED_EPS
8480.0,ASTRA-SC-01,EPS,33.19752765482897,-21.566466828229515,8.628492033148596,39.99802582255451,1.0,NOMINAL,0.9999506455638628,0.04500266513955141,1.0,True,0.47735191637630664,803.973478978943,95.0,STANDBY,False,ASTRA_SIMULATED_EPS
8490.0,ASTRA-SC-01,EPS,32.70690685796689,-21.492405669985928,8.845268720287182,39.99802582255451,1.0,NOMINAL,0.9999506455638628,0.04500266513955141,1.0,True,0.47909407665505227,803.7254318196391,95.0,STANDBY,False,ASTRA_SIMULATED_EPS
8500.0,ASTRA-SC-01,EPS,32.539412153058045,-21.812883633905354,8.877752583674015,39.99802582255451,1.0,ANOMALOUS,0.9999506455638628,0.15750932798842993,1.0,True,0.4808362369337979,803.4822514463551,95.0,STANDBY,True,ASTRA_SIMULATED_EPS
8510.0,ASTRA-SC-01,EPS,32.863389762583616,-21.691255924961293,8.85417790155663,39.99802582255451,1.0,ANOMALOUS,0.9999506455638628,0.15750932798842993,1.0,True,0.48257839721254353,803.2434892624086,95.0,STANDBY,True,ASTRA_SIMULATED_EPS
8520.0,ASTRA-SC-01,EPS,32.367225536053375,-21.58563015536192,8.886964315731873,39.99802582255451,1.0,ANOMALOUS,0.9999506455638628,0.15750932798842993,1.0,True,0.4843205574912892,803.0087387523298,95.0,STANDBY,True,ASTRA_SIMULATED_EPS
8530.0,ASTRA-SC-01,EPS,32.95104879530619,-21.693428897215874,8.917869420052455,39.99802582255451,1.0,ANOMALOUS,0.9999506455638628,0.15750932798842993,1.0,True,0.48606271777003485,802.7776319815935,95.0,STANDBY,True,ASTRA_SIMULATED_EPS
8540.0,ASTRA-SC-01,EPS,32.64769527753989,-21.543197543606585,8.911714852529617,39.99802582255451,1.0,ANOMALOUS,0.9999506455638628,0.15750932798842993,1.0,True,0.4878048780487805,802.5498363869441,95.0,STANDBY,True,ASTRA_SIMULATED_EPS
8550.0,ASTRA-SC-01,EPS,32.73252803606155,-21.677520574858125,9.031821695065888,39.99802582255451,1.0,ANOMALOUS,0.9999506455638628,0.15750932798842993,1.0,True,0.4895470383275261,802.3250518331024,95.0,STANDBY,True,ASTRA_SIMULATED_EPS
8560.0,ASTRA-SC-01,EPS,32.940233380424566,-21.58486044144693,9.043845409775177,39.99802582255451,1.0,ANOMALOUS,0.9999506455638628,0.15750932798842993,1.0,True,0.4912891986062718,802.1030079136311,95.0,STANDBY,True,ASTRA_SIMULATED_EPS
8570.0,ASTRA-SC-01,EPS,32.56188011664218,-21.58549460956771,9.081978123197775,39.99802582255451,1.0,ANOMALOUS,0.9999506455638628,0.15750932798842993,1.0,True,0.4930313588850174,801.8834614756172,95.0,STANDBY,True,ASTRA_SIMULATED_EPS
8580.0,ASTRA-SC-01,EPS,33.22924401158991,-21.670426325349403,9.200138580409813,39.99802582255451,1.0,ANOMALOUS,0.9999506455638628,0.15750932798842993,1.0,True,0.49477351916376305,801.6661943495029,95.0,STANDBY,True,ASTRA_SIMULATED_EPS
8590.0,ASTRA-SC-01,EPS,32.962920174503004,-21.50689318143997,9.257188930121565,39.99802582255451,1.0,ANOMALOUS,0.9999506455638628,0.15750932798842993,1.0,True,0.4965156794425087,801.4510112669639,95.0,STANDBY,True,ASTRA_SIMULATED_EPS
8600.0,ASTRA-SC-01,EPS,32.86045982078443,-21.488173769399285,9.20881718552672,39.99802582255451,1.0,ANOMALOUS,0.9999506455638628,0.15750932798842993,1.0,True,0.49825783972125437,801.2377379511526,95.0,STANDBY,True,ASTRA_SIMULATED_EPS
8610.0,ASTRA-SC-01,EPS,33.00009530601919,-21.402074666430792,9.222292091897625,39.99802582255451,1.0,ANOMALOUS,0.9999506455638628,0.15750932798842993,1.0,True,0.5,801.0262193649352,95.0,STANDBY,True,ASTRA_SIMULATED_EPS
8620.0,ASTRA-SC-01,EPS,32.58307896570465,-21.54202286019604,9.25556449217585,39.99802582255451,1.0,ANOMALOUS,0.9999506455638628,0.15750932798842993,1.0,True,0.5017421602787456,800.8163181039463,95.0,STANDBY,True,ASTRA_SIMULATED_EPS
8630.0,ASTRA-SC-01,EPS,32.78901250159079,-21.373523082863798,9.314579827191487,39.99802582255451,1.0,ANOMALOUS,0.9999506455638628,0.15750932798842993,1.0,True,0.5034843205574913,800.6079129223855,95.0,STANDBY,True,ASTRA_SIMULATED_EPS
8640.0,ASTRA-SC-01,EPS,32.792406287063265,-21.499973152202518,9.421633267632574,39.99802582255451,1.0,ANOMALOUS,0.9999506455638628,0.15750932798842993,1.0,True,0.5052264808362369,800.4008973804844,95.0,STANDBY,True,ASTRA_SIMULATED_EPS
8650.0,ASTRA-SC-01,EPS,32.430944829047775,-21.568485054887365,9.43143134354224,39.99802582255451,1.0,ANOMALOUS,0.9999506455638628,0.15750932798842993,1.0,True,0.5069686411149826,800.195178603498,95.0,STANDBY,True,ASTRA_SIMULATED_EPS
8660.0,ASTRA-SC-01,EPS,32.99623699825402,-21.549319889204803,9.368583877870382,39.99802582255451,1.0,ANOMALOUS,0.9999506455638628,0.15750932798842993,1.0,True,0.5087108013937283,799.9906761429185,95.0,STANDBY,True,ASTRA_SIMULATED_EPS
8670.0,ASTRA-SC-01,EPS,32.90105775396244,-21.559235166667687,9.44436174951707,39.99802582255451,1.0,ANOMALOUS,0.9999506455638628,0.15750932798842993,1.0,True,0.5104529616724739,799.7873209313884,95.0,STANDBY,True,ASTRA_SIMULATED_EPS
8680.0,ASTRA-SC-01,EPS,32.69703548225647,-21.502371048683536,9.514930929025358,39.99802582255451,1.0,ANOMALOUS,0.9999506455638628,0.15750932798842993,1.0,True,0.5121951219512195,799.5850543234942,95.0,STANDBY,True,ASTRA_SIMULATED_EPS
8690.0,ASTRA-SC-01,EPS,32.43771940931056,-21.37468378627141,9.650124799217272,39.99802582255451,1.0,ANOMALOUS,0.9999506455638628,0.15750932798842993,1.0,True,0.5139372822299652,799.3838272152822,95.0,STANDBY,True,ASTRA_SIMULATED_EPS
8700.0,ASTRA-SC-01,EPS,32.906273300191636,-21.597204706860794,9.617409454330492,39.99802582255451,1.0,ANOMALOUS,0.9999506455638628,0.15750932798842993,1.0,True,0.5156794425087108,799.1835992359294,95.0,STANDBY,True,ASTRA_SIMULATED_EPS
8710.0,ASTRA-SC-01,EPS,32.798355803979646,-21.396059519977545,9.701894431381213,39.99802582255451,1.0,ANOMALOUS,0.9999506455638628,0.15750932798842993,1.0,True,0.5174216027874564,798.984338005552,95.0,STANDBY,True,ASTRA_SIMULATED_EPS
8720.0,ASTRA-SC-01,EPS,32.67902265602317,-21.4480606373511,9.732225487424339,39.99802582255451,1.0,ANOMALOUS,0.9999506455638628,0.15750932798842993,1.0,True,0.519163763066202,798.7860184536358,95.0,STANDBY,True,ASTRA_SIMULATED_EPS
8730.0,ASTRA-SC-01,EPS,33.03817553241711,-21.37216407384208,9.78958933764992,39.99802582255451,1.0,ANOMALOUS,0.9999506455638628,0.15750932798842993,1.0,True,0.5209059233449478,798.5886221930358,95.0,STANDBY,True,ASTRA_SIMULATED_EPS
8740.0,ASTRA-SC-01,EPS,32.81317202812069,-21.286968221772124,9.81129094573709,39.99802582255451,1.0,ANOMALOUS,0.9999506455638628,0.15750932798842993,1.0,True,0.5226480836236934,798.392136944907,95.0,STANDBY,True,ASTRA_SIMULATED_EPS
8750.0,ASTRA-SC-01,EPS,32.65820863486574,-21.281842716574094,9.866255828750266,39.99802582255451,1.0,ANOMALOUS,0.9999506455638628,0.15750932798842993,1.0,True,0.524390243902439,798.1965560103256,95.0,STANDBY,True,ASTRA_SIMULATED_EPS
8760.0,ASTRA-SC-01,EPS,32.72676652567236,-21.48714366347903,9.886639147273383,39.99802582255451,1.0,ANOMALOUS,0.9999506455638628,0.15750932798842993,1.0,True,0.5261324041811847,798.001877784705,95.0,STANDBY,True,ASTRA_SIMULATED_EPS
8770.0,ASTRA-SC-01,EPS,32.8753853580278,-21.405328854725013,9.927717642701795,39.99802582255451,1.0,ANOMALOUS,0.9999506455638628,0.15750932798842993,1.0,True,0.5278745644599303,797.8081053114404,95.0,STANDBY,True,ASTRA_SIMULATED_EPS
8780.0,ASTRA-SC-01,EPS,33.07821243088944,-21.3014442917677,9.961918249368834,39.99802582255451,1.0,ANOMALOUS,0.9999506455638628,0.15750932798842993,1.0,True,0.5296167247386759,797.6152458715125,95.0,STANDBY,True,ASTRA_SIMULATED_EPS
8790.0,ASTRA-SC-01,EPS,32.95379648281364,-21.531444755865948,10.012409791716783,39.99802582255451,1.0,ANOMALOUS,0.9999506455638628,0.15750932798842993,1.0,True,0.5313588850174216,797.4233106060565,95.0,STANDBY,True,ASTRA_SIMULATED_EPS
8800.0,ASTRA-SC-01,EPS,33.09614524285013,-21.434329684299673,9.990151706950574,39.99802582255451,1.0,ANOMALOUS,0.9999506455638628,0.15750932798842993,1.0,True,0.5331010452961672,797.2323141691475,95.0,STANDBY,True,ASTRA_SIMULATED_EPS
8810.0,ASTRA-SC-01,EPS,32.69248347168914,-21.52616501442133,10.033208552232795,39.99802582255451,1.0,ANOMALOUS,0.9999506455638628,0.15750932798842993,1.0,True,0.5348432055749129,797.0422744082889,95.0,STANDBY,True,ASTRA_SIMULATED_EPS
8820.0,ASTRA-SC-01,EPS,32.73866187913371,-21.555751396246315,10.11303437327629,39.99802582255451,1.0,ANOMALOUS,0.9999506455638628,0.15750932798842993,1.0,True,0.5365853658536586,796.8532120702944,95.0,STANDBY,True,ASTRA_SIMULATED_EPS
8830.0,ASTRA-SC-01,EPS,32.947394973199565,-21.494241007043943,10.227918310210024,39.99802582255451,1.0,ANOMALOUS,0.9999506455638628,0.15750932798842993,1.0,True,0.5383275261324042,796.6651505304561,95.0,STANDBY,True,ASTRA_SIMULATED_EPS
8840.0,ASTRA-SC-01,EPS,32.88319252532495,-21.27154594829976,10.158657175364588,39.99802582255451,1.0,ANOMALOUS,0.9999506455638628,0.15750932798842993,1.0,True,0.5400696864111498,796.4781155430534,95.0,STANDBY,True,ASTRA_SIMULATED_EPS
8850.0,ASTRA-SC-01,EPS,32.93956375291347,-21.50342738770244,10.275550481024204,39.99802582255451,1.0,ANOMALOUS,0.9999506455638628,0.15750932798842993,1.0,True,0.5418118466898955,796.2921350114381,95.0,STANDBY,True,ASTRA_SIMULATED_EPS
8860.0,ASTRA-SC-01,EPS,32.827605219125644,-21.313699442640367,10.211642274085182,39.99802582255451,1.0,ANOMALOUS,0.9999506455638628,0.15750932798842993,1.0,True,0.5435540069686411,796.107238776063,95.0,STANDBY,True,ASTRA_SIMULATED_EPS
8870.0,ASTRA-SC-01,EPS,32.65263517410952,-21.303192958647507,10.26228347881024,39.99802582255451,1.0,ANOMALOUS,0.9999506455638628,0.15750932798842993,1.0,True,0.5452961672473867,795.9234584189637,95.0,STANDBY,True,ASTRA_SIMULATED_EPS
8880.0,ASTRA-SC-01,EPS,32.87538853915737,-21.517301040624073,10.391283720644058,39.99802582255451,1.0,ANOMALOUS,0.9999506455638628,0.15750932798842993,1.0,True,0.5470383275261324,795.7408270833347,95.0,STANDBY,True,ASTRA_SIMULATED_EPS
8890.0,ASTRA-SC-01,EPS,32.59729375927207,-21.297148670490017,10.419226223332995,39.99802582255451,1.0,ANOMALOUS,0.9999506455638628,0.15750932798842993,1.0,True,0.5487804878048781,795.5593793069397,95.0,STANDBY,True,ASTRA_SIMULATED_EPS
8900.0,ASTRA-SC-01,EPS,32.685155455466635,-21.288346522718395,10.439932270679638,39.99802582255451,1.0,ANOMALOUS,0.9999506455638628,0.15750932798842993,1.0,True,0.5505226480836237,795.3791508682189,95.0,STANDBY,True,ASTRA_SIMULATED_EPS
8910.0,ASTRA-SC-01,EPS,32.71105550926968,-21.460636918256974,10.36764044584263,39.99802582255451,1.0,ANOMALOUS,0.9999506455638628,0.15750932798842993,1.0,True,0.5522648083623694,795.2001786440354,95.0,STANDBY,True,ASTRA_SIMULATED_EPS
8920.0,ASTRA-SC-01,EPS,32.85676561841737,-21.517332420363502,10.50929688245052,39.99802582255451,1.0,ANOMALOUS,0.9999506455638628,0.15750932798842993,1.0,True,0.554006968641115,795.0225004781056,95.0,STANDBY,True,ASTRA_SIMULATED_EPS
8930.0,ASTRA-SC-01,EPS,32.75621926541003,-21.261297159779673,10.528081985044018,39.99802582255451,1.0,ANOMALOUS,0.9999506455638628,0.15750932798842993,1.0,True,0.5557491289198606,794.8461550592256,95.0,STANDBY,True,ASTRA_SIMULATED_EPS
8940.0,ASTRA-SC-01,EPS,32.74539552311107,-21.25009307943982,10.598488670112669,39.99802582255451,1.0,ANOMALOUS,0.9999506455638628,0.15750932798842993,1.0,True,0.5574912891986062,794.6711818084899,95.0,STANDBY,True,ASTRA_SIMULATED_EPS
8950.0,ASTRA-SC-01,EPS,32.851272675406996,-21.27413592576855,10.54340586711502,39.99802582255451,1.0,ANOMALOUS,0.9999506455638628,0.15750932798842993,1.0,True,0.5592334494773519,794.4976207747653,95.0,STANDBY,True,ASTRA_SIMULATED_EPS
8960.0,ASTRA-SC-01,EPS,32.9235351710238,-21.2529187764771,10.607696491584482,39.99802582255451,1.0,ANOMALOUS,0.9999506455638628,0.15750932798842993,1.0,True,0.5609756097560976,794.3255125377327,95.0,STANDBY,True,ASTRA_SIMULATED_EPS
8970.0,ASTRA-SC-01,EPS,32.75939551072678,-21.32045836681721,10.690049727065185,39.99802582255451,1.0,ANOMALOUS,0.9999506455638628,0.15750932798842993,1.0,True,0.5627177700348432,794.1548981178892,95.0,STANDBY,True,ASTRA_SIMULATED_EPS
8980.0,ASTRA-SC-01,EPS,32.85417607718924,-21.151241969568147,10.789004837158819,39.99802582255451,1.0,ANOMALOUS,0.9999506455638628,0.15750932798842993,1.0,True,0.5644599303135889,793.9858188929304,95.0,STANDBY,True,ASTRA_SIMULATED_EPS
8990.0,ASTRA-SC-01,EPS,32.58422383457965,-21.23643175412021,10.839403389416548,39.99802582255451,1.0,ANOMALOUS,0.9999506455638628,0.15750932798842993,1.0,True,0.5662020905923345,793.8183165200005,95.0,STANDBY,True,ASTRA_SIMULATED_EPS
9000.0,ASTRA-SC-01,EPS,32.86285948566086,-21.179104688193217,10.911509027795644,39.99802582255451,1.0,ANOMALOUS,0.9999506455638628,0.15750932798842993,1.0,True,0.5679442508710801,793.6524328633276,95.0,STANDBY,True,ASTRA_SIMULATED_EPS
9010.0,ASTRA-SC-01,EPS,32.967309418854185,-21.267953623086626,10.900987541200148,39.99802582255451,1.0,ANOMALOUS,0.9999506455638628,0.15750932798842993,1.0,True,0.5696864111498258,793.4882099268118,95.0,STANDBY,True,ASTRA_SIMULATED_EPS
9020.0,ASTRA-SC-01,EPS,32.82318518834349,-21.288127171051908,10.868899117396902,39.99802582255451,1.0,ANOMALOUS,0.9999506455638628,0.15750932798842993,1.0,True,0.5714285714285714,793.3256897911648,95.0,STANDBY,True,ASTRA_SIMULATED_EPS
9030.0,ASTRA-SC-01,EPS,33.05581928874208,-21.377086543713023,11.000724295872008,39.99802582255451,1.0,ANOMALOUS,0.9999506455638628,0.15750932798842993,1.0,True,0.573170731707317,793.1649145552311,95.0,STANDBY,True,ASTRA_SIMULATED_EPS
9040.0,ASTRA-SC-01,EPS,32.8814002768188,-21.436932200755173,10.980024091861972,39.99802582255451,1.0,ANOMALOUS,0.9999506455638628,0.15750932798842993,1.0,True,0.5749128919860628,793.0059262811645,95.0,STANDBY,True,ASTRA_SIMULATED_EPS
9050.0,ASTRA-SC-01,EPS,32.455025700640846,-21.206580806806905,11.043338823689286,39.99802582255451,1.0,ANOMALOUS,0.9999506455638628,0.15750932798842993,1.0,True,0.5766550522648084,792.8487669431428,95.0,STANDBY,True,ASTRA_SIMULATED_EPS
9060.0,ASTRA-SC-01,EPS,32.702279328818044,-21.25775821058902,11.134120915228578,39.99802582255451,1.0,ANOMALOUS,0.9999506455638628,0.15750932798842993,1.0,True,0.578397212543554,792.6934783793474,95.0,STANDBY,True,ASTRA_SIMULATED_EPS
9070.0,ASTRA-SC-01,EPS,32.716482996399726,-21.384732628498,11.147732445548083,39.99802582255451,1.0,ANOMALOUS,0.9999506455638628,0.15750932798842993,1.0,True,0.5801393728222997,792.5401022469467,95.0,STANDBY,True,ASTRA_SIMULATED_EPS
9080.0,ASTRA-SC-01,EPS,33.12128264616078,-21.261812016455078,11.161359362460905,39.99802582255451,1.0,ANOMALOUS,0.9999506455638628,0.15750932798842993,1.0,True,0.5818815331010453,792.3886799798496,95.0,STANDBY,True,ASTRA_SIMULATED_EPS
9090.0,ASTRA-SC-01,EPS,33.01942218572077,-21.34029743377611,11.12355882236025,39.99802582255451,1.0,ANOMALOUS,0.9999506455638628,0.15750932798842993,1.0,True,0.5836236933797909,792.2392527490144,95.0,STANDBY,True,ASTRA_SIMULATED_EPS
9100.0,ASTRA-SC-01,EPS,33.00128387414659,-21.065689302038727,11.21290729283302,39.99802582255451,1.0,ANOMALOUS,0.9999506455638628,0.15750932798842993,1.0,True,0.5853658536585366,792.0918614251127,95.0,STANDBY,True,ASTRA_SIMULATED_EPS
9110.0,ASTRA-SC-01,EPS,32.65513697871543,-21.02769540647522,11.195055336267504,39.99802582255451,1.0,ANOMALOUS,0.9999506455638628,0.15750932798842993,1.0,True,0.5871080139372822,791.9465465433717,95.0,STANDBY,True,ASTRA_SIMULATED_EPS
9120.0,ASTRA-SC-01,EPS,32.74446236782805,-21.206302133205543,11.336054291844086,39.99802582255451,1.0,ANOMALOUS,0.9999506455638628,0.15750932798842993,1.0,True,0.5888501742160279,791.8033482704302,95.0,STANDBY,True,ASTRA_SIMULATED_EPS
9130.0,ASTRA-SC-01,EPS,32.939473599375496,-21.19394425580065,11.318155107258765,39.99802582255451,1.0,ANOMALOUS,0.9999506455638628,0.15750932798842993,1.0,True,0.5905923344947736,791.6623063730533,95.0,STANDBY,True,ASTRA_SIMULATED_EPS
9140.0,ASTRA-SC-01,EPS,32.8065602789601,-21.173790753768913,11.205059368386136,39.99802582255451,1.0,ANOMALOUS,0.9999506455638628,0.15750932798842993,1.0,True,0.5923344947735192,791.5234601885717,95.0,STANDBY,True,ASTRA_SIMULATED_EPS
9150.0,ASTRA-SC-01,EPS,32.75078122952645,-21.204854250489085,11.310435901763821,39.99802582255451,1.0,ANOMALOUS,0.9999506455638628,0.15750932798842993,1.0,True,0.5940766550522648,791.3868485969197,95.0,STANDBY,True,ASTRA_SIMULATED_EPS
9160.0,ASTRA-SC-01,EPS,32.86277991005441,-21.250307954307868,11.492112426578053,39.99802582255451,1.0,ANOMALOUS,0.9999506455638628,0.15750932798842993,1.0,True,0.5958188153310104,791.2525099941531,95.0,STANDBY,True,ASTRA_SIMULATED_EPS
9170.0,ASTRA-SC-01,EPS,33.057394703145356,-21.275317428151123,11.433051853039512,39.99802582255451,1.0,ANOMALOUS,0.9999506455638628,0.15750932798842993,1.0,True,0.5975609756097561,791.1204822673451,95.0,STANDBY,True,ASTRA_SIMULATED_EPS
9180.0,ASTRA-SC-01,EPS,32.78729681070485,-21.269782904275782,11.48650340451627,39.99802582255451,1.0,ANOMALOUS,0.9999506455638628,0.15750932798842993,1.0,True,0.5993031358885017,790.9908027707629,95.0,STANDBY,True,ASTRA_SIMULATED_EPS
9190.0,ASTRA-SC-01,EPS,32.67506792303642,-21.3413106206963,11.543949710762371,39.99802582255451,1.0,ANOMALOUS,0.9999506455638628,0.15750932798842993,1.0,True,0.6010452961672473,790.8635083032362,95.0,STANDBY,True,ASTRA_SIMULATED_EPS
9200.0,ASTRA-SC-01,EPS,32.902665037222434,-21.30124322711052,11.593547750039974,39.99802582255451,1.0,ANOMALOUS,0.9999506455638628,0.15750932798842993,1.0,True,0.6027874564459931,790.7386350866386,95.0,STANDBY,True,ASTRA_SIMULATED_EPS
9210.0,ASTRA-SC-01,EPS,32.695847069812864,-21.180072283635155,11.625667099189796,39.99802582255451,1.0,ANOMALOUS,0.9999506455638628,0.15750932798842993,1.0,True,0.6045296167247387,790.6162187454055,95.0,STANDBY,True,ASTRA_SIMULATED_EPS
9220.0,ASTRA-SC-01,EPS,32.7939116346297,-21.154041150994004,11.59460268330197,39.99802582255451,1.0,ANOMALOUS,0.9999506455638628,0.15750932798842993,1.0,True,0.6062717770034843,790.4962942870288,95.0,STANDBY,True,ASTRA_SIMULATED_EPS
9230.0,ASTRA-SC-01,EPS,32.767204044571116,-21.223799783508557,11.618774117061347,39.99802582255451,1.0,ANOMALOUS,0.9999506455638628,0.15750932798842993,1.0,True,0.60801393728223,790.3788960834564,95.0,STANDBY,True,ASTRA_SIMULATED_EPS
9240.0,ASTRA-SC-01,EPS,32.770433544780936,-21.36932404792924,11.667129072272884,39.99802582255451,1.0,ANOMALOUS,0.9999506455638628,0.15750932798842993,1.0,True,0.6097560975609756,790.2640578533509,95.0,STANDBY,True,ASTRA_SIMULATED_EPS
9250.0,ASTRA-SC-01,EPS,32.7527052379462,-21.22245331251856,11.715100722644104,39.99802582255451,1.0,ANOMALOUS,0.9999506455638628,0.15750932798842993,1.0,True,0.6114982578397212,790.1518126451509,95.0,STANDBY,True,ASTRA_SIMULATED_EPS
9260.0,ASTRA-SC-01,EPS,32.78929484751474,-21.137487213387406,11.806295647057768,39.99802582255451,1.0,ANOMALOUS,0.9999506455638628,0.15750932798842993,1.0,True,0.6132404181184669,790.0421928208896,95.0,STANDBY,True,ASTRA_SIMULATED_EPS
9270.0,ASTRA-SC-01,EPS,32.69286437253244,-21.320901393459152,11.745767386623383,39.99802582255451,1.0,ANOMALOUS,0.9999506455638628,0.15750932798842993,1.0,True,0.6149825783972126,789.9352300407285,95.0,STANDBY,True,ASTRA_SIMULATED_EPS
9280.0,ASTRA-SC-01,EPS,32.71952412247568,-21.223278143302167,11.794575484973038,39.99802582255451,1.0,ANOMALOUS,0.9999506455638628,0.15750932798842993,1.0,True,0.6167247386759582,789.8309552481708,95.0,STANDBY,True,ASTRA_SIMULATED_EPS
9290.0,ASTRA-SC-01,EPS,32.58686459829012,-21.23173272595027,11.877258418519855,39.99802582255451,1.0,ANOMALOUS,0.9999506455638628,0.15750932798842993,1.0,True,0.6184668989547039,789.7293986559121,95.0,STANDBY,True,ASTRA_SIMULATED_EPS
9300.0,ASTRA-SC-01,EPS,32.89700711710602,-21.239946807066,11.882555364173614,39.99802582255451,1.0,ANOMALOUS,0.9999506455638628,0.15750932798842993,1.0,True,0.6202090592334495,789.6305897323042,95.0,STANDBY,True,ASTRA_SIMULATED_EPS
9310.0,ASTRA-SC-01,EPS,32.647448144644464,-21.178691769321542,11.895708609557163,39.99802582255451,1.0,ANOMALOUS,0.9999506455638628,0.15750932798842993,1.0,True,0.6219512195121951,789.5345571883989,95.0,STANDBY,True,ASTRA_SIMULATED_EPS
9320.0,ASTRA-SC-01,EPS,32.8934153091543,-21.3703479506655,11.954980210867369,39.99802582255451,1.0,ANOMALOUS,0.9999506455638628,0.15750932798842993,1.0,True,0.6236933797909407,789.4413289655449,95.0,STANDBY,True,ASTRA_SIMULATED_EPS
9330.0,ASTRA-SC-01,EPS,32.84880473483016,-21.14922980316481,12.14235214650371,39.99802582255451,1.0,ANOMALOUS,0.9999506455638628,0.15750932798842993,1.0,True,0.6254355400696864,789.3509322235165,95.0,STANDBY,True,ASTRA_SIMULATED_EPS
9340.0,ASTRA-SC-01,EPS,32.85679019499557,-21.278222665833457,12.037573383048086,39.99802582255451,1.0,ANOMALOUS,0.9999506455638628,0.15750932798842993,1.0,True,0.627177700348432,789.2633933291494,95.0,STANDBY,True,ASTRA_SIMULATED_EPS
9350.0,ASTRA-SC-01,EPS,32.508124715307744,-21.173289786049917,12.035247534964762,39.99802582255451,1.0,ANOMALOUS,0.9999506455638628,0.15750932798842993,1.0,True,0.6289198606271778,789.1787378454659,95.0,STANDBY,True,ASTRA_SIMULATED_EPS
9360.0,ASTRA-SC-01,EPS,32.9495453672524,-21.222759425032812,12.105523641124197,39.99802582255451,1.0,ANOMALOUS,0.9999506455638628,0.15750932798842993,1.0,True,0.6306620209059234,789.096990521269,95.0,STANDBY,True,ASTRA_SIMULATED_EPS
9370.0,ASTRA-SC-01,EPS,32.695194342812734,-20.96680223682221,12.129669500109626,39.99802582255451,1.0,ANOMALOUS,0.9999506455638628,0.15750932798842993,1.0,True,0.632404181184669,789.0181752811928,95.0,STANDBY,True,ASTRA_SIMULATED_EPS
9380.0,ASTRA-SC-01,EPS,33.099958075742485,-21.066953032839766,12.204113023746517,39.99802582255451,1.0,ANOMALOUS,0.9999506455638628,0.15750932798842993,1.0,True,0.6341463414634146,788.9423152161905,95.0,STANDBY,True,ASTRA_SIMULATED_EPS
9390.0,ASTRA-SC-01,EPS,32.859895172596225,-21.111304620665837,12.117812699246121,39.99802582255451,1.0,ANOMALOUS,0.9999506455638628,0.15750932798842993,1.0,True,0.6358885017421603,788.8694325744489,95.0,STANDBY,True,ASTRA_SIMULATED_EPS
9400.0,ASTRA-SC-01,EPS,32.75368792493598,-21.05918366792862,12.245846945497794,39.99802582255451,1.0,ANOMALOUS,0.9999506455638628,0.15750932798842993,1.0,True,0.6376306620209059,788.7995487527141,95.0,STANDBY,True,ASTRA_SIMULATED_EPS
9410.0,ASTRA-SC-01,EPS,32.56897691047234,-21.15656213663744,12.367501635671816,39.99802582255451,1.0,ANOMALOUS,0.9999506455638628,0.15750932798842993,1.0,True,0.6393728222996515,788.7326842880257,95.0,STANDBY,True,ASTRA_SIMULATED_EPS
9420.0,ASTRA-SC-01,EPS,33.00391064867938,-21.15567878920637,12.363782700085657,39.99802582255451,1.0,ANOMALOUS,0.9999506455638628,0.15750932798842993,1.0,True,0.6411149825783972,788.668858849835,95.0,STANDBY,True,ASTRA_SIMULATED_EPS
9430.0,ASTRA-SC-01,EPS,32.73931790259252,-21.335637384826732,12.30381037619632,39.99802582255451,1.0,ANOMALOUS,0.9999506455638628,0.15750932798842993,1.0,True,0.6428571428571429,788.6080912325145,95.0,STANDBY,True,ASTRA_SIMULATED_EPS
9440.0,ASTRA-SC-01,EPS,33.05573325529268,-21.175538738585086,12.371597720165774,39.99802582255451,1.0,ANOMALOUS,0.9999506455638628,0.15750932798842993,1.0,True,0.6445993031358885,788.5503993482388,95.0,STANDBY,True,ASTRA_SIMULATED_EPS
9450.0,ASTRA-SC-01,EPS,32.750251397736804,-20.932714357960098,12.498708153118269,39.99802582255451,1.0,ANOMALOUS,0.9999506455638628,0.15750932798842993,1.0,True,0.6463414634146342,788.4958002202322,95.0,STANDBY,True,ASTRA_SIMULATED_EPS
9460.0,ASTRA-SC-01,EPS,33.16329756656993,-21.159573959220413,12.465745004567921,39.99802582255451,1.0,ANOMALOUS,0.9999506455638628,0.15750932798842993,1.0,True,0.6480836236933798,788.444309976382,95.0,STANDBY,True,ASTRA_SIMULATED_EPS
9470.0,ASTRA-SC-01,EPS,32.550698988227055,-20.97699121736807,12.426038899153488,39.99802582255451,1.0,ANOMALOUS,0.9999506455638628,0.15750932798842993,1.0,True,0.6498257839721254,788.3959438432016,95.0,STANDBY,True,ASTRA_SIMULATED_EPS
9480.0,ASTRA-SC-01,EPS,32.83497456653095,-21.260579091129006,12.48835939437537,39.99802582255451,1.0,ANOMALOUS,0.9999506455638628,0.15750932798842993,1.0,True,0.6515679442508711,788.350716140149,95.0,STANDBY,True,ASTRA_SIMULATED_EPS
9490.0,ASTRA-SC-01,EPS,32.662115371019596,-21.205114942039497,12.52413245992629,39.99802582255451,1.0,ANOMALOUS,0.9999506455638628,0.15750932798842993,1.0,True,0.6533101045296167,788.3086402742844,95.0,STANDBY,True,ASTRA_SIMULATED_EPS
9500.0,ASTRA-SC-01,EPS,32.709509495039995,-21.04440732047071,12.52904255251039,39.99802582255451,1.0,ANOMALOUS,0.9999506455638628,0.15750932798842993,1.0,True,0.6550522648083623,788.2697287352728,95.0,STANDBY,True,ASTRA_SIMULATED_EPS
9510.0,ASTRA-SC-01,EPS,32.83559215725832,-21.000752875978467,12.59173444542541,39.99802582255451,1.0,ANOMALOUS,0.9999506455638628,0.15750932798842993,1.0,True,0.6567944250871081,788.2339930907215,95.0,STANDBY,True,ASTRA_SIMULATED_EPS
9520.0,ASTRA-SC-01,EPS,32.68168736791869,-21.160074317335408,12.709400806032711,39.99802582255451,1.0,ANOMALOUS,0.9999506455638628,0.15750932798842993,1.0,True,0.6585365853658537,788.2014439818471,95.0,STANDBY,True,ASTRA_SIMULATED_EPS
9530.0,ASTRA-SC-01,EPS,32.8312570908339,-21.192455190224155,12.707540606052438,39.99802582255451,1.0,ANOMALOUS,0.9999506455638628,0.15750932798842993,1.0,True,0.6602787456445993,788.1720911194788,95.0,STANDBY,True,ASTRA_SIMULATED_EPS
9540.0,ASTRA-SC-01,EPS,32.61865126042616,-21.057467180338822,12.736621547482144,39.99802582255451,1.0,ANOMALOUS,0.9999506455638628,0.15750932798842993,1.0,True,0.662020905923345,788.1459432803806,95.0,STANDBY,True,ASTRA_SIMULATED_EPS
9550.0,ASTRA-SC-01,EPS,32.74894429561315,-21.224968754043115,12.70461395949729,39.99802582255451,1.0,ANOMALOUS,0.9999506455638628,0.15750932798842993,1.0,True,0.6637630662020906,788.1230083039032,95.0,STANDBY,True,ASTRA_SIMULATED_EPS
9560.0,ASTRA-SC-01,EPS,32.88713250127153,-20.995572717763476,12.74975209024506,39.99802582255451,1.0,ANOMALOUS,0.9999506455638628,0.15750932798842993,1.0,True,0.6655052264808362,788.1032930889534,95.0,STANDBY,True,ASTRA_SIMULATED_EPS
9570.0,ASTRA-SC-01,EPS,32.874598097614076,-21.36200698136507,12.784968944456716,39.99802582255451,1.0,ANOMALOUS,0.9999506455638628,0.15750932798842993,1.0,True,0.6672473867595818,788.0868035912847,95.0,STANDBY,True,ASTRA_SIMULATED_EPS
9580.0,ASTRA-SC-01,EPS,32.79433042284817,-21.23132155821273,12.799869979367458,39.99802582255451,1.0,ANOMALOUS,0.9999506455638628,0.15750932798842993,1.0,True,0.6689895470383276,788.0735448211038,95.0,STANDBY,True,ASTRA_SIMULATED_EPS
9590.0,ASTRA-SC-01,EPS,32.68991007433862,-21.09802481603832,12.869737659725,39.99802582255451,1.0,ANOMALOUS,0.9999506455638628,0.15750932798842993,1.0,True,0.6707317073170732,788.0635208409917,95.0,STANDBY,True,ASTRA_SIMULATED_EPS
9600.0,ASTRA-SC-01,EPS,32.4323605222477,-21.36480662379782,12.881083240790739,39.99802582255451,1.0,ANOMALOUS,0.9999506455638628,0.15750932798842993,1.0,True,0.6724738675958188,788.0567347641402,95.0,STANDBY,True,ASTRA_SIMULATED_EPS
9610.0,ASTRA-SC-01,EPS,32.874483280360735,-21.434053434311004,12.91867618687686,39.99802582255451,1.0,ANOMALOUS,0.9999506455638628,0.15750932798842993,1.0,True,0.6742160278745645,788.0531887528975,95.0,STANDBY,True,ASTRA_SIMULATED_EPS
9620.0,ASTRA-SC-01,EPS,32.71312086551821,-20.976412364690535,12.956561837910307,39.99802582255451,1.0,ANOMALOUS,0.9999506455638628,0.15750932798842993,1.0,True,0.6759581881533101,788.0528840176264,95.0,STANDBY,True,ASTRA_SIMULATED_EPS
9630.0,ASTRA-SC-01,EPS,32.86223308887515,-21.114491512713297,12.901349103362934,39.99802582255451,1.0,ANOMALOUS,0.9999506455638628,0.15750932798842993,1.0,True,0.6777003484320557,788.0558208158689,95.0,STANDBY,True,ASTRA_SIMULATED_EPS
9640.0,ASTRA-SC-01,EPS,32.92540776947364,-21.10647608984279,13.065269852864082,39.99802582255451,1.0,ANOMALOUS,0.9999506455638628,0.15750932798842993,1.0,True,0.6794425087108014,788.0619984518195,95.0,STANDBY,True,ASTRA_SIMULATED_EPS
9650.0,ASTRA-SC-01,EPS,33.44331567464833,-21.36121046983026,13.157984969579394,39.99802582255451,1.0,ANOMALOUS,0.9999506455638628,0.15750932798842993,1.0,True,0.681184668989547,788.0714152761054,95.0,STANDBY,True,ASTRA_SIMULATED_EPS
9660.0,ASTRA-SC-01,EPS,32.75228343305851,-21.09918857649677,13.101283191127367,39.99802582255451,1.0,ANOMALOUS,0.9999506455638628,0.15750932798842993,1.0,True,0.6829268292682927,788.0840686858689,95.0,STANDBY,True,ASTRA_SIMULATED_EPS
9670.0,ASTRA-SC-01,EPS,32.729850461515774,-21.19452347710019,13.151758083362033,39.99802582255451,1.0,ANOMALOUS,0.9999506455638628,0.15750932798842993,1.0,True,0.6846689895470384,788.0999551251555,95.0,STANDBY,True,ASTRA_SIMULATED_EPS
9680.0,ASTRA-SC-01,EPS,32.55061188160731,-21.048990787906,13.146112172614897,39.99802582255451,1.0,ANOMALOUS,0.9999506455638628,0.15750932798842993,1.0,True,0.686411149825784,788.1190700856039,95.0,STANDBY,True,ASTRA_SIMULATED_EPS
9690.0,ASTRA-SC-01,EPS,32.61409588139517,-21.182531183612284,13.261334228654663,39.99802582255451,1.0,ANOMALOUS,0.9999506455638628,0.15750932798842993,1.0,True,0.6881533101045296,788.1414081074367,95.0,STANDBY,True,ASTRA_SIMULATED_EPS
9700.0,ASTRA-SC-01,EPS,32.71163058588769,-21.09384105112752,13.19339968264493,39.99802582255451,1.0,ANOMALOUS,0.9999506455638628,0.15750932798842993,1.0,True,0.6898954703832753,788.1669627807524,95.0,STANDBY,True,ASTRA_SIMULATED_EPS
9710.0,ASTRA-SC-01,EPS,32.92372099895543,-21.058520732261556,13.35376474477171,39.99802582255451,1.0,ANOMALOUS,0.9999506455638628,0.15750932798842993,1.0,True,0.6916376306620209,788.1957267471128,95.0,STANDBY,True,ASTRA_SIMULATED_EPS
9720.0,ASTRA-SC-01,EPS,32.770632016952696,-21.06135717928694,13.297540788608885,39.99802582255451,1.0,ANOMALOUS,0.9999506455638628,0.15750932798842993,1.0,True,0.6933797909407665,788.2276917014324,95.0,STANDBY,True,ASTRA_SIMULATED_EPS
9730.0,ASTRA-SC-01,EPS,33.01194323849335,-21.21599555566658,13.361107310844783,39.99802582255451,1.0,ANOMALOUS,0.9999506455638628,0.15750932798842993,1.0,True,0.6951219512195121,788.2628483941618,95.0,STANDBY,True,ASTRA_SIMULATED_EPS
9740.0,ASTRA-SC-01,EPS,32.76749420255563,-21.14470735951945,13.359581050636136,39.99802582255451,1.0,ANOMALOUS,0.9999506455638628,0.15750932798842993,1.0,True,0.6968641114982579,788.3011866337653,95.0,STANDBY,True,ASTRA_SIMULATED_EPS
9750.0,ASTRA-SC-01,EPS,32.84079069694859,-21.15173392502402,13.396782436435139,39.99802582255451,1.0,ANOMALOUS,0.9999506455638628,0.15750932798842993,1.0,True,0.6986062717770035,788.3426952894944,95.0,STANDBY,True,ASTRA_SIMULATED_EPS
9760.0,ASTRA-SC-01,EPS,33.05823081483647,-21.031139437908518,13.46047504882872,39.99802582255451,1.0,ANOMALOUS,0.9999506455638628,0.15750932798842993,1.0,True,0.7003484320557491,788.3873622944528,95.0,STANDBY,True,ASTRA_SIMULATED_EPS
9770.0,ASTRA-SC-01,EPS,32.72471682807858,-21.240134032936552,13.49567030093122,39.99802582255451,1.0,ANOMALOUS,0.9999506455638628,0.15750932798842993,1.0,True,0.7020905923344948,788.4351746489517,95.0,STANDBY,True,ASTRA_SIMULATED_EPS
9780.0,ASTRA-SC-01,EPS,32.943093149342054,-20.98019225444991,13.448511827659486,39.99802582255451,1.0,ANOMALOUS,0.9999506455638628,0.15750932798842993,1.0,True,0.7038327526132404,788.486118424157,95.0,STANDBY,True,ASTRA_SIMULATED_EPS
9790.0,ASTRA-SC-01,EPS,32.761778680011865,-21.326419944969615,13.48981074136435,39.99802582255451,1.0,ANOMALOUS,0.9999506455638628,0.15750932798842993,1.0,True,0.705574912891986,788.5401787660217,95.0,STANDBY,True,ASTRA_SIMULATED_EPS
9800.0,ASTRA-SC-01,EPS,32.96285869199292,-21.198288226125033,13.572099794969656,39.99802582255451,1.0,ANOMALOUS,0.9999506455638628,0.15750932798842993,1.0,True,0.7073170731707317,788.5973398995087,95.0,STANDBY,True,ASTRA_SIMULATED_EPS
9810.0,ASTRA-SC-01,EPS,32.768182037655826,-21.112581662091337,13.513251033571605,39.99802582255451,1.0,ANOMALOUS,0.9999506455638628,0.15750932798842993,1.0,True,0.7090592334494773,788.6575851330953,95.0,STANDBY,True,ASTRA_SIMULATED_EPS
9820.0,ASTRA-SC-01,EPS,32.813398102725046,-21.48167303867205,13.591769100212789,39.99802582255451,1.0,ANOMALOUS,0.9999506455638628,0.15750932798842993,1.0,True,0.710801393728223,788.7208968635631,95.0,STANDBY,True,ASTRA_SIMULATED_EPS
9830.0,ASTRA-SC-01,EPS,32.53203108219578,-21.01884346664314,13.670381305337457,39.99802582255451,1.0,ANOMALOUS,0.9999506455638628,0.15750932798842993,1.0,True,0.7125435540069687,788.7872565810706,95.0,STANDBY,True,ASTRA_SIMULATED_EPS
9840.0,ASTRA-SC-01,EPS,32.87595669541524,-20.986051550158837,13.614381082490793,39.99802582255451,1.0,ANOMALOUS,0.9999506455638628,0.15750932798842993,1.0,True,0.7142857142857143,788.8566448745023,95.0,STANDBY,True,ASTRA_SIMULATED_EPS
9850.0,ASTRA-SC-01,EPS,33.08598653042706,-21.05347309593255,13.680234272415001,39.99802582255451,1.0,ANOMALOUS,0.9999506455638628,0.15750932798842993,1.0,True,0.7160278745644599,788.9290414371012,95.0,STANDBY,True,ASTRA_SIMULATED_EPS
9860.0,ASTRA-SC-01,EPS,32.98566243193182,-21.28161509853868,13.68099082993483,39.99802582255451,1.0,ANOMALOUS,0.9999506455638628,0.15750932798842993,1.0,True,0.7177700348432056,789.0044250723731,95.0,STANDBY,True,ASTRA_SIMULATED_EPS
9870.0,ASTRA-SC-01,EPS,32.69961703652098,-21.220046307194597,13.699462745105171,39.99802582255451,1.0,ANOMALOUS,0.9999506455638628,0.15750932798842993,1.0,True,0.7195121951219512,789.0827737002683,95.0,STANDBY,True,ASTRA_SIMULATED_EPS
9880.0,ASTRA-SC-01,EPS,33.00000609890353,-21.192596336055427,13.799909767321711,39.99802582255451,1.0,ANOMALOUS,0.9999506455638628,0.15750932798842993,1.0,True,0.7212543554006968,789.1640643636333,95.0,STANDBY,True,ASTRA_SIMULATED_EPS
9890.0,ASTRA-SC-01,EPS,32.705888016913676,-21.36825940771266,13.82570129477303,39.99802582255451,1.0,ANOMALOUS,0.9999506455638628,0.15750932798842993,1.0,True,0.7229965156794426,789.2482732349359,95.0,STANDBY,True,ASTRA_SIMULATED_EPS
9900.0,ASTRA-SC-01,EPS,32.48581968972988,-21.176740990149987,13.773616812440208,39.99802582255451,1.0,ANOMALOUS,0.9999506455638628,0.15750932798842993,1.0,True,0.7247386759581882,789.3353756232553,95.0,STANDBY,True,ASTRA_SIMULATED_EPS
9910.0,ASTRA-SC-01,EPS,33.125331538891956,-21.070843143022135,13.877074833773738,39.99802582255451,1.0,ANOMALOUS,0.9999506455638628,0.15750932798842993,1.0,True,0.7264808362369338,789.4253459815393,95.0,STANDBY,True,ASTRA_SIMULATED_EPS
9920.0,ASTRA-SC-01,EPS,33.00666825403894,-21.268539971912666,13.928636347425776,39.99802582255451,1.0,ANOMALOUS,0.9999506455638628,0.15750932798842993,1.0,True,0.7282229965156795,789.5181579141263,95.0,STANDBY,True,ASTRA_SIMULATED_EPS
9930.0,ASTRA-SC-01,EPS,32.8321923340632,-21.14834473150069,13.99467615382163,39.99802582255451,1.0,ANOMALOUS,0.9999506455638628,0.15750932798842993,1.0,True,0.7299651567944251,789.6137841845252,95.0,STANDBY,True,ASTRA_SIMULATED_EPS
9940.0,ASTRA-SC-01,EPS,32.91955059366172,-21.148601501603082,13.8778312843947,39.99802582255451,1.0,ANOMALOUS,0.9999506455638628,0.15750932798842993,1.0,True,0.7317073170731707,789.7121967234584,95.0,STANDBY,True,ASTRA_SIMULATED_EPS
9950.0,ASTRA-SC-01,EPS,32.64197917090422,-21.197317051035803,13.994682739836731,39.99802582255451,1.0,ANOMALOUS,0.9999506455638628,0.15750932798842993,1.0,True,0.7334494773519163,789.8133666371564,95.0,STANDBY,True,ASTRA_SIMULATED_EPS
9960.0,ASTRA-SC-01,EPS,32.614073842538296,-20.919336188118177,14.09519378622925,39.99802582255451,1.0,ANOMALOUS,0.9999506455638628,0.15750932798842993,1.0,True,0.735191637630662,789.9172642159085,95.0,STANDBY,True,ASTRA_SIMULATED_EPS
9970.0,ASTRA-SC-01,EPS,32.89816966882774,-21.1821313829361,14.038045304082269,39.99802582255451,1.0,ANOMALOUS,0.9999506455638628,0.15750932798842993,1.0,True,0.7369337979094077,790.0238589428643,95.0,STANDBY,True,ASTRA_SIMULATED_EPS
9980.0,ASTRA-SC-01,EPS,32.64331211247818,-21.184857288427516,14.090746964244257,39.99802582255451,1.0,ANOMALOUS,0.9999506455638628,0.15750932798842993,1.0,True,0.7386759581881533,790.1331195030815,95.0,STANDBY,True,ASTRA_SIMULATED_EPS
9990.0,ASTRA-SC-01,EPS,32.595778840290464,-21.15977821494145,14.099222093229917,39.99802582255451,1.0,ANOMALOUS,0.9999506455638628,0.15750932798842993,1.0,True,0.740418118466899,790.2450137928198,95.0,STANDBY,True,ASTRA_SIMULATED_EPS
10000.0,ASTRA-SC-01,EPS,32.48654905339823,-21.295861601720993,14.115352808878281,39.99802582255451,1.0,ANOMALOUS,0.9999506455638628,0.15750932798842993,1.0,True,0.7421602787456446,790.3595089290782,95.0,STANDBY,True,ASTRA_SIMULATED_EPS
10010.0,ASTRA-SC-01,EPS,33.10899933763712,-21.142138041509813,14.098229585532906,39.99802582255451,1.0,NOMINAL,0.9999506455638628,0.04500266513955141,1.0,True,0.7439024390243902,790.476571259368,95.0,STANDBY,False,ASTRA_SIMULATED_EPS
10020.0,ASTRA-SC-01,EPS,32.87913255006505,-21.379381949472407,14.248031540244952,39.99802582255451,1.0,NOMINAL,0.9999506455638628,0.04500266513955141,1.0,True,0.7456445993031359,790.5961663717256,95.0,STANDBY,False,ASTRA_SIMULATED_EPS
10030.0,ASTRA-SC-01,EPS,32.72216091233365,-21.221693930829975,14.289003094627573,39.99802582255451,1.0,NOMINAL,0.9999506455638628,0.04500266513955141,1.0,True,0.7473867595818815,790.7182591049561,95.0,STANDBY,False,ASTRA_SIMULATED_EPS
10040.0,ASTRA-SC-01,EPS,32.58833288018262,-21.370278032815417,14.222272727233829,39.99802582255451,1.0,NOMINAL,0.9999506455638628,0.04500266513955141,1.0,True,0.7491289198606271,790.842813559106,95.0,STANDBY,False,ASTRA_SIMULATED_EPS
10050.0,ASTRA-SC-01,EPS,32.9697151394167,-21.387755357847173,14.138507706462798,39.99802582255451,1.0,NOMINAL,0.9999506455638628,0.04500266513955141,1.0,True,0.7508710801393729,790.9697931061646,95.0,STANDBY,False,ASTRA_SIMULATED_EPS
10060.0,ASTRA-SC-01,EPS,32.72543524495106,-21.161601648706554,14.368714932558287,39.99802582255451,1.0,NOMINAL,0.9999506455638628,0.04500266513955141,1.0,True,0.7526132404181185,791.099160400986,95.0,STANDBY,False,ASTRA_SIMULATED_EPS
10070.0,ASTRA-SC-01,EPS,32.72346686891544,-21.272647645996216,14.394907010197278,39.99802582255451,1.0,NOMINAL,0.9999506455638628,0.04500266513955141,1.0,True,0.7543554006968641,791.2308773924314,95.0,STANDBY,False,ASTRA_SIMULATED_EPS
10080.0,ASTRA-SC-01,EPS,32.49279174451009,-21.27419624263345,14.375167269384784,39.99802582255451,1.0,NOMINAL,0.9999506455638628,0.04500266513955141,1.0,True,0.7560975609756098,791.3649053347269,95.0,STANDBY,False,ASTRA_SIMULATED_EPS
10090.0,ASTRA-SC-01,EPS,32.8730945749262,-21.291843922103112,14.395726402607453,39.99802582255451,1.0,NOMINAL,0.9999506455638628,0.04500266513955141,1.0,True,0.7578397212543554,791.5012047990353,95.0,STANDBY,False,ASTRA_SIMULATED_EPS
10100.0,ASTRA-SC-01,EPS,32.39134547883208,-21.31258453085483,14.444962442711159,39.99802582255451,1.0,NOMINAL,0.9999506455638628,0.04500266513955141,1.0,True,0.759581881533101,791.6397356852345,95.0,STANDBY,False,ASTRA_SIMULATED_EPS
10110.0,ASTRA-SC-01,EPS,32.63833060578595,-21.237119553111796,14.472837866771346,39.99802582255451,1.0,NOMINAL,0.9999506455638628,0.04500266513955141,1.0,True,0.7613240418118467,791.7804572339007,95.0,STANDBY,False,ASTRA_SIMULATED_EPS
10120.0,ASTRA-SC-01,EPS,32.74324691599277,-21.229073157267177,14.430489628822365,39.99802582255451,1.0,NOMINAL,0.9999506455638628,0.04500266513955141,1.0,True,0.7630662020905923,791.9233280384955,95.0,STANDBY,False,ASTRA_SIMULATED_EPS
10130.0,ASTRA-SC-01,EPS,32.765540343560986,-21.184561675204,14.514531901782787,39.99802582255451,1.0,NOMINAL,0.9999506455638628,0.04500266513955141,1.0,True,0.764808362369338,792.068306057746,95.0,STANDBY,False,ASTRA_SIMULATED_EPS
10140.0,ASTRA-SC-01,EPS,32.703234559395284,-21.231986946643943,14.570395921256239,39.99802582255451,1.0,NOMINAL,0.9999506455638628,0.04500266513955141,1.0,True,0.7665505226480837,792.2153486282226,95.0,STANDBY,False,ASTRA_SIMULATED_EPS
10150.0,ASTRA-SC-01,EPS,32.46323953254968,-21.13246996901559,14.54576025363909,39.99802582255451,1.0,NOMINAL,0.9999506455638628,0.04500266513955141,1.0,True,0.7682926829268293,792.3644124771018,95.0,STANDBY,False,ASTRA_SIMULATED_EPS
10160.0,ASTRA-SC-01,EPS,32.86920312202595,-21.132798477371736,14.521822444403426,39.99802582255451,1.0,NOMINAL,0.9999506455638628,0.04500266513955141,1.0,True,0.7700348432055749,792.5154537351187,95.0,STANDBY,False,ASTRA_SIMULATED_EPS
10170.0,ASTRA-SC-01,EPS,32.68307771718667,-21.30288341997436,14.578977370197356,39.99802582255451,1.0,NOMINAL,0.9999506455638628,0.04500266513955141,1.0,True,0.7717770034843205,792.6684279496963,95.0,STANDBY,False,ASTRA_SIMULATED_EPS
10180.0,ASTRA-SC-01,EPS,33.08394860019491,-21.37089894918435,14.618072600489223,39.99802582255451,1.0,NOMINAL,0.9999506455638628,0.04500266513955141,1.0,True,0.7735191637630662,792.8232900982533,95.0,STANDBY,False,ASTRA_SIMULATED_EPS
10190.0,ASTRA-SC-01,EPS,32.83294321092982,-21.41417255665425,14.65367697070385,39.99802582255451,1.0,NOMINAL,0.9999506455638628,0.04500266513955141,1.0,True,0.7752613240418118,792.979994601687,95.0,STANDBY,False,ASTRA_SIMULATED_EPS
10200.0,ASTRA-SC-01,EPS,32.85148541896607,-21.322173121985763,14.696329100663222,39.99802582255451,1.0,NOMINAL,0.9999506455638628,0.04500266513955141,1.0,True,0.7770034843205574,793.1384953380204,95.0,STANDBY,False,ASTRA_SIMULATED_EPS
10210.0,ASTRA-SC-01,EPS,32.712615056428206,-21.458757264943955,14.74454210832556,39.99802582255451,1.0,NOMINAL,0.9999506455638628,0.04500266513955141,1.0,True,0.7787456445993032,793.2987456562153,95.0,STANDBY,False,ASTRA_SIMULATED_EPS
10220.0,ASTRA-SC-01,EPS,33.087227967917755,-21.292856134624646,14.767116420426952,39.99802582255451,1.0,NOMINAL,0.9999506455638628,0.04500266513955141,1.0,True,0.7804878048780488,793.460698390146,95.0,STANDBY,False,ASTRA_SIMULATED_EPS
10230.0,ASTRA-SC-01,EPS,32.91302853518104,-21.44142525607721,14.868296672232216,39.99802582255451,1.0,NOMINAL,0.9999506455638628,0.04500266513955141,1.0,True,0.7822299651567944,793.6243058727258,95.0,STANDBY,False,ASTRA_SIMULATED_EPS
10240.0,ASTRA-SC-01,EPS,32.83260533829377,-21.122940380197434,14.773764167044668,39.99802582255451,1.0,NOMINAL,0.9999506455638628,0.04500266513955141,1.0,True,0.7839721254355401,793.7895199501866,95.0,STANDBY,False,ASTRA_SIMULATED_EPS
10250.0,ASTRA-SC-01,EPS,33.09758091765549,-21.22354861210273,14.865240045601963,39.99802582255451,1.0,NOMINAL,0.9999506455638628,0.04500266513955141,1.0,True,0.7857142857142857,793.9562919965015,95.0,STANDBY,False,ASTRA_SIMULATED_EPS
10260.0,ASTRA-SC-01,EPS,32.83780333491059,-21.342877645040158,14.924714389456215,39.99802582255451,1.0,NOMINAL,0.9999506455638628,0.04500266513955141,1.0,True,0.7874564459930313,794.1245729279519,95.0,STANDBY,False,ASTRA_SIMULATED_EPS
10270.0,ASTRA-SC-01,EPS,32.82244261280651,-21.539851135978775,14.83585598262975,39.99802582255451,1.0,NOMINAL,0.9999506455638628,0.04500266513955141,1.0,True,0.789198606271777,794.2943132178291,95.0,STANDBY,False,ASTRA_SIMULATED_EPS
10280.0,ASTRA-SC-01,EPS,32.76894583026664,-21.290936575405112,14.915841307121532,39.99802582255451,1.0,NOMINAL,0.9999506455638628,0.04500266513955141,1.0,True,0.7909407665505227,794.4654629112695,95.0,STANDBY,False,ASTRA_SIMULATED_EPS
10290.0,ASTRA-SC-01,EPS,32.999331697269454,-21.548648888301848,14.952733673107607,39.99802582255451,1.0,NOMINAL,0.9999506455638628,0.04500266513955141,1.0,True,0.7926829268292683,794.6379716402155,95.0,STANDBY,False,ASTRA_SIMULATED_EPS
10300.0,ASTRA-SC-01,EPS,32.501280641220305,-21.251254898332594,14.967643195823497,39.99802582255451,1.0,NOMINAL,0.9999506455638628,0.04500266513955141,1.0,True,0.794425087108014,794.8117886385007,95.0,STANDBY,False,ASTRA_SIMULATED_EPS
10310.0,ASTRA-SC-01,EPS,32.868238825320844,-21.437939603024653,15.06307973511103,39.99802582255451,1.0,NOMINAL,0.9999506455638628,0.04500266513955141,1.0,True,0.7961672473867596,794.9868627570512,95.0,STANDBY,False,ASTRA_SIMULATED_EPS
10320.0,ASTRA-SC-01,EPS,32.97026384311922,-21.281610368021752,15.019299675548893,39.99802582255451,1.0,NOMINAL,0.9999506455638628,0.04500266513955141,1.0,True,0.7979094076655052,795.1631424792014,95.0,STANDBY,False,ASTRA_SIMULATED_EPS
10330.0,ASTRA-SC-01,EPS,32.89451892318374,-21.431224891537163,15.095151252742056,39.99802582255451,1.0,NOMINAL,0.9999506455638628,0.04500266513955141,1.0,True,0.7996515679442509,795.3405759361158,95.0,STANDBY,False,ASTRA_SIMULATED_EPS
10340.0,ASTRA-SC-01,EPS,33.06993411453985,-21.237983268241454,15.042420350381208,39.99802582255451,1.0,NOMINAL,0.9999506455638628,0.04500266513955141,1.0,True,0.8013937282229965,795.5191109223155,95.0,STANDBY,False,ASTRA_SIMULATED_EPS
10350.0,ASTRA-SC-01,EPS,32.85869539753699,-21.507733775907337,15.133976254833373,39.99802582255451,1.0,NOMINAL,0.9999506455638628,0.04500266513955141,1.0,True,0.8031358885017421,795.6986949113018,95.0,STANDBY,False,ASTRA_SIMULATED_EPS
10360.0,ASTRA-SC-01,EPS,32.873321660356986,-21.577772134153054,15.073653262440905,39.99802582255451,1.0,NOMINAL,0.9999506455638628,0.04500266513955141,1.0,True,0.8048780487804879,795.8792750712731,95.0,STANDBY,False,ASTRA_SIMULATED_EPS
10370.0,ASTRA-SC-01,EPS,32.75299003476531,-21.40783762909913,15.097583961319886,39.99802582255451,1.0,NOMINAL,0.9999506455638628,0.04500266513955141,1.0,True,0.8066202090592335,796.0607982809305,95.0,STANDBY,False,ASTRA_SIMULATED_EPS
10380.0,ASTRA-SC-01,EPS,32.86321538974087,-21.351602071636513,15.174589530670325,39.99802582255451,1.0,NOMINAL,0.9999506455638628,0.04500266513955141,1.0,True,0.8083623693379791,796.2432111453656,95.0,STANDBY,False,ASTRA_SIMULATED_EPS
10390.0,ASTRA-SC-01,EPS,32.675476369048624,-21.26795032929489,15.293248534957613,39.99802582255451,1.0,NOMINAL,0.9999506455638628,0.04500266513955141,1.0,True,0.8101045296167247,796.4264600120259,95.0,STANDBY,False,ASTRA_SIMULATED_EPS
10400.0,ASTRA-SC-01,EPS,32.720121307699124,-21.459474358124343,15.261143954095656,39.99802582255451,1.0,NOMINAL,0.9999506455638628,0.04500266513955141,1.0,True,0.8118466898954704,796.6104909867548,95.0,STANDBY,False,ASTRA_SIMULATED_EPS
10410.0,ASTRA-SC-01,EPS,32.74070821123798,-21.412182488029213,15.299602005555757,39.99802582255451,1.0,NOMINAL,0.9999506455638628,0.04500266513955141,1.0,True,0.813588850174216,796.7952499498972,95.0,STANDBY,False,ASTRA_SIMULATED_EPS
10420.0,ASTRA-SC-01,EPS,32.4862950989987,-21.254561390863813,15.292219722591405,39.99802582255451,1.0,NOMINAL,0.9999506455638628,0.04500266513955141,1.0,True,0.8153310104529616,796.9806825724698,95.0,STANDBY,False,ASTRA_SIMULATED_EPS
10430.0,ASTRA-SC-01,EPS,32.73194030778436,-21.41789608209254,15.312604268935631,39.99802582255451,1.0,NOMINAL,0.9999506455638628,0.04500266513955141,1.0,True,0.8170731707317073,797.1667343323874,95.0,STANDBY,False,ASTRA_SIMULATED_EPS
10440.0,ASTRA-SC-01,EPS,32.51551197049772,-21.24605330376106,15.342377128661644,39.99802582255451,1.0,NOMINAL,0.9999506455638628,0.04500266513955141,1.0,True,0.818815331010453,797.3533505307417,95.0,STANDBY,False,ASTRA_SIMULATED_EPS
10450.0,ASTRA-SC-01,EPS,32.872075071932656,-21.31262773929539,15.315011895244636,39.99802582255451,1.0,NOMINAL,0.9999506455638628,0.04500266513955141,1.0,True,0.8205574912891986,797.5404763081291,95.0,STANDBY,False,ASTRA_SIMULATED_EPS
10460.0,ASTRA-SC-01,EPS,32.877072026227886,-21.455021392513782,15.434099036835148,39.99802582255451,1.0,NOMINAL,0.9999506455638628,0.04500266513955141,1.0,True,0.8222996515679443,797.728056661017,95.0,STANDBY,False,ASTRA_SIMULATED_EPS
10470.0,ASTRA-SC-01,EPS,32.45056482788345,-21.441857105062194,15.38724143729026,39.99802582255451,1.0,NOMINAL,0.9999506455638628,0.04500266513955141,1.0,True,0.8240418118466899,797.9160364581512,95.0,STANDBY,False,ASTRA_SIMULATED_EPS
10480.0,ASTRA-SC-01,EPS,32.87031387737221,-21.38375430037166,15.40755482208481,39.99802582255451,1.0,NOMINAL,0.9999506455638628,0.04500266513955141,1.0,True,0.8257839721254355,798.1043604569915,95.0,STANDBY,False,ASTRA_SIMULATED_EPS
10490.0,ASTRA-SC-01,EPS,32.682629535730584,-21.45465338162483,15.423589509148616,39.99802582255451,1.0,NOMINAL,0.9999506455638628,0.04500266513955141,1.0,True,0.8275261324041812,798.2929733201754,95.0,STANDBY,False,ASTRA_SIMULATED_EPS
10500.0,ASTRA-SC-01,EPS,32.937506899523314,-21.48943290437467,15.34848975189359,39.99802582255451,1.0,NOMINAL,0.9999506455638628,0.04500266513955141,1.0,True,0.8292682926829268,798.4818196320028,95.0,STANDBY,False,ASTRA_SIMULATED_EPS
10510.0,ASTRA-SC-01,EPS,32.737954260593554,-21.570352186049682,15.437625134318997,39.99802582255451,1.0,NOMINAL,0.9999506455638628,0.04500266513955141,1.0,True,0.8310104529616724,798.6708439149369,95.0,STANDBY,False,ASTRA_SIMULATED_EPS
10520.0,ASTRA-SC-01,EPS,32.59648959351917,-21.44723659709936,15.610903129370879,39.99802582255451,1.0,NOMINAL,0.9999506455638628,0.04500266513955141,1.0,True,0.8327526132404182,798.8599906461154,95.0,STANDBY,False,ASTRA_SIMULATED_EPS
10530.0,ASTRA-SC-01,EPS,32.85078535012904,-21.533418094683775,15.592481041482445,39.99802582255451,1.0,NOMINAL,0.9999506455638628,0.04500266513955141,1.0,True,0.8344947735191638,799.0492042738684,95.0,STANDBY,False,ASTRA_SIMULATED_EPS
10540.0,ASTRA-SC-01,EPS,32.72413450969687,-21.549102907833532,15.537115202760997,39.99802582255451,1.0,NOMINAL,0.9999506455638628,0.04500266513955141,1.0,True,0.8362369337979094,799.2384292342362,95.0,STANDBY,False,ASTRA_SIMULATED_EPS
10550.0,ASTRA-SC-01,EPS,32.51212911936278,-21.52064992026845,15.627816455105526,39.99802582255451,1.0,NOMINAL,0.9999506455638628,0.04500266513955141,1.0,True,0.837979094076655,799.4276099674821,95.0,STANDBY,False,ASTRA_SIMULATED_EPS
10560.0,ASTRA-SC-01,EPS,32.78357799478349,-21.529353520019704,15.597640040826388,39.99802582255451,1.0,NOMINAL,0.9999506455638628,0.04500266513955141,1.0,True,0.8397212543554007,799.6166909345969,95.0,STANDBY,False,ASTRA_SIMULATED_EPS
10570.0,ASTRA-SC-01,EPS,32.89917462207139,-21.63645411533121,15.70867559996977,39.99802582255451,1.0,NOMINAL,0.9999506455638628,0.04500266513955141,1.0,True,0.8414634146341463,799.805616633786,95.0,STANDBY,False,ASTRA_SIMULATED_EPS
10580.0,ASTRA-SC-01,EPS,32.635063293678094,-21.578733875016308,15.621415280202072,39.99802582255451,1.0,NOMINAL,0.9999506455638628,0.04500266513955141,1.0,True,0.8432055749128919,799.9943316169393,95.0,STANDBY,False,ASTRA_SIMULATED_EPS
10590.0,ASTRA-SC-01,EPS,32.717195490341965,-21.3901306422208,15.745349932049098,39.99802582255451,1.0,NOMINAL,0.9999506455638628,0.04500266513955141,1.0,True,0.8449477351916377,800.1827805060739,95.0,STANDBY,False,ASTRA_SIMULATED_EPS
10600.0,ASTRA-SC-01,EPS,32.959882406898025,-21.44683264443484,15.689132853460045,39.99802582255451,1.0,NOMINAL,0.9999506455638628,0.04500266513955141,1.0,True,0.8466898954703833,800.3709080097466,95.0,STANDBY,False,ASTRA_SIMULATED_EPS
10610.0,ASTRA-SC-01,EPS,32.7451755182749,-21.599129016431927,15.835526913168817,39.99802582255451,1.0,NOMINAL,0.9999506455638628,0.04500266513955141,1.0,True,0.8484320557491289,800.5586589394327,95.0,STANDBY,False,ASTRA_SIMULATED_EPS
10620.0,ASTRA-SC-01,EPS,32.603154107136014,-21.41640647905831,15.838261866357726,39.99802582255451,1.0,NOMINAL,0.9999506455638628,0.04500266513955141,1.0,True,0.8501742160278746,800.7459782258624,95.0,STANDBY,False,ASTRA_SIMULATED_EPS
10630.0,ASTRA-SC-01,EPS,33.09947644214951,-21.568856039393808,15.853780643037021,39.99802582255451,1.0,NOMINAL,0.9999506455638628,0.04500266513955141,1.0,True,0.8519163763066202,800.9328109353128,95.0,STANDBY,False,ASTRA_SIMULATED_EPS
10640.0,ASTRA-SC-01,EPS,33.17360832840569,-21.5979718640517,15.765897417254575,39.99802582255451,1.0,NOMINAL,0.9999506455638628,0.04500266513955141,1.0,True,0.8536585365853658,801.1191022858496,95.0,STANDBY,False,ASTRA_SIMULATED_EPS
10650.0,ASTRA-SC-01,EPS,32.491107767272155,-21.453759534047666,15.772911520749247,39.99802582255451,1.0,NOMINAL,0.9999506455638628,0.04500266513955141,1.0,True,0.8554006968641115,801.3047976635128,95.0,STANDBY,False,ASTRA_SIMULATED_EPS
10660.0,ASTRA-SC-01,EPS,32.73836474598904,-21.49041818375772,15.900682290577267,39.99802582255451,1.0,NOMINAL,0.9999506455638628,0.04500266513955141,1.0,True,0.8571428571428571,801.4898426384412,95.0,STANDBY,False,ASTRA_SIMULATED_EPS
10670.0,ASTRA-SC-01,EPS,32.869195730830555,-21.520264978076572,15.979656341698146,39.99802582255451,1.0,NOMINAL,0.9999506455638628,0.04500266513955141,1.0,True,0.8588850174216028,801.6741829809347,95.0,STANDBY,False,ASTRA_SIMULATED_EPS
10680.0,ASTRA-SC-01,EPS,32.643246854626675,-21.627254378509257,15.901304843966182,39.99802582255451,1.0,NOMINAL,0.9999506455638628,0.04500266513955141,1.0,True,0.8606271777003485,801.8577646774427,95.0,STANDBY,False,ASTRA_SIMULATED_EPS
10690.0,ASTRA-SC-01,EPS,32.93557306457535,-21.45494322437445,15.986659248019036,39.99802582255451,1.0,NOMINAL,0.9999506455638628,0.04500266513955141,1.0,True,0.8623693379790941,802.0405339464796,95.0,STANDBY,False,ASTRA_SIMULATED_EPS
10700.0,ASTRA-SC-01,EPS,32.99351355128764,-21.69493333986444,16.071554926345193,39.99802582255451,1.0,NOMINAL,0.9999506455638628,0.04500266513955141,1.0,True,0.8641114982578397,802.2224372544601,95.0,STANDBY,False,ASTRA_SIMULATED_EPS
10710.0,ASTRA-SC-01,EPS,33.0492307454103,-21.48455027407853,16.101315149617474,39.99802582255451,1.0,NOMINAL,0.9999506455638628,0.04500266513955141,1.0,True,0.8658536585365854,802.4034213314486,95.0,STANDBY,False,ASTRA_SIMULATED_EPS
10720.0,ASTRA-SC-01,EPS,32.527742563418016,-21.63223644627205,15.999427430600345,39.99802582255451,1.0,NOMINAL,0.9999506455638628,0.04500266513955141,1.0,True,0.867595818815331,802.5834331868223,95.0,STANDBY,False,ASTRA_SIMULATED_EPS
10730.0,ASTRA-SC-01,EPS,32.91774452961893,-21.697054526729918,16.097970847491624,39.99802582255451,1.0,NOMINAL,0.9999506455638628,0.04500266513955141,1.0,True,0.8693379790940766,802.7624201248362,95.0,STANDBY,False,ASTRA_SIMULATED_EPS
10740.0,ASTRA-SC-01,EPS,33.02418797884931,-21.505423621757387,16.098123384967757,39.99802582255451,1.0,NOMINAL,0.9999506455638628,0.04500266513955141,1.0,True,0.8710801393728222,802.9403297600927,95.0,STANDBY,False,ASTRA_SIMULATED_EPS
10750.0,ASTRA-SC-01,EPS,32.63741561556444,-21.684964329896573,16.170192950159425,39.99802582255451,1.0,NOMINAL,0.9999506455638628,0.04500266513955141,1.0,True,0.872822299651568,803.1171100329055,95.0,STANDBY,False,ASTRA_SIMULATED_EPS
10760.0,ASTRA-SC-01,EPS,32.92723499049806,-21.599077305553234,16.110529295593242,39.99802582255451,1.0,NOMINAL,0.9999506455638628,0.04500266513955141,1.0,True,0.8745644599303136,803.2927092245575,95.0,STANDBY,False,ASTRA_SIMULATED_EPS
10770.0,ASTRA-SC-01,EPS,32.46719734154171,-21.720991537209752,16.250645261177507,39.99802582255451,1.0,NOMINAL,0.9999506455638628,0.04500266513955141,1.0,True,0.8763066202090593,803.4670759724441,95.0,STANDBY,False,ASTRA_SIMULATED_EPS
10780.0,ASTRA-SC-01,EPS,32.589432972466945,-21.583846110268304,16.229032973995423,39.99802582255451,1.0,NOMINAL,0.9999506455638628,0.04500266513955141,1.0,True,0.8780487804878049,803.640159285103,95.0,STANDBY,False,ASTRA_SIMULATED_EPS
10790.0,ASTRA-SC-01,EPS,32.593620295024,-21.589616686110173,16.249080123476972,39.99802582255451,1.0,NOMINAL,0.9999506455638628,0.04500266513955141,1.0,True,0.8797909407665505,803.8119085571182,95.0,STANDBY,False,ASTRA_SIMULATED_EPS
10800.0,ASTRA-SC-01,EPS,32.80147385118363,-21.29133820088695,16.142215225399923,39.99802582255451,1.0,NOMINAL,0.9999506455638628,0.04500266513955141,1.0,True,0.8815331010452961,803.9822735839014,95.0,STANDBY,False,ASTRA_SIMULATED_EPS
10810.0,ASTRA-SC-01,EPS,32.97305242814325,-21.64038784338429,16.28763947558342,39.99802582255451,1.0,NOMINAL,0.9999506455638628,0.04500266513955141,1.0,True,0.8832752613240418,804.1512045763434,95.0,STANDBY,False,ASTRA_SIMULATED_EPS
10820.0,ASTRA-SC-01,EPS,32.87179710029951,-21.70889020926016,16.28382917155031,39.99802582255451,1.0,NOMINAL,0.9999506455638628,0.04500266513955141,1.0,True,0.8850174216027874,804.318652175329,95.0,STANDBY,False,ASTRA_SIMULATED_EPS
10830.0,ASTRA-SC-01,EPS,32.49473351113082,-21.562746427743022,16.310560930288393,39.99802582255451,1.0,NOMINAL,0.9999506455638628,0.04500266513955141,1.0,True,0.8867595818815331,804.4845674661165,95.0,STANDBY,False,ASTRA_SIMULATED_EPS
10840.0,ASTRA-SC-01,EPS,32.904162426700026,-21.516259283438238,16.337245590980714,39.99802582255451,1.0,NOMINAL,0.9999506455638628,0.04500266513955141,1.0,True,0.8885017421602788,804.6489019925706,95.0,STANDBY,False,ASTRA_SIMULATED_EPS
10850.0,ASTRA-SC-01,EPS,32.823710236737185,-21.740719079061137,16.306403255190524,39.99802582255451,1.0,NOMINAL,0.9999506455638628,0.04500266513955141,1.0,True,0.8902439024390244,804.8116077712532,95.0,STANDBY,False,ASTRA_SIMULATED_EPS
10860.0,ASTRA-SC-01,EPS,32.994045058292805,-21.483251909846658,16.353196733441713,39.99802582255451,1.0,NOMINAL,0.9999506455638628,0.04500266513955141,1.0,True,0.89198606271777,804.9726373053595,95.0,STANDBY,False,ASTRA_SIMULATED_EPS
10870.0,ASTRA-SC-01,EPS,32.806968316450245,-21.753195288043955,16.44676649150667,39.99802582255451,1.0,NOMINAL,0.9999506455638628,0.04500266513955141,1.0,True,0.8937282229965157,805.1319435985015,95.0,STANDBY,False,ASTRA_SIMULATED_EPS
10880.0,ASTRA-SC-01,EPS,32.90855044106863,-21.435650653950777,16.36717748565299,39.99802582255451,1.0,NOMINAL,0.9999506455638628,0.04500266513955141,1.0,True,0.8954703832752613,805.2894801683316,95.0,STANDBY,False,ASTRA_SIMULATED_EPS
10890.0,ASTRA-SC-01,EPS,32.7374317916158,-21.63407187898526,16.4663218666929,39.99802582255451,1.0,NOMINAL,0.9999506455638628,0.04500266513955141,1.0,True,0.8972125435540069,805.4452010600055,95.0,STANDBY,False,ASTRA_SIMULATED_EPS
10900.0,ASTRA-SC-01,EPS,32.76405512695571,-21.763914227714928,16.500910439879974,39.99802582255451,1.0,NOMINAL,0.9999506455638628,0.04500266513955141,1.0,True,0.8989547038327527,805.5990608594767,95.0,STANDBY,False,ASTRA_SIMULATED_EPS
10910.0,ASTRA-SC-01,EPS,32.91768812097081,-21.773476716814912,16.547393963319912,39.99802582255451,1.0,NOMINAL,0.9999506455638628,0.04500266513955141,1.0,True,0.9006968641114983,805.751014706622,95.0,STANDBY,False,ASTRA_SIMULATED_EPS
10920.0,ASTRA-SC-01,EPS,32.99133321651552,-21.65896683188916,16.506322724854734,39.99802582255451,1.0,NOMINAL,0.9999506455638628,0.04500266513955141,1.0,True,0.9024390243902439,805.9010183081934,95.0,STANDBY,False,ASTRA_SIMULATED_EPS
10930.0,ASTRA-SC-01,EPS,32.89028787716116,-21.776416270600464,16.526504824809507,39.99802582255451,1.0,NOMINAL,0.9999506455638628,0.04500266513955141,1.0,True,0.9041811846689896,806.0490279505923,95.0,STANDBY,False,ASTRA_SIMULATED_EPS
10940.0,ASTRA-SC-01,EPS,32.44643929595503,-21.58375128719667,16.469528581060274,39.99802582255451,1.0,NOMINAL,0.9999506455638628,0.04500266513955141,1.0,True,0.9059233449477352,806.1950005124638,95.0,STANDBY,False,ASTRA_SIMULATED_EPS
10950.0,ASTRA-SC-01,EPS,33.04598052039013,-21.72499030984658,16.55955961777332,39.99802582255451,1.0,NOMINAL,0.9999506455638628,0.04500266513955141,1.0,True,0.9076655052264808,806.3388934771049,95.0,STANDBY,False,ASTRA_SIMULATED_EPS
10960.0,ASTRA-SC-01,EPS,32.696477445669835,-21.72454531436877,16.663549152882297,39.99802582255451,1.0,NOMINAL,0.9999506455638628,0.04500266513955141,1.0,True,0.9094076655052264,806.4806649446872,95.0,STANDBY,False,ASTRA_SIMULATED_EPS
10970.0,ASTRA-SC-01,EPS,32.39143054362621,-21.55121025131255,16.63194343278498,39.99802582255451,1.0,NOMINAL,0.9999506455638628,0.04500266513955141,1.0,True,0.9111498257839721,806.6202736442873,95.0,STANDBY,False,ASTRA_SIMULATED_EPS
10980.0,ASTRA-SC-01,EPS,32.60147592437247,-21.82235994087951,16.721221797400357,39.99802582255451,1.0,NOMINAL,0.9999506455638628,0.04500266513955141,1.0,True,0.9128919860627178,806.7576789457228,95.0,STANDBY,False,ASTRA_SIMULATED_EPS
10990.0,ASTRA-SC-01,EPS,32.64436359314581,-21.83536201507653,16.716568134102076,39.99802582255451,1.0,NOMINAL,0.9999506455638628,0.04500266513955141,1.0,True,0.9146341463414634,806.8928408711915,95.0,STANDBY,False,ASTRA_SIMULATED_EPS
11000.0,ASTRA-SC-01,EPS,32.85494569506487,-21.81497677841455,16.692774449335445,39.99802582255451,1.0,NOMINAL,0.9999506455638628,0.04500266513955141,1.0,True,0.9163763066202091,807.0257201067108,95.0,STANDBY,False,ASTRA_SIMULATED_EPS
11010.0,ASTRA-SC-01,EPS,32.631203512447975,-21.58745111377175,16.757193233607367,39.99802582255451,1.0,NOMINAL,0.9999506455638628,0.04500266513955141,1.0,True,0.9181184668989547,807.1562780133514,95.0,STANDBY,False,ASTRA_SIMULATED_EPS
11020.0,ASTRA-SC-01,EPS,32.88667148281365,-21.675293368019943,16.81430642577944,39.99802582255451,1.0,NOMINAL,0.9999506455638628,0.04500266513955141,1.0,True,0.9198606271777003,807.2844766382666,95.0,STANDBY,False,ASTRA_SIMULATED_EPS
11030.0,ASTRA-SC-01,EPS,32.79937255698404,-21.85446912387937,16.770784056458922,39.99802582255451,1.0,NOMINAL,0.9999506455638628,0.04500266513955141,1.0,True,0.921602787456446,807.4102787255107,95.0,STANDBY,False,ASTRA_SIMULATED_EPS
11040.0,ASTRA-SC-01,EPS,33.14152970668077,-21.83926512893704,16.752241728187094,39.99802582255451,1.0,NOMINAL,0.9999506455638628,0.04500266513955141,1.0,True,0.9233449477351916,807.5336477266457,95.0,STANDBY,False,ASTRA_SIMULATED_EPS
11050.0,ASTRA-SC-01,EPS,32.867719949269684,-21.733780012877737,16.743145514525537,39.99802582255451,1.0,NOMINAL,0.9999506455638628,0.04500266513955141,1.0,True,0.9250871080139372,807.6545478111334,95.0,STANDBY,False,ASTRA_SIMULATED_EPS
11060.0,ASTRA-SC-01,EPS,32.98340545585112,-21.467576767131366,16.823954571312814,39.99802582255451,1.0,NOMINAL,0.9999506455638628,0.04500266513955141,1.0,True,0.926829268292683,807.7729438765094,95.0,STANDBY,False,ASTRA_SIMULATED_EPS
11070.0,ASTRA-SC-01,EPS,32.65115940259624,-21.91087287754069,16.848875736093714,39.99802582255451,1.0,NOMINAL,0.9999506455638628,0.04500266513955141,1.0,True,0.9285714285714286,807.8888015583358,95.0,STANDBY,False,ASTRA_SIMULATED_EPS
11080.0,ASTRA-SC-01,EPS,32.98045670351721,-21.684227843687967,16.857627473154622,39.99802582255451,1.0,NOMINAL,0.9999506455638628,0.04500266513955141,1.0,True,0.9303135888501742,808.0020872399336,95.0,STANDBY,False,ASTRA_SIMULATED_EPS
11090.0,ASTRA-SC-01,EPS,32.70278514460264,-21.865812611342182,16.92119790440961,39.99802582255451,1.0,NOMINAL,0.9999506455638628,0.04500266513955141,1.0,True,0.9320557491289199,808.1127680618871,95.0,STANDBY,False,ASTRA_SIMULATED_EPS
11100.0,ASTRA-SC-01,EPS,32.949279912626594,-21.92070630470188,16.980607059434153,39.99802582255451,1.0,NOMINAL,0.9999506455638628,0.04500266513955141,1.0,True,0.9337979094076655,808.2208119313226,95.0,STANDBY,False,ASTRA_SIMULATED_EPS
11110.0,ASTRA-SC-01,EPS,32.89357002528586,-21.58894072387439,16.855605749472794,39.99802582255451,1.0,NOMINAL,0.9999506455638628,0.04500266513955141,1.0,True,0.9355400696864111,808.326187530956,95.0,STANDBY,False,ASTRA_SIMULATED_EPS
11120.0,ASTRA-SC-01,EPS,32.57543277048543,-21.76820818341754,16.969390792543418,39.99802582255451,1.0,NOMINAL,0.9999506455638628,0.04500266513955141,1.0,True,0.9372822299651568,808.4288643279089,95.0,STANDBY,False,ASTRA_SIMULATED_EPS
11130.0,ASTRA-SC-01,EPS,33.09402199981537,-21.673977551070223,16.953599503168196,39.99802582255451,1.0,NOMINAL,0.9999506455638628,0.04500266513955141,1.0,True,0.9390243902439024,808.5288125822891,95.0,STANDBY,False,ASTRA_SIMULATED_EPS
11140.0,ASTRA-SC-01,EPS,32.63110240428337,-21.617315135615677,16.93892300620924,39.99802582255451,1.0,NOMINAL,0.9999506455638628,0.04500266513955141,1.0,True,0.9407665505226481,808.6260033555377,95.0,STANDBY,False,ASTRA_SIMULATED_EPS
11150.0,ASTRA-SC-01,EPS,33.06648815136909,-21.792513870323294,17.088054959054343,39.99802582255451,1.0,NOMINAL,0.9999506455638628,0.04500266513955141,1.0,True,0.9425087108013938,808.7204085185335,95.0,STANDBY,False,ASTRA_SIMULATED_EPS
11160.0,ASTRA-SC-01,EPS,32.91076677463113,-21.778535281056666,17.003866634551013,39.99802582255451,1.0,NOMINAL,0.9999506455638628,0.04500266513955141,1.0,True,0.9442508710801394,808.8120007594612,95.0,STANDBY,False,ASTRA_SIMULATED_EPS
11170.0,ASTRA-SC-01,EPS,32.74351608832166,-21.716894567267815,17.054948047411493,39.99802582255451,1.0,NOMINAL,0.9999506455638628,0.04500266513955141,1.0,True,0.945993031358885,808.9007535914337,95.0,STANDBY,False,ASTRA_SIMULATED_EPS
11180.0,ASTRA-SC-01,EPS,32.70204063764736,-21.78712338183216,17.0762161668263,39.99802582255451,1.0,NOMINAL,0.9999506455638628,0.04500266513955141,1.0,True,0.9477351916376306,808.9866413598734,95.0,STANDBY,False,ASTRA_SIMULATED_EPS
11190.0,ASTRA-SC-01,EPS,32.4503177376763,-21.718633880007282,17.044441821263593,39.99802582255451,1.0,NOMINAL,0.9999506455638628,0.04500266513955141,1.0,True,0.9494773519163763,809.0696392496468,95.0,STANDBY,False,ASTRA_SIMULATED_EPS
11200.0,ASTRA-SC-01,EPS,32.610280805869856,-21.96537126486228,17.024817449919375,39.99802582255451,1.0,NOMINAL,0.9999506455638628,0.04500266513955141,1.0,True,0.9512195121951219,809.1497232919502,95.0,STANDBY,False,ASTRA_SIMULATED_EPS
11210.0,ASTRA-SC-01,EPS,32.5771345115783,-21.85633372400701,17.233202999489595,39.99802582255451,1.0,NOMINAL,0.9999506455638628,0.04500266513955141,1.0,True,0.9529616724738676,809.2268703709495,95.0,STANDBY,False,ASTRA_SIMULATED_EPS
11220.0,ASTRA-SC-01,EPS,32.71318124607988,-21.75760989932854,17.176536005158283,39.99802582255451,1.0,NOMINAL,0.9999506455638628,0.04500266513955141,1.0,True,0.9547038327526133,809.3010582301674,95.0,STANDBY,False,ASTRA_SIMULATED_EPS
11230.0,ASTRA-SC-01,EPS,32.82091831145959,-21.788845539503047,17.11766321582412,39.99802582255451,1.0,NOMINAL,0.9999506455638628,0.04500266513955141,1.0,True,0.9564459930313589,809.3722654786192,95.0,STANDBY,False,ASTRA_SIMULATED_EPS
11240.0,ASTRA-SC-01,EPS,33.03737193762375,-21.576245499765403,17.114155161553935,39.99802582255451,1.0,NOMINAL,0.9999506455638628,0.04500266513955141,1.0,True,0.9581881533101045,809.4404715966965,95.0,STANDBY,False,ASTRA_SIMULATED_EPS
11250.0,ASTRA-SC-01,EPS,32.63148625869421,-21.815967726437258,17.1708657715912,39.99802582255451,1.0,NOMINAL,0.9999506455638628,0.04500266513955141,1.0,True,0.9599303135888502,809.5056569417961,95.0,STANDBY,False,ASTRA_SIMULATED_EPS
11260.0,ASTRA-SC-01,EPS,32.88240089197088,-21.868958328966063,17.348094550963474,39.99802582255451,1.0,NOMINAL,0.9999506455638628,0.04500266513955141,1.0,True,0.9616724738675958,809.5678027536919,95.0,STANDBY,False,ASTRA_SIMULATED_EPS
11270.0,ASTRA-SC-01,EPS,32.9946705390718,-21.763567374617494,17.311884816078937,39.99802582255451,1.0,NOMINAL,0.9999506455638628,0.04500266513955141,1.0,True,0.9634146341463414,809.6268911596534,95.0,STANDBY,False,ASTRA_SIMULATED_EPS
11280.0,ASTRA-SC-01,EPS,32.98078848298146,-21.853756002667854,17.240363212678087,39.99802582255451,1.0,NOMINAL,0.9999506455638628,0.04500266513955141,1.0,True,0.9651567944250871,809.682905179303,95.0,STANDBY,False,ASTRA_SIMULATED_EPS
11290.0,ASTRA-SC-01,EPS,32.81223923566336,-21.692920945006104,17.308710630638107,39.99802582255451,1.0,NOMINAL,0.9999506455638628,0.04500266513955141,1.0,True,0.9668989547038328,809.7358287292174,95.0,STANDBY,False,ASTRA_SIMULATED_EPS
11300.0,ASTRA-SC-01,EPS,32.540801117072235,-21.88412041948295,17.318587613897172,39.99802582255451,1.0,NOMINAL,0.9999506455638628,0.04500266513955141,1.0,True,0.9686411149825784,809.7856466272685,95.0,STANDBY,False,ASTRA_SIMULATED_EPS
11310.0,ASTRA-SC-01,EPS,32.7870150571971,-21.56924062599826,17.2734607632714,39.99802582255451,1.0,NOMINAL,0.9999506455638628,0.04500266513955141,1.0,True,0.9703832752613241,809.8323445967028,95.0,STANDBY,False,ASTRA_SIMULATED_EPS
11320.0,ASTRA-SC-01,EPS,32.882339177948985,-21.625655487336697,17.476751953901445,39.99802582255451,1.0,NOMINAL,0.9999506455638628,0.04500266513955141,1.0,True,0.9721254355400697,809.8759092699619,95.0,STANDBY,False,ASTRA_SIMULATED_EPS
11330.0,ASTRA-SC-01,EPS,32.73310398565466,-21.740597655398386,17.41203233924589,39.99802582255451,1.0,NOMINAL,0.9999506455638628,0.04500266513955141,1.0,True,0.9738675958188153,809.9163281922397,95.0,STANDBY,False,ASTRA_SIMULATED_EPS
11340.0,ASTRA-SC-01,EPS,32.83148243937477,-21.809015574345334,17.425653639337263,39.99802582255451,1.0,NOMINAL,0.9999506455638628,0.04500266513955141,1.0,True,0.975609756097561,809.9535898247783,95.0,STANDBY,False,ASTRA_SIMULATED_EPS
11350.0,ASTRA-SC-01,EPS,32.38414293330208,-21.721036007440116,17.43042015205906,39.99802582255451,1.0,NOMINAL,0.9999506455638628,0.04500266513955141,1.0,True,0.9773519163763066,809.9876835479001,95.0,STANDBY,False,ASTRA_SIMULATED_EPS
11360.0,ASTRA-SC-01,EPS,32.76293875604685,-21.56639084542953,17.410566925918097,39.99802582255451,1.0,NOMINAL,0.9999506455638628,0.04500266513955141,1.0,True,0.9790940766550522,810.018599663777,95.0,STANDBY,False,ASTRA_SIMULATED_EPS
11370.0,ASTRA-SC-01,EPS,32.73332069704442,-21.573532999698404,17.422859058610175,39.99802582255451,1.0,NOMINAL,0.9999506455638628,0.04500266513955141,1.0,True,0.980836236933798,810.0463293989358,95.0,STANDBY,False,ASTRA_SIMULATED_EPS
11380.0,ASTRA-SC-01,EPS,32.709206676323845,-21.818085728308432,17.526593615628872,39.99802582255451,1.0,NOMINAL,0.9999506455638628,0.04500266513955141,1.0,True,0.9825783972125436,810.0708649065,95.0,STANDBY,False,ASTRA_SIMULATED_EPS
11390.0,ASTRA-SC-01,EPS,32.83350301112203,-21.949346355878486,17.477989644988643,39.99802582255451,1.0,NOMINAL,0.9999506455638628,0.04500266513955141,1.0,True,0.9843205574912892,810.0921992681667,95.0,STANDBY,False,ASTRA_SIMULATED_EPS
11400.0,ASTRA-SC-01,EPS,32.69981962052785,-21.811331150034395,17.545877994548107,39.99802582255451,1.0,NOMINAL,0.9999506455638628,0.04500266513955141,1.0,True,0.9860627177700348,810.110326495919,95.0,STANDBY,False,ASTRA_SIMULATED_EPS
11410.0,ASTRA-SC-01,EPS,32.86800853791867,-22.00547352766202,17.597717298830347,39.99802582255451,1.0,NOMINAL,0.9999506455638628,0.04500266513955141,1.0,True,0.9878048780487805,810.1252415334747,95.0,STANDBY,False,ASTRA_SIMULATED_EPS
11420.0,ASTRA-SC-01,EPS,32.840844561732126,-21.645478620690835,17.586611445151632,39.99802582255451,1.0,NOMINAL,0.9999506455638628,0.04500266513955141,1.0,True,0.9895470383275261,810.1369402574683,95.0,STANDBY,False,ASTRA_SIMULATED_EPS
11430.0,ASTRA-SC-01,EPS,32.980037791638665,-21.750402345897157,17.651541079187137,39.99802582255451,1.0,NOMINAL,0.9999506455638628,0.04500266513955141,1.0,True,0.9912891986062717,810.1454194783722,95.0,STANDBY,False,ASTRA_SIMULATED_EPS
11440.0,ASTRA-SC-01,EPS,32.88507159860986,-21.814921370832472,17.71762691462234,39.99802582255451,1.0,NOMINAL,0.9999506455638628,0.04500266513955141,1.0,True,0.9930313588850174,810.150676941149,95.0,STANDBY,False,ASTRA_SIMULATED_EPS
11450.0,ASTRA-SC-01,EPS,32.94522352600882,-21.738401398041617,17.559912610630143,39.99802582255451,1.0,NOMINAL,0.9999506455638628,0.04500266513955141,1.0,True,0.9947735191637631,810.1527113256415,95.0,STANDBY,False,ASTRA_SIMULATED_EPS
11460.0,ASTRA-SC-01,EPS,32.588145259461285,-21.77040786364202,17.650673950461588,39.99802582255451,1.0,NOMINAL,0.9999506455638628,0.04500266513955141,1.0,True,0.9965156794425087,810.1515222466994,95.0,STANDBY,False,ASTRA_SIMULATED_EPS
11470.0,ASTRA-SC-01,EPS,32.698709666405556,-9.556874681399124,17.742446842600497,39.99802582255451,1.0,NOMINAL,0.9999506455638628,0.04500266513955141,1.0,True,0.9982578397212544,408.7042398844769,95.0,STANDBY,False,ASTRA_SIMULATED_EPS
11480.0,ASTRA-SC-01,EPS,32.77154772257466,2.874163243019512,17.55785655664047,39.99802582255451,0.999798851716396,NOMINAL,0.9999506455638628,0.04500266513955141,1.0,False,0.0,0.0,95.0,STANDBY,False,ASTRA_SIMULATED_EPS
11490.0,ASTRA-SC-01,EPS,32.51683351012557,2.8888905221801577,17.443461576364896,39.998024213447664,0.999597699851622,NOMINAL,0.9999506053361916,0.04500266731184565,1.0,False,0.0017421602787456446,0.0,95.0,STANDBY,False,ASTRA_SIMULATED_EPS
11500.0,ASTRA-SC-01,EPS,32.56208278759476,2.8720926362177606,17.358770198866566,39.99802260431223,0.9993965408725985,NOMINAL,0.9999505651078058,0.045002669484178484,1.0,False,0.003484320557491289,0.0,95.0,STANDBY,False,ASTRA_SIMULATED_EPS
11510.0,ASTRA-SC-01,EPS,32.5416357915599,2.8395732777435567,17.36911330609786,39.99802099511995,0.9991953747784909,NOMINAL,0.9999505248779988,0.045002671656588056,1.0,False,0.005226480836236934,0.0,95.0,STANDBY,False,ASTRA_SIMULATED_EPS
11520.0,ASTRA-SC-01,EPS,32.80484265016081,2.8894190329354426,17.169016586564094,39.998019385870826,0.9989942015684631,NOMINAL,0.9999504846467706,0.04500267382907439,1.0,False,0.006968641114982578,0.0,95.0,STANDBY,False,ASTRA_SIMULATED_EPS
11530.0,ASTRA-SC-01,EPS,32.431087664111296,2.929893058460103,17.16484653275382,39.998017776564836,0.9987930212416787,NOMINAL,0.9999504444141208,0.04500267600163748,1.0,False,0.008710801393728223,0.0,95.0,STANDBY,False,ASTRA_SIMULATED_EPS
11540.0,ASTRA-SC-01,EPS,32.643424836058955,2.916898781983605,16.980944120751005,39.998016167201975,0.9985918337973002,NOMINAL,0.9999504041800493,0.04500267817427734,1.0,False,0.010452961672473868,0.0,95.0,STANDBY,False,ASTRA_SIMULATED_EPS
11550.0,ASTRA-SC-01,EPS,32.39613468826745,2.889033401245502,16.881260605856927,39.99801455778224,0.9983906392344895,NOMINAL,0.999950363944556,0.04500268034699397,1.0,False,0.012195121951219513,0.0,95.0,STANDBY,False,ASTRA_SIMULATED_EPS
11560.0,ASTRA-SC-01,EPS,32.53671412382795,2.8928996602926915,16.772861056659107,39.99801294830563,0.9981894375524075,NOMINAL,0.9999503237076408,0.04500268251978739,1.0,False,0.013937282229965157,0.0,95.0,STANDBY,False,ASTRA_SIMULATED_EPS
11570.0,ASTRA-SC-01,EPS,32.59474250997055,2.8982810278955093,16.62744596295837,39.99801133877214,0.9979882287502146,NOMINAL,0.9999502834693034,0.04500268469265761,1.0,False,0.0156794425087108,0.0,95.0,STANDBY,False,ASTRA_SIMULATED_EPS
11580.0,ASTRA-SC-01,EPS,32.488449532437336,2.8723326530040003,16.63268684627146,39.998009729181746,0.9977870128270703,NOMINAL,0.9999502432295436,0.045002686865604644,1.0,False,0.017421602787456445,0.0,95.0,STANDBY,False,ASTRA_SIMULATED_EPS
11590.0,ASTRA-SC-01,EPS,32.25976103682336,2.9199479593584132,16.556704756647303,39.998008119534454,0.997585789782133,NOMINAL,0.9999502029883613,0.04500268903862849,1.0,False,0.01916376306620209,0.0,95.0,STANDBY,False,ASTRA_SIMULATED_EPS
11600.0,ASTRA-SC-01,EPS,32.551638122943004,2.846840453828461,16.37318140188023,39.998006509830255,0.9973845596145606,NOMINAL,0.9999501627457564,0.045002691211729146,1.0,False,0.020905923344947737,0.0,95.0,STANDBY,False,ASTRA_SIMULATED_EPS
11610.0,ASTRA-SC-01,EPS,32.58848750959451,2.8779775510362677,16.269611474157223,39.99800490006915,0.9971833223235104,NOMINAL,0.9999501225017288,0.045002693384906645,1.0,False,0.02264808362369338,0.0,95.0,STANDBY,False,ASTRA_SIMULATED_EPS
11620.0,ASTRA-SC-01,EPS,32.84654472994599,2.9107336058463966,16.153533167925875,39.99800329025112,0.9969820779081384,NOMINAL,0.9999500822562779,0.04500269555816099,1.0,False,0.024390243902439025,0.0,95.0,STANDBY,False,ASTRA_SIMULATED_EPS
11630.0,ASTRA-SC-01,EPS,32.33508362405486,2.8915040373199967,16.09373898787408,39.998001680376156,0.9967808263676001,NOMINAL,0.999950042009404,0.04500269773149219,1.0,False,0.02613240418118467,0.0,95.0,STANDBY,False,ASTRA_SIMULATED_EPS
11640.0,ASTRA-SC-01,EPS,32.67472715238556,2.8875466282606608,16.03489691572155,39.99800007044427,0.9965795677010503,NOMINAL,0.9999500017611067,0.04500269990490024,1.0,False,0.027874564459930314,0.0,95.0,STANDBY,False,ASTRA_SIMULATED_EPS
11650.0,ASTRA-SC-01,EPS,32.907701393985874,2.9139768530717043,15.91208565491939,39.997998460455435,0.9963783019076426,NOMINAL,0.9999499615113859,0.04500270207838516,1.0,False,0.029616724738675958,0.0,95.0,STANDBY,False,ASTRA_SIMULATED_EPS
11660.0,ASTRA-SC-01,EPS,32.56104705352801,2.8912330301354214,15.878946841893557,39.997996850409656,0.9961770289865304,NOMINAL,0.9999499212602414,0.04500270425194696,1.0,False,0.0313588850174216,0.0,95.0,STANDBY,False,ASTRA_SIMULATED_EPS
11670.0,ASTRA-SC-01,EPS,32.48727194051225,2.8991689042383806,15.72815465663924,39.99799524030693,0.9959757489368657,NOMINAL,0.9999498810076731,0.04500270642558565,1.0,False,0.033101045296167246,0.0,95.0,STANDBY,False,ASTRA_SIMULATED_EPS
11680.0,ASTRA-SC-01,EPS,32.506371366995246,2.871637960425669,15.647677492811773,39.99799363014723,0.9957744617578002,NOMINAL,0.9999498407536808,0.045002708599301236,1.0,False,0.03484320557491289,0.0,95.0,STANDBY,False,ASTRA_SIMULATED_EPS
11690.0,ASTRA-SC-01,EPS,32.57686893507892,2.9082434626638256,15.511035686605224,39.99799201993057,0.9955731674484843,NOMINAL,0.9999498004982642,0.045002710773093736,1.0,False,0.036585365853658534,0.0,95.0,STANDBY,False,ASTRA_SIMULATED_EPS
11700.0,ASTRA-SC-01,EPS,32.784418624374005,2.8815041800793906,15.529756545854651,39.997990409656936,0.995371866008068,NOMINAL,0.9999497602414233,0.04500271294696314,1.0,False,0.03832752613240418,0.0,95.0,STANDBY,False,ASTRA_SIMULATED_EPS
11710.0,ASTRA-SC-01,EPS,32.29951406431241,2.9071728734245035,15.37461582450037,39.99798879932632,0.9951705574357004,NOMINAL,0.999949719983158,0.04500271512090947,1.0,False,0.04006968641114982,0.0,95.0,STANDBY,False,ASTRA_SIMULATED_EPS
11720.0,ASTRA-SC-01,EPS,32.45337997998856,2.9070734147019186,15.321760000227027,39.997987188938716,0.9949692417305297,NOMINAL,0.9999496797234678,0.04500271729493273,1.0,False,0.041811846689895474,0.0,95.0,STANDBY,False,ASTRA_SIMULATED_EPS
11730.0,ASTRA-SC-01,EPS,32.22061152330458,2.9087036473315084,15.040309454105639,39.99798557849411,0.9947679188917034,NOMINAL,0.9999496394623528,0.04500271946903294,1.0,False,0.04355400696864112,0.0,95.0,STANDBY,False,ASTRA_SIMULATED_EPS
11740.0,ASTRA-SC-01,EPS,32.423216750506775,2.9307661395236897,15.043321146181801,39.99798396799251,0.994566588918368,NOMINAL,0.9999495991998129,0.04500272164321011,1.0,False,0.04529616724738676,0.0,95.0,STANDBY,False,ASTRA_SIMULATED_EPS
11750.0,ASTRA-SC-01,EPS,32.38809088986124,2.895249220745758,15.08349034569003,39.997982357433905,0.9943652518096696,NOMINAL,0.9999495589358476,0.04500272381746423,1.0,False,0.047038327526132406,0.0,95.0,STANDBY,False,ASTRA_SIMULATED_EPS
11760.0,ASTRA-SC-01,EPS,32.27974255055962,2.878714368778276,14.962898152146552,39.99798074681828,0.9941639075647531,NOMINAL,0.999949518670457,0.04500272599179532,1.0,False,0.04878048780487805,0.0,95.0,STANDBY,False,ASTRA_SIMULATED_EPS
11770.0,ASTRA-SC-01,EPS,32.87949855926601,2.8972968615141785,14.73425148225859,39.99797913614563,0.993962556182763,NOMINAL,0.9999494784036408,0.0450027281662034,1.0,False,0.050522648083623695,0.0,95.0,STANDBY,False,ASTRA_SIMULATED_EPS
11780.0,ASTRA-SC-01,EPS,32.917082600582404,2.930503051061726,14.738574296516264,39.997977525415955,0.9937611976628424,NOMINAL,0.9999494381353989,0.045002730340688454,1.0,False,0.05226480836236934,0.0,95.0,STANDBY,False,ASTRA_SIMULATED_EPS
11790.0,ASTRA-SC-01,EPS,32.44220818256989,2.898562801965778,14.605276338591741,39.99797591462925,0.9935598320041341,NOMINAL,0.9999493978657312,0.04500273251525052,1.0,False,0.05400696864111498,0.0,95.0,STANDBY,False,ASTRA_SIMULATED_EPS
11800.0,ASTRA-SC-01,EPS,32.62722644706058,2.9279132266826076,14.56617645425067,39.99797430378549,0.99335845920578,NOMINAL,0.9999493575946373,0.04500273468988958,1.0,False,0.05574912891986063,0.0,95.0,STANDBY,False,ASTRA_SIMULATED_EPS
11810.0,ASTRA-SC-01,EPS,32.396698048715024,2.926563928552446,14.447016641871482,39.997972692884694,0.9931570792669211,NOMINAL,0.9999493173221173,0.045002736864605666,1.0,False,0.05749128919860627,0.0,95.0,STANDBY,False,ASTRA_SIMULATED_EPS
11820.0,ASTRA-SC-01,EPS,32.6828735442033,2.928423137151157,14.285177946479692,39.997971081926835,0.9929556921866975,NOMINAL,0.9999492770481708,0.04500273903939878,1.0,False,0.059233449477351915,0.0,95.0,STANDBY,False,ASTRA_SIMULATED_EPS
11830.0,ASTRA-SC-01,EPS,32.56397053499596,2.8895664093614895,14.1720027292964,39.99796947091191,0.9927542979642489,NOMINAL,0.9999492367727978,0.04500274121426892,1.0,False,0.06097560975609756,0.0,95.0,STANDBY,False,ASTRA_SIMULATED_EPS
11840.0,ASTRA-SC-01,EPS,32.62508890424695,2.9490080830975605,14.068271705319495,39.99796785983992,0.9925528965987136,NOMINAL,0.9999491964959979,0.04500274338921611,1.0,False,0.0627177700348432,0.0,95.0,STANDBY,False,ASTRA_SIMULATED_EPS
11850.0,ASTRA-SC-01,EPS,32.56219929985732,2.9126260950773117,14.07654988364404,39.99796624871085,0.9923514880892296,NOMINAL,0.9999491562177713,0.04500274556424036,1.0,False,0.06445993031358885,0.0,95.0,STANDBY,False,ASTRA_SIMULATED_EPS
11860.0,ASTRA-SC-01,EPS,32.547862316727624,2.874901574361906,13.992395524499898,39.997964637524696,0.9921500724349338,NOMINAL,0.9999491159381174,0.04500274773934165,1.0,False,0.06620209059233449,0.0,95.0,STANDBY,False,ASTRA_SIMULATED_EPS
11870.0,ASTRA-SC-01,EPS,32.44189082611273,2.857633411285842,13.95108519314536,39.997963026281454,0.9919486496349625,NOMINAL,0.9999490756570363,0.04500274991452003,1.0,False,0.06794425087108014,0.0,95.0,STANDBY,False,ASTRA_SIMULATED_EPS
11880.0,ASTRA-SC-01,EPS,32.7199843799435,2.9014509058000955,13.813647244430333,39.997961414981106,0.9917472196884511,NOMINAL,0.9999490353745277,0.0450027520897755,1.0,False,0.06968641114982578,0.0,95.0,STANDBY,False,ASTRA_SIMULATED_EPS
11890.0,ASTRA-SC-01,EPS,32.73768366175696,2.904921438743641,13.758470204496605,39.997959803623665,0.9915457825945342,NOMINAL,0.9999489950905917,0.04500275426510805,1.0,False,0.07142857142857142,0.0,95.0,STANDBY,False,ASTRA_SIMULATED_EPS
11900.0,ASTRA-SC-01,EPS,32.51316731657639,2.9262369561584047,13.640621677543665,39.99795819220911,0.9913443383523455,NOMINAL,0.9999489548052277,0.045002756440517704,1.0,False,0.07317073170731707,0.0,95.0,STANDBY,False,ASTRA_SIMULATED_EPS
11910.0,ASTRA-SC-01,EPS,32.59202222813977,2.8759808755901477,13.550479858041614,39.99795658073743,0.9911428869610179,NOMINAL,0.9999489145184358,0.045002758616004467,1.0,False,0.07491289198606271,0.0,95.0,STANDBY,False,ASTRA_SIMULATED_EPS
11920.0,ASTRA-SC-01,EPS,32.42382161541808,2.88840543839926,13.40714893212266,39.997954969208635,0.9909414284196837,NOMINAL,0.9999488742302158,0.04500276079156835,1.0,False,0.07665505226480836,0.0,95.0,STANDBY,False,ASTRA_SIMULATED_EPS
11930.0,ASTRA-SC-01,EPS,32.38451880169541,2.942400744673783,13.426505656036028,39.9979533576227,0.9907399627274741,NOMINAL,0.9999488339405674,0.045002762967209356,1.0,False,0.078397212543554,0.0,95.0,STANDBY,False,ASTRA_SIMULATED_EPS
11940.0,ASTRA-SC-01,EPS,32.86952900582449,2.877207455993737,13.275757090427751,39.99795174597963,0.9905384898835198,NOMINAL,0.9999487936494906,0.045002765142927496,1.0,False,0.08013937282229965,0.0,95.0,STANDBY,False,ASTRA_SIMULATED_EPS
11950.0,ASTRA-SC-01,EPS,32.34519832575382,2.887593171597082,13.138777835995564,39.99795013427941,0.9903370098869504,NOMINAL,0.9999487533569852,0.04500276731872279,1.0,False,0.08188153310104529,0.0,95.0,STANDBY,False,ASTRA_SIMULATED_EPS
11960.0,ASTRA-SC-01,EPS,32.7563558998173,2.8935371689464806,13.150826390089598,39.99794852252204,0.9901355227368949,NOMINAL,0.999948713063051,0.045002769494595245,1.0,False,0.08362369337979095,0.0,95.0,STANDBY,False,ASTRA_SIMULATED_EPS
11970.0,ASTRA-SC-01,EPS,32.65174752652198,2.946305781392692,12.936391282294036,39.997946910707505,0.9899340284324813,NOMINAL,0.9999486727676876,0.04500277167054487,1.0,False,0.08536585365853659,0.0,95.0,STANDBY,False,ASTRA_SIMULATED_EPS
11980.0,ASTRA-SC-01,EPS,32.757202287724574,2.9238360043790106,12.874882831172254,39.99794529883581,0.9897325269728371,NOMINAL,0.9999486324708952,0.045002773846571656,1.0,False,0.08710801393728224,0.0,95.0,STANDBY,False,ASTRA_SIMULATED_EPS
11990.0,ASTRA-SC-01,EPS,32.714995729325,2.908132369193038,12.825597828949558,39.997943686906936,0.9895310183570887,NOMINAL,0.9999485921726734,0.045002776022675633,1.0,False,0.08885017421602788,0.0,95.0,STANDBY,False,ASTRA_SIMULATED_EPS
12000.0,ASTRA-SC-01,EPS,32.41581563993225,2.8876491666653292,12.853113086391776,39.997942074920886,0.9893295025843616,NOMINAL,0.9999485518730221,0.045002778198856806,1.0,False,0.09059233449477352,0.0,95.0,STANDBY,False,ASTRA_SIMULATED_EPS
12010.0,ASTRA-SC-01,EPS,32.54885332395104,2.917039283593612,12.624958706301058,39.997940462877644,0.9891279796537809,NOMINAL,0.9999485115719411,0.04500278037511518,1.0,False,0.09233449477351917,0.0,95.0,STANDBY,False,ASTRA_SIMULATED_EPS
12020.0,ASTRA-SC-01,EPS,32.42066200694876,2.9229926426929476,12.511135797840298,39.99793885077721,0.9889264495644704,NOMINAL,0.9999484712694302,0.04500278255145077,1.0,False,0.09407665505226481,0.0,95.0,STANDBY,False,ASTRA_SIMULATED_EPS
12030.0,ASTRA-SC-01,EPS,32.47883642695683,2.9026505965631557,12.498523297670019,39.99793723861957,0.9887249123155535,NOMINAL,0.9999484309654892,0.04500278472786358,1.0,False,0.09581881533101046,0.0,95.0,STANDBY,False,ASTRA_SIMULATED_EPS
12040.0,ASTRA-SC-01,EPS,32.51609320006196,2.909812334188261,12.442166029256676,39.997935626404725,0.9885233679061526,NOMINAL,0.9999483906601181,0.04500278690435362,1.0,False,0.0975609756097561,0.0,95.0,STANDBY,False,ASTRA_SIMULATED_EPS
12050.0,ASTRA-SC-01,EPS,32.66360816389625,2.8829587318232774,12.308111965490328,39.99793401413266,0.9883218163353892,NOMINAL,0.9999483503533165,0.0450027890809209,1.0,False,0.09930313588850175,0.0,95.0,STANDBY,False,ASTRA_SIMULATED_EPS
12060.0,ASTRA-SC-01,EPS,32.73730421696708,2.9197516174723384,12.168700523759155,39.997932401803375,0.9881202576023842,NOMINAL,0.9999483100450843,0.04500279125756544,1.0,False,0.10104529616724739,0.0,95.0,STANDBY,False,ASTRA_SIMULATED_EPS
12070.0,ASTRA-SC-01,EPS,32.59891904558433,2.8637996358538924,12.154940708071516,39.99793078941686,0.9879186917062576,NOMINAL,0.9999482697354215,0.045002793434287244,1.0,False,0.10278745644599303,0.0,95.0,STANDBY,False,ASTRA_SIMULATED_EPS
12080.0,ASTRA-SC-01,EPS,32.84933344264757,2.8840060287441003,12.026354363339111,39.9979291769731,0.9877171186461284,NOMINAL,0.9999482294243276,0.045002795611086305,1.0,False,0.10452961672473868,0.0,95.0,STANDBY,False,ASTRA_SIMULATED_EPS
12090.0,ASTRA-SC-01,EPS,32.66369789369884,2.8725001225179536,11.95213479974145,39.99792756447211,0.9875155384211151,NOMINAL,0.9999481891118027,0.04500279778796265,1.0,False,0.10627177700348432,0.0,95.0,STANDBY,False,ASTRA_SIMULATED_EPS
12100.0,ASTRA-SC-01,EPS,32.635259339345225,2.8903307485566203,11.88790096907632,39.997925951913864,0.987313951030335,NOMINAL,0.9999481487978465,0.04500279996491628,1.0,False,0.10801393728222997,0.0,95.0,STANDBY,False,ASTRA_SIMULATED_EPS
12110.0,ASTRA-SC-01,EPS,32.658122760610794,2.9110370613411076,11.829191587260402,39.99792433929835,0.9871123564729051,NOMINAL,0.9999481084824589,0.04500280214194722,1.0,False,0.10975609756097561,0.0,95.0,STANDBY,False,ASTRA_SIMULATED_EPS
12120.0,ASTRA-SC-01,EPS,32.48071747195912,2.910135661682237,11.726038916103168,39.99792272662559,0.986910754747941,NOMINAL,0.9999480681656396,0.04500280431905546,1.0,False,0.11149825783972125,0.0,95.0,STANDBY,False,ASTRA_SIMULATED_EPS
12130.0,ASTRA-SC-01,EPS,32.609189498567204,2.893319509663171,11.63969507116171,39.99792111389554,0.9867091458545579,NOMINAL,0.9999480278473886,0.04500280649624102,1.0,False,0.1132404181184669,0.0,95.0,STANDBY,False,ASTRA_SIMULATED_EPS
12140.0,ASTRA-SC-01,EPS,32.3725132967563,2.902437101819884,11.525093938641106,39.997919501108214,0.9865075297918702,NOMINAL,0.9999479875277054,0.045002808673503904,1.0,False,0.11498257839721254,0.0,95.0,STANDBY,False,ASTRA_SIMULATED_EPS
12150.0,ASTRA-SC-01,EPS,32.35116540103747,2.908271485959601,11.493323331382514,39.99791788826361,0.9863059065589911,NOMINAL,0.9999479472065902,0.04500281085084413,1.0,False,0.11672473867595819,0.0,95.0,STANDBY,False,ASTRA_SIMULATED_EPS
12160.0,ASTRA-SC-01,EPS,32.65854820301621,2.894912446340538,11.420352652770157,39.9979162753617,0.9861042761550334,NOMINAL,0.9999479068840427,0.045002813028261694,1.0,False,0.11846689895470383,0.0,95.0,STANDBY,False,ASTRA_SIMULATED_EPS
12170.0,ASTRA-SC-01,EPS,32.619627085424504,2.9121104361444767,11.276151711029655,39.99791466240251,0.9859026385791088,NOMINAL,0.9999478665600626,0.04500281520575662,1.0,False,0.12020905923344948,0.0,95.0,STANDBY,False,ASTRA_SIMULATED_EPS
12180.0,ASTRA-SC-01,EPS,32.55316351056639,2.9106400543969224,11.235497831569813,39.99791304938599,0.9857009938303282,NOMINAL,0.9999478262346498,0.045002817383328904,1.0,False,0.12195121951219512,0.0,95.0,STANDBY,False,ASTRA_SIMULATED_EPS
12190.0,ASTRA-SC-01,EPS,32.188359349169694,2.906768531162878,11.263689514546703,39.997911436312165,0.9854993419078019,NOMINAL,0.9999477859078042,0.045002819560978576,1.0,False,0.12369337979094076,0.0,95.0,STANDBY,False,ASTRA_SIMULATED_EPS
12200.0,ASTRA-SC-01,EPS,32.4679773233695,2.889528142253663,11.089873400766253,39.99790982318102,0.9852976828106391,NOMINAL,0.9999477455795255,0.04500282173870562,1.0,False,0.1254355400696864,0.0,95.0,STANDBY,False,ASTRA_SIMULATED_EPS
12210.0,ASTRA-SC-01,EPS,32.576162987023196,2.927123714017639,10.92667394715837,39.997908209992545,0.9850960165379484,NOMINAL,0.9999477052498136,0.04500282391651007,1.0,False,0.12717770034843207,0.0,95.0,STANDBY,False,ASTRA_SIMULATED_EPS
12220.0,ASTRA-SC-01,EPS,32.64313006202866,2.9154705592891905,10.901039199926593,39.99790659674673,0.9848943430888375,NOMINAL,0.9999476649186683,0.045002826094391914,1.0,False,0.1289198606271777,0.0,95.0,STANDBY,False,ASTRA_SIMULATED_EPS
12230.0,ASTRA-SC-01,EPS,32.578098303196086,2.9241441735823166,10.870558676473811,39.997904983443576,0.9846926624624133,NOMINAL,0.9999476245860893,0.04500282827235118,1.0,False,0.13066202090592335,0.0,95.0,STANDBY,False,ASTRA_SIMULATED_EPS
12240.0,ASTRA-SC-01,EPS,32.335987359103086,2.920162267170568,10.742721487581163,39.997903370083066,0.9844909746577817,NOMINAL,0.9999475842520766,0.04500283045038786,1.0,False,0.13240418118466898,0.0,95.0,STANDBY,False,ASTRA_SIMULATED_EPS
12250.0,ASTRA-SC-01,EPS,32.53253266516761,2.9056843106494754,10.657672830743534,39.9979017566652,0.9842892796740481,NOMINAL,0.9999475439166301,0.04500283262850198,1.0,False,0.13414634146341464,0.0,95.0,STANDBY,False,ASTRA_SIMULATED_EPS
12260.0,ASTRA-SC-01,EPS,32.71328196278231,2.902724356575665,10.528652211975412,39.99790014318997,0.9840875775103168,NOMINAL,0.9999475035797494,0.04500283480669354,1.0,False,0.13588850174216027,0.0,95.0,STANDBY,False,ASTRA_SIMULATED_EPS
12270.0,ASTRA-SC-01,EPS,32.45435860260379,2.907950497195964,10.565749697088492,39.99789852965738,0.9838858681656915,NOMINAL,0.9999474632414344,0.04500283698496254,1.0,False,0.13763066202090593,0.0,95.0,STANDBY,False,ASTRA_SIMULATED_EPS
12280.0,ASTRA-SC-01,EPS,32.615227979169774,2.8879604062543205,10.548422221395077,39.99789691606739,0.9836841516392747,NOMINAL,0.9999474229016848,0.045002839163309015,1.0,False,0.13937282229965156,0.0,95.0,STANDBY,False,ASTRA_SIMULATED_EPS
12290.0,ASTRA-SC-01,EPS,32.55905042794888,2.929568457489179,10.33666452824745,39.997895302420034,0.9834824279301686,NOMINAL,0.9999473825605008,0.04500284134173296,1.0,False,0.14111498257839722,0.0,95.0,STANDBY,False,ASTRA_SIMULATED_EPS
12300.0,ASTRA-SC-01,EPS,32.60154357054621,2.9211615529859687,10.32546069655075,39.997893688715266,0.9832806970374741,NOMINAL,0.9999473422178817,0.045002843520234384,1.0,False,0.14285714285714285,0.0,95.0,STANDBY,False,ASTRA_SIMULATED_EPS
12310.0,ASTRA-SC-01,EPS,32.685557538814166,2.9219043241498914,10.169309953625897,39.99789207495311,0.9830789589602916,NOMINAL,0.9999473018738277,0.0450028456988133,1.0,False,0.1445993031358885,0.0,95.0,STANDBY,False,ASTRA_SIMULATED_EPS
12320.0,ASTRA-SC-01,EPS,32.4195482652811,2.911472694810954,10.152446074241663,39.997890461133544,0.9828772136977206,NOMINAL,0.9999472615283386,0.045002847877469714,1.0,False,0.14634146341463414,0.0,95.0,STANDBY,False,ASTRA_SIMULATED_EPS
12330.0,ASTRA-SC-01,EPS,32.47511767888442,2.9258798476844583,10.099357374097178,39.99788884725656,0.9826754612488596,NOMINAL,0.999947221181414,0.04500285005620365,1.0,False,0.1480836236933798,0.0,95.0,STANDBY,False,ASTRA_SIMULATED_EPS
12340.0,ASTRA-SC-01,EPS,32.36120336636885,2.888843649436466,9.940855571886042,39.99788723332215,0.9824737016128066,NOMINAL,0.9999471808330538,0.04500285223501509,1.0,False,0.14982578397212543,0.0,95.0,STANDBY,False,ASTRA_SIMULATED_EPS
12350.0,ASTRA-SC-01,EPS,32.50642282132611,3.962607873066097,9.937630940104913,39.99788561933032,0.9821975996429194,NOMINAL,0.999947140483258,0.04500285441390407,1.0,False,0.15156794425087108,0.0,130.0,STANDBY,False,ASTRA_SIMULATED_EPS
12360.0,ASTRA-SC-01,EPS,32.520530385772695,3.9768332427102235,9.72062448786719,39.99788341063132,0.9819214842108603,NOMINAL,0.9999470852657829,0.04500285739564772,1.0,False,0.15331010452961671,0.0,130.0,STANDBY,False,ASTRA_SIMULATED_EPS
12370.0,ASTRA-SC-01,EPS,32.23404184958258,3.983037062274278,9.608434885207352,39.99788120182474,0.9816453553143104,NOMINAL,0.9999470300456186,0.0450028603775366,1.0,False,0.15505226480836237,0.0,130.0,STANDBY,False,ASTRA_SIMULATED_EPS
12380.0,ASTRA-SC-01,EPS,32.60805148067712,3.9723041236703724,9.80010306922406,39.997878992910586,0.9813692129509477,NOMINAL,0.9999469748227646,0.045002863359570704,1.0,False,0.156794425087108,0.0,130.0,STANDBY,False,ASTRA_SIMULATED_EPS
12390.0,ASTRA-SC-01,EPS,32.81478322217409,3.971918060543378,9.555748590362155,39.99787678388882,0.9810930571184475,NOMINAL,0.9999469195972205,0.04500286634175009,1.0,False,0.15853658536585366,0.0,130.0,STANDBY,False,ASTRA_SIMULATED_EPS
12400.0,ASTRA-SC-01,EPS,32.59887203354233,4.0190069364370915,9.402509187941387,39.99787457475942,0.9808168878144822,NOMINAL,0.9999468643689856,0.045002869324074775,1.0,False,0.1602787456445993,0.0,130.0,STANDBY,False,ASTRA_SIMULATED_EPS
12410.0,ASTRA-SC-01,EPS,32.14492551082756,3.96134168027165,9.437116472596937,39.99787236552239,0.980540705036721,NOMINAL,0.9999468091380598,0.04500287230654477,1.0,False,0.16202090592334495,0.0,130.0,STANDBY,False,ASTRA_SIMULATED_EPS
12420.0,ASTRA-SC-01,EPS,32.5126384322462,4.00363562332584,9.27178358665762,39.99787015617769,0.9802645087828306,NOMINAL,0.9999467539044423,0.04500287528916011,1.0,False,0.16376306620209058,0.0,130.0,STANDBY,False,ASTRA_SIMULATED_EPS
12430.0,ASTRA-SC-01,EPS,32.05411715097617,3.998560720340786,9.21436412349544,39.997867946725314,0.9799882990504744,NOMINAL,0.9999466986681328,0.04500287827192083,1.0,False,0.16550522648083624,0.0,130.0,STANDBY,False,ASTRA_SIMULATED_EPS
12440.0,ASTRA-SC-01,EPS,32.10015697629095,3.981012240587118,9.219651940454817,39.99786573716523,0.9797120758373131,NOMINAL,0.9999466434291308,0.04500288125482693,1.0,False,0.1672473867595819,0.0,130.0,STANDBY,False,ASTRA_SIMULATED_EPS
12450.0,ASTRA-SC-01,EPS,32.405508942293324,3.9662010434858503,9.096455536310437,39.99786352749743,0.9794358391410046,NOMINAL,0.9999465881874358,0.04500288423787847,1.0,False,0.16898954703832753,0.0,130.0,STANDBY,False,ASTRA_SIMULATED_EPS
12460.0,ASTRA-SC-01,EPS,32.36318395825613,3.944238449173738,8.993329235905009,39.99786131772189,0.9791595889592037,NOMINAL,0.9999465329430474,0.04500288722107544,1.0,False,0.17073170731707318,0.0,130.0,STANDBY,False,ASTRA_SIMULATED_EPS
12470.0,ASTRA-SC-01,EPS,32.505805946886866,3.9859904736087968,8.96231314580465,39.99785910783861,0.9788833252895623,NOMINAL,0.9999464776959651,0.04500289020441788,1.0,False,0.17247386759581881,0.0,130.0,STANDBY,False,ASTRA_SIMULATED_EPS
12480.0,ASTRA-SC-01,EPS,32.2580977215628,3.9736601739347654,8.770109418825381,39.997856897847534,0.9786070481297293,NOMINAL,0.9999464224461884,0.04500289318790583,1.0,False,0.17421602787456447,0.0,130.0,STANDBY,False,ASTRA_SIMULATED_EPS
12490.0,ASTRA-SC-01,EPS,32.44649460584842,4.013938937656107,8.730512769629122,39.99785468774868,0.9783307574773508,NOMINAL,0.9999463671937169,0.04500289617153929,1.0,False,0.1759581881533101,0.0,130.0,STANDBY,False,ASTRA_SIMULATED_EPS
12500.0,ASTRA-SC-01,EPS,32.32079923389827,3.986758507146304,8.792321123028826,39.997852477542004,0.9780544533300699,NOMINAL,0.9999463119385501,0.04500289915531829,1.0,False,0.17770034843205576,0.0,130.0,STANDBY,False,ASTRA_SIMULATED_EPS
12510.0,ASTRA-SC-01,EPS,32.34135681277537,3.9615274960744404,8.556894213384673,39.9978502672275,0.9777781356855269,NOMINAL,0.9999462566806875,0.04500290213924288,1.0,False,0.1794425087108014,0.0,130.0,STANDBY,False,ASTRA_SIMULATED_EPS
12520.0,ASTRA-SC-01,EPS,32.42902730367713,4.029791419856252,8.595070401686382,39.99784805680514,0.9775018045413589,NOMINAL,0.9999462014201286,0.04500290512331305,1.0,False,0.18118466898954705,0.0,130.0,STANDBY,False,ASTRA_SIMULATED_EPS
12530.0,ASTRA-SC-01,EPS,32.406940358329045,3.987167079132332,8.506709771633913,39.99784584627492,0.9772254598952004,NOMINAL,0.999946146156873,0.045002908107528855,1.0,False,0.18292682926829268,0.0,130.0,STANDBY,False,ASTRA_SIMULATED_EPS
12540.0,ASTRA-SC-01,EPS,32.277112226153946,3.9998397978019327,8.444813258300638,39.99784363563681,0.9769491017446826,NOMINAL,0.9999460908909202,0.0450029110918903,1.0,False,0.18466898954703834,0.0,130.0,STANDBY,False,ASTRA_SIMULATED_EPS
12550.0,ASTRA-SC-01,EPS,32.410031966447384,3.9552527429528683,8.425159500518767,39.997841424890794,0.9766727300874342,NOMINAL,0.9999460356222698,0.045002914076397435,1.0,False,0.18641114982578397,0.0,130.0,STANDBY,False,ASTRA_SIMULATED_EPS
12560.0,ASTRA-SC-01,EPS,32.513212332839494,3.965964413907419,8.336731625853151,39.997839214036844,0.9763963449210804,NOMINAL,0.9999459803509212,0.04500291706105026,1.0,False,0.18815331010452963,0.0,130.0,STANDBY,False,ASTRA_SIMULATED_EPS
12570.0,ASTRA-SC-01,EPS,32.32324069402188,3.9604541384409,8.175508152666056,39.997837003074956,0.976119946243244,NOMINAL,0.999945925076874,0.045002920045848806,1.0,False,0.18989547038327526,0.0,130.0,STANDBY,False,ASTRA_SIMULATED_EPS
12580.0,ASTRA-SC-01,EPS,32.11527719106448,3.99186179255508,8.048984960031808,39.9978347920051,0.9758435340515447,NOMINAL,0.9999458698001276,0.04500292303079311,1.0,False,0.1916376306620209,0.0,130.0,STANDBY,False,ASTRA_SIMULATED_EPS
12590.0,ASTRA-SC-01,EPS,32.201558504781524,3.928629102116338,8.063482937849336,39.99783258082727,0.9755671083435989,NOMINAL,0.9999458145206818,0.04500292601588318,1.0,False,0.19337979094076654,0.0,130.0,STANDBY,False,ASTRA_SIMULATED_EPS
12600.0,ASTRA-SC-01,EPS,32.374584489415454,3.972373378120125,7.943096456702512,39.99783036954143,0.9752906691170206,NOMINAL,0.9999457592385358,0.04500292900111906,1.0,False,0.1951219512195122,0.0,130.0,STANDBY,False,ASTRA_SIMULATED_EPS
12610.0,ASTRA-SC-01,EPS,32.20741983320878,3.992267860081213,7.89533076155499,39.99782815814757,0.9750142163694203,NOMINAL,0.9999457039536893,0.04500293198650077,1.0,False,0.19686411149825783,0.0,130.0,STANDBY,False,ASTRA_SIMULATED_EPS
12620.0,ASTRA-SC-01,EPS,32.446923181928895,3.958851257018961,7.859738023793111,39.997825946645676,0.9747377500984061,NOMINAL,0.9999456486661419,0.04500293497202834,1.0,False,0.1986062717770035,0.0,130.0,STANDBY,False,ASTRA_SIMULATED_EPS
12630.0,ASTRA-SC-01,EPS,32.60514938563606,3.995691194927555,7.758083664054586,39.997823735035716,0.9744612703015827,NOMINAL,0.999945593375893,0.04500293795770178,1.0,False,0.20034843205574912,0.0,130.0,STANDBY,False,ASTRA_SIMULATED_EPS
12640.0,ASTRA-SC-01,EPS,32.43409315001965,3.975292928532622,7.707310211957987,39.99782152331768,0.974184776976552,NOMINAL,0.9999455380829421,0.04500294094352113,1.0,False,0.20209059233449478,0.0,130.0,STANDBY,False,ASTRA_SIMULATED_EPS
12650.0,ASTRA-SC-01,EPS,32.33808417331294,3.9773884860215256,7.645924547032528,39.99781931149155,0.9739082701209131,NOMINAL,0.9999454827872887,0.04500294392948641,1.0,False,0.2038327526132404,0.0,130.0,STANDBY,False,ASTRA_SIMULATED_EPS
12660.0,ASTRA-SC-01,EPS,32.22833092512082,3.956372397292064,7.494487714964007,39.997817099557295,0.9736317497322619,NOMINAL,0.9999454274889324,0.04500294691559764,1.0,False,0.20557491289198607,0.0,130.0,STANDBY,False,ASTRA_SIMULATED_EPS
12670.0,ASTRA-SC-01,EPS,32.12844129208915,3.9515492472757545,7.5006736826371085,39.99781488751491,0.9733552158081914,NOMINAL,0.9999453721878728,0.04500294990185487,1.0,False,0.2073170731707317,0.0,130.0,STANDBY,False,ASTRA_SIMULATED_EPS
12680.0,ASTRA-SC-01,EPS,32.241402445265216,3.994859992683034,7.423412181476612,39.99781267536437,0.9730786683462916,NOMINAL,0.9999453168841093,0.0450029528882581,1.0,False,0.20905923344947736,0.0,130.0,STANDBY,False,ASTRA_SIMULATED_EPS
12690.0,ASTRA-SC-01,EPS,32.06561402085407,3.9985767309557465,7.391382061048076,39.99781046310566,0.9728021073441498,NOMINAL,0.9999452615776414,0.04500295587480737,1.0,False,0.21080139372822299,0.0,130.0,STANDBY,False,ASTRA_SIMULATED_EPS
12700.0,ASTRA-SC-01,EPS,32.22182473369749,3.9929231473083213,7.237372029961527,39.99780825073874,0.9725255327993501,NOMINAL,0.9999452062684686,0.04500295886150269,1.0,False,0.21254355400696864,0.0,130.0,STANDBY,False,ASTRA_SIMULATED_EPS
12710.0,ASTRA-SC-01,EPS,32.396945632754786,3.951147272521328,7.120085094842855,39.997806038263626,0.9722489447094734,NOMINAL,0.9999451509565906,0.045002961848344104,1.0,False,0.21428571428571427,0.0,130.0,STANDBY,False,ASTRA_SIMULATED_EPS
12720.0,ASTRA-SC-01,EPS,32.31754295996613,3.9797622799168244,7.1195880586696765,39.99780382568027,0.9719723430720981,NOMINAL,0.9999450956420067,0.04500296483533163,1.0,False,0.21602787456445993,0.0,130.0,STANDBY,False,ASTRA_SIMULATED_EPS
12730.0,ASTRA-SC-01,EPS,32.186226176314236,3.9730762138274898,7.0828560478205445,39.99780161298867,0.9716957278847994,NOMINAL,0.9999450403247166,0.0450029678224653,1.0,False,0.21777003484320556,0.0,130.0,STANDBY,False,ASTRA_SIMULATED_EPS
12740.0,ASTRA-SC-01,EPS,32.369029406105795,3.9877819286082636,6.96599195142241,39.99779940018878,0.9714190991451495,NOMINAL,0.9999449850047196,0.045002970809745135,1.0,False,0.21951219512195122,0.0,130.0,STANDBY,False,ASTRA_SIMULATED_EPS
12750.0,ASTRA-SC-01,EPS,32.56435532136843,3.9541227735531135,6.954168757896249,39.997797187280625,0.9711424568507175,NOMINAL,0.9999449296820155,0.045002973797171164,1.0,False,0.22125435540069685,0.0,130.0,STANDBY,False,ASTRA_SIMULATED_EPS
12760.0,ASTRA-SC-01,EPS,32.5643812403866,3.9956079788792938,6.850143691826845,39.99779497426414,0.9708658009990698,NOMINAL,0.9999448743566035,0.04500297678474341,1.0,False,0.2229965156794425,0.0,130.0,STANDBY,False,ASTRA_SIMULATED_EPS
12770.0,ASTRA-SC-01,EPS,32.28595399415903,4.0096380496749635,6.71978594588897,39.99779276113934,0.9705891315877697,NOMINAL,0.9999448190284834,0.04500297977246189,1.0,False,0.22473867595818817,0.0,130.0,STANDBY,False,ASTRA_SIMULATED_EPS
12780.0,ASTRA-SC-01,EPS,32.21283760188286,3.9741075736281326,6.783667300077468,39.99779054790618,0.9703124486143775,NOMINAL,0.9999447636976545,0.04500298276032666,1.0,False,0.2264808362369338,0.0,130.0,STANDBY,False,ASTRA_SIMULATED_EPS
12790.0,ASTRA-SC-01,EPS,32.42970229713168,3.9600851245106545,6.637303782138612,39.99778833456466,0.9700357520764504,NOMINAL,0.9999447083641164,0.04500298574833771,1.0,False,0.22822299651567945,0.0,130.0,STANDBY,False,ASTRA_SIMULATED_EPS
12800.0,ASTRA-SC-01,EPS,32.26721112577872,3.966715594795951,6.6329823415137215,39.99778612111474,0.9697590419715428,NOMINAL,0.9999446530278686,0.04500298873649509,1.0,False,0.22996515679442509,0.0,130.0,STANDBY,False,ASTRA_SIMULATED_EPS
12810.0,ASTRA-SC-01,EPS,32.14303519689167,4.0246957885724965,6.55685169271873,39.997783907556425,0.9694823182972061,NOMINAL,0.9999445976889106,0.045002991724798824,1.0,False,0.23170731707317074,0.0,130.0,STANDBY,False,ASTRA_SIMULATED_EPS
12820.0,ASTRA-SC-01,EPS,32.53992626089359,3.973257052255987,6.439528674390008,39.997781693889685,0.9692055810509885,NOMINAL,0.9999445423472421,0.04500299471324893,1.0,False,0.23344947735191637,0.0,130.0,STANDBY,False,ASTRA_SIMULATED_EPS
12830.0,ASTRA-SC-01,EPS,32.129897976087854,3.9719133991155253,6.403476622973718,39.99777948011449,0.9689288302304354,NOMINAL,0.9999444870028622,0.04500299770184544,1.0,False,0.23519163763066203,0.0,130.0,STANDBY,False,ASTRA_SIMULATED_EPS
12840.0,ASTRA-SC-01,EPS,32.569887440950026,3.9575889467652825,6.292468934196965,39.99777726623083,0.968652065833089,NOMINAL,0.9999444316557707,0.04500300069058837,1.0,False,0.23693379790940766,0.0,130.0,STANDBY,False,ASTRA_SIMULATED_EPS
12850.0,ASTRA-SC-01,EPS,32.334092469337435,3.9505884630651558,6.272443737343689,39.99777505223869,0.9683752878564889,NOMINAL,0.9999443763059672,0.04500300367947777,1.0,False,0.23867595818815332,0.0,130.0,STANDBY,False,ASTRA_SIMULATED_EPS
12860.0,ASTRA-SC-01,EPS,32.239829220616976,3.9807058465881617,6.152592059594707,39.99777283813804,0.9680984962981711,NOMINAL,0.999944320953451,0.04500300666851365,1.0,False,0.24041811846689895,0.0,130.0,STANDBY,False,ASTRA_SIMULATED_EPS
12870.0,ASTRA-SC-01,EPS,32.22765137930542,3.985596271580149,6.096903027287398,39.997770623928865,0.9678216911556693,NOMINAL,0.9999442655982216,0.04500300965769603,1.0,False,0.2421602787456446,0.0,130.0,STANDBY,False,ASTRA_SIMULATED_EPS
12880.0,ASTRA-SC-01,EPS,32.29358105389895,3.9678068821113084,6.056333960610968,39.99776840961114,0.9675448724265135,NOMINAL,0.9999442102402786,0.045003012647024956,1.0,False,0.24390243902439024,0.0,130.0,STANDBY,False,ASTRA_SIMULATED_EPS
12890.0,ASTRA-SC-01,EPS,32.61961407046358,3.9896502656509187,6.0230176205982024,39.99776619518486,0.9672680401082312,NOMINAL,0.9999441548796215,0.04500301563650044,1.0,False,0.2456445993031359,0.0,130.0,STANDBY,False,ASTRA_SIMULATED_EPS
12900.0,ASTRA-SC-01,EPS,32.125639744364626,3.990291525798065,5.851376559042675,39.99776398064999,0.9669911941983466,NOMINAL,0.9999440995162497,0.045003018626122514,1.0,False,0.24738675958188153,0.0,130.0,STANDBY,False,ASTRA_SIMULATED_EPS
12910.0,ASTRA-SC-01,EPS,32.11001487382328,3.968119197207034,5.8990520109661215,39.99776176600652,0.966714334694381,NOMINAL,0.9999440441501629,0.045003021615891196,1.0,False,0.24912891986062718,0.0,130.0,STANDBY,False,ASTRA_SIMULATED_EPS
12920.0,ASTRA-SC-01,EPS,32.50093905297537,3.992808350587641,5.6962124126917075,39.997759551254426,0.9664374615938527,NOMINAL,0.9999439887813606,0.04500302460580653,1.0,False,0.2508710801393728,0.0,130.0,STANDBY,False,ASTRA_SIMULATED_EPS
12930.0,ASTRA-SC-01,EPS,32.31393012720839,3.994467733593701,5.715192500166077,39.99775733639368,0.966160574894277,NOMINAL,0.999943933409842,0.04500302759586853,1.0,False,0.25261324041811845,0.0,130.0,STANDBY,False,ASTRA_SIMULATED_EPS
12940.0,ASTRA-SC-01,EPS,32.045882676796566,3.9649398560342535,5.636957425708119,39.99775512142428,0.965883674593166,NOMINAL,0.9999438780356069,0.04500303058607722,1.0,False,0.25435540069686413,0.0,130.0,STANDBY,False,ASTRA_SIMULATED_EPS
12950.0,ASTRA-SC-01,EPS,32.42917348038518,3.9325720842717553,5.565977644550345,39.99775290634619,0.9656067606880291,NOMINAL,0.9999438226586548,0.04500303357643264,1.0,False,0.25609756097560976,0.0,130.0,STANDBY,False,ASTRA_SIMULATED_EPS
12960.0,ASTRA-SC-01,EPS,32.36396725533495,4.008719260061621,5.542825684356723,39.9977506911594,0.9653298331763723,NOMINAL,0.999943767278985,0.04500303656693481,1.0,False,0.2578397212543554,0.0,130.0,STANDBY,False,ASTRA_SIMULATED_EPS
12970.0,ASTRA-SC-01,EPS,32.43342205068568,3.967778236462156,5.347057622024257,39.99774847586389,0.965052892055699,NOMINAL,0.9999437118965971,0.04500303955758376,1.0,False,0.259581881533101,0.0,130.0,STANDBY,False,ASTRA_SIMULATED_EPS
12980.0,ASTRA-SC-01,EPS,32.27405732563421,4.012903751637677,5.446580871676668,39.99774626045963,0.9647759373235092,NOMINAL,0.9999436565114908,0.045003042548379495,1.0,False,0.2613240418118467,0.0,130.0,STANDBY,False,ASTRA_SIMULATED_EPS
12990.0,ASTRA-SC-01,EPS,32.45087740960069,3.9988272633920916,5.330515568854241,39.99774404494661,0.9644989689772999,NOMINAL,0.9999436011236652,0.04500304553932208,1.0,False,0.26306620209059234,0.0,130.0,STANDBY,False,ASTRA_SIMULATED_EPS
13000.0,ASTRA-SC-01,EPS,32.244473514028684,3.9850711846345575,5.329787061860843,39.9977418293248,0.9642219870145653,NOMINAL,0.99994354573312,0.04500304853041152,1.0,False,0.26480836236933797,0.0,130.0,STANDBY,False,ASTRA_SIMULATED_EPS
13010.0,ASTRA-SC-01,EPS,32.18039105584149,4.028787683935362,5.165206269516063,39.99773961359419,0.9639449914327964,NOMINAL,0.9999434903398549,0.04500305152164784,1.0,False,0.2665505226480836,0.0,130.0,STANDBY,False,ASTRA_SIMULATED_EPS
13020.0,ASTRA-SC-01,EPS,32.545418529768575,3.9536159548663776,5.145750607289459,39.99773739775477,0.9636679822294814,NOMINAL,0.9999434349438692,0.04500305451303107,1.0,False,0.2682926829268293,0.0,130.0,STANDBY,False,ASTRA_SIMULATED_EPS
13030.0,ASTRA-SC-01,EPS,32.21044360674528,3.953599695316512,5.062702984686763,39.99773518180649,0.963390959402105,NOMINAL,0.9999433795451623,0.04500305750456123,1.0,False,0.2700348432055749,0.0,130.0,STANDBY,False,ASTRA_SIMULATED_EPS
13040.0,ASTRA-SC-01,EPS,32.49109734831462,3.9680213568073044,4.9123190734858015,39.99773296574936,0.9631139229481491,NOMINAL,0.9999433241437339,0.04500306049623837,1.0,False,0.27177700348432055,0.0,130.0,STANDBY,False,ASTRA_SIMULATED_EPS
13050.0,ASTRA-SC-01,EPS,32.31146743552786,3.987113662260305,4.95035168493371,39.99773074958333,0.9628368728650928,NOMINAL,0.9999432687395833,0.0450030634880625,1.0,False,0.2735191637630662,0.0,130.0,STANDBY,False,ASTRA_SIMULATED_EPS
13060.0,ASTRA-SC-01,EPS,32.47817484583422,3.9880086711062184,4.9515484851753175,39.997728533308404,0.9625598091504118,NOMINAL,0.9999432133327102,0.045003066480033646,1.0,False,0.27526132404181186,0.0,130.0,STANDBY,False,ASTRA_SIMULATED_EPS
13070.0,ASTRA-SC-01,EPS,32.35932331561815,3.981044228988185,4.714203893146697,39.997726316924556,0.962282731801579,NOMINAL,0.999943157923114,0.04500306947215185,1.0,False,0.2770034843205575,0.0,130.0,STANDBY,False,ASTRA_SIMULATED_EPS
13080.0,ASTRA-SC-01,EPS,32.279021141009395,3.9814905063859594,4.778977311546069,39.99772410043177,0.962005640816064,NOMINAL,0.9999431025107941,0.045003072464417114,1.0,False,0.2787456445993031,0.0,130.0,STANDBY,False,ASTRA_SIMULATED_EPS
13090.0,ASTRA-SC-01,EPS,32.39459104697143,3.9606536091476916,4.675925015043443,39.99772188383,0.9617285361913336,NOMINAL,0.9999430470957501,0.045003075456829494,1.0,False,0.2804878048780488,0.0,130.0,STANDBY,False,ASTRA_SIMULATED_EPS
13100.0,ASTRA-SC-01,EPS,32.42675259514432,4.0284020330882395,4.648207677058075,39.99771966711926,0.9614514179248514,NOMINAL,0.9999429916779816,0.04500307844938899,1.0,False,0.28222996515679444,0.0,130.0,STANDBY,False,ASTRA_SIMULATED_EPS
13110.0,ASTRA-SC-01,EPS,32.43956394287539,3.9919710781926767,4.559937767722056,39.99771745029952,0.9611742860140781,NOMINAL,0.9999429362574879,0.04500308144209565,1.0,False,0.28397212543554007,0.0,130.0,STANDBY,False,ASTRA_SIMULATED_EPS
13120.0,ASTRA-SC-01,EPS,32.51689752843943,3.957410824860334,4.459908943687236,39.99771523337075,0.960897140456471,NOMINAL,0.9999428808342686,0.04500308443494949,1.0,False,0.2857142857142857,0.0,130.0,STANDBY,False,ASTRA_SIMULATED_EPS
13130.0,ASTRA-SC-01,EPS,32.188571739424205,4.000325900509286,4.475919364502035,39.99771301633292,0.9606199812494848,NOMINAL,0.9999428254083231,0.04500308742795055,1.0,False,0.2874564459930314,0.0,130.0,STANDBY,False,ASTRA_SIMULATED_EPS
13140.0,ASTRA-SC-01,EPS,32.21533129108526,3.931409975295122,4.330992717656962,39.99771079918604,0.9603428083905707,NOMINAL,0.999942769979651,0.045003090421098846,1.0,False,0.289198606271777,0.0,130.0,STANDBY,False,ASTRA_SIMULATED_EPS
13150.0,ASTRA-SC-01,EPS,32.45773453587276,4.004674384255472,4.310376271647003,39.99770858193007,0.9600656218771773,NOMINAL,0.9999427145482518,0.04500309341439441,1.0,False,0.29094076655052264,0.0,130.0,STANDBY,False,ASTRA_SIMULATED_EPS
13160.0,ASTRA-SC-01,EPS,32.26331540691803,3.9595324548942528,4.252262137683898,39.99770636456499,0.9597884217067496,NOMINAL,0.9999426591141248,0.04500309640783726,1.0,False,0.2926829268292683,0.0,130.0,STANDBY,False,ASTRA_SIMULATED_EPS
13170.0,ASTRA-SC-01,EPS,32.17216489873461,4.046161265756546,4.192720056395564,39.997704147090786,0.9595112078767299,NOMINAL,0.9999426036772697,0.04500309940142744,1.0,False,0.29442508710801396,0.0,130.0,STANDBY,False,ASTRA_SIMULATED_EPS
13180.0,ASTRA-SC-01,EPS,32.21152407613383,3.9765868288440394,4.097411127271854,39.997701929507436,0.9592339803845574,NOMINAL,0.9999425482376859,0.04500310239516495,1.0,False,0.2961672473867596,0.0,130.0,STANDBY,False,ASTRA_SIMULATED_EPS
13190.0,ASTRA-SC-01,EPS,32.26501395613785,4.0199194863389565,4.049408711370836,39.99769971181492,0.9589567392276681,NOMINAL,0.999942492795373,0.045003105389049856,1.0,False,0.2979094076655052,0.0,130.0,STANDBY,False,ASTRA_SIMULATED_EPS
13200.0,ASTRA-SC-01,EPS,32.18391539787079,4.039427315702058,3.980748365987137,39.99769749401321,0.958679484403495,NOMINAL,0.9999424373503303,0.04500310838308217,1.0,False,0.29965156794425085,0.0,130.0,STANDBY,False,ASTRA_SIMULATED_EPS
13210.0,ASTRA-SC-01,EPS,32.424634380577466,3.9772536037881636,3.934798817342155,39.99769527610229,0.9584022159094681,NOMINAL,0.9999423819025574,0.0450031113772619,1.0,False,0.30139372822299654,0.0,130.0,STANDBY,False,ASTRA_SIMULATED_EPS
13220.0,ASTRA-SC-01,EPS,32.349090757916834,3.9454612880885405,3.955931477984756,39.99769305808214,0.9581249337430141,NOMINAL,0.9999423264520536,0.0450031143715891,1.0,False,0.30313588850174217,0.0,130.0,STANDBY,False,ASTRA_SIMULATED_EPS
13230.0,ASTRA-SC-01,EPS,32.50565265375231,3.9829139589516345,3.7387430830290103,39.997690839952746,0.9578476379015569,NOMINAL,0.9999422709988187,0.045003117366063786,1.0,False,0.3048780487804878,0.0,130.0,STANDBY,False,ASTRA_SIMULATED_EPS
13240.0,ASTRA-SC-01,EPS,32.35173802514954,3.9951907454593107,3.7504925884440854,39.99768862171408,0.9575703283825171,NOMINAL,0.999942215542852,0.04500312036068599,1.0,False,0.30662020905923343,0.0,130.0,STANDBY,False,ASTRA_SIMULATED_EPS
13250.0,ASTRA-SC-01,EPS,32.32493130414104,4.005861958480884,3.7440902837817687,39.997686403366124,0.9572930051833123,NOMINAL,0.999942160084153,0.04500312335545574,1.0,False,0.3083623693379791,0.0,130.0,STANDBY,False,ASTRA_SIMULATED_EPS
13260.0,ASTRA-SC-01,EPS,32.384107038451845,3.967213033010521,3.679031850698492,39.99768418490885,0.9570156683013569,NOMINAL,0.9999421046227213,0.045003126350373054,1.0,False,0.31010452961672474,0.0,130.0,STANDBY,False,ASTRA_SIMULATED_EPS
13270.0,ASTRA-SC-01,EPS,32.55564605508773,4.072317538272082,3.494070132889418,39.99768196634225,0.9567383177340624,NOMINAL,0.9999420491585562,0.045003129345437966,1.0,False,0.3118466898954704,0.0,130.0,STANDBY,False,ASTRA_SIMULATED_EPS
13280.0,ASTRA-SC-01,EPS,32.32835725539829,3.9418255313670967,3.517405403038124,39.99767974766629,0.9564609534788371,NOMINAL,0.9999419936916573,0.04500313234065051,1.0,False,0.313588850174216,0.0,130.0,STANDBY,False,ASTRA_SIMULATED_EPS
13290.0,ASTRA-SC-01,EPS,32.19902709799335,4.042039048530794,3.3906818596615387,39.99767752888096,0.9561835755330863,NOMINAL,0.999941938222024,0.045003135336010705,1.0,False,0.3153310104529617,0.0,130.0,STANDBY,False,ASTRA_SIMULATED_EPS
13300.0,ASTRA-SC-01,EPS,32.013225322536314,3.9824395095102556,3.2704640040685766,39.997675309986235,0.955906183894212,NOMINAL,0.9999418827496559,0.045003138331518575,1.0,False,0.3170731707317073,0.0,130.0,STANDBY,False,ASTRA_SIMULATED_EPS
13310.0,ASTRA-SC-01,EPS,32.40553491028555,3.9428351396411,3.310647748076086,39.9976730909821,0.9556287785596134,NOMINAL,0.9999418272745524,0.04500314132717417,1.0,False,0.31881533101045295,0.0,130.0,STANDBY,False,ASTRA_SIMULATED_EPS
13320.0,ASTRA-SC-01,EPS,31.947286560483956,3.986602662725972,3.3315405166577237,39.99767087186852,0.9553513595266863,NOMINAL,0.999941771796713,0.045003144322977494,1.0,False,0.3205574912891986,0.0,130.0,STANDBY,False,ASTRA_SIMULATED_EPS
13330.0,ASTRA-SC-01,EPS,32.33926529928766,3.973233639567628,3.1881180104193536,39.99766865264548,0.9550739267928234,NOMINAL,0.999941716316137,0.04500314731892859,1.0,False,0.32229965156794427,0.0,130.0,STANDBY,False,ASTRA_SIMULATED_EPS
13340.0,ASTRA-SC-01,EPS,32.282344217312684,4.006799552908154,3.06180125267406,39.99766643331297,0.9547964803554148,NOMINAL,0.9999416608328242,0.045003150315027496,1.0,False,0.3240418118466899,0.0,130.0,STANDBY,False,ASTRA_SIMULATED_EPS
13350.0,ASTRA-SC-01,EPS,32.37345160407338,3.9276479684237535,3.0392749141259583,39.997664213870955,0.9545190202118468,NOMINAL,0.9999416053467739,0.045003153311274205,1.0,False,0.32578397212543553,0.0,130.0,STANDBY,False,ASTRA_SIMULATED_EPS
13360.0,ASTRA-SC-01,EPS,32.197400809539324,4.011208501234988,3.0126842163130676,39.99766199431943,0.954241546359503,NOMINAL,0.9999415498579857,0.045003156307668775,1.0,False,0.32752613240418116,0.0,130.0,STANDBY,False,ASTRA_SIMULATED_EPS
13370.0,ASTRA-SC-01,EPS,32.04776020671775,3.9709840448496747,2.9624283443459465,39.99765977465835,0.9539640587957637,NOMINAL,0.9999414943664588,0.04500315930421122,1.0,False,0.32926829268292684,0.0,130.0,STANDBY,False,ASTRA_SIMULATED_EPS
13380.0,ASTRA-SC-01,EPS,32.26020222010226,3.9813184924321163,2.8695520411893165,39.997657554887724,0.9536865575180065,NOMINAL,0.999941438872193,0.045003162300901574,1.0,False,0.3310104529616725,0.0,130.0,STANDBY,False,ASTRA_SIMULATED_EPS
13390.0,ASTRA-SC-01,EPS,32.38367304446175,3.9830497616533247,2.8304458513439537,39.99765533500751,0.9534090425236051,NOMINAL,0.9999413833751877,0.045003165297739865,1.0,False,0.3327526132404181,0.0,130.0,STANDBY,False,ASTRA_SIMULATED_EPS
13400.0,ASTRA-SC-01,EPS,32.6198385329518,3.960614132381822,2.6836718365299377,39.99765311501769,0.953131513809931,NOMINAL,0.9999413278754422,0.04500316829472612,1.0,False,0.3344947735191638,0.0,130.0,STANDBY,False,ASTRA_SIMULATED_EPS
13410.0,ASTRA-SC-01,EPS,32.39452749402238,3.979422580110696,2.7019221146846593,39.997650894918245,0.9528539713743518,NOMINAL,0.999941272372956,0.04500317129186037,1.0,False,0.3362369337979094,0.0,130.0,STANDBY,False,ASTRA_SIMULATED_EPS
13420.0,ASTRA-SC-01,EPS,32.14045719454313,3.9900832079512005,2.739486955872148,39.997648674709154,0.9525764152142325,NOMINAL,0.9999412168677289,0.04500317428914263,1.0,False,0.33797909407665505,0.0,130.0,STANDBY,False,ASTRA_SIMULATED_EPS
13430.0,ASTRA-SC-01,EPS,32.394266016303156,4.018312866722901,2.530630381850731,39.9976464543904,0.9522988453269348,NOMINAL,0.99994116135976,0.04500317728657296,1.0,False,0.3397212543554007,0.0,130.0,STANDBY,False,ASTRA_SIMULATED_EPS
13440.0,ASTRA-SC-01,EPS,32.077543425132134,3.9260347389238572,2.5030095881913605,39.99764423396195,0.952021261709817,NOMINAL,0.9999411058490488,0.04500318028415136,1.0,False,0.34146341463414637,0.0,130.0,STANDBY,False,ASTRA_SIMULATED_EPS
13450.0,ASTRA-SC-01,EPS,32.415947022596086,4.010082526735732,2.474594657096321,39.9976420134238,0.9517436643602348,NOMINAL,0.999941050335595,0.045003183281877863,1.0,False,0.343205574912892,0.0,130.0,STANDBY,False,ASTRA_SIMULATED_EPS
13460.0,ASTRA-SC-01,EPS,32.25640568982853,3.980150682352432,2.4382543390205593,39.99763979277592,0.9514660532755405,NOMINAL,0.999940994819398,0.04500318627975251,1.0,False,0.34494773519163763,0.0,130.0,STANDBY,False,ASTRA_SIMULATED_EPS
13470.0,ASTRA-SC-01,EPS,32.38191223434974,3.9571838640554793,2.3854988259725016,39.997637572018284,0.951188428453083,NOMINAL,0.9999409393004571,0.04500318927777531,1.0,False,0.34668989547038326,0.0,130.0,STANDBY,False,ASTRA_SIMULATED_EPS
13480.0,ASTRA-SC-01,EPS,32.40714829219462,3.987386103076137,2.348205080353706,39.997635351150876,0.9509107898902086,NOMINAL,0.999940883778772,0.04500319227594631,1.0,False,0.34843205574912894,0.0,130.0,STANDBY,False,ASTRA_SIMULATED_EPS
13490.0,ASTRA-SC-01,EPS,32.709076251067295,3.9953491218192454,2.2756421624599463,39.99763313017368,0.9506331375842602,NOMINAL,0.999940828254342,0.04500319527426552,1.0,False,0.3501742160278746,0.0,130.0,STANDBY,False,ASTRA_SIMULATED_EPS
13500.0,ASTRA-SC-01,EPS,32.13449525129327,4.002683936846076,2.221949895115745,39.997630909086666,0.9503554715325773,NOMINAL,0.9999407727271666,0.045003198272733,1.0,False,0.3519163763066202,0.0,130.0,STANDBY,False,ASTRA_SIMULATED_EPS
13510.0,ASTRA-SC-01,EPS,32.283319040184935,3.9728680925117112,2.152366242773776,39.997628687889815,0.9500777917324967,NOMINAL,0.9999407171972454,0.04500320127134875,1.0,False,0.35365853658536583,0.0,130.0,STANDBY,False,ASTRA_SIMULATED_EPS
13520.0,ASTRA-SC-01,EPS,32.48605874936697,4.009762496291964,2.1334112842609603,39.99762646658311,0.9498000981813519,NOMINAL,0.9999406616645777,0.045003204270112805,1.0,False,0.3554006968641115,0.0,130.0,STANDBY,False,ASTRA_SIMULATED_EPS
13530.0,ASTRA-SC-01,EPS,32.56992200627753,-3.3254318864802053,2.161814123488757,39.99762424516652,0.9500321752387503,NOMINAL,0.999940606129163,0.045003207269025194,1.0,True,0.35714285714285715,203.63962499999482,95.0,STANDBY,False,ASTRA_SIMULATED_EPS
13540.0,ASTRA-SC-01,EPS,33.32556500654601,-20.705876511141025,2.202335236854783,39.99762238866033,0.951472573394031,NOMINAL,0.9999405597165083,0.04500320977530855,1.0,True,0.3588850174216028,769.3052499999949,95.0,STANDBY,False,ASTRA_SIMULATED_EPS
13550.0,ASTRA-SC-01,EPS,33.96048905135667,-31.024229106368022,2.426017332501054,39.99761086616003,0.9536292698000016,NOMINAL,0.9999402716540008,0.045003225330683946,1.0,True,0.3606271777003484,1104.8905011291931,95.0,STANDBY,False,ASTRA_SIMULATED_EPS
13560.0,ASTRA-SC-01,EPS,33.92770644498046,-30.12233859978184,2.5972612400752677,39.99759361361931,0.9557326755084649,NOMINAL,0.9999398403404828,0.04500324862161392,1.0,True,0.3623693379790941,1080.3144459123678,95.0,STANDBY,False,ASTRA_SIMULATED_EPS
13570.0,ASTRA-SC-01,EPS,34.05725031183457,-29.818627396819874,2.718096318890146,39.99757678738597,0.9577872099550955,NOMINAL,0.9999394196846492,0.045003271337028944,1.0,True,0.3641114982578397,1057.7810361516301,95.0,STANDBY,False,ASTRA_SIMULATED_EPS
13580.0,ASTRA-SC-01,EPS,34.13633315718695,-28.92114322593824,2.8633490264486485,39.997560352106106,0.9597969213677033,NOMINAL,0.9999390088026527,0.04500329352465675,1.0,True,0.36585365853658536,1037.1199875493169,95.0,STANDBY,False,ASTRA_SIMULATED_EPS
13590.0,ASTRA-SC-01,EPS,33.89442229705455,-28.403033675997634,3.021860759909641,39.997544275395406,0.9617655180197257,NOMINAL,0.9999386068848851,0.0450033152282162,1.0,True,0.367595818815331,1018.1751824508017,95.0,STANDBY,False,ASTRA_SIMULATED_EPS
13600.0,ASTRA-SC-01,EPS,34.364705144721476,-27.903487952845133,3.2760268917201962,39.997528527589054,0.9636963968327646,NOMINAL,0.9999382131897264,0.04500333648775478,1.0,True,0.3693379790940767,1000.803492105937,95.0,STANDBY,False,ASTRA_SIMULATED_EPS
13610.0,ASTRA-SC-01,EPS,33.94103698425537,-27.11906895380326,3.334931285593809,39.99751308151297,0.9655926695563948,NOMINAL,0.9999378270378243,0.04500335733995748,1.0,True,0.3710801393728223,984.873696798297,95.0,STANDBY,False,ASTRA_SIMULATED_EPS
13620.0,ASTRA-SC-01,EPS,34.42398841904029,-26.836256573742048,3.556069967875039,39.99749791227436,0.9674571867332667,NOMINAL,0.999937447806859,0.04500337781842961,1.0,True,0.37282229965156793,970.2654957129714,95.0,STANDBY,False,ASTRA_SIMULATED_EPS
13630.0,ASTRA-SC-01,EPS,34.215116533500264,-26.578369969961035,3.721768383389495,39.99748299706998,0.969292559639211,NOMINAL,0.9999370749267495,0.045003397953955526,1.0,True,0.37456445993031356,956.8685990886805,95.0,STANDBY,False,ASTRA_SIMULATED_EPS
13640.0,ASTRA-SC-01,EPS,34.26452101324047,-26.012532690579576,3.862690824453459,39.997468315010664,0.9711011803714091,NOMINAL,0.9999367078752666,0.045003417774735606,1.0,True,0.37630662020905925,944.5818958189622,95.0,STANDBY,False,ASTRA_SIMULATED_EPS
13650.0,ASTRA-SC-01,EPS,34.10783157251408,-25.609362081504496,3.9201207561937585,39.997453846960575,0.9728852402425895,NOMINAL,0.9999363461740144,0.045003437306603215,1.0,True,0.3780487804878049,933.3126902347877,95.0,STANDBY,False,ASTRA_SIMULATED_EPS
13660.0,ASTRA-SC-01,EPS,34.261671455776955,-25.354540401917866,4.021649486609232,39.9974395753901,0.9746467466254605,NOMINAL,0.9999359893847526,0.045003456573223355,1.0,True,0.3797909407665505,922.9760023214279,95.0,STANDBY,False,ASTRA_SIMULATED_EPS
13670.0,ASTRA-SC-01,EPS,34.14967427350184,-24.889703944972506,4.286361374165686,39.997425484241084,0.9763875383790941,NOMINAL,0.9999356371060271,0.04500347559627454,1.0,True,0.38153310104529614,913.4939260996687,95.0,STANDBY,False,ASTRA_SIMULATED_EPS
13680.0,ASTRA-SC-01,EPS,34.27087628445862,-24.760409701383757,4.371067596724198,39.99741155880339,0.9781092999775898,NOMINAL,0.9999352889700848,0.045003494395615413,1.0,True,0.3832752613240418,904.7950413390986,95.0,STANDBY,False,ASTRA_SIMULATED_EPS
13690.0,ASTRA-SC-01,EPS,34.512398580384115,-24.56554083727123,4.539448669382782,39.99739778560194,0.979813574450981,NOMINAL,0.9999349446400485,0.045003512989437375,1.0,True,0.38501742160278746,896.8138741725157,95.0,STANDBY,False,ASTRA_SIMULATED_EPS
13700.0,ASTRA-SC-01,EPS,34.474592600441134,-24.40687209577169,4.746250832145374,39.99738415229313,0.9815017752388984,NOMINAL,0.9999346038073282,0.045003531394404266,1.0,True,0.3867595818815331,889.4904025484792,95.0,STANDBY,False,ASTRA_SIMULATED_EPS
13710.0,ASTRA-SC-01,EPS,34.01433806292398,-23.891205089048327,4.788551845252564,39.997370647570044,0.9831751970488875,NOMINAL,0.9999342661892511,0.04500354962578044,1.0,True,0.3885017421602787,882.7696027964689,95.0,STANDBY,False,ASTRA_SIMULATED_EPS
13720.0,ASTRA-SC-01,EPS,34.23377207015019,-24.135260767783368,4.921789886921976,39.997357261075564,0.9848350258034201,NOMINAL,0.9999339315268891,0.045003567697547986,1.0,True,0.3902439024390244,876.601033888537,95.0,STANDBY,False,ASTRA_SIMULATED_EPS
13730.0,ASTRA-SC-01,EPS,34.09624846811979,-23.79496561886082,5.073533988627585,39.99734398332283,0.9864823477524669,NOMINAL,0.9999335995830707,0.04500358562251418,1.0,True,0.39198606271777003,870.9384562650696,95.0,STANDBY,False,ASTRA_SIMULATED_EPS
13740.0,ASTRA-SC-01,EPS,34.43805211106431,-23.52860557421194,5.230238868732819,39.9973308056223,0.9881181578219498,NOMINAL,0.9999332701405574,0.045003603412409894,1.0,True,0.39372822299651566,865.7394823524402,95.0,STANDBY,False,ASTRA_SIMULATED_EPS
13750.0,ASTRA-SC-01,EPS,34.086078419913015,-23.508904976122235,5.437893688456995,39.997317720015005,0.989743367262415,NOMINAL,0.999932943000375,0.04500362107797974,1.0,True,0.39547038327526135,860.9652561389119,95.0,STANDBY,False,ASTRA_SIMULATED_EPS
13760.0,ASTRA-SC-01,EPS,34.148169864033605,-23.05991258274614,5.467615225534899,39.997304719211336,0.9913588106568056,NOMINAL,0.9999326179802833,0.0450036386290647,1.0,True,0.397212543554007,856.5801593939026,95.0,STANDBY,False,ASTRA_SIMULATED_EPS
13770.0,ASTRA-SC-01,EPS,34.27534962605182,-23.00204810311218,5.673942905232034,39.99729179653499,0.9929652523412208,NOMINAL,0.9999322949133748,0.04500365607467776,1.0,True,0.3989547038327526,852.5515423163273,95.0,STANDBY,False,ASTRA_SIMULATED_EPS
13780.0,ASTRA-SC-01,EPS,34.2572098893676,-23.058261509364762,5.736960495710627,39.99727894587163,0.9945633922879861,NOMINAL,0.9999319736467908,0.04500367342307329,1.0,True,0.40069686411149824,848.8494765816648,95.0,STANDBY,False,ASTRA_SIMULATED_EPS
13790.0,ASTRA-SC-01,EPS,34.335805966326895,-22.794818536173647,5.868261394674979,39.99726616162178,0.9961538714961915,NOMINAL,0.9999316540405445,0.04500369068181059,1.0,True,0.4024390243902439,845.4465289260662,95.0,STANDBY,False,ASTRA_SIMULATED_EPS
13800.0,ASTRA-SC-01,EPS,34.38606891460392,-22.604512162341468,6.014348289000745,39.99725343865774,0.9977372769310385,NOMINAL,0.9999313359664435,0.045003707857812054,1.0,True,0.40418118466898956,842.3175535604809,95.0,STANDBY,False,ASTRA_SIMULATED_EPS
13810.0,ASTRA-SC-01,EPS,34.33593025421683,-22.885380527943905,5.989970334000016,39.997240772284044,0.9993141460498486,NOMINAL,0.999931019307101,0.04500372495741654,1.0,True,0.4059233449477352,839.4395018495848,95.0,STANDBY,False,ASTRA_SIMULATED_EPS
13820.0,ASTRA-SC-01,EPS,34.34631025923371,-22.629509026340923,6.2210315750686185,39.99722815820128,1.0,NOMINAL,0.999930703955032,0.045003741986428265,1.0,True,0.4076655052264808,836.7912478203517,95.0,STANDBY,False,ASTRA_SIMULATED_EPS
13830.0,ASTRA-SC-01,EPS,33.21841295667894,-22.548768928977502,6.369093907575287,39.9972155924729,1.0,NOMINAL,0.9999303898118225,0.045003758950161586,1.0,True,0.4094076655052265,834.3534281843233,95.0,STANDBY,False,ASTRA_SIMULATED_EPS
13840.0,ASTRA-SC-01,EPS,33.123642432020496,-22.560871975044716,6.422721225961854,39.9972155924729,1.0,NOMINAL,0.9999303898118225,0.045003758950161586,1.0,True,0.41114982578397213,832.1082956669965,95.0,STANDBY,False,ASTRA_SIMULATED_EPS
13850.0,ASTRA-SC-01,EPS,33.01731588972906,-22.348505496567274,6.4061696329551445,39.9972155924729,1.0,NOMINAL,0.9999303898118225,0.045003758950161586,1.0,True,0.41289198606271776,830.0395845379817,95.0,STANDBY,False,ASTRA_SIMULATED_EPS
13860.0,ASTRA-SC-01,EPS,32.89995361503946,-22.34216222024247,6.484998184273537,39.9972155924729,1.0,NOMINAL,0.9999303898118225,0.045003758950161586,1.0,True,0.4146341463414634,828.1323873275319,95.0,STANDBY,False,ASTRA_SIMULATED_EPS
13870.0,ASTRA-SC-01,EPS,33.04863369527088,-22.3296451874874,6.445129129665281,39.9972155924729,1.0,NOMINAL,0.9999303898118225,0.045003758950161586,1.0,True,0.4163763066202091,826.3730417993215,95.0,STANDBY,False,ASTRA_SIMULATED_EPS
13880.0,ASTRA-SC-01,EPS,32.867424327314104,-22.156559888020855,6.573468414749081,39.9972155924729,1.0,NOMINAL,0.9999303898118225,0.045003758950161586,1.0,True,0.4181184668989547,824.7490273266627,95.0,STANDBY,False,ASTRA_SIMULATED_EPS
13890.0,ASTRA-SC-01,EPS,32.87290638681352,-22.088664396699023,6.603281060314611,39.9972155924729,1.0,NOMINAL,0.9999303898118225,0.045003758950161586,1.0,True,0.41986062717770034,823.248869890208,95.0,STANDBY,False,ASTRA_SIMULATED_EPS
13900.0,ASTRA-SC-01,EPS,32.63904761502909,-22.179419412519287,6.664602446724063,39.9972155924729,1.0,NOMINAL,0.9999303898118225,0.045003758950161586,1.0,True,0.42160278745644597,821.8620549801761,95.0,STANDBY,False,ASTRA_SIMULATED_EPS
13910.0,ASTRA-SC-01,EPS,32.71702905040452,-22.141973100519138,6.7628654251253115,39.9972155924729,1.0,NOMINAL,0.9999303898118225,0.045003758950161586,1.0,True,0.42334494773519166,820.5789477457336,95.0,STANDBY,False,ASTRA_SIMULATED_EPS
13920.0,ASTRA-SC-01,EPS,32.86047825378068,-22.050036750995286,6.878093566626644,39.9972155924729,1.0,NOMINAL,0.9999303898118225,0.045003758950161586,1.0,True,0.4250871080139373,819.3907197887901,95.0,STANDBY,False,ASTRA_SIMULATED_EPS
13930.0,ASTRA-SC-01,EPS,32.79434155939163,-22.019807445095857,6.810821072163257,39.9972155924729,1.0,NOMINAL,0.9999303898118225,0.045003758950161586,1.0,True,0.4268292682926829,818.2892820495751,95.0,STANDBY,False,ASTRA_SIMULATED_EPS
13940.0,ASTRA-SC-01,EPS,32.70239485865894,-22.0880538821974,6.860975917437814,39.9972155924729,1.0,NOMINAL,0.9999303898118225,0.045003758950161586,1.0,True,0.42857142857142855,817.2672232772943,95.0,STANDBY,False,ASTRA_SIMULATED_EPS
13950.0,ASTRA-SC-01,EPS,32.89278360884026,-21.72173394401289,6.897549634062837,39.9972155924729,1.0,NOMINAL,0.9999303898118225,0.045003758950161586,1.0,True,0.43031358885017423,816.3177536212845,95.0,STANDBY,False,ASTRA_SIMULATED_EPS
13960.0,ASTRA-SC-01,EPS,32.7591592851578,-21.97210490570428,7.001407331289023,39.9972155924729,1.0,NOMINAL,0.9999303898118225,0.045003758950161586,1.0,True,0.43205574912891986,815.4346529167126,95.0,STANDBY,False,ASTRA_SIMULATED_EPS
13970.0,ASTRA-SC-01,EPS,32.86569797428019,-21.79249794604539,6.908405696228331,39.9972155924729,1.0,NOMINAL,0.9999303898118225,0.045003758950161586,1.0,True,0.4337979094076655,814.6122232742658,95.0,STANDBY,False,ASTRA_SIMULATED_EPS
13980.0,ASTRA-SC-01,EPS,32.42659829145004,-21.97321716914938,7.132550517219429,39.9972155924729,1.0,NOMINAL,0.9999303898118225,0.045003758950161586,1.0,True,0.4355400696864111,813.8452456157639,95.0,STANDBY,False,ASTRA_SIMULATED_EPS
13990.0,ASTRA-SC-01,EPS,32.55797357492709,-22.238851573197927,7.154063778053573,39.9972155924729,1.0,NOMINAL,0.9999303898118225,0.045003758950161586,1.0,True,0.4372822299651568,813.1289398273803,95.0,STANDBY,False,ASTRA_SIMULATED_EPS
14000.0,ASTRA-SC-01,EPS,32.85203325091152,-17.094094437326792,7.123910885728664,39.9972155924729,1.0,ANOMALOUS,0.9999303898118225,0.045003758950161586,1.0,True,0.43902439024390244,812.4589282294721,255.0,STANDBY,True,ASTRA_SIMULATED_EPS
14010.0,ASTRA-SC-01,EPS,32.65068314408638,-16.966923781104622,7.18942215745498,39.9972155924729,1.0,ANOMALOUS,0.9999303898118225,0.045003758950161586,1.0,True,0.44076655052264807,811.8312020870334,255.0,STANDBY,True,ASTRA_SIMULATED_EPS
14020.0,ASTRA-SC-01,EPS,32.88893932434389,-17.215227895634033,7.225314663527766,39.9972155924729,1.0,ANOMALOUS,0.9999303898118225,0.045003758950161586,1.0,True,0.4425087108013937,811.2420909077512,255.0,STANDBY,True,ASTRA_SIMULATED_EPS
14030.0,ASTRA-SC-01,EPS,32.62164946344526,-16.965008316935844,7.288545125276727,39.9972155924729,1.0,ANOMALOUS,0.9999303898118225,0.045003758950161586,1.0,True,0.4442508710801394,810.6882342956696,255.0,STANDBY,True,ASTRA_SIMULATED_EPS
14040.0,ASTRA-SC-01,EPS,32.935967899143904,-17.09276022689199,7.364884474790622,39.9972155924729,1.0,ANOMALOUS,0.9999303898118225,0.045003758950161586,1.0,True,0.445993031358885,810.1665561477754,255.0,STANDBY,True,ASTRA_SIMULATED_EPS
14050.0,ASTRA-SC-01,EPS,32.895650614356484,-16.744824044917696,7.385557043194341,39.9972155924729,1.0,ANOMALOUS,0.9999303898118225,0.045003758950161586,1.0,True,0.44773519163763065,809.6742409984951,255.0,STANDBY,True,ASTRA_SIMULATED_EPS
14060.0,ASTRA-SC-01,EPS,32.85644597037063,-17.058321604705814,7.336956753065916,39.9972155924729,1.0,ANOMALOUS,0.9999303898118225,0.045003758950161586,1.0,True,0.44947735191637633,809.2087123333245,255.0,STANDBY,True,ASTRA_SIMULATED_EPS
14070.0,ASTRA-SC-01,EPS,32.941093420965835,-16.8839526011102,7.562263797555129,39.9972155924729,1.0,ANOMALOUS,0.9999303898118225,0.045003758950161586,1.0,True,0.45121951219512196,808.7676127076743,255.0,STANDBY,True,ASTRA_SIMULATED_EPS
14080.0,ASTRA-SC-01,EPS,32.576723280263344,-16.82423102938354,7.6434375430108705,39.9972155924729,1.0,ANOMALOUS,0.9999303898118225,0.045003758950161586,1.0,True,0.4529616724738676,808.3487855206527,255.0,STANDBY,True,ASTRA_SIMULATED_EPS
14090.0,ASTRA-SC-01,EPS,32.87034740676786,-16.833838932292696,7.596958281943723,39.9972155924729,1.0,ANOMALOUS,0.9999303898118225,0.045003758950161586,1.0,True,0.4547038327526132,807.9502583060121,255.0,STANDBY,True,ASTRA_SIMULATED_EPS
14100.0,ASTRA-SC-01,EPS,32.543500464172766,-16.725984918414497,7.612397172844997,39.9972155924729,1.0,ANOMALOUS,0.9999303898118225,0.045003758950161586,1.0,True,0.4564459930313589,807.5702274139405,255.0,STANDBY,True,ASTRA_SIMULATED_EPS
14110.0,ASTRA-SC-01,EPS,32.88356130400938,-16.975266696458682,7.630252782566399,39.9972155924729,1.0,ANOMALOUS,0.9999303898118225,0.045003758950161586,1.0,True,0.45818815331010454,807.2070439678935,255.0,STANDBY,True,ASTRA_SIMULATED_EPS
14120.0,ASTRA-SC-01,EPS,33.03592862438316,-16.856224896237247,7.808051750193687,39.9972155924729,1.0,ANOMALOUS,0.9999303898118225,0.045003758950161586,1.0,True,0.45993031358885017,806.8592009902983,255.0,STANDBY,True,ASTRA_SIMULATED_EPS
14130.0,ASTRA-SC-01,EPS,32.787532458620944,-16.97915956893496,7.826030419624547,39.9972155924729,1.0,ANOMALOUS,0.9999303898118225,0.045003758950161586,1.0,True,0.4616724738675958,806.5253215997941,255.0,STANDBY,True,ASTRA_SIMULATED_EPS
14140.0,ASTRA-SC-01,EPS,32.70344941260502,-16.743097817907625,7.828603843166824,39.9972155924729,1.0,ANOMALOUS,0.9999303898118225,0.045003758950161586,1.0,True,0.4634146341463415,806.2041481907664,255.0,STANDBY,True,ASTRA_SIMULATED_EPS
14150.0,ASTRA-SC-01,EPS,32.54698124821448,-16.781241134973705,7.982948252064911,39.9972155924729,1.0,ANOMALOUS,0.9999303898118225,0.045003758950161586,1.0,True,0.4651567944250871,805.8945325133756,255.0,STANDBY,True,ASTRA_SIMULATED_EPS
14160.0,ASTRA-SC-01,EPS,32.88078864862216,-16.791855991456483,7.97257592894045,39.9972155924729,1.0,ANOMALOUS,0.9999303898118225,0.045003758950161586,1.0,True,0.46689895470383275,805.5954265790689,255.0,STANDBY,True,ASTRA_SIMULATED_EPS
14170.0,ASTRA-SC-01,EPS,32.834395127928694,-16.75928735061294,7.9097773633,39.9972155924729,1.0,ANOMALOUS,0.9999303898118225,0.045003758950161586,1.0,True,0.4686411149825784,805.3058743228205,255.0,STANDBY,True,ASTRA_SIMULATED_EPS
14180.0,ASTRA-SC-01,EPS,32.838120033924426,-16.677353706017982,7.967983904553772,39.9972155924729,1.0,ANOMALOUS,0.9999303898118225,0.045003758950161586,1.0,True,0.47038327526132406,805.0250039590653,255.0,STANDBY,True,ASTRA_SIMULATED_EPS
14190.0,ASTRA-SC-01,EPS,33.03332187338987,-16.76917065326943,8.01070578009285,39.9972155924729,1.0,ANOMALOUS,0.9999303898118225,0.045003758950161586,1.0,True,0.4721254355400697,804.752020973534,255.0,STANDBY,True,ASTRA_SIMULATED_EPS
14200.0,ASTRA-SC-01,EPS,32.963265354154935,-16.77837947794621,8.138256421312569,39.9972155924729,1.0,ANOMALOUS,0.9999303898118225,0.045003758950161586,1.0,True,0.4738675958188153,804.4862016980113,255.0,STANDBY,True,ASTRA_SIMULATED_EPS
14210.0,ASTRA-SC-01,EPS,32.751765612340506,-16.750324316508287,8.170024609338395,39.9972155924729,1.0,ANOMALOUS,0.9999303898118225,0.045003758950161586,1.0,True,0.47560975609756095,804.2268874194552,255.0,STANDBY,True,ASTRA_SIMULATED_EPS
14220.0,ASTRA-SC-01,EPS,32.84728562511908,-16.914266866109504,8.134230157192931,39.9972155924729,1.0,ANOMALOUS,0.9999303898118225,0.045003758950161586,1.0,True,0.47735191637630664,803.973478978943,255.0,STANDBY,True,ASTRA_SIMULATED_EPS
14230.0,ASTRA-SC-01,EPS,32.95197215207536,-16.741441416796103,8.208931667933406,39.9972155924729,1.0,ANOMALOUS,0.9999303898118225,0.045003758950161586,1.0,True,0.47909407665505227,803.7254318196391,255.0,STANDBY,True,ASTRA_SIMULATED_EPS
14240.0,ASTRA-SC-01,EPS,32.576725047278394,-16.817990650165015,8.178734653653693,39.9972155924729,1.0,ANOMALOUS,0.9999303898118225,0.045003758950161586,1.0,True,0.4808362369337979,803.4822514463551,255.0,STANDBY,True,ASTRA_SIMULATED_EPS
14250.0,ASTRA-SC-01,EPS,32.782899341556245,-16.768040770031508,8.27608232634607,39.9972155924729,1.0,ANOMALOUS,0.9999303898118225,0.045003758950161586,1.0,True,0.48257839721254353,803.2434892624086,255.0,STANDBY,True,ASTRA_SIMULATED_EPS
14260.0,ASTRA-SC-01,EPS,32.78832162967639,-16.675651170343432,8.473539853456575,39.9972155924729,1.0,ANOMALOUS,0.9999303898118225,0.045003758950161586,1.0,True,0.4843205574912892,803.0087387523298,255.0,STANDBY,True,ASTRA_SIMULATED_EPS
14270.0,ASTRA-SC-01,EPS,32.551536106423505,-16.598220805461136,8.461884688707078,39.9972155924729,1.0,ANOMALOUS,0.9999303898118225,0.045003758950161586,1.0,True,0.48606271777003485,802.7776319815935,255.0,STANDBY,True,ASTRA_SIMULATED_EPS
14280.0,ASTRA-SC-01,EPS,32.67170157260464,-16.675905565724893,8.434579336136906,39.9972155924729,1.0,ANOMALOUS,0.9999303898118225,0.045003758950161586,1.0,True,0.4878048780487805,802.5498363869441,255.0,STANDBY,True,ASTRA_SIMULATED_EPS
14290.0,ASTRA-SC-01,EPS,32.82991467878674,-16.553572180694655,8.531854747734993,39.9972155924729,1.0,ANOMALOUS,0.9999303898118225,0.045003758950161586,1.0,True,0.4895470383275261,802.3250518331024,255.0,STANDBY,True,ASTRA_SIMULATED_EPS
14300.0,ASTRA-SC-01,EPS,32.88286570492776,-16.71830258501323,8.471367404469918,39.9972155924729,1.0,ANOMALOUS,0.9999303898118225,0.045003758950161586,1.0,True,0.4912891986062718,802.1030079136311,255.0,STANDBY,True,ASTRA_SIMULATED_EPS
14310.0,ASTRA-SC-01,EPS,32.765261426926514,-16.56694370663542,8.513090324325796,39.9972155924729,1.0,ANOMALOUS,0.9999303898118225,0.045003758950161586,1.0,True,0.4930313588850174,801.8834614756172,255.0,STANDBY,True,ASTRA_SIMULATED_EPS
14320.0,ASTRA-SC-01,EPS,32.626413263329574,-16.655791129657164,8.58397744804947,39.9972155924729,1.0,ANOMALOUS,0.9999303898118225,0.045003758950161586,1.0,True,0.49477351916376305,801.6661943495029,255.0,STANDBY,True,ASTRA_SIMULATED_EPS
14330.0,ASTRA-SC-01,EPS,32.66946955537327,-16.697788949223114,8.60857408994904,39.9972155924729,1.0,ANOMALOUS,0.9999303898118225,0.045003758950161586,1.0,True,0.4965156794425087,801.4510112669639,255.0,STANDBY,True,ASTRA_SIMULATED_EPS
14340.0,ASTRA-SC-01,EPS,32.63968482484799,-16.591790863614527,8.655014857841913,39.9972155924729,1.0,ANOMALOUS,0.9999303898118225,0.045003758950161586,1.0,True,0.49825783972125437,801.2377379511526,255.0,STANDBY,True,ASTRA_SIMULATED_EPS
14350.0,ASTRA-SC-01,EPS,32.537388999592736,-16.703024798923675,8.800393433168495,39.9972155924729,1.0,ANOMALOUS,0.9999303898118225,0.045003758950161586,1.0,True,0.5,801.0262193649352,255.0,STANDBY,True,ASTRA_SIMULATED_EPS
14360.0,ASTRA-SC-01,EPS,32.76713881267118,-16.682012091347215,8.809310142840554,39.9972155924729,1.0,ANOMALOUS,0.9999303898118225,0.045003758950161586,1.0,True,0.5017421602787456,800.8163181039463,255.0,STANDBY,True,ASTRA_SIMULATED_EPS
14370.0,ASTRA-SC-01,EPS,32.513140662682815,-16.591059832340825,8.869445042000343,39.9972155924729,1.0,ANOMALOUS,0.9999303898118225,0.045003758950161586,1.0,True,0.5034843205574913,800.6079129223855,255.0,STANDBY,True,ASTRA_SIMULATED_EPS
14380.0,ASTRA-SC-01,EPS,32.73230489760068,-16.53970411270369,8.836964423379138,39.9972155924729,1.0,ANOMALOUS,0.9999303898118225,0.045003758950161586,1.0,True,0.5052264808362369,800.4008973804844,255.0,STANDBY,True,ASTRA_SIMULATED_EPS
14390.0,ASTRA-SC-01,EPS,32.984403031001015,-16.60848361562701,8.919462694226988,39.9972155924729,1.0,ANOMALOUS,0.9999303898118225,0.045003758950161586,1.0,True,0.5069686411149826,800.195178603498,255.0,STANDBY,True,ASTRA_SIMULATED_EPS
14400.0,ASTRA-SC-01,EPS,32.796169017499075,-16.62530899227376,9.040141027680523,39.9972155924729,1.0,ANOMALOUS,0.9999303898118225,0.045003758950161586,1.0,True,0.5087108013937283,799.9906761429185,255.0,STANDBY,True,ASTRA_SIMULATED_EPS
14410.0,ASTRA-SC-01,EPS,32.62285517383347,-16.6767997506505,9.073664355776973,39.9972155924729,1.0,ANOMALOUS,0.9999303898118225,0.045003758950161586,1.0,True,0.5104529616724739,799.7873209313884,255.0,STANDBY,True,ASTRA_SIMULATED_EPS
14420.0,ASTRA-SC-01,EPS,32.70176081685268,-16.524231804948204,9.14942941242822,39.9972155924729,1.0,ANOMALOUS,0.9999303898118225,0.045003758950161586,1.0,True,0.5121951219512195,799.5850543234942,255.0,STANDBY,True,ASTRA_SIMULATED_EPS
14430.0,ASTRA-SC-01,EPS,32.73353309260593,-16.537408480935152,9.049267778909318,39.9972155924729,1.0,ANOMALOUS,0.9999303898118225,0.045003758950161586,1.0,True,0.5139372822299652,799.3838272152822,255.0,STANDBY,True,ASTRA_SIMULATED_EPS
14440.0,ASTRA-SC-01,EPS,32.923199997299754,-16.57371416006968,9.172985767370122,39.9972155924729,1.0,ANOMALOUS,0.9999303898118225,0.045003758950161586,1.0,True,0.5156794425087108,799.1835992359294,255.0,STANDBY,True,ASTRA_SIMULATED_EPS
14450.0,ASTRA-SC-01,EPS,32.69355359205022,-16.731231857598235,9.216764899557823,39.9972155924729,1.0,ANOMALOUS,0.9999303898118225,0.045003758950161586,1.0,True,0.5174216027874564,798.984338005552,255.0,STANDBY,True,ASTRA_SIMULATED_EPS
14460.0,ASTRA-SC-01,EPS,32.46103308743954,-16.607026905420657,9.280817116851338,39.9972155924729,1.0,ANOMALOUS,0.9999303898118225,0.045003758950161586,1.0,True,0.519163763066202,798.7860184536358,255.0,STANDBY,True,ASTRA_SIMULATED_EPS
14470.0,ASTRA-SC-01,EPS,32.8308957206081,-16.401922642536352,9.327056793096801,39.9972155924729,1.0,ANOMALOUS,0.9999303898118225,0.045003758950161586,1.0,True,0.5209059233449478,798.5886221930358,255.0,STANDBY,True,ASTRA_SIMULATED_EPS
14480.0,ASTRA-SC-01,EPS,32.69218739887586,-16.564725291417822,9.315363996779327,39.9972155924729,1.0,ANOMALOUS,0.9999303898118225,0.045003758950161586,1.0,True,0.5226480836236934,798.392136944907,255.0,STANDBY,True,ASTRA_SIMULATED_EPS
14490.0,ASTRA-SC-01,EPS,32.53995226095812,-16.643733926993246,9.331513866472527,39.9972155924729,1.0,ANOMALOUS,0.9999303898118225,0.045003758950161586,1.0,True,0.524390243902439,798.1965560103256,255.0,STANDBY,True,ASTRA_SIMULATED_EPS
14500.0,ASTRA-SC-01,EPS,32.46549026802998,-16.551057232198392,9.388806181157381,39.9972155924729,1.0,ANOMALOUS,0.9999303898118225,0.045003758950161586,1.0,True,0.5261324041811847,798.001877784705,255.0,STANDBY,True,ASTRA_SIMULATED_EPS
14510.0,ASTRA-SC-01,EPS,32.5250746822322,-16.513849922930252,9.478650051228898,39.9972155924729,1.0,ANOMALOUS,0.9999303898118225,0.045003758950161586,1.0,True,0.5278745644599303,797.8081053114404,255.0,STANDBY,True,ASTRA_SIMULATED_EPS
14520.0,ASTRA-SC-01,EPS,32.83665738400581,-16.57186460983205,9.513914237811308,39.9972155924729,1.0,ANOMALOUS,0.9999303898118225,0.045003758950161586,1.0,True,0.5296167247386759,797.6152458715125,255.0,STANDBY,True,ASTRA_SIMULATED_EPS
14530.0,ASTRA-SC-01,EPS,32.91097849434596,-16.510630888598797,9.484486605354725,39.9972155924729,1.0,ANOMALOUS,0.9999303898118225,0.045003758950161586,1.0,True,0.5313588850174216,797.4233106060565,255.0,STANDBY,True,ASTRA_SIMULATED_EPS
14540.0,ASTRA-SC-01,EPS,32.844785985420025,-16.426968888620188,9.537150519031547,39.9972155924729,1.0,ANOMALOUS,0.9999303898118225,0.045003758950161586,1.0,True,0.5331010452961672,797.2323141691475,255.0,STANDBY,True,ASTRA_SIMULATED_EPS
14550.0,ASTRA-SC-01,EPS,33.14348022116033,-16.572030268858466,9.609757037370581,39.9972155924729,1.0,ANOMALOUS,0.9999303898118225,0.045003758950161586,1.0,True,0.5348432055749129,797.0422744082889,255.0,STANDBY,True,ASTRA_SIMULATED_EPS
14560.0,ASTRA-SC-01,EPS,32.68913846959737,-16.50064635966726,9.562070570907272,39.9972155924729,1.0,ANOMALOUS,0.9999303898118225,0.045003758950161586,1.0,True,0.5365853658536586,796.8532120702944,255.0,STANDBY,True,ASTRA_SIMULATED_EPS
14570.0,ASTRA-SC-01,EPS,32.70987485705408,-16.610111057458695,9.69688408851888,39.9972155924729,1.0,ANOMALOUS,0.9999303898118225,0.045003758950161586,1.0,True,0.5383275261324042,796.6651505304561,255.0,STANDBY,True,ASTRA_SIMULATED_EPS
14580.0,ASTRA-SC-01,EPS,32.962510620343316,-16.452215177657834,9.612360557291657,39.9972155924729,1.0,ANOMALOUS,0.9999303898118225,0.045003758950161586,1.0,True,0.5400696864111498,796.4781155430534,255.0,STANDBY,True,ASTRA_SIMULATED_EPS
14590.0,ASTRA-SC-01,EPS,33.13431763607865,-16.47725723569738,9.732836052242394,39.9972155924729,1.0,ANOMALOUS,0.9999303898118225,0.045003758950161586,1.0,True,0.5418118466898955,796.2921350114381,255.0,STANDBY,True,ASTRA_SIMULATED_EPS
14600.0,ASTRA-SC-01,EPS,32.825192602265574,-16.482047252945023,9.778927477394754,39.9972155924729,1.0,ANOMALOUS,0.9999303898118225,0.045003758950161586,1.0,True,0.5435540069686411,796.107238776063,255.0,STANDBY,True,ASTRA_SIMULATED_EPS
14610.0,ASTRA-SC-01,EPS,32.831881825453074,-16.544987564562987,9.832552427172518,39.9972155924729,1.0,ANOMALOUS,0.9999303898118225,0.045003758950161586,1.0,True,0.5452961672473867,795.9234584189637,255.0,STANDBY,True,ASTRA_SIMULATED_EPS
14620.0,ASTRA-SC-01,EPS,32.68687624847348,-16.61155087254796,9.900454962246304,39.9972155924729,1.0,ANOMALOUS,0.9999303898118225,0.045003758950161586,1.0,True,0.5470383275261324,795.7408270833347,255.0,STANDBY,True,ASTRA_SIMULATED_EPS
14630.0,ASTRA-SC-01,EPS,32.89541146303992,-16.435755521834118,9.974444299664002,39.9972155924729,1.0,ANOMALOUS,0.9999303898118225,0.045003758950161586,1.0,True,0.5487804878048781,795.5593793069397,255.0,STANDBY,True,ASTRA_SIMULATED_EPS
14640.0,ASTRA-SC-01,EPS,32.85261489366732,-16.52181102644214,10.015608702155047,39.9972155924729,1.0,ANOMALOUS,0.9999303898118225,0.045003758950161586,1.0,True,0.5505226480836237,795.3791508682189,255.0,STANDBY,True,ASTRA_SIMULATED_EPS
14650.0,ASTRA-SC-01,EPS,32.57679505988128,-16.548479643793453,9.965485837338504,39.9972155924729,1.0,ANOMALOUS,0.9999303898118225,0.045003758950161586,1.0,True,0.5522648083623694,795.2001786440354,255.0,STANDBY,True,ASTRA_SIMULATED_EPS
14660.0,ASTRA-SC-01,EPS,32.97655010502589,-16.382063625546504,10.07802458051949,39.9972155924729,1.0,ANOMALOUS,0.9999303898118225,0.045003758950161586,1.0,True,0.554006968641115,795.0225004781056,255.0,STANDBY,True,ASTRA_SIMULATED_EPS
14670.0,ASTRA-SC-01,EPS,32.97521742836319,-16.535770325610397,10.110945983143843,39.9972155924729,1.0,ANOMALOUS,0.9999303898118225,0.045003758950161586,1.0,True,0.5557491289198606,794.8461550592256,255.0,STANDBY,True,ASTRA_SIMULATED_EPS
14680.0,ASTRA-SC-01,EPS,32.77889576830108,-16.3797725923354,10.127505638917448,39.9972155924729,1.0,ANOMALOUS,0.9999303898118225,0.045003758950161586,1.0,True,0.5574912891986062,794.6711818084899,255.0,STANDBY,True,ASTRA_SIMULATED_EPS
14690.0,ASTRA-SC-01,EPS,32.73629448613593,-16.401197138945566,10.216719930636499,39.9972155924729,1.0,ANOMALOUS,0.9999303898118225,0.045003758950161586,1.0,True,0.5592334494773519,794.4976207747653,255.0,STANDBY,True,ASTRA_SIMULATED_EPS
14700.0,ASTRA-SC-01,EPS,32.68981732174473,-16.448466507741518,10.159528343335449,39.9972155924729,1.0,ANOMALOUS,0.9999303898118225,0.045003758950161586,1.0,True,0.5609756097560976,794.3255125377327,255.0,STANDBY,True,ASTRA_SIMULATED_EPS
14710.0,ASTRA-SC-01,EPS,32.38974919445029,-16.42045998677776,10.282329108496885,39.9972155924729,1.0,ANOMALOUS,0.9999303898118225,0.045003758950161586,1.0,True,0.5627177700348432,794.1548981178892,255.0,STANDBY,True,ASTRA_SIMULATED_EPS
14720.0,ASTRA-SC-01,EPS,32.84240220737642,-16.602714487341807,10.273669678938505,39.9972155924729,1.0,ANOMALOUS,0.9999303898118225,0.045003758950161586,1.0,True,0.5644599303135889,793.9858188929304,255.0,STANDBY,True,ASTRA_SIMULATED_EPS
14730.0,ASTRA-SC-01,EPS,32.43562136030199,-16.30832264873186,10.276132855601912,39.9972155924729,1.0,ANOMALOUS,0.9999303898118225,0.045003758950161586,1.0,True,0.5662020905923345,793.8183165200005,255.0,STANDBY,True,ASTRA_SIMULATED_EPS
14740.0,ASTRA-SC-01,EPS,33.00530657951827,-16.340221037677054,10.324524905521791,39.9972155924729,1.0,ANOMALOUS,0.9999303898118225,0.045003758950161586,1.0,True,0.5679442508710801,793.6524328633276,255.0,STANDBY,True,ASTRA_SIMULATED_EPS
14750.0,ASTRA-SC-01,EPS,32.61365053265398,-16.38709872141735,10.366352742827711,39.9972155924729,1.0,ANOMALOUS,0.9999303898118225,0.045003758950161586,1.0,True,0.5696864111498258,793.4882099268118,255.0,STANDBY,True,ASTRA_SIMULATED_EPS
14760.0,ASTRA-SC-01,EPS,32.81623118771236,-16.45469336996208,10.358421506777752,39.9972155924729,1.0,ANOMALOUS,0.9999303898118225,0.045003758950161586,1.0,True,0.5714285714285714,793.3256897911648,255.0,STANDBY,True,ASTRA_SIMULATED_EPS
14770.0,ASTRA-SC-01,EPS,32.43363366958034,-16.388024724812887,10.458208261711166,39.9972155924729,1.0,ANOMALOUS,0.9999303898118225,0.045003758950161586,1.0,True,0.573170731707317,793.1649145552311,255.0,STANDBY,True,ASTRA_SIMULATED_EPS
14780.0,ASTRA-SC-01,EPS,32.708718863433496,-16.342357484551812,10.583661499795246,39.9972155924729,1.0,ANOMALOUS,0.9999303898118225,0.045003758950161586,1.0,True,0.5749128919860628,793.0059262811645,255.0,STANDBY,True,ASTRA_SIMULATED_EPS
14790.0,ASTRA-SC-01,EPS,32.754727450750934,-16.42774510763615,10.588596565923416,39.9972155924729,1.0,ANOMALOUS,0.9999303898118225,0.045003758950161586,1.0,True,0.5766550522648084,792.8487669431428,255.0,STANDBY,True,ASTRA_SIMULATED_EPS
14800.0,ASTRA-SC-01,EPS,32.57689047435584,-16.373974806275218,10.629680807754115,39.9972155924729,1.0,ANOMALOUS,0.9999303898118225,0.045003758950161586,1.0,True,0.578397212543554,792.6934783793474,255.0,STANDBY,True,ASTRA_SIMULATED_EPS
14810.0,ASTRA-SC-01,EPS,32.910979794669075,-16.557093666267388,10.602413181648124,39.9972155924729,1.0,ANOMALOUS,0.9999303898118225,0.045003758950161586,1.0,True,0.5801393728222997,792.5401022469467,255.0,STANDBY,True,ASTRA_SIMULATED_EPS
14820.0,ASTRA-SC-01,EPS,32.655391355280095,-16.375406721791727,10.702810224939935,39.9972155924729,1.0,ANOMALOUS,0.9999303898118225,0.045003758950161586,1.0,True,0.5818815331010453,792.3886799798496,255.0,STANDBY,True,ASTRA_SIMULATED_EPS
14830.0,ASTRA-SC-01,EPS,33.04488019545827,-16.422544496903196,10.692084309713536,39.9972155924729,1.0,ANOMALOUS,0.9999303898118225,0.045003758950161586,1.0,True,0.5836236933797909,792.2392527490144,255.0,STANDBY,True,ASTRA_SIMULATED_EPS
14840.0,ASTRA-SC-01,EPS,32.98796689906298,-16.349274255176603,10.818433609029384,39.9972155924729,1.0,ANOMALOUS,0.9999303898118225,0.045003758950161586,1.0,True,0.5853658536585366,792.0918614251127,255.0,STANDBY,True,ASTRA_SIMULATED_EPS
14850.0,ASTRA-SC-01,EPS,32.846774559867455,-16.47110812752995,10.726381146308508,39.9972155924729,1.0,ANOMALOUS,0.9999303898118225,0.045003758950161586,1.0,True,0.5871080139372822,791.9465465433717,255.0,STANDBY,True,ASTRA_SIMULATED_EPS
14860.0,ASTRA-SC-01,EPS,32.544980458336035,-16.308756382257915,10.890352638364291,39.9972155924729,1.0,ANOMALOUS,0.9999303898118225,0.045003758950161586,1.0,True,0.5888501742160279,791.8033482704302,255.0,STANDBY,True,ASTRA_SIMULATED_EPS
14870.0,ASTRA-SC-01,EPS,33.10271406375236,-16.288753280915657,10.926848931960796,39.9972155924729,1.0,ANOMALOUS,0.9999303898118225,0.045003758950161586,1.0,True,0.5905923344947736,791.6623063730533,255.0,STANDBY,True,ASTRA_SIMULATED_EPS
14880.0,ASTRA-SC-01,EPS,32.704302990571726,-16.4580734757911,10.948894417696701,39.9972155924729,1.0,ANOMALOUS,0.9999303898118225,0.045003758950161586,1.0,True,0.5923344947735192,791.5234601885717,255.0,STANDBY,True,ASTRA_SIMULATED_EPS
14890.0,ASTRA-SC-01,EPS,32.86792243906784,-16.344222060379423,10.963341983904604,39.9972155924729,1.0,ANOMALOUS,0.9999303898118225,0.045003758950161586,1.0,True,0.5940766550522648,791.3868485969197,255.0,STANDBY,True,ASTRA_SIMULATED_EPS
14900.0,ASTRA-SC-01,EPS,32.852425486928084,-16.238081427446815,11.046205426687475,39.9972155924729,1.0,ANOMALOUS,0.9999303898118225,0.045003758950161586,1.0,True,0.5958188153310104,791.2525099941531,255.0,STANDBY,True,ASTRA_SIMULATED_EPS
14910.0,ASTRA-SC-01,EPS,32.88867456897179,-16.272069650938707,11.044542058674674,39.9972155924729,1.0,ANOMALOUS,0.9999303898118225,0.045003758950161586,1.0,True,0.5975609756097561,791.1204822673451,255.0,STANDBY,True,ASTRA_SIMULATED_EPS
14920.0,ASTRA-SC-01,EPS,32.72379349063654,-16.275870266256405,10.98639727379433,39.9972155924729,1.0,ANOMALOUS,0.9999303898118225,0.045003758950161586,1.0,True,0.5993031358885017,790.9908027707629,255.0,STANDBY,True,ASTRA_SIMULATED_EPS
14930.0,ASTRA-SC-01,EPS,32.97225917785552,-16.44113972604725,11.107595866171065,39.9972155924729,1.0,ANOMALOUS,0.9999303898118225,0.045003758950161586,1.0,True,0.6010452961672473,790.8635083032362,255.0,STANDBY,True,ASTRA_SIMULATED_EPS
14940.0,ASTRA-SC-01,EPS,32.66082118334341,-16.285820190656228,11.128693958663384,39.9972155924729,1.0,ANOMALOUS,0.9999303898118225,0.045003758950161586,1.0,True,0.6027874564459931,790.7386350866386,255.0,STANDBY,True,ASTRA_SIMULATED_EPS
14950.0,ASTRA-SC-01,EPS,32.53788861423043,-16.293595811798934,11.13847980719825,39.9972155924729,1.0,ANOMALOUS,0.9999303898118225,0.045003758950161586,1.0,True,0.6045296167247387,790.6162187454055,255.0,STANDBY,True,ASTRA_SIMULATED_EPS
14960.0,ASTRA-SC-01,EPS,32.94392952295094,-16.32627839431488,11.22403389305318,39.9972155924729,1.0,ANOMALOUS,0.9999303898118225,0.045003758950161586,1.0,True,0.6062717770034843,790.4962942870288,255.0,STANDBY,True,ASTRA_SIMULATED_EPS
14970.0,ASTRA-SC-01,EPS,32.64238544762002,-16.373858428000055,11.218119544395302,39.9972155924729,1.0,ANOMALOUS,0.9999303898118225,0.045003758950161586,1.0,True,0.60801393728223,790.3788960834564,255.0,STANDBY,True,ASTRA_SIMULATED_EPS
14980.0,ASTRA-SC-01,EPS,32.93992073787774,-16.174057646104455,11.237483418010012,39.9972155924729,1.0,ANOMALOUS,0.9999303898118225,0.045003758950161586,1.0,True,0.6097560975609756,790.2640578533509,255.0,STANDBY,True,ASTRA_SIMULATED_EPS
14990.0,ASTRA-SC-01,EPS,32.9760239928135,-16.50374005148118,11.254625223527615,39.9972155924729,1.0,ANOMALOUS,0.9999303898118225,0.045003758950161586,1.0,True,0.6114982578397212,790.1518126451509,255.0,STANDBY,True,ASTRA_SIMULATED_EPS
15000.0,ASTRA-SC-01,EPS,32.64218709288995,-16.429625302329352,11.271650381576631,39.9972155924729,1.0,ANOMALOUS,0.9999303898118225,0.045003758950161586,1.0,True,0.6132404181184669,790.0421928208896,255.0,STANDBY,True,ASTRA_SIMULATED_EPS
15010.0,ASTRA-SC-01,EPS,32.86715463056076,-16.327814120107266,11.406197858143424,39.9972155924729,1.0,ANOMALOUS,0.9999303898118225,0.045003758950161586,1.0,True,0.6149825783972126,789.9352300407285,255.0,STANDBY,True,ASTRA_SIMULATED_EPS
15020.0,ASTRA-SC-01,EPS,32.912659530363534,-16.28312417625257,11.456416473501983,39.9972155924729,1.0,ANOMALOUS,0.9999303898118225,0.045003758950161586,1.0,True,0.6167247386759582,789.8309552481708,255.0,STANDBY,True,ASTRA_SIMULATED_EPS
15030.0,ASTRA-SC-01,EPS,32.78802090371308,-16.4057046697881,11.512622948229653,39.9972155924729,1.0,ANOMALOUS,0.9999303898118225,0.045003758950161586,1.0,True,0.6184668989547039,789.7293986559121,255.0,STANDBY,True,ASTRA_SIMULATED_EPS
15040.0,ASTRA-SC-01,EPS,32.70281130527224,-16.38092842307108,11.486943726093891,39.9972155924729,1.0,ANOMALOUS,0.9999303898118225,0.045003758950161586,1.0,True,0.6202090592334495,789.6305897323042,255.0,STANDBY,True,ASTRA_SIMULATED_EPS
15050.0,ASTRA-SC-01,EPS,32.649725636536694,-16.33317308917144,11.54905341030926,39.9972155924729,1.0,ANOMALOUS,0.9999303898118225,0.045003758950161586,1.0,True,0.6219512195121951,789.5345571883989,255.0,STANDBY,True,ASTRA_SIMULATED_EPS
15060.0,ASTRA-SC-01,EPS,32.856551040406195,-16.37186549393321,11.543380510345699,39.9972155924729,1.0,ANOMALOUS,0.9999303898118225,0.045003758950161586,1.0,True,0.6236933797909407,789.4413289655449,255.0,STANDBY,True,ASTRA_SIMULATED_EPS
15070.0,ASTRA-SC-01,EPS,32.97561151709006,-16.248555606698645,11.707338322216582,39.9972155924729,1.0,ANOMALOUS,0.9999303898118225,0.045003758950161586,1.0,True,0.6254355400696864,789.3509322235165,255.0,STANDBY,True,ASTRA_SIMULATED_EPS
15080.0,ASTRA-SC-01,EPS,32.99296162010924,-16.189886843704986,11.569915415872366,39.9972155924729,1.0,ANOMALOUS,0.9999303898118225,0.045003758950161586,1.0,True,0.627177700348432,789.2633933291494,255.0,STANDBY,True,ASTRA_SIMULATED_EPS
15090.0,ASTRA-SC-01,EPS,32.924694896137225,-16.290813212321904,11.64738826296919,39.9972155924729,1.0,ANOMALOUS,0.9999303898118225,0.045003758950161586,1.0,True,0.6289198606271778,789.1787378454659,255.0,STANDBY,True,ASTRA_SIMULATED_EPS
15100.0,ASTRA-SC-01,EPS,32.82697803035432,-16.202046883436168,11.735512433087923,39.9972155924729,1.0,ANOMALOUS,0.9999303898118225,0.045003758950161586,1.0,True,0.6306620209059234,789.096990521269,255.0,STANDBY,True,ASTRA_SIMULATED_EPS
15110.0,ASTRA-SC-01,EPS,32.655356824983386,-16.21717446661525,11.71403022082448,39.9972155924729,1.0,ANOMALOUS,0.9999303898118225,0.045003758950161586,1.0,True,0.632404181184669,789.0181752811928,255.0,STANDBY,True,ASTRA_SIMULATED_EPS
15120.0,ASTRA-SC-01,EPS,32.834959405852366,-16.3052229504586,11.77031052641369,39.9972155924729,1.0,ANOMALOUS,0.9999303898118225,0.045003758950161586,1.0,True,0.6341463414634146,788.9423152161905,255.0,STANDBY,True,ASTRA_SIMULATED_EPS
15130.0,ASTRA-SC-01,EPS,32.92508563951163,-16.366648985358015,11.913763582476982,39.9972155924729,1.0,ANOMALOUS,0.9999303898118225,0.045003758950161586,1.0,True,0.6358885017421603,788.8694325744489,255.0,STANDBY,True,ASTRA_SIMULATED_EPS
15140.0,ASTRA-SC-01,EPS,32.50077112776881,-16.326284823047796,11.870170413050188,39.9972155924729,1.0,ANOMALOUS,0.9999303898118225,0.045003758950161586,1.0,True,0.6376306620209059,788.7995487527141,255.0,STANDBY,True,ASTRA_SIMULATED_EPS
15150.0,ASTRA-SC-01,EPS,32.895249838856174,-16.28130109611957,11.883852523886882,39.9972155924729,1.0,ANOMALOUS,0.9999303898118225,0.045003758950161586,1.0,True,0.6393728222996515,788.7326842880257,255.0,STANDBY,True,ASTRA_SIMULATED_EPS
15160.0,ASTRA-SC-01,EPS,32.866753029996225,-16.290631400315135,11.991349863109606,39.9972155924729,1.0,ANOMALOUS,0.9999303898118225,0.045003758950161586,1.0,True,0.6411149825783972,788.668858849835,255.0,STANDBY,True,ASTRA_SIMULATED_EPS
15170.0,ASTRA-SC-01,EPS,32.937074835791634,-16.193461808938224,11.908258455243773,39.9972155924729,1.0,ANOMALOUS,0.9999303898118225,0.045003758950161586,1.0,True,0.6428571428571429,788.6080912325145,255.0,STANDBY,True,ASTRA_SIMULATED_EPS
15180.0,ASTRA-SC-01,EPS,32.78640452542646,-16.293006961323016,11.941068712517387,39.9972155924729,1.0,ANOMALOUS,0.9999303898118225,0.045003758950161586,1.0,True,0.6445993031358885,788.5503993482388,255.0,STANDBY,True,ASTRA_SIMULATED_EPS
15190.0,ASTRA-SC-01,EPS,32.858489887280925,-16.311814846848268,12.058808709377567,39.9972155924729,1.0,ANOMALOUS,0.9999303898118225,0.045003758950161586,1.0,True,0.6463414634146342,788.4958002202322,255.0,STANDBY,True,ASTRA_SIMULATED_EPS
15200.0,ASTRA-SC-01,EPS,32.62391566423511,-16.115445506756306,12.015819115574425,39.9972155924729,1.0,ANOMALOUS,0.9999303898118225,0.045003758950161586,1.0,True,0.6480836236933798,788.444309976382,255.0,STANDBY,True,ASTRA_SIMULATED_EPS
15210.0,ASTRA-SC-01,EPS,32.83538895009775,-21.052830716209765,12.066608698331343,39.9972155924729,1.0,NOMINAL,0.9999303898118225,0.045003758950161586,1.0,True,0.6498257839721254,788.3959438432016,95.0,STANDBY,False,ASTRA_SIMULATED_EPS
15220.0,ASTRA-SC-01,EPS,32.939226400795754,-21.275177740420606,12.202159562880901,39.9972155924729,1.0,NOMINAL,0.9999303898118225,0.045003758950161586,1.0,True,0.6515679442508711,788.350716140149,95.0,STANDBY,False,ASTRA_SIMULATED_EPS
15230.0,ASTRA-SC-01,EPS,32.80174443709364,-21.203846017942148,12.148915779492611,39.9972155924729,1.0,NOMINAL,0.9999303898118225,0.045003758950161586,1.0,True,0.6533101045296167,788.3086402742844,95.0,STANDBY,False,ASTRA_SIMULATED_EPS
15240.0,ASTRA-SC-01,EPS,32.9320844288756,-21.201332790546903,12.160636650661205,39.9972155924729,1.0,NOMINAL,0.9999303898118225,0.045003758950161586,1.0,True,0.6550522648083623,788.2697287352728,95.0,STANDBY,False,ASTRA_SIMULATED_EPS
15250.0,ASTRA-SC-01,EPS,32.763092634412615,-21.265817419463676,12.32327011843575,39.9972155924729,1.0,NOMINAL,0.9999303898118225,0.045003758950161586,1.0,True,0.6567944250871081,788.2339930907215,95.0,STANDBY,False,ASTRA_SIMULATED_EPS
15260.0,ASTRA-SC-01,EPS,32.7065369166509,-21.04252414532576,12.276763779426277,39.9972155924729,1.0,NOMINAL,0.9999303898118225,0.045003758950161586,1.0,True,0.6585365853658537,788.2014439818471,95.0,STANDBY,False,ASTRA_SIMULATED_EPS
15270.0,ASTRA-SC-01,EPS,32.63796324957606,-21.13432558754302,12.339446973475441,39.9972155924729,1.0,NOMINAL,0.9999303898118225,0.045003758950161586,1.0,True,0.6602787456445993,788.1720911194788,95.0,STANDBY,False,ASTRA_SIMULATED_EPS
15280.0,ASTRA-SC-01,EPS,32.768549681629096,-21.000834320621262,12.385188612590303,39.9972155924729,1.0,NOMINAL,0.9999303898118225,0.045003758950161586,1.0,True,0.662020905923345,788.1459432803806,95.0,STANDBY,False,ASTRA_SIMULATED_EPS
15290.0,ASTRA-SC-01,EPS,32.95012338807085,-21.183036145658917,12.3138964196476,39.9972155924729,1.0,NOMINAL,0.9999303898118225,0.045003758950161586,1.0,True,0.6637630662020906,788.1230083039032,95.0,STANDBY,False,ASTRA_SIMULATED_EPS
15300.0,ASTRA-SC-01,EPS,32.698797398246796,-21.109853452389675,12.428863508267861,39.9972155924729,1.0,NOMINAL,0.9999303898118225,0.045003758950161586,1.0,True,0.6655052264808362,788.1032930889534,95.0,STANDBY,False,ASTRA_SIMULATED_EPS
15310.0,ASTRA-SC-01,EPS,32.44329254215146,-21.131964083634113,12.443074436063826,39.9972155924729,1.0,NOMINAL,0.9999303898118225,0.045003758950161586,1.0,True,0.6672473867595818,788.0868035912847,95.0,STANDBY,False,ASTRA_SIMULATED_EPS
15320.0,ASTRA-SC-01,EPS,32.75390753968298,-20.987778351823753,12.489765191910749,39.9972155924729,1.0,NOMINAL,0.9999303898118225,0.045003758950161586,1.0,True,0.6689895470383276,788.0735448211038,95.0,STANDBY,False,ASTRA_SIMULATED_EPS
15330.0,ASTRA-SC-01,EPS,33.014291697951045,-21.154252878691523,12.54896692632169,39.9972155924729,1.0,NOMINAL,0.9999303898118225,0.045003758950161586,1.0,True,0.6707317073170732,788.0635208409917,95.0,STANDBY,False,ASTRA_SIMULATED_EPS
15340.0,ASTRA-SC-01,EPS,33.067570178087145,-20.985009704900065,12.48081372388705,39.9972155924729,1.0,NOMINAL,0.9999303898118225,0.045003758950161586,1.0,True,0.6724738675958188,788.0567347641402,95.0,STANDBY,False,ASTRA_SIMULATED_EPS
15350.0,ASTRA-SC-01,EPS,32.75782185226121,-21.168234000188576,12.59312240816948,39.9972155924729,1.0,NOMINAL,0.9999303898118225,0.045003758950161586,1.0,True,0.6742160278745645,788.0531887528975,95.0,STANDBY,False,ASTRA_SIMULATED_EPS
15360.0,ASTRA-SC-01,EPS,32.91198400470763,-21.2228557724036,12.60520184796107,39.9972155924729,1.0,NOMINAL,0.9999303898118225,0.045003758950161586,1.0,True,0.6759581881533101,788.0528840176264,95.0,STANDBY,False,ASTRA_SIMULATED_EPS
15370.0,ASTRA-SC-01,EPS,32.46816173332238,-20.9705696088955,12.60925305043868,39.9972155924729,1.0,NOMINAL,0.9999303898118225,0.045003758950161586,1.0,True,0.6777003484320557,788.0558208158689,95.0,STANDBY,False,ASTRA_SIMULATED_EPS
15380.0,ASTRA-SC-01,EPS,32.8085855236349,-21.164573267969562,12.725146816523258,39.9972155924729,1.0,NOMINAL,0.9999303898118225,0.045003758950161586,1.0,True,0.6794425087108014,788.0619984518195,95.0,STANDBY,False,ASTRA_SIMULATED_EPS
15390.0,ASTRA-SC-01,EPS,32.33408111404124,-21.13243513440278,12.695440245396975,39.9972155924729,1.0,NOMINAL,0.9999303898118225,0.045003758950161586,1.0,True,0.681184668989547,788.0714152761054,95.0,STANDBY,False,ASTRA_SIMULATED_EPS
15400.0,ASTRA-SC-01,EPS,32.72502893730041,-20.93996748080247,12.689162760507013,39.9972155924729,1.0,NOMINAL,0.9999303898118225,0.045003758950161586,1.0,True,0.6829268292682927,788.0840686858689,95.0,STANDBY,False,ASTRA_SIMULATED_EPS
15410.0,ASTRA-SC-01,EPS,32.925996348676435,-21.092045298370824,12.82931578478738,39.9972155924729,1.0,NOMINAL,0.9999303898118225,0.045003758950161586,1.0,True,0.6846689895470384,788.0999551251555,95.0,STANDBY,False,ASTRA_SIMULATED_EPS
15420.0,ASTRA-SC-01,EPS,32.690006909995425,-21.21316058834113,12.853666678008711,39.9972155924729,1.0,NOMINAL,0.9999303898118225,0.045003758950161586,1.0,True,0.686411149825784,788.1190700856039,95.0,STANDBY,False,ASTRA_SIMULATED_EPS
15430.0,ASTRA-SC-01,EPS,32.86917546802634,-21.303699530112077,12.804434296757984,39.9972155924729,1.0,NOMINAL,0.9999303898118225,0.045003758950161586,1.0,True,0.6881533101045296,788.1414081074367,95.0,STANDBY,False,ASTRA_SIMULATED_EPS
15440.0,ASTRA-SC-01,EPS,32.86278964083492,-21.04079692040337,12.829887616028216,39.9972155924729,1.0,NOMINAL,0.9999303898118225,0.045003758950161586,1.0,True,0.6898954703832753,788.1669627807524,95.0,STANDBY,False,ASTRA_SIMULATED_EPS
15450.0,ASTRA-SC-01,EPS,32.32149440913974,-21.076481077931543,12.835196183127497,39.9972155924729,1.0,NOMINAL,0.9999303898118225,0.045003758950161586,1.0,True,0.6916376306620209,788.1957267471128,95.0,STANDBY,False,ASTRA_SIMULATED_EPS
15460.0,ASTRA-SC-01,EPS,32.468586245448904,-21.4488345541122,12.96918802805425,39.9972155924729,1.0,NOMINAL,0.9999303898118225,0.045003758950161586,1.0,True,0.6933797909407665,788.2276917014324,95.0,STANDBY,False,ASTRA_SIMULATED_EPS
15470.0,ASTRA-SC-01,EPS,32.82051688983611,-21.16140976594748,13.030130899232383,39.9972155924729,1.0,NOMINAL,0.9999303898118225,0.045003758950161586,1.0,True,0.6951219512195121,788.2628483941618,95.0,STANDBY,False,ASTRA_SIMULATED_EPS
15480.0,ASTRA-SC-01,EPS,32.90394341090455,-20.958697458455497,12.923147761659669,39.9972155924729,1.0,NOMINAL,0.9999303898118225,0.045003758950161586,1.0,True,0.6968641114982579,788.3011866337653,95.0,STANDBY,False,ASTRA_SIMULATED_EPS
15490.0,ASTRA-SC-01,EPS,32.79375779556661,-21.31782904802434,13.01333465991453,39.9972155924729,1.0,NOMINAL,0.9999303898118225,0.045003758950161586,1.0,True,0.6986062717770035,788.3426952894944,95.0,STANDBY,False,ASTRA_SIMULATED_EPS
15500.0,ASTRA-SC-01,EPS,32.758651714386914,-21.070863000854573,13.059015827160378,39.9972155924729,1.0,NOMINAL,0.9999303898118225,0.045003758950161586,1.0,True,0.7003484320557491,788.3873622944528,95.0,STANDBY,False,ASTRA_SIMULATED_EPS
15510.0,ASTRA-SC-01,EPS,32.901660973649314,-21.063810811710383,13.196332766617498,39.9972155924729,1.0,NOMINAL,0.9999303898118225,0.045003758950161586,1.0,True,0.7020905923344948,788.4351746489517,95.0,STANDBY,False,ASTRA_SIMULATED_EPS
15520.0,ASTRA-SC-01,EPS,32.74771625497897,-21.24742722223762,13.1326542832935,39.9972155924729,1.0,NOMINAL,0.9999303898118225,0.045003758950161586,1.0,True,0.7038327526132404,788.486118424157,95.0,STANDBY,False,ASTRA_SIMULATED_EPS
15530.0,ASTRA-SC-01,EPS,32.66785238451104,-20.98079968783991,13.137868266973676,39.9972155924729,1.0,NOMINAL,0.9999303898118225,0.045003758950161586,1.0,True,0.705574912891986,788.5401787660217,95.0,STANDBY,False,ASTRA_SIMULATED_EPS
15540.0,ASTRA-SC-01,EPS,32.70667110292215,-21.19882199781167,13.219544628977397,39.9972155924729,1.0,NOMINAL,0.9999303898118225,0.045003758950161586,1.0,True,0.7073170731707317,788.5973398995087,95.0,STANDBY,False,ASTRA_SIMULATED_EPS
15550.0,ASTRA-SC-01,EPS,32.77355394745161,-21.219528183249018,13.298401690330849,39.9972155924729,1.0,NOMINAL,0.9999303898118225,0.045003758950161586,1.0,True,0.7090592334494773,788.6575851330953,95.0,STANDBY,False,ASTRA_SIMULATED_EPS
15560.0,ASTRA-SC-01,EPS,32.6590146102965,-21.146459752465137,13.279175711111652,39.9972155924729,1.0,NOMINAL,0.9999303898118225,0.045003758950161586,1.0,True,0.710801393728223,788.7208968635631,95.0,STANDBY,False,ASTRA_SIMULATED_EPS
15570.0,ASTRA-SC-01,EPS,32.531889738538844,-21.09922729732729,13.225147525347701,39.9972155924729,1.0,NOMINAL,0.9999303898118225,0.045003758950161586,1.0,True,0.7125435540069687,788.7872565810706,95.0,STANDBY,False,ASTRA_SIMULATED_EPS
15580.0,ASTRA-SC-01,EPS,32.93435800482473,-21.26117293733091,13.343800286289841,39.9972155924729,1.0,NOMINAL,0.9999303898118225,0.045003758950161586,1.0,True,0.7142857142857143,788.8566448745023,95.0,STANDBY,False,ASTRA_SIMULATED_EPS
15590.0,ASTRA-SC-01,EPS,32.98077743645318,-21.061311602585313,13.35290323555011,39.9972155924729,1.0,NOMINAL,0.9999303898118225,0.045003758950161586,1.0,True,0.7160278745644599,788.9290414371012,95.0,STANDBY,False,ASTRA_SIMULATED_EPS
15600.0,ASTRA-SC-01,EPS,32.761491309897096,-21.222907601681143,13.444981571270691,39.9972155924729,1.0,NOMINAL,0.9999303898118225,0.045003758950161586,1.0,True,0.7177700348432056,789.0044250723731,95.0,STANDBY,False,ASTRA_SIMULATED_EPS
15610.0,ASTRA-SC-01,EPS,32.68470879683336,-21.276346135472412,13.435707803916864,39.9972155924729,1.0,NOMINAL,0.9999303898118225,0.045003758950161586,1.0,True,0.7195121951219512,789.0827737002683,95.0,STANDBY,False,ASTRA_SIMULATED_EPS
15620.0,ASTRA-SC-01,EPS,32.668859855546806,-21.269195817869097,13.361185972437626,39.9972155924729,1.0,NOMINAL,0.9999303898118225,0.045003758950161586,1.0,True,0.7212543554006968,789.1640643636333,95.0,STANDBY,False,ASTRA_SIMULATED_EPS
15630.0,ASTRA-SC-01,EPS,32.72022817550169,-21.17564509996587,13.476365128767693,39.9972155924729,1.0,NOMINAL,0.9999303898118225,0.045003758950161586,1.0,True,0.7229965156794426,789.2482732349359,95.0,STANDBY,False,ASTRA_SIMULATED_EPS
15640.0,ASTRA-SC-01,EPS,32.95543548268446,-21.110728852327895,13.485429036627307,39.9972155924729,1.0,NOMINAL,0.9999303898118225,0.045003758950161586,1.0,True,0.7247386759581882,789.3353756232553,95.0,STANDBY,False,ASTRA_SIMULATED_EPS
15650.0,ASTRA-SC-01,EPS,32.766920478267856,-21.115320509153737,13.589281228691114,39.9972155924729,1.0,NOMINAL,0.9999303898118225,0.045003758950161586,1.0,True,0.7264808362369338,789.4253459815393,95.0,STANDBY,False,ASTRA_SIMULATED_EPS
15660.0,ASTRA-SC-01,EPS,32.82013916331832,-21.226720125961574,13.50660767990229,39.9972155924729,1.0,NOMINAL,0.9999303898118225,0.045003758950161586,1.0,True,0.7282229965156795,789.5181579141263,95.0,STANDBY,False,ASTRA_SIMULATED_EPS
15670.0,ASTRA-SC-01,EPS,32.56241449722818,-21.10374003580803,13.615666570191994,39.9972155924729,1.0,NOMINAL,0.9999303898118225,0.045003758950161586,1.0,True,0.7299651567944251,789.6137841845252,95.0,STANDBY,False,ASTRA_SIMULATED_EPS
15680.0,ASTRA-SC-01,EPS,32.89410995369488,-21.194890586166615,13.687549667587243,39.9972155924729,1.0,NOMINAL,0.9999303898118225,0.045003758950161586,1.0,True,0.7317073170731707,789.7121967234584,95.0,STANDBY,False,ASTRA_SIMULATED_EPS
15690.0,ASTRA-SC-01,EPS,32.720029959542245,-21.077749295037915,13.645619911062397,39.9972155924729,1.0,NOMINAL,0.9999303898118225,0.045003758950161586,1.0,True,0.7334494773519163,789.8133666371564,95.0,STANDBY,False,ASTRA_SIMULATED_EPS
15700.0,ASTRA-SC-01,EPS,32.69965622503668,-21.12114204461016,13.698312042930576,39.9972155924729,1.0,NOMINAL,0.9999303898118225,0.045003758950161586,1.0,True,0.735191637630662,789.9172642159085,95.0,STANDBY,False,ASTRA_SIMULATED_EPS
15710.0,ASTRA-SC-01,EPS,32.85796650282434,-21.181106026042446,13.706128035611878,39.9972155924729,1.0,NOMINAL,0.9999303898118225,0.045003758950161586,1.0,True,0.7369337979094077,790.0238589428643,95.0,STANDBY,False,ASTRA_SIMULATED_EPS
15720.0,ASTRA-SC-01,EPS,33.19111012668916,-21.06204135711444,13.774275973941133,39.9972155924729,1.0,NOMINAL,0.9999303898118225,0.045003758950161586,1.0,True,0.7386759581881533,790.1331195030815,95.0,STANDBY,False,ASTRA_SIMULATED_EPS
15730.0,ASTRA-SC-01,EPS,32.81775873835187,-21.08508789170838,13.794066009000254,39.9972155924729,1.0,NOMINAL,0.9999303898118225,0.045003758950161586,1.0,True,0.740418118466899,790.2450137928198,95.0,STANDBY,False,ASTRA_SIMULATED_EPS
15740.0,ASTRA-SC-01,EPS,32.80372150237403,-21.23405351078997,13.794071959910399,39.9972155924729,1.0,NOMINAL,0.9999303898118225,0.045003758950161586,1.0,True,0.7421602787456446,790.3595089290782,95.0,STANDBY,False,ASTRA_SIMULATED_EPS
15750.0,ASTRA-SC-01,EPS,32.27948330855664,-21.180545536844857,13.803565708583232,39.9972155924729,1.0,NOMINAL,0.9999303898118225,0.045003758950161586,1.0,True,0.7439024390243902,790.476571259368,95.0,STANDBY,False,ASTRA_SIMULATED_EPS
15760.0,ASTRA-SC-01,EPS,33.060617291204956,-21.205424696680417,13.798333369578431,39.9972155924729,1.0,NOMINAL,0.9999303898118225,0.045003758950161586,1.0,True,0.7456445993031359,790.5961663717256,95.0,STANDBY,False,ASTRA_SIMULATED_EPS
15770.0,ASTRA-SC-01,EPS,32.791243796767226,-21.327473546029083,13.911164493899323,39.9972155924729,1.0,NOMINAL,0.9999303898118225,0.045003758950161586,1.0,True,0.7473867595818815,790.7182591049561,95.0,STANDBY,False,ASTRA_SIMULATED_EPS
15780.0,ASTRA-SC-01,EPS,32.84713852820991,-21.108700004394972,13.877583382534,39.9972155924729,1.0,NOMINAL,0.9999303898118225,0.045003758950161586,1.0,True,0.7491289198606271,790.842813559106,95.0,STANDBY,False,ASTRA_SIMULATED_EPS
15790.0,ASTRA-SC-01,EPS,32.805001228226814,-21.370610729825973,13.981756537955983,39.9972155924729,1.0,NOMINAL,0.9999303898118225,0.045003758950161586,1.0,True,0.7508710801393729,790.9697931061646,95.0,STANDBY,False,ASTRA_SIMULATED_EPS
15800.0,ASTRA-SC-01,EPS,32.884517377627986,-21.16781692706744,13.976238265630634,39.9972155924729,1.0,NOMINAL,0.9999303898118225,0.045003758950161586,1.0,True,0.7526132404181185,791.099160400986,95.0,STANDBY,False,ASTRA_SIMULATED_EPS
15810.0,ASTRA-SC-01,EPS,32.86744555792908,-21.048626290145354,13.991299515039852,39.9972155924729,1.0,NOMINAL,0.9999303898118225,0.045003758950161586,1.0,True,0.7543554006968641,791.2308773924314,95.0,STANDBY,False,ASTRA_SIMULATED_EPS
15820.0,ASTRA-SC-01,EPS,32.8221614092182,-21.351738620217635,13.99145970187099,39.9972155924729,1.0,NOMINAL,0.9999303898118225,0.045003758950161586,1.0,True,0.7560975609756098,791.3649053347269,95.0,STANDBY,False,ASTRA_SIMULATED_EPS
15830.0,ASTRA-SC-01,EPS,32.81546509675322,-21.112435013622385,14.051299048071792,39.9972155924729,1.0,NOMINAL,0.9999303898118225,0.045003758950161586,1.0,True,0.7578397212543554,791.5012047990353,95.0,STANDBY,False,ASTRA_SIMULATED_EPS
15840.0,ASTRA-SC-01,EPS,32.7607343670233,-21.284633714107876,14.066537620837398,39.9972155924729,1.0,NOMINAL,0.9999303898118225,0.045003758950161586,1.0,True,0.759581881533101,791.6397356852345,95.0,STANDBY,False,ASTRA_SIMULATED_EPS
15850.0,ASTRA-SC-01,EPS,32.84779846760507,-21.410202281086114,14.18640703200127,39.9972155924729,1.0,NOMINAL,0.9999303898118225,0.045003758950161586,1.0,True,0.7613240418118467,791.7804572339007,95.0,STANDBY,False,ASTRA_SIMULATED_EPS
15860.0,ASTRA-SC-01,EPS,32.69029665791734,-21.16773090533853,14.087867163156458,39.9972155924729,1.0,NOMINAL,0.9999303898118225,0.045003758950161586,1.0,True,0.7630662020905923,791.9233280384955,95.0,STANDBY,False,ASTRA_SIMULATED_EPS
15870.0,ASTRA-SC-01,EPS,32.9091118535336,-21.17769362851367,14.199506884378378,39.9972155924729,1.0,NOMINAL,0.9999303898118225,0.045003758950161586,1.0,True,0.764808362369338,792.068306057746,95.0,STANDBY,False,ASTRA_SIMULATED_EPS
15880.0,ASTRA-SC-01,EPS,32.63634058477597,-21.229167906667474,14.149996513459287,39.9972155924729,1.0,NOMINAL,0.9999303898118225,0.045003758950161586,1.0,True,0.7665505226480837,792.2153486282226,95.0,STANDBY,False,ASTRA_SIMULATED_EPS
15890.0,ASTRA-SC-01,EPS,32.757971552513425,-21.146902196075498,14.277760020855688,39.9972155924729,1.0,NOMINAL,0.9999303898118225,0.045003758950161586,1.0,True,0.7682926829268293,792.3644124771018,95.0,STANDBY,False,ASTRA_SIMULATED_EPS
15900.0,ASTRA-SC-01,EPS,32.801913957238625,-21.374614154690583,14.298903176978856,39.9972155924729,1.0,NOMINAL,0.9999303898118225,0.045003758950161586,1.0,True,0.7700348432055749,792.5154537351187,95.0,STANDBY,False,ASTRA_SIMULATED_EPS
15910.0,ASTRA-SC-01,EPS,32.80260246555334,-21.52912830843569,14.334377619242318,39.9972155924729,1.0,NOMINAL,0.9999303898118225,0.045003758950161586,1.0,True,0.7717770034843205,792.6684279496963,95.0,STANDBY,False,ASTRA_SIMULATED_EPS
15920.0,ASTRA-SC-01,EPS,32.795449883425114,-21.141548069882603,14.26902861230988,39.9972155924729,1.0,NOMINAL,0.9999303898118225,0.045003758950161586,1.0,True,0.7735191637630662,792.8232900982533,95.0,STANDBY,False,ASTRA_SIMULATED_EPS
15930.0,ASTRA-SC-01,EPS,32.27845372195741,-21.249161294332758,14.366840209717447,39.9972155924729,1.0,NOMINAL,0.9999303898118225,0.045003758950161586,1.0,True,0.7752613240418118,792.979994601687,95.0,STANDBY,False,ASTRA_SIMULATED_EPS
15940.0,ASTRA-SC-01,EPS,32.52215872060943,-21.394113734531537,14.518416881000322,39.9972155924729,1.0,NOMINAL,0.9999303898118225,0.045003758950161586,1.0,True,0.7770034843205574,793.1384953380204,95.0,STANDBY,False,ASTRA_SIMULATED_EPS
15950.0,ASTRA-SC-01,EPS,32.749304737828794,-21.20850451037726,14.376441253129068,39.9972155924729,1.0,NOMINAL,0.9999303898118225,0.045003758950161586,1.0,True,0.7787456445993032,793.2987456562153,95.0,STANDBY,False,ASTRA_SIMULATED_EPS
15960.0,ASTRA-SC-01,EPS,32.456620343066255,-21.313886907173462,14.423936751831189,39.9972155924729,1.0,NOMINAL,0.9999303898118225,0.045003758950161586,1.0,True,0.7804878048780488,793.460698390146,95.0,STANDBY,False,ASTRA_SIMULATED_EPS
15970.0,ASTRA-SC-01,EPS,32.73384511889992,-21.312677961801064,14.478597814814854,39.9972155924729,1.0,NOMINAL,0.9999303898118225,0.045003758950161586,1.0,True,0.7822299651567944,793.6243058727258,95.0,STANDBY,False,ASTRA_SIMULATED_EPS
15980.0,ASTRA-SC-01,EPS,32.77480525072139,-21.445900533878326,14.51778594907405,39.9972155924729,1.0,NOMINAL,0.9999303898118225,0.045003758950161586,1.0,True,0.7839721254355401,793.7895199501866,95.0,STANDBY,False,ASTRA_SIMULATED_EPS
15990.0,ASTRA-SC-01,EPS,32.47973264472247,-21.538734825867763,14.558453129672376,39.9972155924729,1.0,NOMINAL,0.9999303898118225,0.045003758950161586,1.0,True,0.7857142857142857,793.9562919965015,95.0,STANDBY,False,ASTRA_SIMULATED_EPS
16000.0,ASTRA-SC-01,EPS,32.88257386279672,-21.32155181101203,14.479664362086378,39.9972155924729,1.0,NOMINAL,0.9999303898118225,0.045003758950161586,1.0,True,0.7874564459930313,794.1245729279519,95.0,STANDBY,False,ASTRA_SIMULATED_EPS
16010.0,ASTRA-SC-01,EPS,32.683328642907654,-21.34964594178543,14.497510257462562,39.9972155924729,1.0,NOMINAL,0.9999303898118225,0.045003758950161586,1.0,True,0.789198606271777,794.2943132178291,95.0,STANDBY,False,ASTRA_SIMULATED_EPS
16020.0,ASTRA-SC-01,EPS,32.67822542688167,-21.252722911809194,14.676464077556684,39.9972155924729,1.0,NOMINAL,0.9999303898118225,0.045003758950161586,1.0,True,0.7909407665505227,794.4654629112695,95.0,STANDBY,False,ASTRA_SIMULATED_EPS
16030.0,ASTRA-SC-01,EPS,32.73063790692845,-21.24633560254328,14.53711554232127,39.9972155924729,1.0,NOMINAL,0.9999303898118225,0.045003758950161586,1.0,True,0.7926829268292683,794.6379716402155,95.0,STANDBY,False,ASTRA_SIMULATED_EPS
16040.0,ASTRA-SC-01,EPS,32.90757210270674,-21.42588530786617,14.675831643897107,39.9972155924729,1.0,NOMINAL,0.9999303898118225,0.045003758950161586,1.0,True,0.794425087108014,794.8117886385007,95.0,STANDBY,False,ASTRA_SIMULATED_EPS
16050.0,ASTRA-SC-01,EPS,32.758793315326635,-21.193937929981576,14.644314675676547,39.9972155924729,1.0,NOMINAL,0.9999303898118225,0.045003758950161586,1.0,True,0.7961672473867596,794.9868627570512,95.0,STANDBY,False,ASTRA_SIMULATED_EPS
16060.0,ASTRA-SC-01,EPS,32.902349623677935,-21.37804264647693,14.707619753638145,39.9972155924729,1.0,NOMINAL,0.9999303898118225,0.045003758950161586,1.0,True,0.7979094076655052,795.1631424792014,95.0,STANDBY,False,ASTRA_SIMULATED_EPS
16070.0,ASTRA-SC-01,EPS,32.76927248941157,-21.44673515820076,14.742255319169859,39.9972155924729,1.0,NOMINAL,0.9999303898118225,0.045003758950161586,1.0,True,0.7996515679442509,795.3405759361158,95.0,STANDBY,False,ASTRA_SIMULATED_EPS
16080.0,ASTRA-SC-01,EPS,32.78914987038839,-21.33069718629973,14.77453763070326,39.9972155924729,1.0,NOMINAL,0.9999303898118225,0.045003758950161586,1.0,True,0.8013937282229965,795.5191109223155,95.0,STANDBY,False,ASTRA_SIMULATED_EPS
16090.0,ASTRA-SC-01,EPS,32.930292806294666,-21.259877483891593,14.745060374331445,39.9972155924729,1.0,NOMINAL,0.9999303898118225,0.045003758950161586,1.0,True,0.8031358885017421,795.6986949113018,95.0,STANDBY,False,ASTRA_SIMULATED_EPS
16100.0,ASTRA-SC-01,EPS,32.941900186414074,-21.501329533665487,14.854190757388594,39.9972155924729,1.0,NOMINAL,0.9999303898118225,0.045003758950161586,1.0,True,0.8048780487804879,795.8792750712731,95.0,STANDBY,False,ASTRA_SIMULATED_EPS
16110.0,ASTRA-SC-01,EPS,32.901059374227565,-21.588000920702672,14.856580797406894,39.9972155924729,1.0,NOMINAL,0.9999303898118225,0.045003758950161586,1.0,True,0.8066202090592335,796.0607982809305,95.0,STANDBY,False,ASTRA_SIMULATED_EPS
16120.0,ASTRA-SC-01,EPS,32.72259198507048,-21.46464649583168,14.946535966721825,39.9972155924729,1.0,NOMINAL,0.9999303898118225,0.045003758950161586,1.0,True,0.8083623693379791,796.2432111453656,95.0,STANDBY,False,ASTRA_SIMULATED_EPS
16130.0,ASTRA-SC-01,EPS,32.69222250192564,-21.475583660089878,14.909767448253298,39.9972155924729,1.0,NOMINAL,0.9999303898118225,0.045003758950161586,1.0,True,0.8101045296167247,796.4264600120259,95.0,STANDBY,False,ASTRA_SIMULATED_EPS
16140.0,ASTRA-SC-01,EPS,32.911858742277936,-21.406797620936537,14.991218607999832,39.9972155924729,1.0,NOMINAL,0.9999303898118225,0.045003758950161586,1.0,True,0.8118466898954704,796.6104909867548,95.0,STANDBY,False,ASTRA_SIMULATED_EPS
16150.0,ASTRA-SC-01,EPS,32.88650247773692,-21.640494728072152,14.933272332325775,39.9972155924729,1.0,NOMINAL,0.9999303898118225,0.045003758950161586,1.0,True,0.813588850174216,796.7952499498972,95.0,STANDBY,False,ASTRA_SIMULATED_EPS
16160.0,ASTRA-SC-01,EPS,32.70728351220508,-21.348532161559564,14.855278839201082,39.9972155924729,1.0,NOMINAL,0.9999303898118225,0.045003758950161586,1.0,True,0.8153310104529616,796.9806825724698,95.0,STANDBY,False,ASTRA_SIMULATED_EPS
16170.0,ASTRA-SC-01,EPS,33.2174542494502,-21.34840243908219,15.020666146370287,39.9972155924729,1.0,NOMINAL,0.9999303898118225,0.045003758950161586,1.0,True,0.8170731707317073,797.1667343323874,95.0,STANDBY,False,ASTRA_SIMULATED_EPS
16180.0,ASTRA-SC-01,EPS,32.99319770095719,-21.150939469775686,15.083391045587357,39.9972155924729,1.0,NOMINAL,0.9999303898118225,0.045003758950161586,1.0,True,0.818815331010453,797.3533505307417,95.0,STANDBY,False,ASTRA_SIMULATED_EPS
16190.0,ASTRA-SC-01,EPS,32.95502661362097,-21.404643215527468,15.059337815787302,39.9972155924729,1.0,NOMINAL,0.9999303898118225,0.045003758950161586,1.0,True,0.8205574912891986,797.5404763081291,95.0,STANDBY,False,ASTRA_SIMULATED_EPS
16200.0,ASTRA-SC-01,EPS,32.721394915866895,-21.51763997610823,15.058552960861459,39.9972155924729,1.0,NOMINAL,0.9999303898118225,0.045003758950161586,1.0,True,0.8222996515679443,797.728056661017,95.0,STANDBY,False,ASTRA_SIMULATED_EPS
16210.0,ASTRA-SC-01,EPS,32.57793670984879,-21.439252576175463,15.035089210542859,39.9972155924729,1.0,NOMINAL,0.9999303898118225,0.045003758950161586,1.0,True,0.8240418118466899,797.9160364581512,95.0,STANDBY,False,ASTRA_SIMULATED_EPS
16220.0,ASTRA-SC-01,EPS,32.83073375850743,-21.440560652872506,15.153017827418434,39.9972155924729,1.0,NOMINAL,0.9999303898118225,0.045003758950161586,1.0,True,0.8257839721254355,798.1043604569915,95.0,STANDBY,False,ASTRA_SIMULATED_EPS
16230.0,ASTRA-SC-01,EPS,32.713795924648835,-21.09697736532384,15.239955068008118,39.9972155924729,1.0,NOMINAL,0.9999303898118225,0.045003758950161586,1.0,True,0.8275261324041812,798.2929733201754,95.0,STANDBY,False,ASTRA_SIMULATED_EPS
16240.0,ASTRA-SC-01,EPS,32.595322612667516,-21.421855994832445,15.167757101124238,39.9972155924729,1.0,NOMINAL,0.9999303898118225,0.045003758950161586,1.0,True,0.8292682926829268,798.4818196320028,95.0,STANDBY,False,ASTRA_SIMULATED_EPS
16250.0,ASTRA-SC-01,EPS,32.63305224491876,-21.604204395051585,15.245906489720344,39.9972155924729,1.0,NOMINAL,0.9999303898118225,0.045003758950161586,1.0,True,0.8310104529616724,798.6708439149369,95.0,STANDBY,False,ASTRA_SIMULATED_EPS
16260.0,ASTRA-SC-01,EPS,32.68767960221815,-21.350838353711065,15.300053310828417,39.9972155924729,1.0,NOMINAL,0.9999303898118225,0.045003758950161586,1.0,True,0.8327526132404182,798.8599906461154,95.0,STANDBY,False,ASTRA_SIMULATED_EPS
16270.0,ASTRA-SC-01,EPS,33.02474200067917,-21.56103730374348,15.300131509436223,39.9972155924729,1.0,NOMINAL,0.9999303898118225,0.045003758950161586,1.0,True,0.8344947735191638,799.0492042738684,95.0,STANDBY,False,ASTRA_SIMULATED_EPS
16280.0,ASTRA-SC-01,EPS,32.90314466844509,-21.52433730513237,15.263704329088242,39.9972155924729,1.0,NOMINAL,0.9999303898118225,0.045003758950161586,1.0,True,0.8362369337979094,799.2384292342362,95.0,STANDBY,False,ASTRA_SIMULATED_EPS
16290.0,ASTRA-SC-01,EPS,33.063380752143765,-21.451261749398807,15.35995186668825,39.9972155924729,1.0,NOMINAL,0.9999303898118225,0.045003758950161586,1.0,True,0.837979094076655,799.4276099674821,95.0,STANDBY,False,ASTRA_SIMULATED_EPS
16300.0,ASTRA-SC-01,EPS,32.66460590003474,-21.619656828148297,15.325472581150319,39.9972155924729,1.0,NOMINAL,0.9999303898118225,0.045003758950161586,1.0,True,0.8397212543554007,799.6166909345969,95.0,STANDBY,False,ASTRA_SIMULATED_EPS
16310.0,ASTRA-SC-01,EPS,32.77908484803962,-21.608016252829536,15.379175642589406,39.9972155924729,1.0,NOMINAL,0.9999303898118225,0.045003758950161586,1.0,True,0.8414634146341463,799.805616633786,95.0,STANDBY,False,ASTRA_SIMULATED_EPS
16320.0,ASTRA-SC-01,EPS,32.522514010454294,-21.620079414297827,15.438867664414378,39.9972155924729,1.0,NOMINAL,0.9999303898118225,0.045003758950161586,1.0,True,0.8432055749128919,799.9943316169393,95.0,STANDBY,False,ASTRA_SIMULATED_EPS
16330.0,ASTRA-SC-01,EPS,32.898443904793,-21.543938422115364,15.380019694274685,39.9972155924729,1.0,NOMINAL,0.9999303898118225,0.045003758950161586,1.0,True,0.8449477351916377,800.1827805060739,95.0,STANDBY,False,ASTRA_SIMULATED_EPS
16340.0,ASTRA-SC-01,EPS,32.63093277486923,-21.547591377508123,15.488651413218188,39.9972155924729,1.0,NOMINAL,0.9999303898118225,0.045003758950161586,1.0,True,0.8466898954703833,800.3709080097466,95.0,STANDBY,False,ASTRA_SIMULATED_EPS
16350.0,ASTRA-SC-01,EPS,32.95165361841439,-21.56720038973303,15.424200399366987,39.9972155924729,1.0,NOMINAL,0.9999303898118225,0.045003758950161586,1.0,True,0.8484320557491289,800.5586589394327,95.0,STANDBY,False,ASTRA_SIMULATED_EPS
16360.0,ASTRA-SC-01,EPS,32.843349583607235,-21.60974132019236,15.481344055334723,39.9972155924729,1.0,NOMINAL,0.9999303898118225,0.045003758950161586,1.0,True,0.8501742160278746,800.7459782258624,95.0,STANDBY,False,ASTRA_SIMULATED_EPS
16370.0,ASTRA-SC-01,EPS,33.016765460414845,-21.429575312797365,15.540469385057616,39.9972155924729,1.0,NOMINAL,0.9999303898118225,0.045003758950161586,1.0,True,0.8519163763066202,800.9328109353128,95.0,STANDBY,False,ASTRA_SIMULATED_EPS
16380.0,ASTRA-SC-01,EPS,32.59083294534347,-21.50458734031454,15.610950012199233,39.9972155924729,1.0,NOMINAL,0.9999303898118225,0.045003758950161586,1.0,True,0.8536585365853658,801.1191022858496,95.0,STANDBY,False,ASTRA_SIMULATED_EPS
16390.0,ASTRA-SC-01,EPS,32.73782115903143,-21.381830579057695,15.647633566408674,39.9972155924729,1.0,NOMINAL,0.9999303898118225,0.045003758950161586,1.0,True,0.8554006968641115,801.3047976635128,95.0,STANDBY,False,ASTRA_SIMULATED_EPS
16400.0,ASTRA-SC-01,EPS,33.07227139129656,-21.50530228327455,15.637477896784576,39.9972155924729,1.0,NOMINAL,0.9999303898118225,0.045003758950161586,1.0,True,0.8571428571428571,801.4898426384412,95.0,STANDBY,False,ASTRA_SIMULATED_EPS
16410.0,ASTRA-SC-01,EPS,33.03134664080451,-21.4948897570164,15.608091650906646,39.9972155924729,1.0,NOMINAL,0.9999303898118225,0.045003758950161586,1.0,True,0.8588850174216028,801.6741829809347,95.0,STANDBY,False,ASTRA_SIMULATED_EPS
16420.0,ASTRA-SC-01,EPS,32.7258642650054,-21.524021893794636,15.59360354291539,39.9972155924729,1.0,NOMINAL,0.9999303898118225,0.045003758950161586,1.0,True,0.8606271777003485,801.8577646774427,95.0,STANDBY,False,ASTRA_SIMULATED_EPS
16430.0,ASTRA-SC-01,EPS,32.77592994885609,-21.43282111026791,15.573480570483737,39.9972155924729,1.0,NOMINAL,0.9999303898118225,0.045003758950161586,1.0,True,0.8623693379790941,802.0405339464796,95.0,STANDBY,False,ASTRA_SIMULATED_EPS
16440.0,ASTRA-SC-01,EPS,33.051074643762476,-21.435423073199647,15.684900250215698,39.9972155924729,1.0,NOMINAL,0.9999303898118225,0.045003758950161586,1.0,True,0.8641114982578397,802.2224372544601,95.0,STANDBY,False,ASTRA_SIMULATED_EPS
16450.0,ASTRA-SC-01,EPS,32.88853852919,-21.567201045485792,15.794166963479803,39.9972155924729,1.0,NOMINAL,0.9999303898118225,0.045003758950161586,1.0,True,0.8658536585365854,802.4034213314486,95.0,STANDBY,False,ASTRA_SIMULATED_EPS
16460.0,ASTRA-SC-01,EPS,32.96058120366789,-21.731063784330157,15.786743452544256,39.9972155924729,1.0,NOMINAL,0.9999303898118225,0.045003758950161586,1.0,True,0.867595818815331,802.5834331868223,95.0,STANDBY,False,ASTRA_SIMULATED_EPS
16470.0,ASTRA-SC-01,EPS,32.76570162260137,-21.56915032878939,15.745618722604235,39.9972155924729,1.0,NOMINAL,0.9999303898118225,0.045003758950161586,1.0,True,0.8693379790940766,802.7624201248362,95.0,STANDBY,False,ASTRA_SIMULATED_EPS
16480.0,ASTRA-SC-01,EPS,33.086113443075966,-21.466482280689878,15.769620019940335,39.9972155924729,1.0,NOMINAL,0.9999303898118225,0.045003758950161586,1.0,True,0.8710801393728222,802.9403297600927,95.0,STANDBY,False,ASTRA_SIMULATED_EPS
16490.0,ASTRA-SC-01,EPS,32.58055170254501,-21.63287581552745,15.852849420901846,39.9972155924729,1.0,NOMINAL,0.9999303898118225,0.045003758950161586,1.0,True,0.872822299651568,803.1171100329055,95.0,STANDBY,False,ASTRA_SIMULATED_EPS
16500.0,ASTRA-SC-01,EPS,32.8388170650014,-21.453098532081622,15.89507060993673,39.9972155924729,1.0,NOMINAL,0.9999303898118225,0.045003758950161586,1.0,True,0.8745644599303136,803.2927092245575,95.0,STANDBY,False,ASTRA_SIMULATED_EPS
16510.0,ASTRA-SC-01,EPS,32.95843052624586,-21.563050656412354,15.810494821653597,39.9972155924729,1.0,NOMINAL,0.9999303898118225,0.045003758950161586,1.0,True,0.8763066202090593,803.4670759724441,95.0,STANDBY,False,ASTRA_SIMULATED_EPS
16520.0,ASTRA-SC-01,EPS,32.76733000289424,-21.485444282335916,15.901703719049475,39.9972155924729,1.0,NOMINAL,0.9999303898118225,0.045003758950161586,1.0,True,0.8780487804878049,803.640159285103,95.0,STANDBY,False,ASTRA_SIMULATED_EPS
16530.0,ASTRA-SC-01,EPS,32.881929369938966,-21.646533957611222,15.877044526740681,39.9972155924729,1.0,NOMINAL,0.9999303898118225,0.045003758950161586,1.0,True,0.8797909407665505,803.8119085571182,95.0,STANDBY,False,ASTRA_SIMULATED_EPS
16540.0,ASTRA-SC-01,EPS,32.77919592711732,-21.580746202556394,15.919941306210253,39.9972155924729,1.0,NOMINAL,0.9999303898118225,0.045003758950161586,1.0,True,0.8815331010452961,803.9822735839014,95.0,STANDBY,False,ASTRA_SIMULATED_EPS
16550.0,ASTRA-SC-01,EPS,32.760768033082776,-21.72710049194516,16.032814002882375,39.9972155924729,1.0,NOMINAL,0.9999303898118225,0.045003758950161586,1.0,True,0.8832752613240418,804.1512045763434,95.0,STANDBY,False,ASTRA_SIMULATED_EPS
16560.0,ASTRA-SC-01,EPS,32.751134102179506,-21.4615985774142,16.077350878179203,39.9972155924729,1.0,NOMINAL,0.9999303898118225,0.045003758950161586,1.0,True,0.8850174216027874,804.318652175329,95.0,STANDBY,False,ASTRA_SIMULATED_EPS
16570.0,ASTRA-SC-01,EPS,32.78613269358765,-21.745117970762564,15.920616155803753,39.9972155924729,1.0,NOMINAL,0.9999303898118225,0.045003758950161586,1.0,True,0.8867595818815331,804.4845674661165,95.0,STANDBY,False,ASTRA_SIMULATED_EPS
16580.0,ASTRA-SC-01,EPS,32.55801415789122,-21.79150795018069,16.117768101597655,39.9972155924729,1.0,NOMINAL,0.9999303898118225,0.045003758950161586,1.0,True,0.8885017421602788,804.6489019925706,95.0,STANDBY,False,ASTRA_SIMULATED_EPS
16590.0,ASTRA-SC-01,EPS,32.81841889711846,-21.596872698677746,15.961693317457224,39.9972155924729,1.0,NOMINAL,0.9999303898118225,0.045003758950161586,1.0,True,0.8902439024390244,804.8116077712532,95.0,STANDBY,False,ASTRA_SIMULATED_EPS
16600.0,ASTRA-SC-01,EPS,32.602960954150326,-21.545443815403896,16.11085916854203,39.9972155924729,1.0,NOMINAL,0.9999303898118225,0.045003758950161586,1.0,True,0.89198606271777,804.9726373053595,95.0,STANDBY,False,ASTRA_SIMULATED_EPS
16610.0,ASTRA-SC-01,EPS,32.77528275663694,-21.586773844062655,16.202052965328566,39.9972155924729,1.0,NOMINAL,0.9999303898118225,0.045003758950161586,1.0,True,0.8937282229965157,805.1319435985015,95.0,STANDBY,False,ASTRA_SIMULATED_EPS
16620.0,ASTRA-SC-01,EPS,32.76317367097299,-21.647689317654145,16.153572219424948,39.9972155924729,1.0,NOMINAL,0.9999303898118225,0.045003758950161586,1.0,True,0.8954703832752613,805.2894801683316,95.0,STANDBY,False,ASTRA_SIMULATED_EPS
16630.0,ASTRA-SC-01,EPS,33.1917230892789,-21.898155205205565,16.20171967789852,39.9972155924729,1.0,NOMINAL,0.9999303898118225,0.045003758950161586,1.0,True,0.8972125435540069,805.4452010600055,95.0,STANDBY,False,ASTRA_SIMULATED_EPS
16640.0,ASTRA-SC-01,EPS,32.7805967602239,-21.600756607242488,16.158243076720254,39.9972155924729,1.0,NOMINAL,0.9999303898118225,0.045003758950161586,1.0,True,0.8989547038327527,805.5990608594767,95.0,STANDBY,False,ASTRA_SIMULATED_EPS
16650.0,ASTRA-SC-01,EPS,32.79139387434788,-21.58898176074974,16.370247583260394,39.9972155924729,1.0,NOMINAL,0.9999303898118225,0.045003758950161586,1.0,True,0.9006968641114983,805.751014706622,95.0,STANDBY,False,ASTRA_SIMULATED_EPS
16660.0,ASTRA-SC-01,EPS,32.93193960630019,-21.770338166458874,16.216841816911845,39.9972155924729,1.0,NOMINAL,0.9999303898118225,0.045003758950161586,1.0,True,0.9024390243902439,805.9010183081934,95.0,STANDBY,False,ASTRA_SIMULATED_EPS
16670.0,ASTRA-SC-01,EPS,32.72506539045032,-21.882319029654695,16.244890545291874,39.9972155924729,1.0,NOMINAL,0.9999303898118225,0.045003758950161586,1.0,True,0.9041811846689896,806.0490279505923,95.0,STANDBY,False,ASTRA_SIMULATED_EPS
16680.0,ASTRA-SC-01,EPS,32.9196058572541,-21.82767320878127,16.337122133949805,39.9972155924729,1.0,NOMINAL,0.9999303898118225,0.045003758950161586,1.0,True,0.9059233449477352,806.1950005124638,95.0,STANDBY,False,ASTRA_SIMULATED_EPS
16690.0,ASTRA-SC-01,EPS,32.879417664251406,-21.77083198950103,16.300862324859988,39.9972155924729,1.0,NOMINAL,0.9999303898118225,0.045003758950161586,1.0,True,0.9076655052264808,806.3388934771049,95.0,STANDBY,False,ASTRA_SIMULATED_EPS
16700.0,ASTRA-SC-01,EPS,33.06154417166244,-21.608636780331818,16.331556819320518,39.9972155924729,1.0,NOMINAL,0.9999303898118225,0.045003758950161586,1.0,True,0.9094076655052264,806.4806649446872,95.0,STANDBY,False,ASTRA_SIMULATED_EPS
16710.0,ASTRA-SC-01,EPS,32.76044461893726,-21.687427412564148,16.32864647831429,39.9972155924729,1.0,NOMINAL,0.9999303898118225,0.045003758950161586,1.0,True,0.9111498257839721,806.6202736442873,95.0,STANDBY,False,ASTRA_SIMULATED_EPS
16720.0,ASTRA-SC-01,EPS,32.4542511411466,-21.46851995438968,16.38505628042148,39.9972155924729,1.0,NOMINAL,0.9999303898118225,0.045003758950161586,1.0,True,0.9128919860627178,806.7576789457228,95.0,STANDBY,False,ASTRA_SIMULATED_EPS
16730.0,ASTRA-SC-01,EPS,32.864719003201756,-21.71100499122225,16.363528083677384,39.9972155924729,1.0,NOMINAL,0.9999303898118225,0.045003758950161586,1.0,True,0.9146341463414634,806.8928408711915,95.0,STANDBY,False,ASTRA_SIMULATED_EPS
16740.0,ASTRA-SC-01,EPS,32.76893291897739,-21.89008158536984,16.537070824819708,39.9972155924729,1.0,NOMINAL,0.9999303898118225,0.045003758950161586,1.0,True,0.9163763066202091,807.0257201067108,95.0,STANDBY,False,ASTRA_SIMULATED_EPS
16750.0,ASTRA-SC-01,EPS,32.596967586052216,-21.829655419732322,16.42407496236461,39.9972155924729,1.0,NOMINAL,0.9999303898118225,0.045003758950161586,1.0,True,0.9181184668989547,807.1562780133514,95.0,STANDBY,False,ASTRA_SIMULATED_EPS
16760.0,ASTRA-SC-01,EPS,33.01066470759631,-21.714723544060547,16.40709156498885,39.9972155924729,1.0,NOMINAL,0.9999303898118225,0.045003758950161586,1.0,True,0.9198606271777003,807.2844766382666,95.0,STANDBY,False,ASTRA_SIMULATED_EPS
16770.0,ASTRA-SC-01,EPS,33.00513187704861,-21.637164572203446,16.51856970703842,39.9972155924729,1.0,NOMINAL,0.9999303898118225,0.045003758950161586,1.0,True,0.921602787456446,807.4102787255107,95.0,STANDBY,False,ASTRA_SIMULATED_EPS
16780.0,ASTRA-SC-01,EPS,32.91680235262063,-21.45192129624875,16.62359164270493,39.9972155924729,1.0,NOMINAL,0.9999303898118225,0.045003758950161586,1.0,True,0.9233449477351916,807.5336477266457,95.0,STANDBY,False,ASTRA_SIMULATED_EPS
16790.0,ASTRA-SC-01,EPS,32.68680465988217,-21.543118874818497,16.556123742379864,39.9972155924729,1.0,NOMINAL,0.9999303898118225,0.045003758950161586,1.0,True,0.9250871080139372,807.6545478111334,95.0,STANDBY,False,ASTRA_SIMULATED_EPS
16800.0,ASTRA-SC-01,EPS,32.88127427483561,-21.923601334188014,16.55101413706813,39.9972155924729,1.0,NOMINAL,0.9999303898118225,0.045003758950161586,1.0,True,0.926829268292683,807.7729438765094,95.0,STANDBY,False,ASTRA_SIMULATED_EPS
16810.0,ASTRA-SC-01,EPS,32.66612327051228,-21.640667624270694,16.635595361223444,39.9972155924729,1.0,NOMINAL,0.9999303898118225,0.045003758950161586,1.0,True,0.9285714285714286,807.8888015583358,95.0,STANDBY,False,ASTRA_SIMULATED_EPS
16820.0,ASTRA-SC-01,EPS,32.459214211359715,-21.740755430623715,16.66058230121314,39.9972155924729,1.0,NOMINAL,0.9999303898118225,0.045003758950161586,1.0,True,0.9303135888501742,808.0020872399336,95.0,STANDBY,False,ASTRA_SIMULATED_EPS
16830.0,ASTRA-SC-01,EPS,32.7688091862065,-21.658724274816645,16.64443552808552,39.9972155924729,1.0,NOMINAL,0.9999303898118225,0.045003758950161586,1.0,True,0.9320557491289199,808.1127680618871,95.0,STANDBY,False,ASTRA_SIMULATED_EPS
16840.0,ASTRA-SC-01,EPS,32.855455292445,-21.775773997926077,16.58837654181817,39.9972155924729,1.0,NOMINAL,0.9999303898118225,0.045003758950161586,1.0,True,0.9337979094076655,808.2208119313226,95.0,STANDBY,False,ASTRA_SIMULATED_EPS
16850.0,ASTRA-SC-01,EPS,32.61549628422714,-21.667449317789032,16.6724472799155,39.9972155924729,1.0,NOMINAL,0.9999303898118225,0.045003758950161586,1.0,True,0.9355400696864111,808.326187530956,95.0,STANDBY,False,ASTRA_SIMULATED_EPS
16860.0,ASTRA-SC-01,EPS,32.776708389189785,-21.79948215147412,16.67842432655315,39.9972155924729,1.0,NOMINAL,0.9999303898118225,0.045003758950161586,1.0,True,0.9372822299651568,808.4288643279089,95.0,STANDBY,False,ASTRA_SIMULATED_EPS
16870.0,ASTRA-SC-01,EPS,32.97111451757064,-21.79245047838707,16.648780709778567,39.9972155924729,1.0,NOMINAL,0.9999303898118225,0.045003758950161586,1.0,True,0.9390243902439024,808.5288125822891,95.0,STANDBY,False,ASTRA_SIMULATED_EPS
16880.0,ASTRA-SC-01,EPS,32.92138074785447,-21.78058459647117,16.7394948481991,39.9972155924729,1.0,NOMINAL,0.9999303898118225,0.045003758950161586,1.0,True,0.9407665505226481,808.6260033555377,95.0,STANDBY,False,ASTRA_SIMULATED_EPS
16890.0,ASTRA-SC-01,EPS,33.063062210800034,-21.76249048985561,16.774416438431942,39.9972155924729,1.0,NOMINAL,0.9999303898118225,0.045003758950161586,1.0,True,0.9425087108013938,808.7204085185335,95.0,STANDBY,False,ASTRA_SIMULATED_EPS
16900.0,ASTRA-SC-01,EPS,32.60608394112521,-21.78794479465674,16.81240700435703,39.9972155924729,1.0,NOMINAL,0.9999303898118225,0.045003758950161586,1.0,True,0.9442508710801394,808.8120007594612,95.0,STANDBY,False,ASTRA_SIMULATED_EPS
16910.0,ASTRA-SC-01,EPS,32.544347185527904,-21.742787260318167,16.80888510718992,39.9972155924729,1.0,NOMINAL,0.9999303898118225,0.045003758950161586,1.0,True,0.945993031358885,808.9007535914337,95.0,STANDBY,False,ASTRA_SIMULATED_EPS
16920.0,ASTRA-SC-01,EPS,32.80619502219712,-21.65019612324139,16.842423891157285,39.9972155924729,1.0,NOMINAL,0.9999303898118225,0.045003758950161586,1.0,True,0.9477351916376306,808.9866413598734,95.0,STANDBY,False,ASTRA_SIMULATED_EPS
16930.0,ASTRA-SC-01,EPS,33.04182353286047,-21.883922279815827,16.854296321868006,39.9972155924729,1.0,NOMINAL,0.9999303898118225,0.045003758950161586,1.0,True,0.9494773519163763,809.0696392496468,95.0,STANDBY,False,ASTRA_SIMULATED_EPS
16940.0,ASTRA-SC-01,EPS,32.813276308091915,-21.894991722688694,16.9170548433623,39.9972155924729,1.0,NOMINAL,0.9999303898118225,0.045003758950161586,1.0,True,0.9512195121951219,809.1497232919502,95.0,STANDBY,False,ASTRA_SIMULATED_EPS
16950.0,ASTRA-SC-01,EPS,33.18066372547101,-21.777528481294382,16.9161731740894,39.9972155924729,1.0,NOMINAL,0.9999303898118225,0.045003758950161586,1.0,True,0.9529616724738676,809.2268703709495,95.0,STANDBY,False,ASTRA_SIMULATED_EPS
16960.0,ASTRA-SC-01,EPS,32.81328478500881,-21.85912336510469,16.821508313466477,39.9972155924729,1.0,NOMINAL,0.9999303898118225,0.045003758950161586,1.0,True,0.9547038327526133,809.3010582301674,95.0,STANDBY,False,ASTRA_SIMULATED_EPS
16970.0,ASTRA-SC-01,EPS,32.683679179794666,-21.93856895138919,17.01931797438659,39.9972155924729,1.0,NOMINAL,0.9999303898118225,0.045003758950161586,1.0,True,0.9564459930313589,809.3722654786192,95.0,STANDBY,False,ASTRA_SIMULATED_EPS
16980.0,ASTRA-SC-01,EPS,32.780546340102426,-21.821508062106787,17.0000795940684,39.9972155924729,1.0,NOMINAL,0.9999303898118225,0.045003758950161586,1.0,True,0.9581881533101045,809.4404715966965,95.0,STANDBY,False,ASTRA_SIMULATED_EPS
16990.0,ASTRA-SC-01,EPS,32.615460048172835,-21.871453106523663,16.98047719121723,39.9972155924729,1.0,NOMINAL,0.9999303898118225,0.045003758950161586,1.0,True,0.9599303135888502,809.5056569417961,95.0,STANDBY,False,ASTRA_SIMULATED_EPS
17000.0,ASTRA-SC-01,EPS,32.968139150119455,-21.728829383837454,17.01088430533991,39.9972155924729,1.0,NOMINAL,0.9999303898118225,0.045003758950161586,1.0,True,0.9616724738675958,809.5678027536919,95.0,STANDBY,False,ASTRA_SIMULATED_EPS
17010.0,ASTRA-SC-01,EPS,32.812235081987986,-21.74218538536615,17.029888112008678,39.9972155924729,1.0,NOMINAL,0.9999303898118225,0.045003758950161586,1.0,True,0.9634146341463414,809.6268911596534,95.0,STANDBY,False,ASTRA_SIMULATED_EPS
17020.0,ASTRA-SC-01,EPS,32.63051151165402,-21.784244997559483,16.987401552561654,39.9972155924729,1.0,NOMINAL,0.9999303898118225,0.045003758950161586,1.0,True,0.9651567944250871,809.682905179303,95.0,STANDBY,False,ASTRA_SIMULATED_EPS
17030.0,ASTRA-SC-01,EPS,32.81272130190634,-21.845881658363222,17.189278837351996,39.9972155924729,1.0,NOMINAL,0.9999303898118225,0.045003758950161586,1.0,True,0.9668989547038328,809.7358287292174,95.0,STANDBY,False,ASTRA_SIMULATED_EPS
17040.0,ASTRA-SC-01,EPS,32.79288143434985,-21.952659575339787,17.076767919662437,39.9972155924729,1.0,NOMINAL,0.9999303898118225,0.045003758950161586,1.0,True,0.9686411149825784,809.7856466272685,95.0,STANDBY,False,ASTRA_SIMULATED_EPS
17050.0,ASTRA-SC-01,EPS,32.88459733691623,-21.603338046383975,17.07511503838549,39.9972155924729,1.0,NOMINAL,0.9999303898118225,0.045003758950161586,1.0,True,0.9703832752613241,809.8323445967028,95.0,STANDBY,False,ASTRA_SIMULATED_EPS
17060.0,ASTRA-SC-01,EPS,32.53991036805442,-21.702279432748167,17.056612155998426,39.9972155924729,1.0,NOMINAL,0.9999303898118225,0.045003758950161586,1.0,True,0.9721254355400697,809.8759092699619,95.0,STANDBY,False,ASTRA_SIMULATED_EPS
17070.0,ASTRA-SC-01,EPS,32.727895762112944,-21.825976660532802,17.143158706384952,39.9972155924729,1.0,NOMINAL,0.9999303898118225,0.045003758950161586,1.0,True,0.9738675958188153,809.9163281922397,95.0,STANDBY,False,ASTRA_SIMULATED_EPS
17080.0,ASTRA-SC-01,EPS,32.91244498454999,-21.875674945836934,17.153896208764156,39.9972155924729,1.0,NOMINAL,0.9999303898118225,0.045003758950161586,1.0,True,0.975609756097561,809.9535898247783,95.0,STANDBY,False,ASTRA_SIMULATED_EPS
17090.0,ASTRA-SC-01,EPS,32.79708370160402,-21.781734534827557,17.19336047631756,39.9972155924729,1.0,NOMINAL,0.9999303898118225,0.045003758950161586,1.0,True,0.9773519163763066,809.9876835479001,95.0,STANDBY,False,ASTRA_SIMULATED_EPS
17100.0,ASTRA-SC-01,EPS,32.87092768982534,-21.70353380982544,17.228931572384493,39.9972155924729,1.0,NOMINAL,0.9999303898118225,0.045003758950161586,1.0,True,0.9790940766550522,810.018599663777,95.0,STANDBY,False,ASTRA_SIMULATED_EPS
17110.0,ASTRA-SC-01,EPS,32.87381071791454,-21.980953806238745,17.232586451915957,39.9972155924729,1.0,NOMINAL,0.9999303898118225,0.045003758950161586,1.0,True,0.980836236933798,810.0463293989358,95.0,STANDBY,False,ASTRA_SIMULATED_EPS
17120.0,ASTRA-SC-01,EPS,32.878061855275654,-21.718219735584317,17.21617732806743,39.9972155924729,1.0,NOMINAL,0.9999303898118225,0.045003758950161586,1.0,True,0.9825783972125436,810.0708649065,95.0,STANDBY,False,ASTRA_SIMULATED_EPS
17130.0,ASTRA-SC-01,EPS,32.691343455345674,-21.8674274503472,17.29828010879561,39.9972155924729,1.0,NOMINAL,0.9999303898118225,0.045003758950161586,1.0,True,0.9843205574912892,810.0921992681667,95.0,STANDBY,False,ASTRA_SIMULATED_EPS
17140.0,ASTRA-SC-01,EPS,32.96897751381079,-21.84898257563981,17.337466971045593,39.9972155924729,1.0,NOMINAL,0.9999303898118225,0.045003758950161586,1.0,True,0.9860627177700348,810.110326495919,95.0,STANDBY,False,ASTRA_SIMULATED_EPS
17150.0,ASTRA-SC-01,EPS,32.81967433146914,-21.817152141458195,17.302054126925704,39.9972155924729,1.0,NOMINAL,0.9999303898118225,0.045003758950161586,1.0,True,0.9878048780487805,810.1252415334747,95.0,STANDBY,False,ASTRA_SIMULATED_EPS
17160.0,ASTRA-SC-01,EPS,32.921866111937,-21.766217078985395,17.446914280896543,39.9972155924729,1.0,NOMINAL,0.9999303898118225,0.045003758950161586,1.0,True,0.9895470383275261,810.1369402574683,95.0,STANDBY,False,ASTRA_SIMULATED_EPS
17170.0,ASTRA-SC-01,EPS,32.65966161135126,-21.744523990154633,17.327107964331546,39.9972155924729,1.0,NOMINAL,0.9999303898118225,0.045003758950161586,1.0,True,0.9912891986062717,810.1454194783722,95.0,STANDBY,False,ASTRA_SIMULATED_EPS
17180.0,ASTRA-SC-01,EPS,32.65686343607638,-21.8049962510771,17.38082612408628,39.9972155924729,1.0,NOMINAL,0.9999303898118225,0.045003758950161586,1.0,True,0.9930313588850174,810.150676941149,95.0,STANDBY,False,ASTRA_SIMULATED_EPS
17190.0,ASTRA-SC-01,EPS,33.277996057055496,-21.82481535776536,17.33778567430805,39.9972155924729,1.0,NOMINAL,0.9999303898118225,0.045003758950161586,1.0,True,0.9947735191637631,810.1527113256415,95.0,STANDBY,False,ASTRA_SIMULATED_EPS
17200.0,ASTRA-SC-01,EPS,32.844196969785,-22.04033117100503,17.409978652689986,39.9972155924729,1.0,NOMINAL,0.9999303898118225,0.045003758950161586,1.0,True,0.9965156794425087,810.1515222466994,95.0,STANDBY,False,ASTRA_SIMULATED_EPS
17210.0,ASTRA-SC-01,EPS,32.80205209853245,-9.52234954430149,17.483485400313405,39.9972155924729,1.0,NOMINAL,0.9999303898118225,0.045003758950161586,1.0,True,0.9982578397212544,408.7042398844769,95.0,STANDBY,False,ASTRA_SIMULATED_EPS
17220.0,ASTRA-SC-01,EPS,32.575764413061776,2.8934580705771675,17.297523331724342,39.9972155924729,0.9997988476417026,NOMINAL,0.9999303898118225,0.045003758950161586,1.0,False,0.0,0.0,95.0,STANDBY,False,ASTRA_SIMULATED_EPS
17230.0,ASTRA-SC-01,EPS,32.464087726762564,2.902481216811761,17.173467418199685,39.99721398336605,0.9995976917020184,NOMINAL,0.9999303495841513,0.045003761122455826,1.0,False,0.0017421602787456446,0.0,95.0,STANDBY,False,ASTRA_SIMULATED_EPS
17240.0,ASTRA-SC-01,EPS,32.5723642152307,2.8771573984752874,17.166246770406808,39.997212374230614,0.9993965286477967,NOMINAL,0.9999303093557654,0.04500376329478866,1.0,False,0.003484320557491289,0.0,95.0,STANDBY,False,ASTRA_SIMULATED_EPS
17250.0,ASTRA-SC-01,EPS,32.9270356580168,2.8712892883163286,16.94802718680142,39.99721076503834,0.9991953584782024,NOMINAL,0.9999302691259585,0.045003765467198246,1.0,False,0.005226480836236934,0.0,95.0,STANDBY,False,ASTRA_SIMULATED_EPS
17260.0,ASTRA-SC-01,EPS,32.60684814103545,2.8970566439467764,16.95382412347389,39.99720915578921,0.9989941811923997,NOMINAL,0.9999302288947302,0.045003767639684576,1.0,False,0.006968641114982578,0.0,95.0,STANDBY,False,ASTRA_SIMULATED_EPS
17270.0,ASTRA-SC-01,EPS,32.54939427859354,2.8929438442731876,16.86377365494157,39.99720754648321,0.9987929967895519,NOMINAL,0.9999301886620802,0.045003769812247664,1.0,False,0.008710801393728223,0.0,95.0,STANDBY,False,ASTRA_SIMULATED_EPS
17280.0,ASTRA-SC-01,EPS,32.78754960362355,2.8588618369234062,16.729747757229276,39.99720593712035,0.9985918052688215,NOMINAL,0.9999301484280086,0.04500377198488753,1.0,False,0.010452961672473868,0.0,95.0,STANDBY,False,ASTRA_SIMULATED_EPS
17290.0,ASTRA-SC-01,EPS,32.648977838262866,2.879170883115242,16.737834950367493,39.99720432770061,0.9983906066293704,NOMINAL,0.9999301081925152,0.04500377415760418,1.0,False,0.012195121951219513,0.0,95.0,STANDBY,False,ASTRA_SIMULATED_EPS
17300.0,ASTRA-SC-01,EPS,32.50722042736331,2.8963556901382326,16.58244012168778,39.99720271822399,0.9981894008703596,NOMINAL,0.9999300679555997,0.045003776330397614,1.0,False,0.013937282229965157,0.0,95.0,STANDBY,False,ASTRA_SIMULATED_EPS
17310.0,ASTRA-SC-01,EPS,32.51152265486812,2.8612798197309735,16.436845604707415,39.99720110869048,0.9979881879909491,NOMINAL,0.9999300277172621,0.04500377850326785,1.0,False,0.0156794425087108,0.0,95.0,STANDBY,False,ASTRA_SIMULATED_EPS
17320.0,ASTRA-SC-01,EPS,32.77316517969518,2.890800126702581,16.319869016603075,39.997199499100084,0.9977869679902985,NOMINAL,0.9999299874775021,0.04500378067621489,1.0,False,0.017421602787456445,0.0,95.0,STANDBY,False,ASTRA_SIMULATED_EPS
17330.0,ASTRA-SC-01,EPS,32.75390826016658,2.891021655348311,16.24086487697919,39.997197889452785,0.9975857408675664,NOMINAL,0.9999299472363196,0.04500378284923874,1.0,False,0.01916376306620209,0.0,95.0,STANDBY,False,ASTRA_SIMULATED_EPS
17340.0,ASTRA-SC-01,EPS,32.6252534433858,2.912590288379424,16.28990762951996,39.99719627974857,0.9973845066219104,NOMINAL,0.9999299069937143,0.04500378502233943,1.0,False,0.020905923344947737,0.0,95.0,STANDBY,False,ASTRA_SIMULATED_EPS
17350.0,ASTRA-SC-01,EPS,32.73378081552438,2.9202758638483632,16.050236927221135,39.99719466998745,0.9971832652524876,NOMINAL,0.9999298667496862,0.045003787195516946,1.0,False,0.02264808362369338,0.0,95.0,STANDBY,False,ASTRA_SIMULATED_EPS
17360.0,ASTRA-SC-01,EPS,32.42993939661501,2.8989897206776343,15.985868965581005,39.9971930601694,0.9969820167584542,NOMINAL,0.999929826504235,0.04500378936877131,1.0,False,0.024390243902439025,0.0,95.0,STANDBY,False,ASTRA_SIMULATED_EPS
17370.0,ASTRA-SC-01,EPS,32.419679389955924,2.894461052563183,15.905711492613408,39.99719145029443,0.9967807611389657,NOMINAL,0.9999297862573607,0.045003791542102524,1.0,False,0.02613240418118467,0.0,95.0,STANDBY,False,ASTRA_SIMULATED_EPS
17380.0,ASTRA-SC-01,EPS,32.65259139862191,2.907808450060752,15.805787089489936,39.997189840362516,0.9965794983931767,NOMINAL,0.9999297460090629,0.045003793715510595,1.0,False,0.027874564459930314,0.0,95.0,STANDBY,False,ASTRA_SIMULATED_EPS
17390.0,ASTRA-SC-01,EPS,32.50971875774156,2.888066302413734,15.637041001748543,39.997188230373666,0.9963782285202409,NOMINAL,0.9999297057593417,0.04500379588899554,1.0,False,0.029616724738675958,0.0,95.0,STANDBY,False,ASTRA_SIMULATED_EPS
17400.0,ASTRA-SC-01,EPS,32.8817256438112,2.8984471167267367,15.591750659311854,39.99718662032787,0.9961769515193114,NOMINAL,0.9999296655081967,0.045003798062557374,1.0,False,0.0313588850174216,0.0,95.0,STANDBY,False,ASTRA_SIMULATED_EPS
17410.0,ASTRA-SC-01,EPS,32.4381431385445,2.95550768045779,15.455585353504313,39.99718501022512,0.9959756673895404,NOMINAL,0.9999296252556279,0.045003800236196094,1.0,False,0.033101045296167246,0.0,95.0,STANDBY,False,ASTRA_SIMULATED_EPS
17420.0,ASTRA-SC-01,EPS,32.518251992377266,2.9064955026272923,15.445773344623886,39.997183400065396,0.9957743761300791,NOMINAL,0.999929585001635,0.045003802409911704,1.0,False,0.03484320557491289,0.0,95.0,STANDBY,False,ASTRA_SIMULATED_EPS
17430.0,ASTRA-SC-01,EPS,32.74288459373343,2.9337273294346935,15.347832910051014,39.99718178984872,0.9955730777400784,NOMINAL,0.9999295447462179,0.04500380458370423,1.0,False,0.036585365853658534,0.0,95.0,STANDBY,False,ASTRA_SIMULATED_EPS
17440.0,ASTRA-SC-01,EPS,32.41345295991614,2.8935865305701594,15.24492933788741,39.99718017957506,0.995371772218688,NOMINAL,0.9999295044893765,0.04500380675757367,1.0,False,0.03832752613240418,0.0,95.0,STANDBY,False,ASTRA_SIMULATED_EPS
17450.0,ASTRA-SC-01,EPS,32.92119521531796,2.87144963072089,15.196928635204266,39.99717856924442,0.9951704595650569,NOMINAL,0.9999294642311104,0.045003808931520034,1.0,False,0.04006968641114982,0.0,95.0,STANDBY,False,ASTRA_SIMULATED_EPS
17460.0,ASTRA-SC-01,EPS,32.61229508664398,2.915132998394811,15.039210656221828,39.997176958856784,0.9949691397783333,NOMINAL,0.9999294239714196,0.045003811105543336,1.0,False,0.041811846689895474,0.0,95.0,STANDBY,False,ASTRA_SIMULATED_EPS
17470.0,ASTRA-SC-01,EPS,32.44450729854606,2.9135408338130753,14.984790155392217,39.997175348412156,0.9947678128576647,NOMINAL,0.9999293837103039,0.04500381327964359,1.0,False,0.04355400696864112,0.0,95.0,STANDBY,False,ASTRA_SIMULATED_EPS
17480.0,ASTRA-SC-01,EPS,32.738872896489966,2.8987461762789457,14.830082521113988,39.99717373791053,0.9945664788021976,NOMINAL,0.9999293434477632,0.04500381545382079,1.0,False,0.04529616724738676,0.0,95.0,STANDBY,False,ASTRA_SIMULATED_EPS
17490.0,ASTRA-SC-01,EPS,32.325387056173014,2.915082304975959,14.78951912880824,39.99717212735189,0.9943651376110779,NOMINAL,0.9999293031837971,0.045003817628074955,1.0,False,0.047038327526132406,0.0,95.0,STANDBY,False,ASTRA_SIMULATED_EPS
17500.0,ASTRA-SC-01,EPS,32.4207855610174,2.8887107601378785,14.653482994769064,39.99717051673623,0.9941637892834505,NOMINAL,0.9999292629184058,0.045003819802406086,1.0,False,0.04878048780487805,0.0,95.0,STANDBY,False,ASTRA_SIMULATED_EPS
17510.0,ASTRA-SC-01,EPS,32.33534848636328,2.883371475683309,14.52887020242448,39.99716890606355,0.9939624338184597,NOMINAL,0.9999292226515888,0.0450038219768142,1.0,False,0.050522648083623695,0.0,95.0,STANDBY,False,ASTRA_SIMULATED_EPS
17520.0,ASTRA-SC-01,EPS,32.508526713055275,2.885013697208363,14.413196037507364,39.997167295333846,0.9937610712152489,NOMINAL,0.9999291823833462,0.045003824151299304,1.0,False,0.05226480836236934,0.0,95.0,STANDBY,False,ASTRA_SIMULATED_EPS
17530.0,ASTRA-SC-01,EPS,32.90394691673752,2.9239403513887563,14.36482294358029,39.9971656845471,0.9935597014729606,NOMINAL,0.9999291421136774,0.04500382632586141,1.0,False,0.05400696864111498,0.0,95.0,STANDBY,False,ASTRA_SIMULATED_EPS
17540.0,ASTRA-SC-01,EPS,32.61770620338387,2.907761290849795,14.372798208576171,39.99716407370331,0.9933583245907366,NOMINAL,0.9999291018425828,0.04500382850050053,1.0,False,0.05574912891986063,0.0,95.0,STANDBY,False,ASTRA_SIMULATED_EPS
17550.0,ASTRA-SC-01,EPS,32.43883775047503,2.9210187913466443,14.19556033496108,39.99716246280247,0.993156940567718,NOMINAL,0.9999290615700618,0.04500383067521666,1.0,False,0.05749128919860627,0.0,95.0,STANDBY,False,ASTRA_SIMULATED_EPS
17560.0,ASTRA-SC-01,EPS,32.35342578687102,2.9139469670038887,14.19744621111778,39.99716085184457,0.9929555494030448,NOMINAL,0.9999290212961143,0.04500383285000983,1.0,False,0.059233449477351915,0.0,95.0,STANDBY,False,ASTRA_SIMULATED_EPS
17570.0,ASTRA-SC-01,EPS,32.99123906976668,2.876535438120838,14.078047299392143,39.99715924082961,0.9927541510958564,NOMINAL,0.9999289810207402,0.04500383502488002,1.0,False,0.06097560975609756,0.0,95.0,STANDBY,False,ASTRA_SIMULATED_EPS
17580.0,ASTRA-SC-01,EPS,32.50189219722708,2.9153080211014277,13.88000953508735,39.99715762975758,0.9925527456452915,NOMINAL,0.9999289407439395,0.04500383719982727,1.0,False,0.0627177700348432,0.0,95.0,STANDBY,False,ASTRA_SIMULATED_EPS
17590.0,ASTRA-SC-01,EPS,32.36182574775262,2.885005068894622,13.868153927334586,39.997156018628466,0.9923513330504878,NOMINAL,0.9999289004657117,0.04500383937485156,1.0,False,0.06445993031358885,0.0,95.0,STANDBY,False,ASTRA_SIMULATED_EPS
17600.0,ASTRA-SC-01,EPS,32.46189086636516,2.913090261284305,13.826460530927731,39.99715440744227,0.9921499133105823,NOMINAL,0.9999288601860568,0.04500384154995293,1.0,False,0.06620209059233449,0.0,95.0,STANDBY,False,ASTRA_SIMULATED_EPS
17610.0,ASTRA-SC-01,EPS,32.66273375847533,2.9319098118638185,13.707054921133127,39.99715279619898,0.9919484864247111,NOMINAL,0.9999288199049746,0.045003843725131366,1.0,False,0.06794425087108014,0.0,95.0,STANDBY,False,ASTRA_SIMULATED_EPS
17620.0,ASTRA-SC-01,EPS,32.365801411142215,2.9270323507125915,13.567390638276034,39.9971511848986,0.9917470523920096,NOMINAL,0.999928779622465,0.0450038459003869,1.0,False,0.06968641114982578,0.0,95.0,STANDBY,False,ASTRA_SIMULATED_EPS
17630.0,ASTRA-SC-01,EPS,32.71099436650312,2.9312384039303683,13.532104141343497,39.99714957354111,0.9915456112116121,NOMINAL,0.9999287393385277,0.045003848075719506,1.0,False,0.07142857142857142,0.0,95.0,STANDBY,False,ASTRA_SIMULATED_EPS
17640.0,ASTRA-SC-01,EPS,32.318009017698856,2.882740985923327,13.48726404805772,39.9971479621265,0.9913441628826526,NOMINAL,0.9999286990531625,0.04500385025112922,1.0,False,0.07317073170731707,0.0,95.0,STANDBY,False,ASTRA_SIMULATED_EPS
17650.0,ASTRA-SC-01,EPS,32.5328924076036,2.9023039139127387,13.371160288303892,39.99714635065478,0.9911427074042638,NOMINAL,0.9999286587663695,0.04500385242661605,1.0,False,0.07491289198606271,0.0,95.0,STANDBY,False,ASTRA_SIMULATED_EPS
17660.0,ASTRA-SC-01,EPS,32.672615337501306,2.906292558757738,13.235112419002713,39.99714473912593,0.9909412447755779,NOMINAL,0.9999286184781482,0.04500385460218,1.0,False,0.07665505226480836,0.0,95.0,STANDBY,False,ASTRA_SIMULATED_EPS
17670.0,ASTRA-SC-01,EPS,32.50718798105909,2.9176907582296994,13.185784982382946,39.99714312753994,0.9907397749957262,NOMINAL,0.9999285781884986,0.04500385677782108,1.0,False,0.078397212543554,0.0,95.0,STANDBY,False,ASTRA_SIMULATED_EPS
17680.0,ASTRA-SC-01,EPS,32.51503396348393,2.9221674164157934,13.064448739795903,39.99714151589682,0.9905382980638392,NOMINAL,0.9999285378974205,0.0450038589535393,1.0,False,0.08013937282229965,0.0,95.0,STANDBY,False,ASTRA_SIMULATED_EPS
17690.0,ASTRA-SC-01,EPS,32.41711709426276,2.8863590226190157,12.934989990395602,39.997139904196544,0.9903368139790466,NOMINAL,0.9999284976049136,0.04500386112933466,1.0,False,0.08188153310104529,0.0,95.0,STANDBY,False,ASTRA_SIMULATED_EPS
17700.0,ASTRA-SC-01,EPS,32.510239882128744,2.9253316906418827,12.856930884347324,39.99713829243912,0.9901353227404772,NOMINAL,0.999928457310978,0.04500386330520718,1.0,False,0.08362369337979095,0.0,95.0,STANDBY,False,ASTRA_SIMULATED_EPS
17710.0,ASTRA-SC-01,EPS,32.58408982110012,2.8885592210105906,12.79766020667267,39.997136680624536,0.9899338243472591,NOMINAL,0.9999284170156134,0.04500386548115688,1.0,False,0.08536585365853659,0.0,95.0,STANDBY,False,ASTRA_SIMULATED_EPS
17720.0,ASTRA-SC-01,EPS,32.30646739801385,2.8971699553040455,12.714711190808947,39.99713506875278,0.9897323187985194,NOMINAL,0.9999283767188195,0.04500386765718375,1.0,False,0.08710801393728224,0.0,95.0,STANDBY,False,ASTRA_SIMULATED_EPS
17730.0,ASTRA-SC-01,EPS,32.63900970638204,2.905930737934571,12.578427823811625,39.99713345682385,0.9895308060933847,NOMINAL,0.9999283364205963,0.045003869833287795,1.0,False,0.08885017421602788,0.0,95.0,STANDBY,False,ASTRA_SIMULATED_EPS
17740.0,ASTRA-SC-01,EPS,32.72635910152958,2.9057806158019996,12.562447630692612,39.99713184483774,0.9893292862309806,NOMINAL,0.9999282961209435,0.04500387200946905,1.0,False,0.09059233449477352,0.0,95.0,STANDBY,False,ASTRA_SIMULATED_EPS
17750.0,ASTRA-SC-01,EPS,32.54724337771886,2.891680014495323,12.477827538231951,39.99713023279443,0.9891277592104317,NOMINAL,0.9999282558198609,0.0450038741857275,1.0,False,0.09233449477351917,0.0,95.0,STANDBY,False,ASTRA_SIMULATED_EPS
17760.0,ASTRA-SC-01,EPS,32.624965374789916,2.867802940093183,12.354637176315673,39.99712862069394,0.9889262250308622,NOMINAL,0.9999282155173486,0.045003876362063176,1.0,False,0.09407665505226481,0.0,95.0,STANDBY,False,ASTRA_SIMULATED_EPS
17770.0,ASTRA-SC-01,EPS,32.50491247381698,2.906984710426544,12.356106286577306,39.99712700853624,0.9887246836913953,NOMINAL,0.999928175213406,0.04500387853847607,1.0,False,0.09581881533101046,0.0,95.0,STANDBY,False,ASTRA_SIMULATED_EPS
17780.0,ASTRA-SC-01,EPS,32.419649424625916,2.8923743702545157,12.185906662353602,39.99712539632133,0.9885231351911532,NOMINAL,0.9999281349080332,0.04500388071496621,1.0,False,0.0975609756097561,0.0,95.0,STANDBY,False,ASTRA_SIMULATED_EPS
17790.0,ASTRA-SC-01,EPS,32.41363832423225,2.8954188896933846,12.165392618039492,39.9971237840492,0.9883215795292576,NOMINAL,0.99992809460123,0.04500388289153358,1.0,False,0.09930313588850175,0.0,95.0,STANDBY,False,ASTRA_SIMULATED_EPS
17800.0,ASTRA-SC-01,EPS,32.37142012416447,2.91064314071154,11.957302437961397,39.99712217171985,0.9881200167048291,NOMINAL,0.9999280542929962,0.04500388506817821,1.0,False,0.10104529616724739,0.0,95.0,STANDBY,False,ASTRA_SIMULATED_EPS
17810.0,ASTRA-SC-01,EPS,32.450391094968936,2.8959698843643267,12.041910876178369,39.99712055933327,0.9879184467169877,NOMINAL,0.9999280139833316,0.045003887244900086,1.0,False,0.10278745644599303,0.0,95.0,STANDBY,False,ASTRA_SIMULATED_EPS
17820.0,ASTRA-SC-01,EPS,32.49584570308347,2.8595501347363226,11.774218489935919,39.997118946889444,0.9877168695648525,NOMINAL,0.9999279736722362,0.04500388942169925,1.0,False,0.10452961672473868,0.0,95.0,STANDBY,False,ASTRA_SIMULATED_EPS
17830.0,ASTRA-SC-01,EPS,32.54492443574144,2.914581499181971,11.80915487124643,39.99711733438838,0.9875152852475417,NOMINAL,0.9999279333597095,0.045003891598575686,1.0,False,0.10627177700348432,0.0,95.0,STANDBY,False,ASTRA_SIMULATED_EPS
17840.0,ASTRA-SC-01,EPS,32.5654811612638,2.925387839361049,11.679845163043433,39.99711572183006,0.9873136937641729,NOMINAL,0.9999278930457516,0.045003893775529415,1.0,False,0.10801393728222997,0.0,95.0,STANDBY,False,ASTRA_SIMULATED_EPS
17850.0,ASTRA-SC-01,EPS,32.682638762107835,2.8709638902586936,11.578242884683393,39.997114109214486,0.9871120951138626,NOMINAL,0.9999278527303621,0.04500389595256044,1.0,False,0.10975609756097561,0.0,95.0,STANDBY,False,ASTRA_SIMULATED_EPS
17860.0,ASTRA-SC-01,EPS,32.241912557660946,2.8975507235077034,11.538065079765325,39.99711249654164,0.9869104892957267,NOMINAL,0.999927812413541,0.04500389812966878,1.0,False,0.11149825783972125,0.0,95.0,STANDBY,False,ASTRA_SIMULATED_EPS
17870.0,ASTRA-SC-01,EPS,32.55327317749556,2.904224975574599,11.411110057548605,39.99711088381152,0.9867088763088803,NOMINAL,0.999927772095288,0.045003900306854444,1.0,False,0.1132404181184669,0.0,95.0,STANDBY,False,ASTRA_SIMULATED_EPS
17880.0,ASTRA-SC-01,EPS,32.50259668594871,2.8738968607972133,11.442979884175738,39.99710927102412,0.9865072561524374,NOMINAL,0.9999277317756031,0.045003902484117425,1.0,False,0.11498257839721254,0.0,95.0,STANDBY,False,ASTRA_SIMULATED_EPS
17890.0,ASTRA-SC-01,EPS,32.48298513401766,2.8936824055763344,11.371816701334676,39.99710765817944,0.9863056288255115,NOMINAL,0.999927691454486,0.045003904661457754,1.0,False,0.11672473867595819,0.0,95.0,STANDBY,False,ASTRA_SIMULATED_EPS
17900.0,ASTRA-SC-01,EPS,32.329145369125634,2.8813590366457666,11.155329868200619,39.99710604527746,0.9861039943272153,NOMINAL,0.9999276511319365,0.04500390683887543,1.0,False,0.11846689895470383,0.0,95.0,STANDBY,False,ASTRA_SIMULATED_EPS
17910.0,ASTRA-SC-01,EPS,32.51899562519056,2.9118540828000774,11.165115220869648,39.99710443231818,0.9859023526566604,NOMINAL,0.9999276108079544,0.04500390901637046,1.0,False,0.12020905923344948,0.0,95.0,STANDBY,False,ASTRA_SIMULATED_EPS
17920.0,ASTRA-SC-01,EPS,32.947185975441165,2.8596293631417704,11.076777568447383,39.99710281930159,0.9857007038129576,NOMINAL,0.9999275704825397,0.045003911193942855,1.0,False,0.12195121951219512,0.0,95.0,STANDBY,False,ASTRA_SIMULATED_EPS
17930.0,ASTRA-SC-01,EPS,32.43708520476065,2.892190457087995,10.933779719197615,39.997101206227676,0.9854990477952172,NOMINAL,0.9999275301556919,0.04500391337159264,1.0,False,0.12369337979094076,0.0,95.0,STANDBY,False,ASTRA_SIMULATED_EPS
17940.0,ASTRA-SC-01,EPS,32.378730956989855,2.9366191384240086,10.925528341815417,39.99709959309645,0.9852973846025485,NOMINAL,0.9999274898274112,0.045003915549319796,1.0,False,0.1254355400696864,0.0,95.0,STANDBY,False,ASTRA_SIMULATED_EPS
17950.0,ASTRA-SC-01,EPS,32.52912927356852,2.9302133800567747,10.726649209987643,39.997097979907885,0.9850957142340597,NOMINAL,0.9999274494976972,0.04500391772712435,1.0,False,0.12717770034843207,0.0,95.0,STANDBY,False,ASTRA_SIMULATED_EPS
17960.0,ASTRA-SC-01,EPS,32.307786834114204,2.8614324954504893,10.686383568215888,39.99709636666199,0.9848940366888587,NOMINAL,0.9999274091665498,0.04500391990500631,1.0,False,0.1289198606271777,0.0,95.0,STANDBY,False,ASTRA_SIMULATED_EPS
17970.0,ASTRA-SC-01,EPS,32.54931226994046,2.9060568932996365,10.648115904719639,39.99709475335875,0.9846923519660522,NOMINAL,0.9999273688339687,0.04500392208296569,1.0,False,0.13066202090592335,0.0,95.0,STANDBY,False,ASTRA_SIMULATED_EPS
17980.0,ASTRA-SC-01,EPS,32.29239700974828,2.919830506598706,10.57214000033273,39.99709313999815,0.9844906600647462,NOMINAL,0.9999273284999538,0.04500392426100249,1.0,False,0.13240418118466898,0.0,95.0,STANDBY,False,ASTRA_SIMULATED_EPS
17990.0,ASTRA-SC-01,EPS,32.63987517464618,2.8673064365742276,10.495457709795248,39.9970915265802,0.9842889609840458,NOMINAL,0.999927288164505,0.04500392643911673,1.0,False,0.13414634146341464,0.0,95.0,STANDBY,False,ASTRA_SIMULATED_EPS
